inventory_id,date_key,branch_id,product_id,stock_qty,reserved_qty,available_qty
STK-20250901-BR000-SKU015128BL,20250901,BR000,SKU015128BL,644,0,644
STK-20250901-BR000-SKU015128SI,20250901,BR000,SKU015128SI,795,0,795
STK-20250901-BR000-SKU015128PI,20250901,BR000,SKU015128PI,930,0,930
STK-20250901-BR000-SKU015256BL,20250901,BR000,SKU015256BL,712,0,712
STK-20250901-BR000-SKU015256SI,20250901,BR000,SKU015256SI,744,0,744
STK-20250901-BR000-SKU015256PI,20250901,BR000,SKU015256PI,985,0,985
STK-20250901-BR000-SKU016128BL,20250901,BR000,SKU016128BL,632,0,632
STK-20250901-BR000-SKU016128SI,20250901,BR000,SKU016128SI,857,0,857
STK-20250901-BR000-SKU016128PI,20250901,BR000,SKU016128PI,686,0,686
STK-20250901-BR000-SKU016256BL,20250901,BR000,SKU016256BL,548,0,548
STK-20250901-BR000-SKU016256SI,20250901,BR000,SKU016256SI,855,0,855
STK-20250901-BR000-SKU016256PI,20250901,BR000,SKU016256PI,881,0,881
STK-20250901-BR000-SKU017128BL,20250901,BR000,SKU017128BL,658,0,658
STK-20250901-BR000-SKU017128SI,20250901,BR000,SKU017128SI,661,0,661
STK-20250901-BR000-SKU017128PI,20250901,BR000,SKU017128PI,617,0,617
STK-20250901-BR000-SKU017256BL,20250901,BR000,SKU017256BL,731,0,731
STK-20250901-BR000-SKU017256SI,20250901,BR000,SKU017256SI,682,0,682
STK-20250901-BR000-SKU017256PI,20250901,BR000,SKU017256PI,891,0,891
STK-20250901-BR001-SKU015128BL,20250901,BR001,SKU015128BL,41,1,40
STK-20250901-BR001-SKU015128SI,20250901,BR001,SKU015128SI,52,2,50
STK-20250901-BR001-SKU015128PI,20250901,BR001,SKU015128PI,58,1,57
STK-20250901-BR001-SKU015256BL,20250901,BR001,SKU015256BL,76,3,73
STK-20250901-BR001-SKU015256SI,20250901,BR001,SKU015256SI,49,3,46
STK-20250901-BR001-SKU015256PI,20250901,BR001,SKU015256PI,49,2,47
STK-20250901-BR001-SKU016128BL,20250901,BR001,SKU016128BL,73,1,72
STK-20250901-BR001-SKU016128SI,20250901,BR001,SKU016128SI,63,3,60
STK-20250901-BR001-SKU016128PI,20250901,BR001,SKU016128PI,64,9,55
STK-20250901-BR001-SKU016256BL,20250901,BR001,SKU016256BL,39,5,34
STK-20250901-BR001-SKU016256SI,20250901,BR001,SKU016256SI,50,6,44
STK-20250901-BR001-SKU016256PI,20250901,BR001,SKU016256PI,38,5,33
STK-20250901-BR001-SKU017128BL,20250901,BR001,SKU017128BL,76,14,62
STK-20250901-BR001-SKU017128SI,20250901,BR001,SKU017128SI,56,7,49
STK-20250901-BR001-SKU017128PI,20250901,BR001,SKU017128PI,71,8,63
STK-20250901-BR001-SKU017256BL,20250901,BR001,SKU017256BL,68,10,58
STK-20250901-BR001-SKU017256SI,20250901,BR001,SKU017256SI,66,6,60
STK-20250901-BR001-SKU017256PI,20250901,BR001,SKU017256PI,33,8,25
STK-20250901-BR002-SKU015128BL,20250901,BR002,SKU015128BL,75,2,73
STK-20250901-BR002-SKU015128SI,20250901,BR002,SKU015128SI,37,1,36
STK-20250901-BR002-SKU015128PI,20250901,BR002,SKU015128PI,63,5,58
STK-20250901-BR002-SKU015256BL,20250901,BR002,SKU015256BL,53,1,52
STK-20250901-BR002-SKU015256SI,20250901,BR002,SKU015256SI,36,6,30
STK-20250901-BR002-SKU015256PI,20250901,BR002,SKU015256PI,78,2,76
STK-20250901-BR002-SKU016128BL,20250901,BR002,SKU016128BL,36,5,31
STK-20250901-BR002-SKU016128SI,20250901,BR002,SKU016128SI,37,7,30
STK-20250901-BR002-SKU016128PI,20250901,BR002,SKU016128PI,50,7,43
STK-20250901-BR002-SKU016256BL,20250901,BR002,SKU016256BL,77,2,75
STK-20250901-BR002-SKU016256SI,20250901,BR002,SKU016256SI,57,2,55
STK-20250901-BR002-SKU016256PI,20250901,BR002,SKU016256PI,60,3,57
STK-20250901-BR002-SKU017128BL,20250901,BR002,SKU017128BL,45,6,39
STK-20250901-BR002-SKU017128SI,20250901,BR002,SKU017128SI,80,11,69
STK-20250901-BR002-SKU017128PI,20250901,BR002,SKU017128PI,44,12,32
STK-20250901-BR002-SKU017256BL,20250901,BR002,SKU017256BL,64,7,57
STK-20250901-BR002-SKU017256SI,20250901,BR002,SKU017256SI,52,9,43
STK-20250901-BR002-SKU017256PI,20250901,BR002,SKU017256PI,34,7,27
STK-20250901-BR003-SKU015128BL,20250901,BR003,SKU015128BL,50,4,46
STK-20250901-BR003-SKU015128SI,20250901,BR003,SKU015128SI,59,1,58
STK-20250901-BR003-SKU015128PI,20250901,BR003,SKU015128PI,57,5,52
STK-20250901-BR003-SKU015256BL,20250901,BR003,SKU015256BL,48,5,43
STK-20250901-BR003-SKU015256SI,20250901,BR003,SKU015256SI,77,2,75
STK-20250901-BR003-SKU015256PI,20250901,BR003,SKU015256PI,56,1,55
STK-20250901-BR003-SKU016128BL,20250901,BR003,SKU016128BL,61,3,58
STK-20250901-BR003-SKU016128SI,20250901,BR003,SKU016128SI,32,6,26
STK-20250901-BR003-SKU016128PI,20250901,BR003,SKU016128PI,71,2,69
STK-20250901-BR003-SKU016256BL,20250901,BR003,SKU016256BL,53,7,46
STK-20250901-BR003-SKU016256SI,20250901,BR003,SKU016256SI,33,5,28
STK-20250901-BR003-SKU016256PI,20250901,BR003,SKU016256PI,72,7,65
STK-20250901-BR003-SKU017128BL,20250901,BR003,SKU017128BL,56,7,49
STK-20250901-BR003-SKU017128SI,20250901,BR003,SKU017128SI,78,6,72
STK-20250901-BR003-SKU017128PI,20250901,BR003,SKU017128PI,64,11,53
STK-20250901-BR003-SKU017256BL,20250901,BR003,SKU017256BL,30,13,17
STK-20250901-BR003-SKU017256SI,20250901,BR003,SKU017256SI,68,11,57
STK-20250901-BR003-SKU017256PI,20250901,BR003,SKU017256PI,64,7,57
STK-20250901-BR004-SKU015128BL,20250901,BR004,SKU015128BL,42,2,40
STK-20250901-BR004-SKU015128SI,20250901,BR004,SKU015128SI,62,1,61
STK-20250901-BR004-SKU015128PI,20250901,BR004,SKU015128PI,77,1,76
STK-20250901-BR004-SKU015256BL,20250901,BR004,SKU015256BL,43,6,37
STK-20250901-BR004-SKU015256SI,20250901,BR004,SKU015256SI,34,2,32
STK-20250901-BR004-SKU015256PI,20250901,BR004,SKU015256PI,67,6,61
STK-20250901-BR004-SKU016128BL,20250901,BR004,SKU016128BL,44,8,36
STK-20250901-BR004-SKU016128SI,20250901,BR004,SKU016128SI,46,7,39
STK-20250901-BR004-SKU016128PI,20250901,BR004,SKU016128PI,57,1,56
STK-20250901-BR004-SKU016256BL,20250901,BR004,SKU016256BL,50,10,40
STK-20250901-BR004-SKU016256SI,20250901,BR004,SKU016256SI,74,5,69
STK-20250901-BR004-SKU016256PI,20250901,BR004,SKU016256PI,33,3,30
STK-20250901-BR004-SKU017128BL,20250901,BR004,SKU017128BL,41,10,31
STK-20250901-BR004-SKU017128SI,20250901,BR004,SKU017128SI,78,10,68
STK-20250901-BR004-SKU017128PI,20250901,BR004,SKU017128PI,61,11,50
STK-20250901-BR004-SKU017256BL,20250901,BR004,SKU017256BL,50,9,41
STK-20250901-BR004-SKU017256SI,20250901,BR004,SKU017256SI,62,6,56
STK-20250901-BR004-SKU017256PI,20250901,BR004,SKU017256PI,57,7,50
STK-20250901-BR005-SKU015128BL,20250901,BR005,SKU015128BL,33,2,31
STK-20250901-BR005-SKU015128SI,20250901,BR005,SKU015128SI,45,3,42
STK-20250901-BR005-SKU015128PI,20250901,BR005,SKU015128PI,70,4,66
STK-20250901-BR005-SKU015256BL,20250901,BR005,SKU015256BL,49,1,48
STK-20250901-BR005-SKU015256SI,20250901,BR005,SKU015256SI,77,3,74
STK-20250901-BR005-SKU015256PI,20250901,BR005,SKU015256PI,77,1,76
STK-20250901-BR005-SKU016128BL,20250901,BR005,SKU016128BL,52,6,46
STK-20250901-BR005-SKU016128SI,20250901,BR005,SKU016128SI,54,1,53
STK-20250901-BR005-SKU016128PI,20250901,BR005,SKU016128PI,42,9,33
STK-20250901-BR005-SKU016256BL,20250901,BR005,SKU016256BL,74,5,69
STK-20250901-BR005-SKU016256SI,20250901,BR005,SKU016256SI,45,3,42
STK-20250901-BR005-SKU016256PI,20250901,BR005,SKU016256PI,43,9,34
STK-20250901-BR005-SKU017128BL,20250901,BR005,SKU017128BL,79,7,72
STK-20250901-BR005-SKU017128SI,20250901,BR005,SKU017128SI,64,10,54
STK-20250901-BR005-SKU017128PI,20250901,BR005,SKU017128PI,66,8,58
STK-20250901-BR005-SKU017256BL,20250901,BR005,SKU017256BL,39,11,28
STK-20250901-BR005-SKU017256SI,20250901,BR005,SKU017256SI,45,14,31
STK-20250901-BR005-SKU017256PI,20250901,BR005,SKU017256PI,49,10,39
STK-20250902-BR000-SKU015128BL,20250902,BR000,SKU015128BL,644,0,644
STK-20250902-BR000-SKU015128SI,20250902,BR000,SKU015128SI,795,0,795
STK-20250902-BR000-SKU015128PI,20250902,BR000,SKU015128PI,930,0,930
STK-20250902-BR000-SKU015256BL,20250902,BR000,SKU015256BL,712,0,712
STK-20250902-BR000-SKU015256SI,20250902,BR000,SKU015256SI,744,0,744
STK-20250902-BR000-SKU015256PI,20250902,BR000,SKU015256PI,985,0,985
STK-20250902-BR000-SKU016128BL,20250902,BR000,SKU016128BL,632,0,632
STK-20250902-BR000-SKU016128SI,20250902,BR000,SKU016128SI,857,0,857
STK-20250902-BR000-SKU016128PI,20250902,BR000,SKU016128PI,686,0,686
STK-20250902-BR000-SKU016256BL,20250902,BR000,SKU016256BL,548,0,548
STK-20250902-BR000-SKU016256SI,20250902,BR000,SKU016256SI,855,0,855
STK-20250902-BR000-SKU016256PI,20250902,BR000,SKU016256PI,881,0,881
STK-20250902-BR000-SKU017128BL,20250902,BR000,SKU017128BL,658,0,658
STK-20250902-BR000-SKU017128SI,20250902,BR000,SKU017128SI,661,0,661
STK-20250902-BR000-SKU017128PI,20250902,BR000,SKU017128PI,617,0,617
STK-20250902-BR000-SKU017256BL,20250902,BR000,SKU017256BL,731,0,731
STK-20250902-BR000-SKU017256SI,20250902,BR000,SKU017256SI,682,0,682
STK-20250902-BR000-SKU017256PI,20250902,BR000,SKU017256PI,891,0,891
STK-20250902-BR001-SKU015128BL,20250902,BR001,SKU015128BL,41,2,39
STK-20250902-BR001-SKU015128SI,20250902,BR001,SKU015128SI,52,3,49
STK-20250902-BR001-SKU015128PI,20250902,BR001,SKU015128PI,58,4,54
STK-20250902-BR001-SKU015256BL,20250902,BR001,SKU015256BL,74,5,69
STK-20250902-BR001-SKU015256SI,20250902,BR001,SKU015256SI,49,4,45
STK-20250902-BR001-SKU015256PI,20250902,BR001,SKU015256PI,48,2,46
STK-20250902-BR001-SKU016128BL,20250902,BR001,SKU016128BL,73,3,70
STK-20250902-BR001-SKU016128SI,20250902,BR001,SKU016128SI,63,6,57
STK-20250902-BR001-SKU016128PI,20250902,BR001,SKU016128PI,64,14,50
STK-20250902-BR001-SKU016256BL,20250902,BR001,SKU016256BL,39,9,30
STK-20250902-BR001-SKU016256SI,20250902,BR001,SKU016256SI,50,15,35
STK-20250902-BR001-SKU016256PI,20250902,BR001,SKU016256PI,38,11,27
STK-20250902-BR001-SKU017128BL,20250902,BR001,SKU017128BL,76,23,53
STK-20250902-BR001-SKU017128SI,20250902,BR001,SKU017128SI,56,18,38
STK-20250902-BR001-SKU017128PI,20250902,BR001,SKU017128PI,71,21,50
STK-20250902-BR001-SKU017256BL,20250902,BR001,SKU017256BL,68,16,52
STK-20250902-BR001-SKU017256SI,20250902,BR001,SKU017256SI,62,9,53
STK-20250902-BR001-SKU017256PI,20250902,BR001,SKU017256PI,33,19,14
STK-20250902-BR002-SKU015128BL,20250902,BR002,SKU015128BL,75,7,68
STK-20250902-BR002-SKU015128SI,20250902,BR002,SKU015128SI,37,2,35
STK-20250902-BR002-SKU015128PI,20250902,BR002,SKU015128PI,63,7,56
STK-20250902-BR002-SKU015256BL,20250902,BR002,SKU015256BL,53,2,51
STK-20250902-BR002-SKU015256SI,20250902,BR002,SKU015256SI,36,7,29
STK-20250902-BR002-SKU015256PI,20250902,BR002,SKU015256PI,78,6,72
STK-20250902-BR002-SKU016128BL,20250902,BR002,SKU016128BL,36,10,26
STK-20250902-BR002-SKU016128SI,20250902,BR002,SKU016128SI,37,12,25
STK-20250902-BR002-SKU016128PI,20250902,BR002,SKU016128PI,50,13,37
STK-20250902-BR002-SKU016256BL,20250902,BR002,SKU016256BL,77,4,73
STK-20250902-BR002-SKU016256SI,20250902,BR002,SKU016256SI,57,10,47
STK-20250902-BR002-SKU016256PI,20250902,BR002,SKU016256PI,59,3,56
STK-20250902-BR002-SKU017128BL,20250902,BR002,SKU017128BL,45,9,36
STK-20250902-BR002-SKU017128SI,20250902,BR002,SKU017128SI,73,11,62
STK-20250902-BR002-SKU017128PI,20250902,BR002,SKU017128PI,44,24,20
STK-20250902-BR002-SKU017256BL,20250902,BR002,SKU017256BL,64,18,46
STK-20250902-BR002-SKU017256SI,20250902,BR002,SKU017256SI,52,18,34
STK-20250902-BR002-SKU017256PI,20250902,BR002,SKU017256PI,34,15,19
STK-20250902-BR003-SKU015128BL,20250902,BR003,SKU015128BL,50,6,44
STK-20250902-BR003-SKU015128SI,20250902,BR003,SKU015128SI,59,5,54
STK-20250902-BR003-SKU015128PI,20250902,BR003,SKU015128PI,57,9,48
STK-20250902-BR003-SKU015256BL,20250902,BR003,SKU015256BL,48,8,40
STK-20250902-BR003-SKU015256SI,20250902,BR003,SKU015256SI,77,4,73
STK-20250902-BR003-SKU015256PI,20250902,BR003,SKU015256PI,56,2,54
STK-20250902-BR003-SKU016128BL,20250902,BR003,SKU016128BL,61,12,49
STK-20250902-BR003-SKU016128SI,20250902,BR003,SKU016128SI,32,9,23
STK-20250902-BR003-SKU016128PI,20250902,BR003,SKU016128PI,71,3,68
STK-20250902-BR003-SKU016256BL,20250902,BR003,SKU016256BL,53,15,38
STK-20250902-BR003-SKU016256SI,20250902,BR003,SKU016256SI,33,14,19
STK-20250902-BR003-SKU016256PI,20250902,BR003,SKU016256PI,72,9,63
STK-20250902-BR003-SKU017128BL,20250902,BR003,SKU017128BL,56,12,44
STK-20250902-BR003-SKU017128SI,20250902,BR003,SKU017128SI,78,14,64
STK-20250902-BR003-SKU017128PI,20250902,BR003,SKU017128PI,64,16,48
STK-20250902-BR003-SKU017256BL,20250902,BR003,SKU017256BL,30,22,8
STK-20250902-BR003-SKU017256SI,20250902,BR003,SKU017256SI,68,21,47
STK-20250902-BR003-SKU017256PI,20250902,BR003,SKU017256PI,64,14,50
STK-20250902-BR004-SKU015128BL,20250902,BR004,SKU015128BL,42,4,38
STK-20250902-BR004-SKU015128SI,20250902,BR004,SKU015128SI,62,4,58
STK-20250902-BR004-SKU015128PI,20250902,BR004,SKU015128PI,77,3,74
STK-20250902-BR004-SKU015256BL,20250902,BR004,SKU015256BL,43,8,35
STK-20250902-BR004-SKU015256SI,20250902,BR004,SKU015256SI,33,4,29
STK-20250902-BR004-SKU015256PI,20250902,BR004,SKU015256PI,67,10,57
STK-20250902-BR004-SKU016128BL,20250902,BR004,SKU016128BL,44,11,33
STK-20250902-BR004-SKU016128SI,20250902,BR004,SKU016128SI,42,7,35
STK-20250902-BR004-SKU016128PI,20250902,BR004,SKU016128PI,57,10,47
STK-20250902-BR004-SKU016256BL,20250902,BR004,SKU016256BL,50,11,39
STK-20250902-BR004-SKU016256SI,20250902,BR004,SKU016256SI,74,11,63
STK-20250902-BR004-SKU016256PI,20250902,BR004,SKU016256PI,33,10,23
STK-20250902-BR004-SKU017128BL,20250902,BR004,SKU017128BL,41,17,24
STK-20250902-BR004-SKU017128SI,20250902,BR004,SKU017128SI,78,15,63
STK-20250902-BR004-SKU017128PI,20250902,BR004,SKU017128PI,61,21,40
STK-20250902-BR004-SKU017256BL,20250902,BR004,SKU017256BL,50,17,33
STK-20250902-BR004-SKU017256SI,20250902,BR004,SKU017256SI,62,17,45
STK-20250902-BR004-SKU017256PI,20250902,BR004,SKU017256PI,57,14,43
STK-20250902-BR005-SKU015128BL,20250902,BR005,SKU015128BL,33,3,30
STK-20250902-BR005-SKU015128SI,20250902,BR005,SKU015128SI,45,5,40
STK-20250902-BR005-SKU015128PI,20250902,BR005,SKU015128PI,70,5,65
STK-20250902-BR005-SKU015256BL,20250902,BR005,SKU015256BL,49,3,46
STK-20250902-BR005-SKU015256SI,20250902,BR005,SKU015256SI,77,8,69
STK-20250902-BR005-SKU015256PI,20250902,BR005,SKU015256PI,77,3,74
STK-20250902-BR005-SKU016128BL,20250902,BR005,SKU016128BL,52,10,42
STK-20250902-BR005-SKU016128SI,20250902,BR005,SKU016128SI,54,9,45
STK-20250902-BR005-SKU016128PI,20250902,BR005,SKU016128PI,42,12,30
STK-20250902-BR005-SKU016256BL,20250902,BR005,SKU016256BL,71,6,65
STK-20250902-BR005-SKU016256SI,20250902,BR005,SKU016256SI,44,5,39
STK-20250902-BR005-SKU016256PI,20250902,BR005,SKU016256PI,38,7,31
STK-20250902-BR005-SKU017128BL,20250902,BR005,SKU017128BL,79,14,65
STK-20250902-BR005-SKU017128SI,20250902,BR005,SKU017128SI,64,18,46
STK-20250902-BR005-SKU017128PI,20250902,BR005,SKU017128PI,66,21,45
STK-20250902-BR005-SKU017256BL,20250902,BR005,SKU017256BL,39,14,25
STK-20250902-BR005-SKU017256SI,20250902,BR005,SKU017256SI,45,19,26
STK-20250902-BR005-SKU017256PI,20250902,BR005,SKU017256PI,49,15,34
STK-20250903-BR000-SKU015128BL,20250903,BR000,SKU015128BL,644,0,644
STK-20250903-BR000-SKU015128SI,20250903,BR000,SKU015128SI,795,0,795
STK-20250903-BR000-SKU015128PI,20250903,BR000,SKU015128PI,930,0,930
STK-20250903-BR000-SKU015256BL,20250903,BR000,SKU015256BL,712,0,712
STK-20250903-BR000-SKU015256SI,20250903,BR000,SKU015256SI,744,0,744
STK-20250903-BR000-SKU015256PI,20250903,BR000,SKU015256PI,985,0,985
STK-20250903-BR000-SKU016128BL,20250903,BR000,SKU016128BL,632,0,632
STK-20250903-BR000-SKU016128SI,20250903,BR000,SKU016128SI,857,0,857
STK-20250903-BR000-SKU016128PI,20250903,BR000,SKU016128PI,686,0,686
STK-20250903-BR000-SKU016256BL,20250903,BR000,SKU016256BL,548,0,548
STK-20250903-BR000-SKU016256SI,20250903,BR000,SKU016256SI,855,0,855
STK-20250903-BR000-SKU016256PI,20250903,BR000,SKU016256PI,881,0,881
STK-20250903-BR000-SKU017128BL,20250903,BR000,SKU017128BL,658,0,658
STK-20250903-BR000-SKU017128SI,20250903,BR000,SKU017128SI,661,0,661
STK-20250903-BR000-SKU017128PI,20250903,BR000,SKU017128PI,617,0,617
STK-20250903-BR000-SKU017256BL,20250903,BR000,SKU017256BL,731,0,731
STK-20250903-BR000-SKU017256SI,20250903,BR000,SKU017256SI,682,0,682
STK-20250903-BR000-SKU017256PI,20250903,BR000,SKU017256PI,891,0,891
STK-20250903-BR001-SKU015128BL,20250903,BR001,SKU015128BL,41,5,36
STK-20250903-BR001-SKU015128SI,20250903,BR001,SKU015128SI,52,4,48
STK-20250903-BR001-SKU015128PI,20250903,BR001,SKU015128PI,58,7,51
STK-20250903-BR001-SKU015256BL,20250903,BR001,SKU015256BL,74,6,68
STK-20250903-BR001-SKU015256SI,20250903,BR001,SKU015256SI,49,5,44
STK-20250903-BR001-SKU015256PI,20250903,BR001,SKU015256PI,48,3,45
STK-20250903-BR001-SKU016128BL,20250903,BR001,SKU016128BL,73,11,62
STK-20250903-BR001-SKU016128SI,20250903,BR001,SKU016128SI,61,10,51
STK-20250903-BR001-SKU016128PI,20250903,BR001,SKU016128PI,64,17,47
STK-20250903-BR001-SKU016256BL,20250903,BR001,SKU016256BL,39,14,25
STK-20250903-BR001-SKU016256SI,20250903,BR001,SKU016256SI,50,17,33
STK-20250903-BR001-SKU016256PI,20250903,BR001,SKU016256PI,38,19,19
STK-20250903-BR001-SKU017128BL,20250903,BR001,SKU017128BL,76,33,43
STK-20250903-BR001-SKU017128SI,20250903,BR001,SKU017128SI,56,26,30
STK-20250903-BR001-SKU017128PI,20250903,BR001,SKU017128PI,71,28,43
STK-20250903-BR001-SKU017256BL,20250903,BR001,SKU017256BL,68,22,46
STK-20250903-BR001-SKU017256SI,20250903,BR001,SKU017256SI,58,12,46
STK-20250903-BR001-SKU017256PI,20250903,BR001,SKU017256PI,26,24,2
STK-20250903-BR002-SKU015128BL,20250903,BR002,SKU015128BL,75,9,66
STK-20250903-BR002-SKU015128SI,20250903,BR002,SKU015128SI,37,3,34
STK-20250903-BR002-SKU015128PI,20250903,BR002,SKU015128PI,61,8,53
STK-20250903-BR002-SKU015256BL,20250903,BR002,SKU015256BL,53,5,48
STK-20250903-BR002-SKU015256SI,20250903,BR002,SKU015256SI,36,8,28
STK-20250903-BR002-SKU015256PI,20250903,BR002,SKU015256PI,78,11,67
STK-20250903-BR002-SKU016128BL,20250903,BR002,SKU016128BL,36,18,18
STK-20250903-BR002-SKU016128SI,20250903,BR002,SKU016128SI,37,15,22
STK-20250903-BR002-SKU016128PI,20250903,BR002,SKU016128PI,50,16,34
STK-20250903-BR002-SKU016256BL,20250903,BR002,SKU016256BL,77,10,67
STK-20250903-BR002-SKU016256SI,20250903,BR002,SKU016256SI,52,8,44
STK-20250903-BR002-SKU016256PI,20250903,BR002,SKU016256PI,59,8,51
STK-20250903-BR002-SKU017128BL,20250903,BR002,SKU017128BL,45,20,25
STK-20250903-BR002-SKU017128SI,20250903,BR002,SKU017128SI,69,18,51
STK-20250903-BR002-SKU017128PI,20250903,BR002,SKU017128PI,37,24,13
STK-20250903-BR002-SKU017256BL,20250903,BR002,SKU017256BL,64,26,38
STK-20250903-BR002-SKU017256SI,20250903,BR002,SKU017256SI,46,18,28
STK-20250903-BR002-SKU017256PI,20250903,BR002,SKU017256PI,34,22,12
STK-20250903-BR003-SKU015128BL,20250903,BR003,SKU015128BL,48,6,42
STK-20250903-BR003-SKU015128SI,20250903,BR003,SKU015128SI,59,7,52
STK-20250903-BR003-SKU015128PI,20250903,BR003,SKU015128PI,55,12,43
STK-20250903-BR003-SKU015256BL,20250903,BR003,SKU015256BL,46,7,39
STK-20250903-BR003-SKU015256SI,20250903,BR003,SKU015256SI,77,9,68
STK-20250903-BR003-SKU015256PI,20250903,BR003,SKU015256PI,56,6,50
STK-20250903-BR003-SKU016128BL,20250903,BR003,SKU016128BL,61,18,43
STK-20250903-BR003-SKU016128SI,20250903,BR003,SKU016128SI,32,17,15
STK-20250903-BR003-SKU016128PI,20250903,BR003,SKU016128PI,71,9,62
STK-20250903-BR003-SKU016256BL,20250903,BR003,SKU016256BL,53,20,33
STK-20250903-BR003-SKU016256SI,20250903,BR003,SKU016256SI,33,23,10
STK-20250903-BR003-SKU016256PI,20250903,BR003,SKU016256PI,68,12,56
STK-20250903-BR003-SKU017128BL,20250903,BR003,SKU017128BL,53,19,34
STK-20250903-BR003-SKU017128SI,20250903,BR003,SKU017128SI,78,19,59
STK-20250903-BR003-SKU017128PI,20250903,BR003,SKU017128PI,57,17,40
STK-20250903-BR003-SKU017256BL,20250903,BR003,SKU017256BL,74,35,39
STK-20250903-BR003-SKU017256SI,20250903,BR003,SKU017256SI,68,32,36
STK-20250903-BR003-SKU017256PI,20250903,BR003,SKU017256PI,61,24,37
STK-20250903-BR004-SKU015128BL,20250903,BR004,SKU015128BL,42,8,34
STK-20250903-BR004-SKU015128SI,20250903,BR004,SKU015128SI,62,7,55
STK-20250903-BR004-SKU015128PI,20250903,BR004,SKU015128PI,77,4,73
STK-20250903-BR004-SKU015256BL,20250903,BR004,SKU015256BL,42,8,34
STK-20250903-BR004-SKU015256SI,20250903,BR004,SKU015256SI,33,6,27
STK-20250903-BR004-SKU015256PI,20250903,BR004,SKU015256PI,64,8,56
STK-20250903-BR004-SKU016128BL,20250903,BR004,SKU016128BL,44,13,31
STK-20250903-BR004-SKU016128SI,20250903,BR004,SKU016128SI,42,9,33
STK-20250903-BR004-SKU016128PI,20250903,BR004,SKU016128PI,57,18,39
STK-20250903-BR004-SKU016256BL,20250903,BR004,SKU016256BL,50,15,35
STK-20250903-BR004-SKU016256SI,20250903,BR004,SKU016256SI,71,16,55
STK-20250903-BR004-SKU016256PI,20250903,BR004,SKU016256PI,33,15,18
STK-20250903-BR004-SKU017128BL,20250903,BR004,SKU017128BL,41,30,11
STK-20250903-BR004-SKU017128SI,20250903,BR004,SKU017128SI,78,22,56
STK-20250903-BR004-SKU017128PI,20250903,BR004,SKU017128PI,61,24,37
STK-20250903-BR004-SKU017256BL,20250903,BR004,SKU017256BL,50,27,23
STK-20250903-BR004-SKU017256SI,20250903,BR004,SKU017256SI,62,26,36
STK-20250903-BR004-SKU017256PI,20250903,BR004,SKU017256PI,57,24,33
STK-20250903-BR005-SKU015128BL,20250903,BR005,SKU015128BL,33,4,29
STK-20250903-BR005-SKU015128SI,20250903,BR005,SKU015128SI,44,7,37
STK-20250903-BR005-SKU015128PI,20250903,BR005,SKU015128PI,70,11,59
STK-20250903-BR005-SKU015256BL,20250903,BR005,SKU015256BL,49,7,42
STK-20250903-BR005-SKU015256SI,20250903,BR005,SKU015256SI,75,12,63
STK-20250903-BR005-SKU015256PI,20250903,BR005,SKU015256PI,77,6,71
STK-20250903-BR005-SKU016128BL,20250903,BR005,SKU016128BL,52,19,33
STK-20250903-BR005-SKU016128SI,20250903,BR005,SKU016128SI,54,15,39
STK-20250903-BR005-SKU016128PI,20250903,BR005,SKU016128PI,42,16,26
STK-20250903-BR005-SKU016256BL,20250903,BR005,SKU016256BL,71,14,57
STK-20250903-BR005-SKU016256SI,20250903,BR005,SKU016256SI,44,12,32
STK-20250903-BR005-SKU016256PI,20250903,BR005,SKU016256PI,38,13,25
STK-20250903-BR005-SKU017128BL,20250903,BR005,SKU017128BL,79,20,59
STK-20250903-BR005-SKU017128SI,20250903,BR005,SKU017128SI,64,26,38
STK-20250903-BR005-SKU017128PI,20250903,BR005,SKU017128PI,66,31,35
STK-20250903-BR005-SKU017256BL,20250903,BR005,SKU017256BL,39,19,20
STK-20250903-BR005-SKU017256SI,20250903,BR005,SKU017256SI,37,17,20
STK-20250903-BR005-SKU017256PI,20250903,BR005,SKU017256PI,49,25,24
STK-20250904-BR000-SKU015128BL,20250904,BR000,SKU015128BL,644,0,644
STK-20250904-BR000-SKU015128SI,20250904,BR000,SKU015128SI,795,0,795
STK-20250904-BR000-SKU015128PI,20250904,BR000,SKU015128PI,930,0,930
STK-20250904-BR000-SKU015256BL,20250904,BR000,SKU015256BL,712,0,712
STK-20250904-BR000-SKU015256SI,20250904,BR000,SKU015256SI,744,0,744
STK-20250904-BR000-SKU015256PI,20250904,BR000,SKU015256PI,985,0,985
STK-20250904-BR000-SKU016128BL,20250904,BR000,SKU016128BL,632,0,632
STK-20250904-BR000-SKU016128SI,20250904,BR000,SKU016128SI,857,0,857
STK-20250904-BR000-SKU016128PI,20250904,BR000,SKU016128PI,686,0,686
STK-20250904-BR000-SKU016256BL,20250904,BR000,SKU016256BL,548,0,548
STK-20250904-BR000-SKU016256SI,20250904,BR000,SKU016256SI,855,0,855
STK-20250904-BR000-SKU016256PI,20250904,BR000,SKU016256PI,881,0,881
STK-20250904-BR000-SKU017128BL,20250904,BR000,SKU017128BL,658,0,658
STK-20250904-BR000-SKU017128SI,20250904,BR000,SKU017128SI,661,0,661
STK-20250904-BR000-SKU017128PI,20250904,BR000,SKU017128PI,617,0,617
STK-20250904-BR000-SKU017256BL,20250904,BR000,SKU017256BL,731,0,731
STK-20250904-BR000-SKU017256SI,20250904,BR000,SKU017256SI,682,0,682
STK-20250904-BR000-SKU017256PI,20250904,BR000,SKU017256PI,891,0,891
STK-20250904-BR001-SKU015128BL,20250904,BR001,SKU015128BL,41,6,35
STK-20250904-BR001-SKU015128SI,20250904,BR001,SKU015128SI,52,9,43
STK-20250904-BR001-SKU015128PI,20250904,BR001,SKU015128PI,58,12,46
STK-20250904-BR001-SKU015256BL,20250904,BR001,SKU015256BL,74,11,63
STK-20250904-BR001-SKU015256SI,20250904,BR001,SKU015256SI,47,4,43
STK-20250904-BR001-SKU015256PI,20250904,BR001,SKU015256PI,48,8,40
STK-20250904-BR001-SKU016128BL,20250904,BR001,SKU016128BL,73,16,57
STK-20250904-BR001-SKU016128SI,20250904,BR001,SKU016128SI,61,18,43
STK-20250904-BR001-SKU016128PI,20250904,BR001,SKU016128PI,64,21,43
STK-20250904-BR001-SKU016256BL,20250904,BR001,SKU016256BL,36,16,20
STK-20250904-BR001-SKU016256SI,20250904,BR001,SKU016256SI,50,24,26
STK-20250904-BR001-SKU016256PI,20250904,BR001,SKU016256PI,38,28,10
STK-20250904-BR001-SKU017128BL,20250904,BR001,SKU017128BL,76,42,34
STK-20250904-BR001-SKU017128SI,20250904,BR001,SKU017128SI,56,34,22
STK-20250904-BR001-SKU017128PI,20250904,BR001,SKU017128PI,63,32,31
STK-20250904-BR001-SKU017256BL,20250904,BR001,SKU017256BL,68,28,40
STK-20250904-BR001-SKU017256SI,20250904,BR001,SKU017256SI,58,23,35
STK-20250904-BR001-SKU017256PI,20250904,BR001,SKU017256PI,63,32,31
STK-20250904-BR002-SKU015128BL,20250904,BR002,SKU015128BL,71,9,62
STK-20250904-BR002-SKU015128SI,20250904,BR002,SKU015128SI,37,5,32
STK-20250904-BR002-SKU015128PI,20250904,BR002,SKU015128PI,61,9,52
STK-20250904-BR002-SKU015256BL,20250904,BR002,SKU015256BL,53,8,45
STK-20250904-BR002-SKU015256SI,20250904,BR002,SKU015256SI,33,8,25
STK-20250904-BR002-SKU015256PI,20250904,BR002,SKU015256PI,78,12,66
STK-20250904-BR002-SKU016128BL,20250904,BR002,SKU016128BL,33,21,12
STK-20250904-BR002-SKU016128SI,20250904,BR002,SKU016128SI,37,20,17
STK-20250904-BR002-SKU016128PI,20250904,BR002,SKU016128PI,50,21,29
STK-20250904-BR002-SKU016256BL,20250904,BR002,SKU016256BL,77,16,61
STK-20250904-BR002-SKU016256SI,20250904,BR002,SKU016256SI,51,13,38
STK-20250904-BR002-SKU016256PI,20250904,BR002,SKU016256PI,57,10,47
STK-20250904-BR002-SKU017128BL,20250904,BR002,SKU017128BL,44,26,18
STK-20250904-BR002-SKU017128SI,20250904,BR002,SKU017128SI,69,23,46
STK-20250904-BR002-SKU017128PI,20250904,BR002,SKU017128PI,30,23,7
STK-20250904-BR002-SKU017256BL,20250904,BR002,SKU017256BL,64,29,35
STK-20250904-BR002-SKU017256SI,20250904,BR002,SKU017256SI,46,25,21
STK-20250904-BR002-SKU017256PI,20250904,BR002,SKU017256PI,34,29,5
STK-20250904-BR003-SKU015128BL,20250904,BR003,SKU015128BL,48,7,41
STK-20250904-BR003-SKU015128SI,20250904,BR003,SKU015128SI,59,10,49
STK-20250904-BR003-SKU015128PI,20250904,BR003,SKU015128PI,55,15,40
STK-20250904-BR003-SKU015256BL,20250904,BR003,SKU015256BL,46,10,36
STK-20250904-BR003-SKU015256SI,20250904,BR003,SKU015256SI,77,12,65
STK-20250904-BR003-SKU015256PI,20250904,BR003,SKU015256PI,56,10,46
STK-20250904-BR003-SKU016128BL,20250904,BR003,SKU016128BL,61,23,38
STK-20250904-BR003-SKU016128SI,20250904,BR003,SKU016128SI,32,21,11
STK-20250904-BR003-SKU016128PI,20250904,BR003,SKU016128PI,71,14,57
STK-20250904-BR003-SKU016256BL,20250904,BR003,SKU016256BL,49,19,30
STK-20250904-BR003-SKU016256SI,20250904,BR003,SKU016256SI,25,23,2
STK-20250904-BR003-SKU016256PI,20250904,BR003,SKU016256PI,68,17,51
STK-20250904-BR003-SKU017128BL,20250904,BR003,SKU017128BL,49,23,26
STK-20250904-BR003-SKU017128SI,20250904,BR003,SKU017128SI,73,20,53
STK-20250904-BR003-SKU017128PI,20250904,BR003,SKU017128PI,57,28,29
STK-20250904-BR003-SKU017256BL,20250904,BR003,SKU017256BL,66,35,31
STK-20250904-BR003-SKU017256SI,20250904,BR003,SKU017256SI,62,31,31
STK-20250904-BR003-SKU017256PI,20250904,BR003,SKU017256PI,61,35,26
STK-20250904-BR004-SKU015128BL,20250904,BR004,SKU015128BL,40,9,31
STK-20250904-BR004-SKU015128SI,20250904,BR004,SKU015128SI,62,8,54
STK-20250904-BR004-SKU015128PI,20250904,BR004,SKU015128PI,77,9,68
STK-20250904-BR004-SKU015256BL,20250904,BR004,SKU015256BL,42,10,32
STK-20250904-BR004-SKU015256SI,20250904,BR004,SKU015256SI,33,10,23
STK-20250904-BR004-SKU015256PI,20250904,BR004,SKU015256PI,64,11,53
STK-20250904-BR004-SKU016128BL,20250904,BR004,SKU016128BL,43,18,25
STK-20250904-BR004-SKU016128SI,20250904,BR004,SKU016128SI,40,15,25
STK-20250904-BR004-SKU016128PI,20250904,BR004,SKU016128PI,57,27,30
STK-20250904-BR004-SKU016256BL,20250904,BR004,SKU016256BL,48,20,28
STK-20250904-BR004-SKU016256SI,20250904,BR004,SKU016256SI,71,24,47
STK-20250904-BR004-SKU016256PI,20250904,BR004,SKU016256PI,33,20,13
STK-20250904-BR004-SKU017128BL,20250904,BR004,SKU017128BL,41,36,5
STK-20250904-BR004-SKU017128SI,20250904,BR004,SKU017128SI,78,32,46
STK-20250904-BR004-SKU017128PI,20250904,BR004,SKU017128PI,59,31,28
STK-20250904-BR004-SKU017256BL,20250904,BR004,SKU017256BL,50,38,12
STK-20250904-BR004-SKU017256SI,20250904,BR004,SKU017256SI,59,29,30
STK-20250904-BR004-SKU017256PI,20250904,BR004,SKU017256PI,57,33,24
STK-20250904-BR005-SKU015128BL,20250904,BR005,SKU015128BL,33,7,26
STK-20250904-BR005-SKU015128SI,20250904,BR005,SKU015128SI,44,10,34
STK-20250904-BR005-SKU015128PI,20250904,BR005,SKU015128PI,65,9,56
STK-20250904-BR005-SKU015256BL,20250904,BR005,SKU015256BL,49,12,37
STK-20250904-BR005-SKU015256SI,20250904,BR005,SKU015256SI,75,15,60
STK-20250904-BR005-SKU015256PI,20250904,BR005,SKU015256PI,77,7,70
STK-20250904-BR005-SKU016128BL,20250904,BR005,SKU016128BL,46,18,28
STK-20250904-BR005-SKU016128SI,20250904,BR005,SKU016128SI,54,23,31
STK-20250904-BR005-SKU016128PI,20250904,BR005,SKU016128PI,42,21,21
STK-20250904-BR005-SKU016256BL,20250904,BR005,SKU016256BL,71,23,48
STK-20250904-BR005-SKU016256SI,20250904,BR005,SKU016256SI,44,16,28
STK-20250904-BR005-SKU016256PI,20250904,BR005,SKU016256PI,36,14,22
STK-20250904-BR005-SKU017128BL,20250904,BR005,SKU017128BL,79,29,50
STK-20250904-BR005-SKU017128SI,20250904,BR005,SKU017128SI,59,29,30
STK-20250904-BR005-SKU017128PI,20250904,BR005,SKU017128PI,54,30,24
STK-20250904-BR005-SKU017256BL,20250904,BR005,SKU017256BL,32,23,9
STK-20250904-BR005-SKU017256SI,20250904,BR005,SKU017256SI,37,27,10
STK-20250904-BR005-SKU017256PI,20250904,BR005,SKU017256PI,47,35,12
STK-20250905-BR000-SKU015128BL,20250905,BR000,SKU015128BL,644,0,644
STK-20250905-BR000-SKU015128SI,20250905,BR000,SKU015128SI,795,0,795
STK-20250905-BR000-SKU015128PI,20250905,BR000,SKU015128PI,930,0,930
STK-20250905-BR000-SKU015256BL,20250905,BR000,SKU015256BL,712,0,712
STK-20250905-BR000-SKU015256SI,20250905,BR000,SKU015256SI,744,0,744
STK-20250905-BR000-SKU015256PI,20250905,BR000,SKU015256PI,985,0,985
STK-20250905-BR000-SKU016128BL,20250905,BR000,SKU016128BL,632,0,632
STK-20250905-BR000-SKU016128SI,20250905,BR000,SKU016128SI,857,0,857
STK-20250905-BR000-SKU016128PI,20250905,BR000,SKU016128PI,686,0,686
STK-20250905-BR000-SKU016256BL,20250905,BR000,SKU016256BL,548,0,548
STK-20250905-BR000-SKU016256SI,20250905,BR000,SKU016256SI,855,0,855
STK-20250905-BR000-SKU016256PI,20250905,BR000,SKU016256PI,881,0,881
STK-20250905-BR000-SKU017128BL,20250905,BR000,SKU017128BL,658,0,658
STK-20250905-BR000-SKU017128SI,20250905,BR000,SKU017128SI,661,0,661
STK-20250905-BR000-SKU017128PI,20250905,BR000,SKU017128PI,617,0,617
STK-20250905-BR000-SKU017256BL,20250905,BR000,SKU017256BL,731,0,731
STK-20250905-BR000-SKU017256SI,20250905,BR000,SKU017256SI,682,0,682
STK-20250905-BR000-SKU017256PI,20250905,BR000,SKU017256PI,891,0,891
STK-20250905-BR001-SKU015128BL,20250905,BR001,SKU015128BL,41,9,32
STK-20250905-BR001-SKU015128SI,20250905,BR001,SKU015128SI,52,10,42
STK-20250905-BR001-SKU015128PI,20250905,BR001,SKU015128PI,58,14,44
STK-20250905-BR001-SKU015256BL,20250905,BR001,SKU015256BL,74,14,60
STK-20250905-BR001-SKU015256SI,20250905,BR001,SKU015256SI,47,5,42
STK-20250905-BR001-SKU015256PI,20250905,BR001,SKU015256PI,48,11,37
STK-20250905-BR001-SKU016128BL,20250905,BR001,SKU016128BL,73,23,50
STK-20250905-BR001-SKU016128SI,20250905,BR001,SKU016128SI,60,26,34
STK-20250905-BR001-SKU016128PI,20250905,BR001,SKU016128PI,64,24,40
STK-20250905-BR001-SKU016256BL,20250905,BR001,SKU016256BL,36,20,16
STK-20250905-BR001-SKU016256SI,20250905,BR001,SKU016256SI,40,18,22
STK-20250905-BR001-SKU016256PI,20250905,BR001,SKU016256PI,38,32,6
STK-20250905-BR001-SKU017128BL,20250905,BR001,SKU017128BL,66,39,27
STK-20250905-BR001-SKU017128SI,20250905,BR001,SKU017128SI,56,41,15
STK-20250905-BR001-SKU017128PI,20250905,BR001,SKU017128PI,56,28,28
STK-20250905-BR001-SKU017256BL,20250905,BR001,SKU017256BL,68,36,32
STK-20250905-BR001-SKU017256SI,20250905,BR001,SKU017256SI,58,33,25
STK-20250905-BR001-SKU017256PI,20250905,BR001,SKU017256PI,63,39,24
STK-20250905-BR002-SKU015128BL,20250905,BR002,SKU015128BL,71,13,58
STK-20250905-BR002-SKU015128SI,20250905,BR002,SKU015128SI,37,10,27
STK-20250905-BR002-SKU015128PI,20250905,BR002,SKU015128PI,60,10,50
STK-20250905-BR002-SKU015256BL,20250905,BR002,SKU015256BL,52,8,44
STK-20250905-BR002-SKU015256SI,20250905,BR002,SKU015256SI,33,10,23
STK-20250905-BR002-SKU015256PI,20250905,BR002,SKU015256PI,78,14,64
STK-20250905-BR002-SKU016128BL,20250905,BR002,SKU016128BL,30,22,8
STK-20250905-BR002-SKU016128SI,20250905,BR002,SKU016128SI,34,22,12
STK-20250905-BR002-SKU016128PI,20250905,BR002,SKU016128PI,46,20,26
STK-20250905-BR002-SKU016256BL,20250905,BR002,SKU016256BL,76,22,54
STK-20250905-BR002-SKU016256SI,20250905,BR002,SKU016256SI,51,15,36
STK-20250905-BR002-SKU016256PI,20250905,BR002,SKU016256PI,55,13,42
STK-20250905-BR002-SKU017128BL,20250905,BR002,SKU017128BL,44,39,5
STK-20250905-BR002-SKU017128SI,20250905,BR002,SKU017128SI,69,33,36
STK-20250905-BR002-SKU017128PI,20250905,BR002,SKU017128PI,59,35,24
STK-20250905-BR002-SKU017256BL,20250905,BR002,SKU017256BL,53,30,23
STK-20250905-BR002-SKU017256SI,20250905,BR002,SKU017256SI,42,32,10
STK-20250905-BR002-SKU017256PI,20250905,BR002,SKU017256PI,55,27,28
STK-20250905-BR003-SKU015128BL,20250905,BR003,SKU015128BL,48,8,40
STK-20250905-BR003-SKU015128SI,20250905,BR003,SKU015128SI,59,12,47
STK-20250905-BR003-SKU015128PI,20250905,BR003,SKU015128PI,55,16,39
STK-20250905-BR003-SKU015256BL,20250905,BR003,SKU015256BL,46,11,35
STK-20250905-BR003-SKU015256SI,20250905,BR003,SKU015256SI,77,13,64
STK-20250905-BR003-SKU015256PI,20250905,BR003,SKU015256PI,56,12,44
STK-20250905-BR003-SKU016128BL,20250905,BR003,SKU016128BL,52,22,30
STK-20250905-BR003-SKU016128SI,20250905,BR003,SKU016128SI,29,24,5
STK-20250905-BR003-SKU016128PI,20250905,BR003,SKU016128PI,70,15,55
STK-20250905-BR003-SKU016256BL,20250905,BR003,SKU016256BL,49,24,25
STK-20250905-BR003-SKU016256SI,20250905,BR003,SKU016256SI,62,32,30
STK-20250905-BR003-SKU016256PI,20250905,BR003,SKU016256PI,65,16,49
STK-20250905-BR003-SKU017128BL,20250905,BR003,SKU017128BL,49,34,15
STK-20250905-BR003-SKU017128SI,20250905,BR003,SKU017128SI,73,29,44
STK-20250905-BR003-SKU017128PI,20250905,BR003,SKU017128PI,57,36,21
STK-20250905-BR003-SKU017256BL,20250905,BR003,SKU017256BL,66,42,24
STK-20250905-BR003-SKU017256SI,20250905,BR003,SKU017256SI,62,39,23
STK-20250905-BR003-SKU017256PI,20250905,BR003,SKU017256PI,61,39,22
STK-20250905-BR004-SKU015128BL,20250905,BR004,SKU015128BL,39,10,29
STK-20250905-BR004-SKU015128SI,20250905,BR004,SKU015128SI,62,12,50
STK-20250905-BR004-SKU015128PI,20250905,BR004,SKU015128PI,77,11,66
STK-20250905-BR004-SKU015256BL,20250905,BR004,SKU015256BL,42,14,28
STK-20250905-BR004-SKU015256SI,20250905,BR004,SKU015256SI,33,15,18
STK-20250905-BR004-SKU015256PI,20250905,BR004,SKU015256PI,62,14,48
STK-20250905-BR004-SKU016128BL,20250905,BR004,SKU016128BL,43,23,20
STK-20250905-BR004-SKU016128SI,20250905,BR004,SKU016128SI,40,19,21
STK-20250905-BR004-SKU016128PI,20250905,BR004,SKU016128PI,51,29,22
STK-20250905-BR004-SKU016256BL,20250905,BR004,SKU016256BL,48,27,21
STK-20250905-BR004-SKU016256SI,20250905,BR004,SKU016256SI,71,25,46
STK-20250905-BR004-SKU016256PI,20250905,BR004,SKU016256PI,30,23,7
STK-20250905-BR004-SKU017128BL,20250905,BR004,SKU017128BL,36,36,0
STK-20250905-BR004-SKU017128SI,20250905,BR004,SKU017128SI,65,23,42
STK-20250905-BR004-SKU017128PI,20250905,BR004,SKU017128PI,54,40,14
STK-20250905-BR004-SKU017256BL,20250905,BR004,SKU017256BL,50,50,0
STK-20250905-BR004-SKU017256SI,20250905,BR004,SKU017256SI,59,38,21
STK-20250905-BR004-SKU017256PI,20250905,BR004,SKU017256PI,51,39,12
STK-20250905-BR005-SKU015128BL,20250905,BR005,SKU015128BL,32,8,24
STK-20250905-BR005-SKU015128SI,20250905,BR005,SKU015128SI,42,12,30
STK-20250905-BR005-SKU015128PI,20250905,BR005,SKU015128PI,64,11,53
STK-20250905-BR005-SKU015256BL,20250905,BR005,SKU015256BL,48,12,36
STK-20250905-BR005-SKU015256SI,20250905,BR005,SKU015256SI,75,19,56
STK-20250905-BR005-SKU015256PI,20250905,BR005,SKU015256PI,76,10,66
STK-20250905-BR005-SKU016128BL,20250905,BR005,SKU016128BL,43,24,19
STK-20250905-BR005-SKU016128SI,20250905,BR005,SKU016128SI,49,23,26
STK-20250905-BR005-SKU016128PI,20250905,BR005,SKU016128PI,35,18,17
STK-20250905-BR005-SKU016256BL,20250905,BR005,SKU016256BL,71,28,43
STK-20250905-BR005-SKU016256SI,20250905,BR005,SKU016256SI,44,19,25
STK-20250905-BR005-SKU016256PI,20250905,BR005,SKU016256PI,36,22,14
STK-20250905-BR005-SKU017128BL,20250905,BR005,SKU017128BL,76,33,43
STK-20250905-BR005-SKU017128SI,20250905,BR005,SKU017128SI,59,42,17
STK-20250905-BR005-SKU017128PI,20250905,BR005,SKU017128PI,48,28,20
STK-20250905-BR005-SKU017256BL,20250905,BR005,SKU017256BL,66,32,34
STK-20250905-BR005-SKU017256SI,20250905,BR005,SKU017256SI,61,40,21
STK-20250905-BR005-SKU017256PI,20250905,BR005,SKU017256PI,40,32,8
STK-20250906-BR000-SKU015128BL,20250906,BR000,SKU015128BL,644,0,644
STK-20250906-BR000-SKU015128SI,20250906,BR000,SKU015128SI,795,0,795
STK-20250906-BR000-SKU015128PI,20250906,BR000,SKU015128PI,930,0,930
STK-20250906-BR000-SKU015256BL,20250906,BR000,SKU015256BL,712,0,712
STK-20250906-BR000-SKU015256SI,20250906,BR000,SKU015256SI,744,0,744
STK-20250906-BR000-SKU015256PI,20250906,BR000,SKU015256PI,985,0,985
STK-20250906-BR000-SKU016128BL,20250906,BR000,SKU016128BL,632,0,632
STK-20250906-BR000-SKU016128SI,20250906,BR000,SKU016128SI,857,0,857
STK-20250906-BR000-SKU016128PI,20250906,BR000,SKU016128PI,686,0,686
STK-20250906-BR000-SKU016256BL,20250906,BR000,SKU016256BL,548,0,548
STK-20250906-BR000-SKU016256SI,20250906,BR000,SKU016256SI,855,0,855
STK-20250906-BR000-SKU016256PI,20250906,BR000,SKU016256PI,881,0,881
STK-20250906-BR000-SKU017128BL,20250906,BR000,SKU017128BL,658,0,658
STK-20250906-BR000-SKU017128SI,20250906,BR000,SKU017128SI,661,0,661
STK-20250906-BR000-SKU017128PI,20250906,BR000,SKU017128PI,617,0,617
STK-20250906-BR000-SKU017256BL,20250906,BR000,SKU017256BL,731,0,731
STK-20250906-BR000-SKU017256SI,20250906,BR000,SKU017256SI,682,0,682
STK-20250906-BR000-SKU017256PI,20250906,BR000,SKU017256PI,891,0,891
STK-20250906-BR001-SKU015128BL,20250906,BR001,SKU015128BL,41,14,27
STK-20250906-BR001-SKU015128SI,20250906,BR001,SKU015128SI,49,9,40
STK-20250906-BR001-SKU015128PI,20250906,BR001,SKU015128PI,55,16,39
STK-20250906-BR001-SKU015256BL,20250906,BR001,SKU015256BL,74,15,59
STK-20250906-BR001-SKU015256SI,20250906,BR001,SKU015256SI,47,6,41
STK-20250906-BR001-SKU015256PI,20250906,BR001,SKU015256PI,48,16,32
STK-20250906-BR001-SKU016128BL,20250906,BR001,SKU016128BL,73,28,45
STK-20250906-BR001-SKU016128SI,20250906,BR001,SKU016128SI,53,23,30
STK-20250906-BR001-SKU016128PI,20250906,BR001,SKU016128PI,58,20,38
STK-20250906-BR001-SKU016256BL,20250906,BR001,SKU016256BL,32,20,12
STK-20250906-BR001-SKU016256SI,20250906,BR001,SKU016256SI,37,22,15
STK-20250906-BR001-SKU016256PI,20250906,BR001,SKU016256PI,36,36,0
STK-20250906-BR001-SKU017128BL,20250906,BR001,SKU017128BL,66,49,17
STK-20250906-BR001-SKU017128SI,20250906,BR001,SKU017128SI,56,54,2
STK-20250906-BR001-SKU017128PI,20250906,BR001,SKU017128PI,56,37,19
STK-20250906-BR001-SKU017256BL,20250906,BR001,SKU017256BL,68,44,24
STK-20250906-BR001-SKU017256SI,20250906,BR001,SKU017256SI,51,36,15
STK-20250906-BR001-SKU017256PI,20250906,BR001,SKU017256PI,63,44,19
STK-20250906-BR002-SKU015128BL,20250906,BR002,SKU015128BL,71,17,54
STK-20250906-BR002-SKU015128SI,20250906,BR002,SKU015128SI,37,15,22
STK-20250906-BR002-SKU015128PI,20250906,BR002,SKU015128PI,60,11,49
STK-20250906-BR002-SKU015256BL,20250906,BR002,SKU015256BL,52,11,41
STK-20250906-BR002-SKU015256SI,20250906,BR002,SKU015256SI,33,13,20
STK-20250906-BR002-SKU015256PI,20250906,BR002,SKU015256PI,73,15,58
STK-20250906-BR002-SKU016128BL,20250906,BR002,SKU016128BL,28,26,2
STK-20250906-BR002-SKU016128SI,20250906,BR002,SKU016128SI,34,29,5
STK-20250906-BR002-SKU016128PI,20250906,BR002,SKU016128PI,46,28,18
STK-20250906-BR002-SKU016256BL,20250906,BR002,SKU016256BL,72,24,48
STK-20250906-BR002-SKU016256SI,20250906,BR002,SKU016256SI,51,18,33
STK-20250906-BR002-SKU016256PI,20250906,BR002,SKU016256PI,52,18,34
STK-20250906-BR002-SKU017128BL,20250906,BR002,SKU017128BL,78,48,30
STK-20250906-BR002-SKU017128SI,20250906,BR002,SKU017128SI,57,26,31
STK-20250906-BR002-SKU017128PI,20250906,BR002,SKU017128PI,59,48,11
STK-20250906-BR002-SKU017256BL,20250906,BR002,SKU017256BL,47,34,13
STK-20250906-BR002-SKU017256SI,20250906,BR002,SKU017256SI,38,38,0
STK-20250906-BR002-SKU017256PI,20250906,BR002,SKU017256PI,50,31,19
STK-20250906-BR003-SKU015128BL,20250906,BR003,SKU015128BL,47,8,39
STK-20250906-BR003-SKU015128SI,20250906,BR003,SKU015128SI,59,14,45
STK-20250906-BR003-SKU015128PI,20250906,BR003,SKU015128PI,53,16,37
STK-20250906-BR003-SKU015256BL,20250906,BR003,SKU015256BL,46,14,32
STK-20250906-BR003-SKU015256SI,20250906,BR003,SKU015256SI,76,13,63
STK-20250906-BR003-SKU015256PI,20250906,BR003,SKU015256PI,56,16,40
STK-20250906-BR003-SKU016128BL,20250906,BR003,SKU016128BL,52,29,23
STK-20250906-BR003-SKU016128SI,20250906,BR003,SKU016128SI,49,27,22
STK-20250906-BR003-SKU016128PI,20250906,BR003,SKU016128PI,70,21,49
STK-20250906-BR003-SKU016256BL,20250906,BR003,SKU016256BL,49,31,18
STK-20250906-BR003-SKU016256SI,20250906,BR003,SKU016256SI,56,32,24
STK-20250906-BR003-SKU016256PI,20250906,BR003,SKU016256PI,64,24,40
STK-20250906-BR003-SKU017128BL,20250906,BR003,SKU017128BL,42,34,8
STK-20250906-BR003-SKU017128SI,20250906,BR003,SKU017128SI,73,34,39
STK-20250906-BR003-SKU017128PI,20250906,BR003,SKU017128PI,50,37,13
STK-20250906-BR003-SKU017256BL,20250906,BR003,SKU017256BL,66,49,17
STK-20250906-BR003-SKU017256SI,20250906,BR003,SKU017256SI,51,32,19
STK-20250906-BR003-SKU017256PI,20250906,BR003,SKU017256PI,57,46,11
STK-20250906-BR004-SKU015128BL,20250906,BR004,SKU015128BL,38,10,28
STK-20250906-BR004-SKU015128SI,20250906,BR004,SKU015128SI,60,11,49
STK-20250906-BR004-SKU015128PI,20250906,BR004,SKU015128PI,77,12,65
STK-20250906-BR004-SKU015256BL,20250906,BR004,SKU015256BL,40,15,25
STK-20250906-BR004-SKU015256SI,20250906,BR004,SKU015256SI,33,18,15
STK-20250906-BR004-SKU015256PI,20250906,BR004,SKU015256PI,62,18,44
STK-20250906-BR004-SKU016128BL,20250906,BR004,SKU016128BL,43,31,12
STK-20250906-BR004-SKU016128SI,20250906,BR004,SKU016128SI,37,23,14
STK-20250906-BR004-SKU016128PI,20250906,BR004,SKU016128PI,51,32,19
STK-20250906-BR004-SKU016256BL,20250906,BR004,SKU016256BL,40,24,16
STK-20250906-BR004-SKU016256SI,20250906,BR004,SKU016256SI,71,33,38
STK-20250906-BR004-SKU016256PI,20250906,BR004,SKU016256PI,30,30,0
STK-20250906-BR004-SKU017128BL,20250906,BR004,SKU017128BL,77,47,30
STK-20250906-BR004-SKU017128SI,20250906,BR004,SKU017128SI,65,29,36
STK-20250906-BR004-SKU017128PI,20250906,BR004,SKU017128PI,39,37,2
STK-20250906-BR004-SKU017256BL,20250906,BR004,SKU017256BL,71,41,30
STK-20250906-BR004-SKU017256SI,20250906,BR004,SKU017256SI,55,40,15
STK-20250906-BR004-SKU017256PI,20250906,BR004,SKU017256PI,43,42,1
STK-20250906-BR005-SKU015128BL,20250906,BR005,SKU015128BL,30,7,23
STK-20250906-BR005-SKU015128SI,20250906,BR005,SKU015128SI,42,16,26
STK-20250906-BR005-SKU015128PI,20250906,BR005,SKU015128PI,63,14,49
STK-20250906-BR005-SKU015256BL,20250906,BR005,SKU015256BL,48,16,32
STK-20250906-BR005-SKU015256SI,20250906,BR005,SKU015256SI,75,21,54
STK-20250906-BR005-SKU015256PI,20250906,BR005,SKU015256PI,76,15,61
STK-20250906-BR005-SKU016128BL,20250906,BR005,SKU016128BL,41,24,17
STK-20250906-BR005-SKU016128SI,20250906,BR005,SKU016128SI,46,28,18
STK-20250906-BR005-SKU016128PI,20250906,BR005,SKU016128PI,33,23,10
STK-20250906-BR005-SKU016256BL,20250906,BR005,SKU016256BL,67,29,38
STK-20250906-BR005-SKU016256SI,20250906,BR005,SKU016256SI,42,21,21
STK-20250906-BR005-SKU016256PI,20250906,BR005,SKU016256PI,32,21,11
STK-20250906-BR005-SKU017128BL,20250906,BR005,SKU017128BL,72,36,36
STK-20250906-BR005-SKU017128SI,20250906,BR005,SKU017128SI,54,49,5
STK-20250906-BR005-SKU017128PI,20250906,BR005,SKU017128PI,48,38,10
STK-20250906-BR005-SKU017256BL,20250906,BR005,SKU017256BL,66,41,25
STK-20250906-BR005-SKU017256SI,20250906,BR005,SKU017256SI,61,50,11
STK-20250906-BR005-SKU017256PI,20250906,BR005,SKU017256PI,40,40,0
STK-20250907-BR000-SKU015128BL,20250907,BR000,SKU015128BL,644,0,644
STK-20250907-BR000-SKU015128SI,20250907,BR000,SKU015128SI,795,0,795
STK-20250907-BR000-SKU015128PI,20250907,BR000,SKU015128PI,930,0,930
STK-20250907-BR000-SKU015256BL,20250907,BR000,SKU015256BL,712,0,712
STK-20250907-BR000-SKU015256SI,20250907,BR000,SKU015256SI,744,0,744
STK-20250907-BR000-SKU015256PI,20250907,BR000,SKU015256PI,985,0,985
STK-20250907-BR000-SKU016128BL,20250907,BR000,SKU016128BL,632,0,632
STK-20250907-BR000-SKU016128SI,20250907,BR000,SKU016128SI,857,0,857
STK-20250907-BR000-SKU016128PI,20250907,BR000,SKU016128PI,686,0,686
STK-20250907-BR000-SKU016256BL,20250907,BR000,SKU016256BL,548,0,548
STK-20250907-BR000-SKU016256SI,20250907,BR000,SKU016256SI,855,0,855
STK-20250907-BR000-SKU016256PI,20250907,BR000,SKU016256PI,881,0,881
STK-20250907-BR000-SKU017128BL,20250907,BR000,SKU017128BL,658,0,658
STK-20250907-BR000-SKU017128SI,20250907,BR000,SKU017128SI,661,0,661
STK-20250907-BR000-SKU017128PI,20250907,BR000,SKU017128PI,617,0,617
STK-20250907-BR000-SKU017256BL,20250907,BR000,SKU017256BL,731,0,731
STK-20250907-BR000-SKU017256SI,20250907,BR000,SKU017256SI,682,0,682
STK-20250907-BR000-SKU017256PI,20250907,BR000,SKU017256PI,891,0,891
STK-20250907-BR001-SKU015128BL,20250907,BR001,SKU015128BL,38,12,26
STK-20250907-BR001-SKU015128SI,20250907,BR001,SKU015128SI,49,13,36
STK-20250907-BR001-SKU015128PI,20250907,BR001,SKU015128PI,55,19,36
STK-20250907-BR001-SKU015256BL,20250907,BR001,SKU015256BL,74,17,57
STK-20250907-BR001-SKU015256SI,20250907,BR001,SKU015256SI,47,7,40
STK-20250907-BR001-SKU015256PI,20250907,BR001,SKU015256PI,48,20,28
STK-20250907-BR001-SKU016128BL,20250907,BR001,SKU016128BL,73,31,42
STK-20250907-BR001-SKU016128SI,20250907,BR001,SKU016128SI,53,29,24
STK-20250907-BR001-SKU016128PI,20250907,BR001,SKU016128PI,58,27,31
STK-20250907-BR001-SKU016256BL,20250907,BR001,SKU016256BL,30,25,5
STK-20250907-BR001-SKU016256SI,20250907,BR001,SKU016256SI,37,26,11
STK-20250907-BR001-SKU016256PI,20250907,BR001,SKU016256PI,74,39,35
STK-20250907-BR001-SKU017128BL,20250907,BR001,SKU017128BL,52,43,9
STK-20250907-BR001-SKU017128SI,20250907,BR001,SKU017128SI,82,46,36
STK-20250907-BR001-SKU017128PI,20250907,BR001,SKU017128PI,51,38,13
STK-20250907-BR001-SKU017256BL,20250907,BR001,SKU017256BL,51,40,11
STK-20250907-BR001-SKU017256SI,20250907,BR001,SKU017256SI,51,44,7
STK-20250907-BR001-SKU017256PI,20250907,BR001,SKU017256PI,63,53,10
STK-20250907-BR002-SKU015128BL,20250907,BR002,SKU015128BL,69,20,49
STK-20250907-BR002-SKU015128SI,20250907,BR002,SKU015128SI,36,16,20
STK-20250907-BR002-SKU015128PI,20250907,BR002,SKU015128PI,58,12,46
STK-20250907-BR002-SKU015256BL,20250907,BR002,SKU015256BL,50,13,37
STK-20250907-BR002-SKU015256SI,20250907,BR002,SKU015256SI,33,14,19
STK-20250907-BR002-SKU015256PI,20250907,BR002,SKU015256PI,72,16,56
STK-20250907-BR002-SKU016128BL,20250907,BR002,SKU016128BL,75,35,40
STK-20250907-BR002-SKU016128SI,20250907,BR002,SKU016128SI,53,29,24
STK-20250907-BR002-SKU016128PI,20250907,BR002,SKU016128PI,44,28,16
STK-20250907-BR002-SKU016256BL,20250907,BR002,SKU016256BL,71,32,39
STK-20250907-BR002-SKU016256SI,20250907,BR002,SKU016256SI,49,24,25
STK-20250907-BR002-SKU016256PI,20250907,BR002,SKU016256PI,52,27,25
STK-20250907-BR002-SKU017128BL,20250907,BR002,SKU017128BL,74,49,25
STK-20250907-BR002-SKU017128SI,20250907,BR002,SKU017128SI,57,29,28
STK-20250907-BR002-SKU017128PI,20250907,BR002,SKU017128PI,51,50,1
STK-20250907-BR002-SKU017256BL,20250907,BR002,SKU017256BL,36,27,9
STK-20250907-BR002-SKU017256SI,20250907,BR002,SKU017256SI,73,41,32
STK-20250907-BR002-SKU017256PI,20250907,BR002,SKU017256PI,50,39,11
STK-20250907-BR003-SKU015128BL,20250907,BR003,SKU015128BL,47,12,35
STK-20250907-BR003-SKU015128SI,20250907,BR003,SKU015128SI,58,19,39
STK-20250907-BR003-SKU015128PI,20250907,BR003,SKU015128PI,52,18,34
STK-20250907-BR003-SKU015256BL,20250907,BR003,SKU015256BL,46,16,30
STK-20250907-BR003-SKU015256SI,20250907,BR003,SKU015256SI,75,16,59
STK-20250907-BR003-SKU015256PI,20250907,BR003,SKU015256PI,56,17,39
STK-20250907-BR003-SKU016128BL,20250907,BR003,SKU016128BL,52,34,18
STK-20250907-BR003-SKU016128SI,20250907,BR003,SKU016128SI,45,28,17
STK-20250907-BR003-SKU016128PI,20250907,BR003,SKU016128PI,69,23,46
STK-20250907-BR003-SKU016256BL,20250907,BR003,SKU016256BL,49,39,10
STK-20250907-BR003-SKU016256SI,20250907,BR003,SKU016256SI,56,39,17
STK-20250907-BR003-SKU016256PI,20250907,BR003,SKU016256PI,61,25,36
STK-20250907-BR003-SKU017128BL,20250907,BR003,SKU017128BL,37,37,0
STK-20250907-BR003-SKU017128SI,20250907,BR003,SKU017128SI,73,41,32
STK-20250907-BR003-SKU017128PI,20250907,BR003,SKU017128PI,45,37,8
STK-20250907-BR003-SKU017256BL,20250907,BR003,SKU017256BL,57,43,14
STK-20250907-BR003-SKU017256SI,20250907,BR003,SKU017256SI,51,41,10
STK-20250907-BR003-SKU017256PI,20250907,BR003,SKU017256PI,48,46,2
STK-20250907-BR004-SKU015128BL,20250907,BR004,SKU015128BL,36,9,27
STK-20250907-BR004-SKU015128SI,20250907,BR004,SKU015128SI,59,14,45
STK-20250907-BR004-SKU015128PI,20250907,BR004,SKU015128PI,77,13,64
STK-20250907-BR004-SKU015256BL,20250907,BR004,SKU015256BL,40,17,23
STK-20250907-BR004-SKU015256SI,20250907,BR004,SKU015256SI,32,18,14
STK-20250907-BR004-SKU015256PI,20250907,BR004,SKU015256PI,62,19,43
STK-20250907-BR004-SKU016128BL,20250907,BR004,SKU016128BL,33,28,5
STK-20250907-BR004-SKU016128SI,20250907,BR004,SKU016128SI,37,25,12
STK-20250907-BR004-SKU016128PI,20250907,BR004,SKU016128PI,47,34,13
STK-20250907-BR004-SKU016256BL,20250907,BR004,SKU016256BL,32,18,14
STK-20250907-BR004-SKU016256SI,20250907,BR004,SKU016256SI,67,33,34
STK-20250907-BR004-SKU016256PI,20250907,BR004,SKU016256PI,58,32,26
STK-20250907-BR004-SKU017128BL,20250907,BR004,SKU017128BL,65,39,26
STK-20250907-BR004-SKU017128SI,20250907,BR004,SKU017128SI,65,36,29
STK-20250907-BR004-SKU017128PI,20250907,BR004,SKU017128PI,76,39,37
STK-20250907-BR004-SKU017256BL,20250907,BR004,SKU017256BL,59,33,26
STK-20250907-BR004-SKU017256SI,20250907,BR004,SKU017256SI,55,53,2
STK-20250907-BR004-SKU017256PI,20250907,BR004,SKU017256PI,83,46,37
STK-20250907-BR005-SKU015128BL,20250907,BR005,SKU015128BL,30,9,21
STK-20250907-BR005-SKU015128SI,20250907,BR005,SKU015128SI,42,20,22
STK-20250907-BR005-SKU015128PI,20250907,BR005,SKU015128PI,63,17,46
STK-20250907-BR005-SKU015256BL,20250907,BR005,SKU015256BL,48,20,28
STK-20250907-BR005-SKU015256SI,20250907,BR005,SKU015256SI,68,15,53
STK-20250907-BR005-SKU015256PI,20250907,BR005,SKU015256PI,76,20,56
STK-20250907-BR005-SKU016128BL,20250907,BR005,SKU016128BL,35,22,13
STK-20250907-BR005-SKU016128SI,20250907,BR005,SKU016128SI,44,33,11
STK-20250907-BR005-SKU016128PI,20250907,BR005,SKU016128PI,33,24,9
STK-20250907-BR005-SKU016256BL,20250907,BR005,SKU016256BL,60,29,31
STK-20250907-BR005-SKU016256SI,20250907,BR005,SKU016256SI,42,23,19
STK-20250907-BR005-SKU016256PI,20250907,BR005,SKU016256PI,30,23,7
STK-20250907-BR005-SKU017128BL,20250907,BR005,SKU017128BL,68,43,25
STK-20250907-BR005-SKU017128SI,20250907,BR005,SKU017128SI,79,59,20
STK-20250907-BR005-SKU017128PI,20250907,BR005,SKU017128PI,34,33,1
STK-20250907-BR005-SKU017256BL,20250907,BR005,SKU017256BL,66,49,17
STK-20250907-BR005-SKU017256SI,20250907,BR005,SKU017256SI,61,59,2
STK-20250907-BR005-SKU017256PI,20250907,BR005,SKU017256PI,77,37,40
STK-20250908-BR000-SKU015128BL,20250908,BR000,SKU015128BL,644,0,644
STK-20250908-BR000-SKU015128SI,20250908,BR000,SKU015128SI,795,0,795
STK-20250908-BR000-SKU015128PI,20250908,BR000,SKU015128PI,930,0,930
STK-20250908-BR000-SKU015256BL,20250908,BR000,SKU015256BL,712,0,712
STK-20250908-BR000-SKU015256SI,20250908,BR000,SKU015256SI,744,0,744
STK-20250908-BR000-SKU015256PI,20250908,BR000,SKU015256PI,985,0,985
STK-20250908-BR000-SKU016128BL,20250908,BR000,SKU016128BL,632,0,632
STK-20250908-BR000-SKU016128SI,20250908,BR000,SKU016128SI,857,0,857
STK-20250908-BR000-SKU016128PI,20250908,BR000,SKU016128PI,686,0,686
STK-20250908-BR000-SKU016256BL,20250908,BR000,SKU016256BL,548,0,548
STK-20250908-BR000-SKU016256SI,20250908,BR000,SKU016256SI,855,0,855
STK-20250908-BR000-SKU016256PI,20250908,BR000,SKU016256PI,881,0,881
STK-20250908-BR000-SKU017128BL,20250908,BR000,SKU017128BL,658,0,658
STK-20250908-BR000-SKU017128SI,20250908,BR000,SKU017128SI,661,0,661
STK-20250908-BR000-SKU017128PI,20250908,BR000,SKU017128PI,617,0,617
STK-20250908-BR000-SKU017256BL,20250908,BR000,SKU017256BL,731,0,731
STK-20250908-BR000-SKU017256SI,20250908,BR000,SKU017256SI,682,0,682
STK-20250908-BR000-SKU017256PI,20250908,BR000,SKU017256PI,891,0,891
STK-20250908-BR001-SKU015128BL,20250908,BR001,SKU015128BL,36,14,22
STK-20250908-BR001-SKU015128SI,20250908,BR001,SKU015128SI,47,16,31
STK-20250908-BR001-SKU015128PI,20250908,BR001,SKU015128PI,55,21,34
STK-20250908-BR001-SKU015256BL,20250908,BR001,SKU015256BL,71,18,53
STK-20250908-BR001-SKU015256SI,20250908,BR001,SKU015256SI,47,10,37
STK-20250908-BR001-SKU015256PI,20250908,BR001,SKU015256PI,48,22,26
STK-20250908-BR001-SKU016128BL,20250908,BR001,SKU016128BL,62,29,33
STK-20250908-BR001-SKU016128SI,20250908,BR001,SKU016128SI,53,30,23
STK-20250908-BR001-SKU016128PI,20250908,BR001,SKU016128PI,55,25,30
STK-20250908-BR001-SKU016256BL,20250908,BR001,SKU016256BL,26,25,1
STK-20250908-BR001-SKU016256SI,20250908,BR001,SKU016256SI,37,34,3
STK-20250908-BR001-SKU016256PI,20250908,BR001,SKU016256PI,68,39,29
STK-20250908-BR001-SKU017128BL,20250908,BR001,SKU017128BL,45,43,2
STK-20250908-BR001-SKU017128SI,20250908,BR001,SKU017128SI,73,45,28
STK-20250908-BR001-SKU017128PI,20250908,BR001,SKU017128PI,43,41,2
STK-20250908-BR001-SKU017256BL,20250908,BR001,SKU017256BL,51,49,2
STK-20250908-BR001-SKU017256SI,20250908,BR001,SKU017256SI,78,52,26
STK-20250908-BR001-SKU017256PI,20250908,BR001,SKU017256PI,59,58,1
STK-20250908-BR002-SKU015128BL,20250908,BR002,SKU015128BL,68,22,46
STK-20250908-BR002-SKU015128SI,20250908,BR002,SKU015128SI,35,16,19
STK-20250908-BR002-SKU015128PI,20250908,BR002,SKU015128PI,58,15,43
STK-20250908-BR002-SKU015256BL,20250908,BR002,SKU015256BL,50,14,36
STK-20250908-BR002-SKU015256SI,20250908,BR002,SKU015256SI,33,15,18
STK-20250908-BR002-SKU015256PI,20250908,BR002,SKU015256PI,72,21,51
STK-20250908-BR002-SKU016128BL,20250908,BR002,SKU016128BL,72,37,35
STK-20250908-BR002-SKU016128SI,20250908,BR002,SKU016128SI,49,34,15
STK-20250908-BR002-SKU016128PI,20250908,BR002,SKU016128PI,36,29,7
STK-20250908-BR002-SKU016256BL,20250908,BR002,SKU016256BL,68,34,34
STK-20250908-BR002-SKU016256SI,20250908,BR002,SKU016256SI,49,32,17
STK-20250908-BR002-SKU016256PI,20250908,BR002,SKU016256PI,52,29,23
STK-20250908-BR002-SKU017128BL,20250908,BR002,SKU017128BL,64,48,16
STK-20250908-BR002-SKU017128SI,20250908,BR002,SKU017128SI,54,36,18
STK-20250908-BR002-SKU017128PI,20250908,BR002,SKU017128PI,73,48,25
STK-20250908-BR002-SKU017256BL,20250908,BR002,SKU017256BL,36,36,0
STK-20250908-BR002-SKU017256SI,20250908,BR002,SKU017256SI,73,50,23
STK-20250908-BR002-SKU017256PI,20250908,BR002,SKU017256PI,50,44,6
STK-20250908-BR003-SKU015128BL,20250908,BR003,SKU015128BL,47,15,32
STK-20250908-BR003-SKU015128SI,20250908,BR003,SKU015128SI,52,16,36
STK-20250908-BR003-SKU015128PI,20250908,BR003,SKU015128PI,52,23,29
STK-20250908-BR003-SKU015256BL,20250908,BR003,SKU015256BL,46,18,28
STK-20250908-BR003-SKU015256SI,20250908,BR003,SKU015256SI,75,19,56
STK-20250908-BR003-SKU015256PI,20250908,BR003,SKU015256PI,56,22,34
STK-20250908-BR003-SKU016128BL,20250908,BR003,SKU016128BL,48,35,13
STK-20250908-BR003-SKU016128SI,20250908,BR003,SKU016128SI,39,24,15
STK-20250908-BR003-SKU016128PI,20250908,BR003,SKU016128PI,69,29,40
STK-20250908-BR003-SKU016256BL,20250908,BR003,SKU016256BL,38,29,9
STK-20250908-BR003-SKU016256SI,20250908,BR003,SKU016256SI,51,40,11
STK-20250908-BR003-SKU016256PI,20250908,BR003,SKU016256PI,61,34,27
STK-20250908-BR003-SKU017128BL,20250908,BR003,SKU017128BL,72,44,28
STK-20250908-BR003-SKU017128SI,20250908,BR003,SKU017128SI,68,49,19
STK-20250908-BR003-SKU017128PI,20250908,BR003,SKU017128PI,41,41,0
STK-20250908-BR003-SKU017256BL,20250908,BR003,SKU017256BL,57,49,8
STK-20250908-BR003-SKU017256SI,20250908,BR003,SKU017256SI,42,41,1
STK-20250908-BR003-SKU017256PI,20250908,BR003,SKU017256PI,75,51,24
STK-20250908-BR004-SKU015128BL,20250908,BR004,SKU015128BL,36,15,21
STK-20250908-BR004-SKU015128SI,20250908,BR004,SKU015128SI,59,15,44
STK-20250908-BR004-SKU015128PI,20250908,BR004,SKU015128PI,75,14,61
STK-20250908-BR004-SKU015256BL,20250908,BR004,SKU015256BL,35,13,22
STK-20250908-BR004-SKU015256SI,20250908,BR004,SKU015256SI,32,20,12
STK-20250908-BR004-SKU015256PI,20250908,BR004,SKU015256PI,61,19,42
STK-20250908-BR004-SKU016128BL,20250908,BR004,SKU016128BL,29,29,0
STK-20250908-BR004-SKU016128SI,20250908,BR004,SKU016128SI,37,28,9
STK-20250908-BR004-SKU016128PI,20250908,BR004,SKU016128PI,40,31,9
STK-20250908-BR004-SKU016256BL,20250908,BR004,SKU016256BL,31,26,5
STK-20250908-BR004-SKU016256SI,20250908,BR004,SKU016256SI,64,33,31
STK-20250908-BR004-SKU016256PI,20250908,BR004,SKU016256PI,46,28,18
STK-20250908-BR004-SKU017128BL,20250908,BR004,SKU017128BL,63,47,16
STK-20250908-BR004-SKU017128SI,20250908,BR004,SKU017128SI,59,38,21
STK-20250908-BR004-SKU017128PI,20250908,BR004,SKU017128PI,76,48,28
STK-20250908-BR004-SKU017256BL,20250908,BR004,SKU017256BL,52,35,17
STK-20250908-BR004-SKU017256SI,20250908,BR004,SKU017256SI,92,58,34
STK-20250908-BR004-SKU017256PI,20250908,BR004,SKU017256PI,83,58,25
STK-20250908-BR005-SKU015128BL,20250908,BR005,SKU015128BL,29,14,15
STK-20250908-BR005-SKU015128SI,20250908,BR005,SKU015128SI,38,21,17
STK-20250908-BR005-SKU015128PI,20250908,BR005,SKU015128PI,63,18,45
STK-20250908-BR005-SKU015256BL,20250908,BR005,SKU015256BL,46,20,26
STK-20250908-BR005-SKU015256SI,20250908,BR005,SKU015256SI,68,17,51
STK-20250908-BR005-SKU015256PI,20250908,BR005,SKU015256PI,74,22,52
STK-20250908-BR005-SKU016128BL,20250908,BR005,SKU016128BL,35,26,9
STK-20250908-BR005-SKU016128SI,20250908,BR005,SKU016128SI,33,24,9
STK-20250908-BR005-SKU016128PI,20250908,BR005,SKU016128PI,33,32,1
STK-20250908-BR005-SKU016256BL,20250908,BR005,SKU016256BL,58,35,23
STK-20250908-BR005-SKU016256SI,20250908,BR005,SKU016256SI,41,26,15
STK-20250908-BR005-SKU016256PI,20250908,BR005,SKU016256PI,27,25,2
STK-20250908-BR005-SKU017128BL,20250908,BR005,SKU017128BL,68,51,17
STK-20250908-BR005-SKU017128SI,20250908,BR005,SKU017128SI,79,64,15
STK-20250908-BR005-SKU017128PI,20250908,BR005,SKU017128PI,63,41,22
STK-20250908-BR005-SKU017256BL,20250908,BR005,SKU017256BL,64,55,9
STK-20250908-BR005-SKU017256SI,20250908,BR005,SKU017256SI,94,62,32
STK-20250908-BR005-SKU017256PI,20250908,BR005,SKU017256PI,77,43,34
STK-20250909-BR000-SKU015128BL,20250909,BR000,SKU015128BL,644,0,644
STK-20250909-BR000-SKU015128SI,20250909,BR000,SKU015128SI,795,0,795
STK-20250909-BR000-SKU015128PI,20250909,BR000,SKU015128PI,930,0,930
STK-20250909-BR000-SKU015256BL,20250909,BR000,SKU015256BL,712,0,712
STK-20250909-BR000-SKU015256SI,20250909,BR000,SKU015256SI,744,0,744
STK-20250909-BR000-SKU015256PI,20250909,BR000,SKU015256PI,985,0,985
STK-20250909-BR000-SKU016128BL,20250909,BR000,SKU016128BL,632,0,632
STK-20250909-BR000-SKU016128SI,20250909,BR000,SKU016128SI,857,0,857
STK-20250909-BR000-SKU016128PI,20250909,BR000,SKU016128PI,686,0,686
STK-20250909-BR000-SKU016256BL,20250909,BR000,SKU016256BL,548,0,548
STK-20250909-BR000-SKU016256SI,20250909,BR000,SKU016256SI,855,0,855
STK-20250909-BR000-SKU016256PI,20250909,BR000,SKU016256PI,881,0,881
STK-20250909-BR000-SKU017128BL,20250909,BR000,SKU017128BL,658,0,658
STK-20250909-BR000-SKU017128SI,20250909,BR000,SKU017128SI,661,0,661
STK-20250909-BR000-SKU017128PI,20250909,BR000,SKU017128PI,617,0,617
STK-20250909-BR000-SKU017256BL,20250909,BR000,SKU017256BL,731,0,731
STK-20250909-BR000-SKU017256SI,20250909,BR000,SKU017256SI,682,0,682
STK-20250909-BR000-SKU017256PI,20250909,BR000,SKU017256PI,891,0,891
STK-20250909-BR001-SKU015128BL,20250909,BR001,SKU015128BL,36,16,20
STK-20250909-BR001-SKU015128SI,20250909,BR001,SKU015128SI,47,17,30
STK-20250909-BR001-SKU015128PI,20250909,BR001,SKU015128PI,54,21,33
STK-20250909-BR001-SKU015256BL,20250909,BR001,SKU015256BL,71,21,50
STK-20250909-BR001-SKU015256SI,20250909,BR001,SKU015256SI,45,14,31
STK-20250909-BR001-SKU015256PI,20250909,BR001,SKU015256PI,47,27,20
STK-20250909-BR001-SKU016128BL,20250909,BR001,SKU016128BL,56,33,23
STK-20250909-BR001-SKU016128SI,20250909,BR001,SKU016128SI,53,35,18
STK-20250909-BR001-SKU016128PI,20250909,BR001,SKU016128PI,53,28,25
STK-20250909-BR001-SKU016256BL,20250909,BR001,SKU016256BL,52,29,23
STK-20250909-BR001-SKU016256SI,20250909,BR001,SKU016256SI,70,34,36
STK-20250909-BR001-SKU016256PI,20250909,BR001,SKU016256PI,64,42,22
STK-20250909-BR001-SKU017128BL,20250909,BR001,SKU017128BL,74,42,32
STK-20250909-BR001-SKU017128SI,20250909,BR001,SKU017128SI,68,46,22
STK-20250909-BR001-SKU017128PI,20250909,BR001,SKU017128PI,78,53,25
STK-20250909-BR001-SKU017256BL,20250909,BR001,SKU017256BL,84,48,36
STK-20250909-BR001-SKU017256SI,20250909,BR001,SKU017256SI,72,56,16
STK-20250909-BR001-SKU017256PI,20250909,BR001,SKU017256PI,98,58,40
STK-20250909-BR002-SKU015128BL,20250909,BR002,SKU015128BL,68,27,41
STK-20250909-BR002-SKU015128SI,20250909,BR002,SKU015128SI,32,15,17
STK-20250909-BR002-SKU015128PI,20250909,BR002,SKU015128PI,58,17,41
STK-20250909-BR002-SKU015256BL,20250909,BR002,SKU015256BL,50,20,30
STK-20250909-BR002-SKU015256SI,20250909,BR002,SKU015256SI,33,16,17
STK-20250909-BR002-SKU015256PI,20250909,BR002,SKU015256PI,68,19,49
STK-20250909-BR002-SKU016128BL,20250909,BR002,SKU016128BL,72,40,32
STK-20250909-BR002-SKU016128SI,20250909,BR002,SKU016128SI,49,40,9
STK-20250909-BR002-SKU016128PI,20250909,BR002,SKU016128PI,33,28,5
STK-20250909-BR002-SKU016256BL,20250909,BR002,SKU016256BL,64,39,25
STK-20250909-BR002-SKU016256SI,20250909,BR002,SKU016256SI,49,40,9
STK-20250909-BR002-SKU016256PI,20250909,BR002,SKU016256PI,47,33,14
STK-20250909-BR002-SKU017128BL,20250909,BR002,SKU017128BL,52,43,9
STK-20250909-BR002-SKU017128SI,20250909,BR002,SKU017128SI,53,45,8
STK-20250909-BR002-SKU017128PI,20250909,BR002,SKU017128PI,73,60,13
STK-20250909-BR002-SKU017256BL,20250909,BR002,SKU017256BL,77,45,32
STK-20250909-BR002-SKU017256SI,20250909,BR002,SKU017256SI,62,44,18
STK-20250909-BR002-SKU017256PI,20250909,BR002,SKU017256PI,43,43,0
STK-20250909-BR003-SKU015128BL,20250909,BR003,SKU015128BL,47,18,29
STK-20250909-BR003-SKU015128SI,20250909,BR003,SKU015128SI,49,17,32
STK-20250909-BR003-SKU015128PI,20250909,BR003,SKU015128PI,46,22,24
STK-20250909-BR003-SKU015256BL,20250909,BR003,SKU015256BL,45,19,26
STK-20250909-BR003-SKU015256SI,20250909,BR003,SKU015256SI,72,19,53
STK-20250909-BR003-SKU015256PI,20250909,BR003,SKU015256PI,55,23,32
STK-20250909-BR003-SKU016128BL,20250909,BR003,SKU016128BL,40,33,7
STK-20250909-BR003-SKU016128SI,20250909,BR003,SKU016128SI,37,28,9
STK-20250909-BR003-SKU016128PI,20250909,BR003,SKU016128PI,63,29,34
STK-20250909-BR003-SKU016256BL,20250909,BR003,SKU016256BL,37,35,2
STK-20250909-BR003-SKU016256SI,20250909,BR003,SKU016256SI,48,43,5
STK-20250909-BR003-SKU016256PI,20250909,BR003,SKU016256PI,52,31,21
STK-20250909-BR003-SKU017128BL,20250909,BR003,SKU017128BL,64,43,21
STK-20250909-BR003-SKU017128SI,20250909,BR003,SKU017128SI,63,52,11
STK-20250909-BR003-SKU017128PI,20250909,BR003,SKU017128PI,89,51,38
STK-20250909-BR003-SKU017256BL,20250909,BR003,SKU017256BL,51,49,2
STK-20250909-BR003-SKU017256SI,20250909,BR003,SKU017256SI,86,52,34
STK-20250909-BR003-SKU017256PI,20250909,BR003,SKU017256PI,69,52,17
STK-20250909-BR004-SKU015128BL,20250909,BR004,SKU015128BL,36,16,20
STK-20250909-BR004-SKU015128SI,20250909,BR004,SKU015128SI,59,16,43
STK-20250909-BR004-SKU015128PI,20250909,BR004,SKU015128PI,73,15,58
STK-20250909-BR004-SKU015256BL,20250909,BR004,SKU015256BL,34,13,21
STK-20250909-BR004-SKU015256SI,20250909,BR004,SKU015256SI,31,23,8
STK-20250909-BR004-SKU015256PI,20250909,BR004,SKU015256PI,61,22,39
STK-20250909-BR004-SKU016128BL,20250909,BR004,SKU016128BL,60,32,28
STK-20250909-BR004-SKU016128SI,20250909,BR004,SKU016128SI,69,34,35
STK-20250909-BR004-SKU016128PI,20250909,BR004,SKU016128PI,35,31,4
STK-20250909-BR004-SKU016256BL,20250909,BR004,SKU016256BL,31,30,1
STK-20250909-BR004-SKU016256SI,20250909,BR004,SKU016256SI,59,32,27
STK-20250909-BR004-SKU016256PI,20250909,BR004,SKU016256PI,46,36,10
STK-20250909-BR004-SKU017128BL,20250909,BR004,SKU017128BL,55,49,6
STK-20250909-BR004-SKU017128SI,20250909,BR004,SKU017128SI,55,44,11
STK-20250909-BR004-SKU017128PI,20250909,BR004,SKU017128PI,76,56,20
STK-20250909-BR004-SKU017256BL,20250909,BR004,SKU017256BL,52,46,6
STK-20250909-BR004-SKU017256SI,20250909,BR004,SKU017256SI,77,55,22
STK-20250909-BR004-SKU017256PI,20250909,BR004,SKU017256PI,83,71,12
STK-20250909-BR005-SKU015128BL,20250909,BR005,SKU015128BL,29,18,11
STK-20250909-BR005-SKU015128SI,20250909,BR005,SKU015128SI,36,22,14
STK-20250909-BR005-SKU015128PI,20250909,BR005,SKU015128PI,61,20,41
STK-20250909-BR005-SKU015256BL,20250909,BR005,SKU015256BL,41,17,24
STK-20250909-BR005-SKU015256SI,20250909,BR005,SKU015256SI,67,18,49
STK-20250909-BR005-SKU015256PI,20250909,BR005,SKU015256PI,72,25,47
STK-20250909-BR005-SKU016128BL,20250909,BR005,SKU016128BL,33,29,4
STK-20250909-BR005-SKU016128SI,20250909,BR005,SKU016128SI,33,27,6
STK-20250909-BR005-SKU016128PI,20250909,BR005,SKU016128PI,64,31,33
STK-20250909-BR005-SKU016256BL,20250909,BR005,SKU016256BL,58,41,17
STK-20250909-BR005-SKU016256SI,20250909,BR005,SKU016256SI,37,28,9
STK-20250909-BR005-SKU016256PI,20250909,BR005,SKU016256PI,54,29,25
STK-20250909-BR005-SKU017128BL,20250909,BR005,SKU017128BL,64,56,8
STK-20250909-BR005-SKU017128SI,20250909,BR005,SKU017128SI,79,72,7
STK-20250909-BR005-SKU017128PI,20250909,BR005,SKU017128PI,63,50,13
STK-20250909-BR005-SKU017256BL,20250909,BR005,SKU017256BL,94,68,26
STK-20250909-BR005-SKU017256SI,20250909,BR005,SKU017256SI,88,65,23
STK-20250909-BR005-SKU017256PI,20250909,BR005,SKU017256PI,71,46,25
STK-20250910-BR000-SKU015128BL,20250910,BR000,SKU015128BL,644,0,644
STK-20250910-BR000-SKU015128SI,20250910,BR000,SKU015128SI,795,0,795
STK-20250910-BR000-SKU015128PI,20250910,BR000,SKU015128PI,930,0,930
STK-20250910-BR000-SKU015256BL,20250910,BR000,SKU015256BL,712,0,712
STK-20250910-BR000-SKU015256SI,20250910,BR000,SKU015256SI,744,0,744
STK-20250910-BR000-SKU015256PI,20250910,BR000,SKU015256PI,985,0,985
STK-20250910-BR000-SKU016128BL,20250910,BR000,SKU016128BL,632,0,632
STK-20250910-BR000-SKU016128SI,20250910,BR000,SKU016128SI,857,0,857
STK-20250910-BR000-SKU016128PI,20250910,BR000,SKU016128PI,686,0,686
STK-20250910-BR000-SKU016256BL,20250910,BR000,SKU016256BL,548,0,548
STK-20250910-BR000-SKU016256SI,20250910,BR000,SKU016256SI,855,0,855
STK-20250910-BR000-SKU016256PI,20250910,BR000,SKU016256PI,881,0,881
STK-20250910-BR000-SKU017128BL,20250910,BR000,SKU017128BL,658,0,658
STK-20250910-BR000-SKU017128SI,20250910,BR000,SKU017128SI,661,0,661
STK-20250910-BR000-SKU017128PI,20250910,BR000,SKU017128PI,617,0,617
STK-20250910-BR000-SKU017256BL,20250910,BR000,SKU017256BL,731,0,731
STK-20250910-BR000-SKU017256SI,20250910,BR000,SKU017256SI,682,0,682
STK-20250910-BR000-SKU017256PI,20250910,BR000,SKU017256PI,891,0,891
STK-20250910-BR001-SKU015128BL,20250910,BR001,SKU015128BL,84,16,68
STK-20250910-BR001-SKU015128SI,20250910,BR001,SKU015128SI,92,18,74
STK-20250910-BR001-SKU015128PI,20250910,BR001,SKU015128PI,81,19,62
STK-20250910-BR001-SKU015256BL,20250910,BR001,SKU015256BL,105,20,85
STK-20250910-BR001-SKU015256SI,20250910,BR001,SKU015256SI,93,12,81
STK-20250910-BR001-SKU015256PI,20250910,BR001,SKU015256PI,90,26,64
STK-20250910-BR001-SKU016128BL,20250910,BR001,SKU016128BL,97,42,55
STK-20250910-BR001-SKU016128SI,20250910,BR001,SKU016128SI,103,43,60
STK-20250910-BR001-SKU016128PI,20250910,BR001,SKU016128PI,85,23,62
STK-20250910-BR001-SKU016256BL,20250910,BR001,SKU016256BL,95,30,65
STK-20250910-BR001-SKU016256SI,20250910,BR001,SKU016256SI,114,34,80
STK-20250910-BR001-SKU016256PI,20250910,BR001,SKU016256PI,104,37,67
STK-20250910-BR001-SKU017128BL,20250910,BR001,SKU017128BL,118,51,67
STK-20250910-BR001-SKU017128SI,20250910,BR001,SKU017128SI,115,47,68
STK-20250910-BR001-SKU017128PI,20250910,BR001,SKU017128PI,127,52,75
STK-20250910-BR001-SKU017256BL,20250910,BR001,SKU017256BL,123,39,84
STK-20250910-BR001-SKU017256SI,20250910,BR001,SKU017256SI,102,64,38
STK-20250910-BR001-SKU017256PI,20250910,BR001,SKU017256PI,134,61,73
STK-20250910-BR002-SKU015128BL,20250910,BR002,SKU015128BL,114,29,85
STK-20250910-BR002-SKU015128SI,20250910,BR002,SKU015128SI,62,15,47
STK-20250910-BR002-SKU015128PI,20250910,BR002,SKU015128PI,105,17,88
STK-20250910-BR002-SKU015256BL,20250910,BR002,SKU015256BL,107,24,83
STK-20250910-BR002-SKU015256SI,20250910,BR002,SKU015256SI,68,18,50
STK-20250910-BR002-SKU015256PI,20250910,BR002,SKU015256PI,126,20,106
STK-20250910-BR002-SKU016128BL,20250910,BR002,SKU016128BL,90,33,57
STK-20250910-BR002-SKU016128SI,20250910,BR002,SKU016128SI,103,41,62
STK-20250910-BR002-SKU016128PI,20250910,BR002,SKU016128PI,75,28,47
STK-20250910-BR002-SKU016256BL,20250910,BR002,SKU016256BL,95,41,54
STK-20250910-BR002-SKU016256SI,20250910,BR002,SKU016256SI,78,43,35
STK-20250910-BR002-SKU016256PI,20250910,BR002,SKU016256PI,100,42,58
STK-20250910-BR002-SKU017128BL,20250910,BR002,SKU017128BL,100,49,51
STK-20250910-BR002-SKU017128SI,20250910,BR002,SKU017128SI,113,55,58
STK-20250910-BR002-SKU017128PI,20250910,BR002,SKU017128PI,107,67,40
STK-20250910-BR002-SKU017256BL,20250910,BR002,SKU017256BL,103,46,57
STK-20250910-BR002-SKU017256SI,20250910,BR002,SKU017256SI,116,52,64
STK-20250910-BR002-SKU017256PI,20250910,BR002,SKU017256PI,93,47,46
STK-20250910-BR003-SKU015128BL,20250910,BR003,SKU015128BL,98,20,78
STK-20250910-BR003-SKU015128SI,20250910,BR003,SKU015128SI,107,17,90
STK-20250910-BR003-SKU015128PI,20250910,BR003,SKU015128PI,78,20,58
STK-20250910-BR003-SKU015256BL,20250910,BR003,SKU015256BL,103,20,83
STK-20250910-BR003-SKU015256SI,20250910,BR003,SKU015256SI,132,24,108
STK-20250910-BR003-SKU015256PI,20250910,BR003,SKU015256PI,100,17,83
STK-20250910-BR003-SKU016128BL,20250910,BR003,SKU016128BL,74,34,40
STK-20250910-BR003-SKU016128SI,20250910,BR003,SKU016128SI,71,31,40
STK-20250910-BR003-SKU016128PI,20250910,BR003,SKU016128PI,109,31,78
STK-20250910-BR003-SKU016256BL,20250910,BR003,SKU016256BL,88,34,54
STK-20250910-BR003-SKU016256SI,20250910,BR003,SKU016256SI,100,48,52
STK-20250910-BR003-SKU016256PI,20250910,BR003,SKU016256PI,82,39,43
STK-20250910-BR003-SKU017128BL,20250910,BR003,SKU017128BL,121,55,66
STK-20250910-BR003-SKU017128SI,20250910,BR003,SKU017128SI,117,50,67
STK-20250910-BR003-SKU017128PI,20250910,BR003,SKU017128PI,143,60,83
STK-20250910-BR003-SKU017256BL,20250910,BR003,SKU017256BL,96,42,54
STK-20250910-BR003-SKU017256SI,20250910,BR003,SKU017256SI,121,52,69
STK-20250910-BR003-SKU017256PI,20250910,BR003,SKU017256PI,100,59,41
STK-20250910-BR004-SKU015128BL,20250910,BR004,SKU015128BL,74,18,56
STK-20250910-BR004-SKU015128SI,20250910,BR004,SKU015128SI,96,20,76
STK-20250910-BR004-SKU015128PI,20250910,BR004,SKU015128PI,124,18,106
STK-20250910-BR004-SKU015256BL,20250910,BR004,SKU015256BL,82,17,65
STK-20250910-BR004-SKU015256SI,20250910,BR004,SKU015256SI,67,22,45
STK-20250910-BR004-SKU015256PI,20250910,BR004,SKU015256PI,115,21,94
STK-20250910-BR004-SKU016128BL,20250910,BR004,SKU016128BL,111,38,73
STK-20250910-BR004-SKU016128SI,20250910,BR004,SKU016128SI,98,36,62
STK-20250910-BR004-SKU016128PI,20250910,BR004,SKU016128PI,90,32,58
STK-20250910-BR004-SKU016256BL,20250910,BR004,SKU016256BL,77,31,46
STK-20250910-BR004-SKU016256SI,20250910,BR004,SKU016256SI,99,36,63
STK-20250910-BR004-SKU016256PI,20250910,BR004,SKU016256PI,80,38,42
STK-20250910-BR004-SKU017128BL,20250910,BR004,SKU017128BL,95,59,36
STK-20250910-BR004-SKU017128SI,20250910,BR004,SKU017128SI,92,52,40
STK-20250910-BR004-SKU017128PI,20250910,BR004,SKU017128PI,105,57,48
STK-20250910-BR004-SKU017256BL,20250910,BR004,SKU017256BL,78,52,26
STK-20250910-BR004-SKU017256SI,20250910,BR004,SKU017256SI,122,55,67
STK-20250910-BR004-SKU017256PI,20250910,BR004,SKU017256PI,130,74,56
STK-20250910-BR005-SKU015128BL,20250910,BR005,SKU015128BL,78,22,56
STK-20250910-BR005-SKU015128SI,20250910,BR005,SKU015128SI,71,23,48
STK-20250910-BR005-SKU015128PI,20250910,BR005,SKU015128PI,101,24,77
STK-20250910-BR005-SKU015256BL,20250910,BR005,SKU015256BL,88,19,69
STK-20250910-BR005-SKU015256SI,20250910,BR005,SKU015256SI,122,16,106
STK-20250910-BR005-SKU015256PI,20250910,BR005,SKU015256PI,116,25,91
STK-20250910-BR005-SKU016128BL,20250910,BR005,SKU016128BL,86,30,56
STK-20250910-BR005-SKU016128SI,20250910,BR005,SKU016128SI,91,31,60
STK-20250910-BR005-SKU016128PI,20250910,BR005,SKU016128PI,119,33,86
STK-20250910-BR005-SKU016256BL,20250910,BR005,SKU016256BL,93,48,45
STK-20250910-BR005-SKU016256SI,20250910,BR005,SKU016256SI,60,24,36
STK-20250910-BR005-SKU016256PI,20250910,BR005,SKU016256PI,89,30,59
STK-20250910-BR005-SKU017128BL,20250910,BR005,SKU017128BL,107,54,53
STK-20250910-BR005-SKU017128SI,20250910,BR005,SKU017128SI,105,79,26
STK-20250910-BR005-SKU017128PI,20250910,BR005,SKU017128PI,92,58,34
STK-20250910-BR005-SKU017256BL,20250910,BR005,SKU017256BL,145,67,78
STK-20250910-BR005-SKU017256SI,20250910,BR005,SKU017256SI,120,64,56
STK-20250910-BR005-SKU017256PI,20250910,BR005,SKU017256PI,105,53,52
STK-20250911-BR000-SKU015128BL,20250911,BR000,SKU015128BL,644,0,644
STK-20250911-BR000-SKU015128SI,20250911,BR000,SKU015128SI,795,0,795
STK-20250911-BR000-SKU015128PI,20250911,BR000,SKU015128PI,930,0,930
STK-20250911-BR000-SKU015256BL,20250911,BR000,SKU015256BL,712,0,712
STK-20250911-BR000-SKU015256SI,20250911,BR000,SKU015256SI,744,0,744
STK-20250911-BR000-SKU015256PI,20250911,BR000,SKU015256PI,985,0,985
STK-20250911-BR000-SKU016128BL,20250911,BR000,SKU016128BL,632,0,632
STK-20250911-BR000-SKU016128SI,20250911,BR000,SKU016128SI,857,0,857
STK-20250911-BR000-SKU016128PI,20250911,BR000,SKU016128PI,686,0,686
STK-20250911-BR000-SKU016256BL,20250911,BR000,SKU016256BL,548,0,548
STK-20250911-BR000-SKU016256SI,20250911,BR000,SKU016256SI,855,0,855
STK-20250911-BR000-SKU016256PI,20250911,BR000,SKU016256PI,881,0,881
STK-20250911-BR000-SKU017128BL,20250911,BR000,SKU017128BL,658,0,658
STK-20250911-BR000-SKU017128SI,20250911,BR000,SKU017128SI,661,0,661
STK-20250911-BR000-SKU017128PI,20250911,BR000,SKU017128PI,617,0,617
STK-20250911-BR000-SKU017256BL,20250911,BR000,SKU017256BL,731,0,731
STK-20250911-BR000-SKU017256SI,20250911,BR000,SKU017256SI,682,0,682
STK-20250911-BR000-SKU017256PI,20250911,BR000,SKU017256PI,891,0,891
STK-20250911-BR001-SKU015128BL,20250911,BR001,SKU015128BL,84,22,62
STK-20250911-BR001-SKU015128SI,20250911,BR001,SKU015128SI,92,19,73
STK-20250911-BR001-SKU015128PI,20250911,BR001,SKU015128PI,80,22,58
STK-20250911-BR001-SKU015256BL,20250911,BR001,SKU015256BL,102,21,81
STK-20250911-BR001-SKU015256SI,20250911,BR001,SKU015256SI,93,16,77
STK-20250911-BR001-SKU015256PI,20250911,BR001,SKU015256PI,81,18,63
STK-20250911-BR001-SKU016128BL,20250911,BR001,SKU016128BL,97,44,53
STK-20250911-BR001-SKU016128SI,20250911,BR001,SKU016128SI,103,48,55
STK-20250911-BR001-SKU016128PI,20250911,BR001,SKU016128PI,80,27,53
STK-20250911-BR001-SKU016256BL,20250911,BR001,SKU016256BL,93,31,62
STK-20250911-BR001-SKU016256SI,20250911,BR001,SKU016256SI,106,34,72
STK-20250911-BR001-SKU016256PI,20250911,BR001,SKU016256PI,100,39,61
STK-20250911-BR001-SKU017128BL,20250911,BR001,SKU017128BL,111,53,58
STK-20250911-BR001-SKU017128SI,20250911,BR001,SKU017128SI,110,48,62
STK-20250911-BR001-SKU017128PI,20250911,BR001,SKU017128PI,127,64,63
STK-20250911-BR001-SKU017256BL,20250911,BR001,SKU017256BL,117,39,78
STK-20250911-BR001-SKU017256SI,20250911,BR001,SKU017256SI,96,65,31
STK-20250911-BR001-SKU017256PI,20250911,BR001,SKU017256PI,130,66,64
STK-20250911-BR002-SKU015128BL,20250911,BR002,SKU015128BL,114,30,84
STK-20250911-BR002-SKU015128SI,20250911,BR002,SKU015128SI,61,18,43
STK-20250911-BR002-SKU015128PI,20250911,BR002,SKU015128PI,105,21,84
STK-20250911-BR002-SKU015256BL,20250911,BR002,SKU015256BL,107,25,82
STK-20250911-BR002-SKU015256SI,20250911,BR002,SKU015256SI,66,20,46
STK-20250911-BR002-SKU015256PI,20250911,BR002,SKU015256PI,126,26,100
STK-20250911-BR002-SKU016128BL,20250911,BR002,SKU016128BL,87,37,50
STK-20250911-BR002-SKU016128SI,20250911,BR002,SKU016128SI,96,39,57
STK-20250911-BR002-SKU016128PI,20250911,BR002,SKU016128PI,70,27,43
STK-20250911-BR002-SKU016256BL,20250911,BR002,SKU016256BL,92,44,48
STK-20250911-BR002-SKU016256SI,20250911,BR002,SKU016256SI,71,43,28
STK-20250911-BR002-SKU016256PI,20250911,BR002,SKU016256PI,100,52,48
STK-20250911-BR002-SKU017128BL,20250911,BR002,SKU017128BL,93,51,42
STK-20250911-BR002-SKU017128SI,20250911,BR002,SKU017128SI,113,61,52
STK-20250911-BR002-SKU017128PI,20250911,BR002,SKU017128PI,104,77,27
STK-20250911-BR002-SKU017256BL,20250911,BR002,SKU017256BL,103,49,54
STK-20250911-BR002-SKU017256SI,20250911,BR002,SKU017256SI,109,52,57
STK-20250911-BR002-SKU017256PI,20250911,BR002,SKU017256PI,89,49,40
STK-20250911-BR003-SKU015128BL,20250911,BR003,SKU015128BL,96,20,76
STK-20250911-BR003-SKU015128SI,20250911,BR003,SKU015128SI,107,22,85
STK-20250911-BR003-SKU015128PI,20250911,BR003,SKU015128PI,78,21,57
STK-20250911-BR003-SKU015256BL,20250911,BR003,SKU015256BL,99,18,81
STK-20250911-BR003-SKU015256SI,20250911,BR003,SKU015256SI,127,21,106
STK-20250911-BR003-SKU015256PI,20250911,BR003,SKU015256PI,98,20,78
STK-20250911-BR003-SKU016128BL,20250911,BR003,SKU016128BL,72,37,35
STK-20250911-BR003-SKU016128SI,20250911,BR003,SKU016128SI,69,35,34
STK-20250911-BR003-SKU016128PI,20250911,BR003,SKU016128PI,106,37,69
STK-20250911-BR003-SKU016256BL,20250911,BR003,SKU016256BL,88,37,51
STK-20250911-BR003-SKU016256SI,20250911,BR003,SKU016256SI,92,50,42
STK-20250911-BR003-SKU016256PI,20250911,BR003,SKU016256PI,82,49,33
STK-20250911-BR003-SKU017128BL,20250911,BR003,SKU017128BL,117,63,54
STK-20250911-BR003-SKU017128SI,20250911,BR003,SKU017128SI,110,46,64
STK-20250911-BR003-SKU017128PI,20250911,BR003,SKU017128PI,134,55,79
STK-20250911-BR003-SKU017256BL,20250911,BR003,SKU017256BL,96,50,46
STK-20250911-BR003-SKU017256SI,20250911,BR003,SKU017256SI,108,52,56
STK-20250911-BR003-SKU017256PI,20250911,BR003,SKU017256PI,94,59,35
STK-20250911-BR004-SKU015128BL,20250911,BR004,SKU015128BL,74,21,53
STK-20250911-BR004-SKU015128SI,20250911,BR004,SKU015128SI,96,23,73
STK-20250911-BR004-SKU015128PI,20250911,BR004,SKU015128PI,122,20,102
STK-20250911-BR004-SKU015256BL,20250911,BR004,SKU015256BL,82,19,63
STK-20250911-BR004-SKU015256SI,20250911,BR004,SKU015256SI,65,21,44
STK-20250911-BR004-SKU015256PI,20250911,BR004,SKU015256PI,115,26,89
STK-20250911-BR004-SKU016128BL,20250911,BR004,SKU016128BL,107,41,66
STK-20250911-BR004-SKU016128SI,20250911,BR004,SKU016128SI,95,37,58
STK-20250911-BR004-SKU016128PI,20250911,BR004,SKU016128PI,88,36,52
STK-20250911-BR004-SKU016256BL,20250911,BR004,SKU016256BL,77,36,41
STK-20250911-BR004-SKU016256SI,20250911,BR004,SKU016256SI,92,37,55
STK-20250911-BR004-SKU016256PI,20250911,BR004,SKU016256PI,75,38,37
STK-20250911-BR004-SKU017128BL,20250911,BR004,SKU017128BL,86,62,24
STK-20250911-BR004-SKU017128SI,20250911,BR004,SKU017128SI,83,49,34
STK-20250911-BR004-SKU017128PI,20250911,BR004,SKU017128PI,92,53,39
STK-20250911-BR004-SKU017256BL,20250911,BR004,SKU017256BL,78,58,20
STK-20250911-BR004-SKU017256SI,20250911,BR004,SKU017256SI,119,63,56
STK-20250911-BR004-SKU017256PI,20250911,BR004,SKU017256PI,125,74,51
STK-20250911-BR005-SKU015128BL,20250911,BR005,SKU015128BL,76,21,55
STK-20250911-BR005-SKU015128SI,20250911,BR005,SKU015128SI,71,29,42
STK-20250911-BR005-SKU015128PI,20250911,BR005,SKU015128PI,101,27,74
STK-20250911-BR005-SKU015256BL,20250911,BR005,SKU015256BL,85,18,67
STK-20250911-BR005-SKU015256SI,20250911,BR005,SKU015256SI,122,18,104
STK-20250911-BR005-SKU015256PI,20250911,BR005,SKU015256PI,114,26,88
STK-20250911-BR005-SKU016128BL,20250911,BR005,SKU016128BL,83,35,48
STK-20250911-BR005-SKU016128SI,20250911,BR005,SKU016128SI,91,37,54
STK-20250911-BR005-SKU016128PI,20250911,BR005,SKU016128PI,114,32,82
STK-20250911-BR005-SKU016256BL,20250911,BR005,SKU016256BL,89,48,41
STK-20250911-BR005-SKU016256SI,20250911,BR005,SKU016256SI,58,30,28
STK-20250911-BR005-SKU016256PI,20250911,BR005,SKU016256PI,85,29,56
STK-20250911-BR005-SKU017128BL,20250911,BR005,SKU017128BL,98,53,45
STK-20250911-BR005-SKU017128SI,20250911,BR005,SKU017128SI,78,57,21
STK-20250911-BR005-SKU017128PI,20250911,BR005,SKU017128PI,92,72,20
STK-20250911-BR005-SKU017256BL,20250911,BR005,SKU017256BL,129,63,66
STK-20250911-BR005-SKU017256SI,20250911,BR005,SKU017256SI,107,54,53
STK-20250911-BR005-SKU017256PI,20250911,BR005,SKU017256PI,105,63,42
STK-20250912-BR000-SKU015128BL,20250912,BR000,SKU015128BL,644,0,644
STK-20250912-BR000-SKU015128SI,20250912,BR000,SKU015128SI,795,0,795
STK-20250912-BR000-SKU015128PI,20250912,BR000,SKU015128PI,930,0,930
STK-20250912-BR000-SKU015256BL,20250912,BR000,SKU015256BL,712,0,712
STK-20250912-BR000-SKU015256SI,20250912,BR000,SKU015256SI,744,0,744
STK-20250912-BR000-SKU015256PI,20250912,BR000,SKU015256PI,985,0,985
STK-20250912-BR000-SKU016128BL,20250912,BR000,SKU016128BL,632,0,632
STK-20250912-BR000-SKU016128SI,20250912,BR000,SKU016128SI,857,0,857
STK-20250912-BR000-SKU016128PI,20250912,BR000,SKU016128PI,686,0,686
STK-20250912-BR000-SKU016256BL,20250912,BR000,SKU016256BL,548,0,548
STK-20250912-BR000-SKU016256SI,20250912,BR000,SKU016256SI,855,0,855
STK-20250912-BR000-SKU016256PI,20250912,BR000,SKU016256PI,881,0,881
STK-20250912-BR000-SKU017128BL,20250912,BR000,SKU017128BL,658,0,658
STK-20250912-BR000-SKU017128SI,20250912,BR000,SKU017128SI,661,0,661
STK-20250912-BR000-SKU017128PI,20250912,BR000,SKU017128PI,617,0,617
STK-20250912-BR000-SKU017256BL,20250912,BR000,SKU017256BL,731,0,731
STK-20250912-BR000-SKU017256SI,20250912,BR000,SKU017256SI,682,0,682
STK-20250912-BR000-SKU017256PI,20250912,BR000,SKU017256PI,891,0,891
STK-20250912-BR001-SKU015128BL,20250912,BR001,SKU015128BL,84,25,59
STK-20250912-BR001-SKU015128SI,20250912,BR001,SKU015128SI,87,18,69
STK-20250912-BR001-SKU015128PI,20250912,BR001,SKU015128PI,77,21,56
STK-20250912-BR001-SKU015256BL,20250912,BR001,SKU015256BL,100,22,78
STK-20250912-BR001-SKU015256SI,20250912,BR001,SKU015256SI,93,18,75
STK-20250912-BR001-SKU015256PI,20250912,BR001,SKU015256PI,81,19,62
STK-20250912-BR001-SKU016128BL,20250912,BR001,SKU016128BL,92,47,45
STK-20250912-BR001-SKU016128SI,20250912,BR001,SKU016128SI,94,47,47
STK-20250912-BR001-SKU016128PI,20250912,BR001,SKU016128PI,75,29,46
STK-20250912-BR001-SKU016256BL,20250912,BR001,SKU016256BL,91,39,52
STK-20250912-BR001-SKU016256SI,20250912,BR001,SKU016256SI,106,36,70
STK-20250912-BR001-SKU016256PI,20250912,BR001,SKU016256PI,100,43,57
STK-20250912-BR001-SKU017128BL,20250912,BR001,SKU017128BL,106,58,48
STK-20250912-BR001-SKU017128SI,20250912,BR001,SKU017128SI,105,52,53
STK-20250912-BR001-SKU017128PI,20250912,BR001,SKU017128PI,118,65,53
STK-20250912-BR001-SKU017256BL,20250912,BR001,SKU017256BL,117,52,65
STK-20250912-BR001-SKU017256SI,20250912,BR001,SKU017256SI,92,64,28
STK-20250912-BR001-SKU017256PI,20250912,BR001,SKU017256PI,125,65,60
STK-20250912-BR002-SKU015128BL,20250912,BR002,SKU015128BL,111,31,80
STK-20250912-BR002-SKU015128SI,20250912,BR002,SKU015128SI,61,21,40
STK-20250912-BR002-SKU015128PI,20250912,BR002,SKU015128PI,103,21,82
STK-20250912-BR002-SKU015256BL,20250912,BR002,SKU015256BL,105,25,80
STK-20250912-BR002-SKU015256SI,20250912,BR002,SKU015256SI,63,23,40
STK-20250912-BR002-SKU015256PI,20250912,BR002,SKU015256PI,126,31,95
STK-20250912-BR002-SKU016128BL,20250912,BR002,SKU016128BL,87,44,43
STK-20250912-BR002-SKU016128SI,20250912,BR002,SKU016128SI,92,44,48
STK-20250912-BR002-SKU016128PI,20250912,BR002,SKU016128PI,70,35,35
STK-20250912-BR002-SKU016256BL,20250912,BR002,SKU016256BL,86,44,42
STK-20250912-BR002-SKU016256SI,20250912,BR002,SKU016256SI,66,41,25
STK-20250912-BR002-SKU016256PI,20250912,BR002,SKU016256PI,99,54,45
STK-20250912-BR002-SKU017128BL,20250912,BR002,SKU017128BL,87,58,29
STK-20250912-BR002-SKU017128SI,20250912,BR002,SKU017128SI,98,53,45
STK-20250912-BR002-SKU017128PI,20250912,BR002,SKU017128PI,104,89,15
STK-20250912-BR002-SKU017256BL,20250912,BR002,SKU017256BL,98,50,48
STK-20250912-BR002-SKU017256SI,20250912,BR002,SKU017256SI,109,63,46
STK-20250912-BR002-SKU017256PI,20250912,BR002,SKU017256PI,80,50,30
STK-20250912-BR003-SKU015128BL,20250912,BR003,SKU015128BL,96,21,75
STK-20250912-BR003-SKU015128SI,20250912,BR003,SKU015128SI,106,22,84
STK-20250912-BR003-SKU015128PI,20250912,BR003,SKU015128PI,78,23,55
STK-20250912-BR003-SKU015256BL,20250912,BR003,SKU015256BL,99,22,77
STK-20250912-BR003-SKU015256SI,20250912,BR003,SKU015256SI,126,23,103
STK-20250912-BR003-SKU015256PI,20250912,BR003,SKU015256PI,98,23,75
STK-20250912-BR003-SKU016128BL,20250912,BR003,SKU016128BL,68,42,26
STK-20250912-BR003-SKU016128SI,20250912,BR003,SKU016128SI,69,39,30
STK-20250912-BR003-SKU016128PI,20250912,BR003,SKU016128PI,102,40,62
STK-20250912-BR003-SKU016256BL,20250912,BR003,SKU016256BL,87,42,45
STK-20250912-BR003-SKU016256SI,20250912,BR003,SKU016256SI,92,57,35
STK-20250912-BR003-SKU016256PI,20250912,BR003,SKU016256PI,82,58,24
STK-20250912-BR003-SKU017128BL,20250912,BR003,SKU017128BL,117,74,43
STK-20250912-BR003-SKU017128SI,20250912,BR003,SKU017128SI,109,53,56
STK-20250912-BR003-SKU017128PI,20250912,BR003,SKU017128PI,127,60,67
STK-20250912-BR003-SKU017256BL,20250912,BR003,SKU017256BL,85,49,36
STK-20250912-BR003-SKU017256SI,20250912,BR003,SKU017256SI,108,63,45
STK-20250912-BR003-SKU017256PI,20250912,BR003,SKU017256PI,94,67,27
STK-20250912-BR004-SKU015128BL,20250912,BR004,SKU015128BL,74,23,51
STK-20250912-BR004-SKU015128SI,20250912,BR004,SKU015128SI,94,24,70
STK-20250912-BR004-SKU015128PI,20250912,BR004,SKU015128PI,122,23,99
STK-20250912-BR004-SKU015256BL,20250912,BR004,SKU015256BL,82,23,59
STK-20250912-BR004-SKU015256SI,20250912,BR004,SKU015256SI,64,25,39
STK-20250912-BR004-SKU015256PI,20250912,BR004,SKU015256PI,113,27,86
STK-20250912-BR004-SKU016128BL,20250912,BR004,SKU016128BL,101,40,61
STK-20250912-BR004-SKU016128SI,20250912,BR004,SKU016128SI,93,45,48
STK-20250912-BR004-SKU016128PI,20250912,BR004,SKU016128PI,88,43,45
STK-20250912-BR004-SKU016256BL,20250912,BR004,SKU016256BL,77,40,37
STK-20250912-BR004-SKU016256SI,20250912,BR004,SKU016256SI,92,40,52
STK-20250912-BR004-SKU016256PI,20250912,BR004,SKU016256PI,72,38,34
STK-20250912-BR004-SKU017128BL,20250912,BR004,SKU017128BL,86,73,13
STK-20250912-BR004-SKU017128SI,20250912,BR004,SKU017128SI,75,51,24
STK-20250912-BR004-SKU017128PI,20250912,BR004,SKU017128PI,92,60,32
STK-20250912-BR004-SKU017256BL,20250912,BR004,SKU017256BL,71,62,9
STK-20250912-BR004-SKU017256SI,20250912,BR004,SKU017256SI,119,71,48
STK-20250912-BR004-SKU017256PI,20250912,BR004,SKU017256PI,118,75,43
STK-20250912-BR005-SKU015128BL,20250912,BR005,SKU015128BL,74,20,54
STK-20250912-BR005-SKU015128SI,20250912,BR005,SKU015128SI,69,30,39
STK-20250912-BR005-SKU015128PI,20250912,BR005,SKU015128PI,99,26,73
STK-20250912-BR005-SKU015256BL,20250912,BR005,SKU015256BL,85,19,66
STK-20250912-BR005-SKU015256SI,20250912,BR005,SKU015256SI,122,22,100
STK-20250912-BR005-SKU015256PI,20250912,BR005,SKU015256PI,114,28,86
STK-20250912-BR005-SKU016128BL,20250912,BR005,SKU016128BL,77,36,41
STK-20250912-BR005-SKU016128SI,20250912,BR005,SKU016128SI,91,42,49
STK-20250912-BR005-SKU016128PI,20250912,BR005,SKU016128PI,113,36,77
STK-20250912-BR005-SKU016256BL,20250912,BR005,SKU016256BL,85,53,32
STK-20250912-BR005-SKU016256SI,20250912,BR005,SKU016256SI,58,35,23
STK-20250912-BR005-SKU016256PI,20250912,BR005,SKU016256PI,85,34,51
STK-20250912-BR005-SKU017128BL,20250912,BR005,SKU017128BL,93,55,38
STK-20250912-BR005-SKU017128SI,20250912,BR005,SKU017128SI,76,63,13
STK-20250912-BR005-SKU017128PI,20250912,BR005,SKU017128PI,92,82,10
STK-20250912-BR005-SKU017256BL,20250912,BR005,SKU017256BL,120,58,62
STK-20250912-BR005-SKU017256SI,20250912,BR005,SKU017256SI,96,53,43
STK-20250912-BR005-SKU017256PI,20250912,BR005,SKU017256PI,101,65,36
STK-20250913-BR000-SKU015128BL,20250913,BR000,SKU015128BL,644,0,644
STK-20250913-BR000-SKU015128SI,20250913,BR000,SKU015128SI,795,0,795
STK-20250913-BR000-SKU015128PI,20250913,BR000,SKU015128PI,930,0,930
STK-20250913-BR000-SKU015256BL,20250913,BR000,SKU015256BL,712,0,712
STK-20250913-BR000-SKU015256SI,20250913,BR000,SKU015256SI,744,0,744
STK-20250913-BR000-SKU015256PI,20250913,BR000,SKU015256PI,985,0,985
STK-20250913-BR000-SKU016128BL,20250913,BR000,SKU016128BL,632,0,632
STK-20250913-BR000-SKU016128SI,20250913,BR000,SKU016128SI,857,0,857
STK-20250913-BR000-SKU016128PI,20250913,BR000,SKU016128PI,686,0,686
STK-20250913-BR000-SKU016256BL,20250913,BR000,SKU016256BL,548,0,548
STK-20250913-BR000-SKU016256SI,20250913,BR000,SKU016256SI,855,0,855
STK-20250913-BR000-SKU016256PI,20250913,BR000,SKU016256PI,881,0,881
STK-20250913-BR000-SKU017128BL,20250913,BR000,SKU017128BL,658,0,658
STK-20250913-BR000-SKU017128SI,20250913,BR000,SKU017128SI,661,0,661
STK-20250913-BR000-SKU017128PI,20250913,BR000,SKU017128PI,617,0,617
STK-20250913-BR000-SKU017256BL,20250913,BR000,SKU017256BL,731,0,731
STK-20250913-BR000-SKU017256SI,20250913,BR000,SKU017256SI,682,0,682
STK-20250913-BR000-SKU017256PI,20250913,BR000,SKU017256PI,891,0,891
STK-20250913-BR001-SKU015128BL,20250913,BR001,SKU015128BL,84,28,56
STK-20250913-BR001-SKU015128SI,20250913,BR001,SKU015128SI,87,19,68
STK-20250913-BR001-SKU015128PI,20250913,BR001,SKU015128PI,77,22,55
STK-20250913-BR001-SKU015256BL,20250913,BR001,SKU015256BL,100,23,77
STK-20250913-BR001-SKU015256SI,20250913,BR001,SKU015256SI,93,22,71
STK-20250913-BR001-SKU015256PI,20250913,BR001,SKU015256PI,81,22,59
STK-20250913-BR001-SKU016128BL,20250913,BR001,SKU016128BL,87,50,37
STK-20250913-BR001-SKU016128SI,20250913,BR001,SKU016128SI,89,46,43
STK-20250913-BR001-SKU016128PI,20250913,BR001,SKU016128PI,75,32,43
STK-20250913-BR001-SKU016256BL,20250913,BR001,SKU016256BL,91,44,47
STK-20250913-BR001-SKU016256SI,20250913,BR001,SKU016256SI,106,44,62
STK-20250913-BR001-SKU016256PI,20250913,BR001,SKU016256PI,96,46,50
STK-20250913-BR001-SKU017128BL,20250913,BR001,SKU017128BL,106,63,43
STK-20250913-BR001-SKU017128SI,20250913,BR001,SKU017128SI,101,59,42
STK-20250913-BR001-SKU017128PI,20250913,BR001,SKU017128PI,114,68,46
STK-20250913-BR001-SKU017256BL,20250913,BR001,SKU017256BL,115,62,53
STK-20250913-BR001-SKU017256SI,20250913,BR001,SKU017256SI,85,65,20
STK-20250913-BR001-SKU017256PI,20250913,BR001,SKU017256PI,122,71,51
STK-20250913-BR002-SKU015128BL,20250913,BR002,SKU015128BL,108,29,79
STK-20250913-BR002-SKU015128SI,20250913,BR002,SKU015128SI,61,25,36
STK-20250913-BR002-SKU015128PI,20250913,BR002,SKU015128PI,103,22,81
STK-20250913-BR002-SKU015256BL,20250913,BR002,SKU015256BL,101,25,76
STK-20250913-BR002-SKU015256SI,20250913,BR002,SKU015256SI,63,26,37
STK-20250913-BR002-SKU015256PI,20250913,BR002,SKU015256PI,126,34,92
STK-20250913-BR002-SKU016128BL,20250913,BR002,SKU016128BL,87,51,36
STK-20250913-BR002-SKU016128SI,20250913,BR002,SKU016128SI,92,54,38
STK-20250913-BR002-SKU016128PI,20250913,BR002,SKU016128PI,65,33,32
STK-20250913-BR002-SKU016256BL,20250913,BR002,SKU016256BL,81,47,34
STK-20250913-BR002-SKU016256SI,20250913,BR002,SKU016256SI,61,43,18
STK-20250913-BR002-SKU016256PI,20250913,BR002,SKU016256PI,88,44,44
STK-20250913-BR002-SKU017128BL,20250913,BR002,SKU017128BL,87,70,17
STK-20250913-BR002-SKU017128SI,20250913,BR002,SKU017128SI,98,61,37
STK-20250913-BR002-SKU017128PI,20250913,BR002,SKU017128PI,95,87,8
STK-20250913-BR002-SKU017256BL,20250913,BR002,SKU017256BL,98,59,39
STK-20250913-BR002-SKU017256SI,20250913,BR002,SKU017256SI,97,58,39
STK-20250913-BR002-SKU017256PI,20250913,BR002,SKU017256PI,74,52,22
STK-20250913-BR003-SKU015128BL,20250913,BR003,SKU015128BL,93,21,72
STK-20250913-BR003-SKU015128SI,20250913,BR003,SKU015128SI,103,23,80
STK-20250913-BR003-SKU015128PI,20250913,BR003,SKU015128PI,77,28,49
STK-20250913-BR003-SKU015256BL,20250913,BR003,SKU015256BL,98,22,76
STK-20250913-BR003-SKU015256SI,20250913,BR003,SKU015256SI,126,26,100
STK-20250913-BR003-SKU015256PI,20250913,BR003,SKU015256PI,97,28,69
STK-20250913-BR003-SKU016128BL,20250913,BR003,SKU016128BL,63,45,18
STK-20250913-BR003-SKU016128SI,20250913,BR003,SKU016128SI,65,40,25
STK-20250913-BR003-SKU016128PI,20250913,BR003,SKU016128PI,96,35,61
STK-20250913-BR003-SKU016256BL,20250913,BR003,SKU016256BL,82,46,36
STK-20250913-BR003-SKU016256SI,20250913,BR003,SKU016256SI,88,59,29
STK-20250913-BR003-SKU016256PI,20250913,BR003,SKU016256PI,76,58,18
STK-20250913-BR003-SKU017128BL,20250913,BR003,SKU017128BL,113,77,36
STK-20250913-BR003-SKU017128SI,20250913,BR003,SKU017128SI,100,54,46
STK-20250913-BR003-SKU017128PI,20250913,BR003,SKU017128PI,120,63,57
STK-20250913-BR003-SKU017256BL,20250913,BR003,SKU017256BL,81,55,26
STK-20250913-BR003-SKU017256SI,20250913,BR003,SKU017256SI,95,60,35
STK-20250913-BR003-SKU017256PI,20250913,BR003,SKU017256PI,90,74,16
STK-20250913-BR004-SKU015128BL,20250913,BR004,SKU015128BL,70,24,46
STK-20250913-BR004-SKU015128SI,20250913,BR004,SKU015128SI,94,27,67
STK-20250913-BR004-SKU015128PI,20250913,BR004,SKU015128PI,122,27,95
STK-20250913-BR004-SKU015256BL,20250913,BR004,SKU015256BL,79,22,57
STK-20250913-BR004-SKU015256SI,20250913,BR004,SKU015256SI,61,23,38
STK-20250913-BR004-SKU015256PI,20250913,BR004,SKU015256PI,113,31,82
STK-20250913-BR004-SKU016128BL,20250913,BR004,SKU016128BL,101,41,60
STK-20250913-BR004-SKU016128SI,20250913,BR004,SKU016128SI,93,51,42
STK-20250913-BR004-SKU016128PI,20250913,BR004,SKU016128PI,82,43,39
STK-20250913-BR004-SKU016256BL,20250913,BR004,SKU016256BL,70,38,32
STK-20250913-BR004-SKU016256SI,20250913,BR004,SKU016256SI,92,44,48
STK-20250913-BR004-SKU016256PI,20250913,BR004,SKU016256PI,72,41,31
STK-20250913-BR004-SKU017128BL,20250913,BR004,SKU017128BL,81,78,3
STK-20250913-BR004-SKU017128SI,20250913,BR004,SKU017128SI,75,59,16
STK-20250913-BR004-SKU017128PI,20250913,BR004,SKU017128PI,87,66,21
STK-20250913-BR004-SKU017256BL,20250913,BR004,SKU017256BL,107,75,32
STK-20250913-BR004-SKU017256SI,20250913,BR004,SKU017256SI,111,72,39
STK-20250913-BR004-SKU017256PI,20250913,BR004,SKU017256PI,103,67,36
STK-20250913-BR005-SKU015128BL,20250913,BR005,SKU015128BL,71,18,53
STK-20250913-BR005-SKU015128SI,20250913,BR005,SKU015128SI,60,27,33
STK-20250913-BR005-SKU015128PI,20250913,BR005,SKU015128PI,93,21,72
STK-20250913-BR005-SKU015256BL,20250913,BR005,SKU015256BL,84,19,65
STK-20250913-BR005-SKU015256SI,20250913,BR005,SKU015256SI,119,23,96
STK-20250913-BR005-SKU015256PI,20250913,BR005,SKU015256PI,108,28,80
STK-20250913-BR005-SKU016128BL,20250913,BR005,SKU016128BL,74,38,36
STK-20250913-BR005-SKU016128SI,20250913,BR005,SKU016128SI,88,44,44
STK-20250913-BR005-SKU016128PI,20250913,BR005,SKU016128PI,113,40,73
STK-20250913-BR005-SKU016256BL,20250913,BR005,SKU016256BL,83,55,28
STK-20250913-BR005-SKU016256SI,20250913,BR005,SKU016256SI,56,39,17
STK-20250913-BR005-SKU016256PI,20250913,BR005,SKU016256PI,82,35,47
STK-20250913-BR005-SKU017128BL,20250913,BR005,SKU017128BL,93,59,34
STK-20250913-BR005-SKU017128SI,20250913,BR005,SKU017128SI,68,61,7
STK-20250913-BR005-SKU017128PI,20250913,BR005,SKU017128PI,77,75,2
STK-20250913-BR005-SKU017256BL,20250913,BR005,SKU017256BL,108,52,56
STK-20250913-BR005-SKU017256SI,20250913,BR005,SKU017256SI,91,52,39
STK-20250913-BR005-SKU017256PI,20250913,BR005,SKU017256PI,101,71,30
STK-20250914-BR000-SKU015128BL,20250914,BR000,SKU015128BL,644,0,644
STK-20250914-BR000-SKU015128SI,20250914,BR000,SKU015128SI,795,0,795
STK-20250914-BR000-SKU015128PI,20250914,BR000,SKU015128PI,930,0,930
STK-20250914-BR000-SKU015256BL,20250914,BR000,SKU015256BL,712,0,712
STK-20250914-BR000-SKU015256SI,20250914,BR000,SKU015256SI,744,0,744
STK-20250914-BR000-SKU015256PI,20250914,BR000,SKU015256PI,985,0,985
STK-20250914-BR000-SKU016128BL,20250914,BR000,SKU016128BL,632,0,632
STK-20250914-BR000-SKU016128SI,20250914,BR000,SKU016128SI,857,0,857
STK-20250914-BR000-SKU016128PI,20250914,BR000,SKU016128PI,686,0,686
STK-20250914-BR000-SKU016256BL,20250914,BR000,SKU016256BL,548,0,548
STK-20250914-BR000-SKU016256SI,20250914,BR000,SKU016256SI,855,0,855
STK-20250914-BR000-SKU016256PI,20250914,BR000,SKU016256PI,881,0,881
STK-20250914-BR000-SKU017128BL,20250914,BR000,SKU017128BL,658,0,658
STK-20250914-BR000-SKU017128SI,20250914,BR000,SKU017128SI,661,0,661
STK-20250914-BR000-SKU017128PI,20250914,BR000,SKU017128PI,617,0,617
STK-20250914-BR000-SKU017256BL,20250914,BR000,SKU017256BL,731,0,731
STK-20250914-BR000-SKU017256SI,20250914,BR000,SKU017256SI,682,0,682
STK-20250914-BR000-SKU017256PI,20250914,BR000,SKU017256PI,891,0,891
STK-20250914-BR001-SKU015128BL,20250914,BR001,SKU015128BL,81,28,53
STK-20250914-BR001-SKU015128SI,20250914,BR001,SKU015128SI,87,20,67
STK-20250914-BR001-SKU015128PI,20250914,BR001,SKU015128PI,76,25,51
STK-20250914-BR001-SKU015256BL,20250914,BR001,SKU015256BL,100,25,75
STK-20250914-BR001-SKU015256SI,20250914,BR001,SKU015256SI,93,27,66
STK-20250914-BR001-SKU015256PI,20250914,BR001,SKU015256PI,79,22,57
STK-20250914-BR001-SKU016128BL,20250914,BR001,SKU016128BL,87,54,33
STK-20250914-BR001-SKU016128SI,20250914,BR001,SKU016128SI,86,53,33
STK-20250914-BR001-SKU016128PI,20250914,BR001,SKU016128PI,71,33,38
STK-20250914-BR001-SKU016256BL,20250914,BR001,SKU016256BL,85,43,42
STK-20250914-BR001-SKU016256SI,20250914,BR001,SKU016256SI,106,49,57
STK-20250914-BR001-SKU016256PI,20250914,BR001,SKU016256PI,96,52,44
STK-20250914-BR001-SKU017128BL,20250914,BR001,SKU017128BL,106,76,30
STK-20250914-BR001-SKU017128SI,20250914,BR001,SKU017128SI,101,69,32
STK-20250914-BR001-SKU017128PI,20250914,BR001,SKU017128PI,108,73,35
STK-20250914-BR001-SKU017256BL,20250914,BR001,SKU017256BL,108,66,42
STK-20250914-BR001-SKU017256SI,20250914,BR001,SKU017256SI,78,68,10
STK-20250914-BR001-SKU017256PI,20250914,BR001,SKU017256PI,105,64,41
STK-20250914-BR002-SKU015128BL,20250914,BR002,SKU015128BL,105,30,75
STK-20250914-BR002-SKU015128SI,20250914,BR002,SKU015128SI,61,28,33
STK-20250914-BR002-SKU015128PI,20250914,BR002,SKU015128PI,102,23,79
STK-20250914-BR002-SKU015256BL,20250914,BR002,SKU015256BL,96,23,73
STK-20250914-BR002-SKU015256SI,20250914,BR002,SKU015256SI,63,29,34
STK-20250914-BR002-SKU015256PI,20250914,BR002,SKU015256PI,116,29,87
STK-20250914-BR002-SKU016128BL,20250914,BR002,SKU016128BL,87,60,27
STK-20250914-BR002-SKU016128SI,20250914,BR002,SKU016128SI,89,56,33
STK-20250914-BR002-SKU016128PI,20250914,BR002,SKU016128PI,62,34,28
STK-20250914-BR002-SKU016256BL,20250914,BR002,SKU016256BL,76,46,30
STK-20250914-BR002-SKU016256SI,20250914,BR002,SKU016256SI,61,49,12
STK-20250914-BR002-SKU016256PI,20250914,BR002,SKU016256PI,88,50,38
STK-20250914-BR002-SKU017128BL,20250914,BR002,SKU017128BL,83,74,9
STK-20250914-BR002-SKU017128SI,20250914,BR002,SKU017128SI,98,67,31
STK-20250914-BR002-SKU017128PI,20250914,BR002,SKU017128PI,109,82,27
STK-20250914-BR002-SKU017256BL,20250914,BR002,SKU017256BL,94,58,36
STK-20250914-BR002-SKU017256SI,20250914,BR002,SKU017256SI,91,62,29
STK-20250914-BR002-SKU017256PI,20250914,BR002,SKU017256PI,69,56,13
STK-20250914-BR003-SKU015128BL,20250914,BR003,SKU015128BL,91,21,70
STK-20250914-BR003-SKU015128SI,20250914,BR003,SKU015128SI,103,24,79
STK-20250914-BR003-SKU015128PI,20250914,BR003,SKU015128PI,77,29,48
STK-20250914-BR003-SKU015256BL,20250914,BR003,SKU015256BL,98,24,74
STK-20250914-BR003-SKU015256SI,20250914,BR003,SKU015256SI,123,27,96
STK-20250914-BR003-SKU015256PI,20250914,BR003,SKU015256PI,97,31,66
STK-20250914-BR003-SKU016128BL,20250914,BR003,SKU016128BL,53,41,12
STK-20250914-BR003-SKU016128SI,20250914,BR003,SKU016128SI,62,42,20
STK-20250914-BR003-SKU016128PI,20250914,BR003,SKU016128PI,93,39,54
STK-20250914-BR003-SKU016256BL,20250914,BR003,SKU016256BL,82,53,29
STK-20250914-BR003-SKU016256SI,20250914,BR003,SKU016256SI,78,54,24
STK-20250914-BR003-SKU016256PI,20250914,BR003,SKU016256PI,65,54,11
STK-20250914-BR003-SKU017128BL,20250914,BR003,SKU017128BL,102,79,23
STK-20250914-BR003-SKU017128SI,20250914,BR003,SKU017128SI,88,49,39
STK-20250914-BR003-SKU017128PI,20250914,BR003,SKU017128PI,113,65,48
STK-20250914-BR003-SKU017256BL,20250914,BR003,SKU017256BL,75,59,16
STK-20250914-BR003-SKU017256SI,20250914,BR003,SKU017256SI,95,69,26
STK-20250914-BR003-SKU017256PI,20250914,BR003,SKU017256PI,90,81,9
STK-20250914-BR004-SKU015128BL,20250914,BR004,SKU015128BL,69,24,45
STK-20250914-BR004-SKU015128SI,20250914,BR004,SKU015128SI,90,27,63
STK-20250914-BR004-SKU015128PI,20250914,BR004,SKU015128PI,119,25,94
STK-20250914-BR004-SKU015256BL,20250914,BR004,SKU015256BL,78,23,55
STK-20250914-BR004-SKU015256SI,20250914,BR004,SKU015256SI,61,29,32
STK-20250914-BR004-SKU015256PI,20250914,BR004,SKU015256PI,110,31,79
STK-20250914-BR004-SKU016128BL,20250914,BR004,SKU016128BL,99,46,53
STK-20250914-BR004-SKU016128SI,20250914,BR004,SKU016128SI,86,50,36
STK-20250914-BR004-SKU016128PI,20250914,BR004,SKU016128PI,82,52,30
STK-20250914-BR004-SKU016256BL,20250914,BR004,SKU016256BL,68,41,27
STK-20250914-BR004-SKU016256SI,20250914,BR004,SKU016256SI,88,48,40
STK-20250914-BR004-SKU016256PI,20250914,BR004,SKU016256PI,67,39,28
STK-20250914-BR004-SKU017128BL,20250914,BR004,SKU017128BL,97,77,20
STK-20250914-BR004-SKU017128SI,20250914,BR004,SKU017128SI,65,56,9
STK-20250914-BR004-SKU017128PI,20250914,BR004,SKU017128PI,83,65,18
STK-20250914-BR004-SKU017256BL,20250914,BR004,SKU017256BL,107,78,29
STK-20250914-BR004-SKU017256SI,20250914,BR004,SKU017256SI,111,82,29
STK-20250914-BR004-SKU017256PI,20250914,BR004,SKU017256PI,102,72,30
STK-20250914-BR005-SKU015128BL,20250914,BR005,SKU015128BL,71,19,52
STK-20250914-BR005-SKU015128SI,20250914,BR005,SKU015128SI,55,26,29
STK-20250914-BR005-SKU015128PI,20250914,BR005,SKU015128PI,93,25,68
STK-20250914-BR005-SKU015256BL,20250914,BR005,SKU015256BL,84,22,62
STK-20250914-BR005-SKU015256SI,20250914,BR005,SKU015256SI,119,28,91
STK-20250914-BR005-SKU015256PI,20250914,BR005,SKU015256PI,107,28,79
STK-20250914-BR005-SKU016128BL,20250914,BR005,SKU016128BL,74,47,27
STK-20250914-BR005-SKU016128SI,20250914,BR005,SKU016128SI,85,45,40
STK-20250914-BR005-SKU016128PI,20250914,BR005,SKU016128PI,109,41,68
STK-20250914-BR005-SKU016256BL,20250914,BR005,SKU016256BL,73,53,20
STK-20250914-BR005-SKU016256SI,20250914,BR005,SKU016256SI,52,42,10
STK-20250914-BR005-SKU016256PI,20250914,BR005,SKU016256PI,80,38,42
STK-20250914-BR005-SKU017128BL,20250914,BR005,SKU017128BL,88,64,24
STK-20250914-BR005-SKU017128SI,20250914,BR005,SKU017128SI,60,57,3
STK-20250914-BR005-SKU017128PI,20250914,BR005,SKU017128PI,101,75,26
STK-20250914-BR005-SKU017256BL,20250914,BR005,SKU017256BL,101,55,46
STK-20250914-BR005-SKU017256SI,20250914,BR005,SKU017256SI,91,61,30
STK-20250914-BR005-SKU017256PI,20250914,BR005,SKU017256PI,101,81,20
STK-20250915-BR000-SKU015128BL,20250915,BR000,SKU015128BL,644,0,644
STK-20250915-BR000-SKU015128SI,20250915,BR000,SKU015128SI,795,0,795
STK-20250915-BR000-SKU015128PI,20250915,BR000,SKU015128PI,930,0,930
STK-20250915-BR000-SKU015256BL,20250915,BR000,SKU015256BL,712,0,712
STK-20250915-BR000-SKU015256SI,20250915,BR000,SKU015256SI,744,0,744
STK-20250915-BR000-SKU015256PI,20250915,BR000,SKU015256PI,985,0,985
STK-20250915-BR000-SKU016128BL,20250915,BR000,SKU016128BL,632,0,632
STK-20250915-BR000-SKU016128SI,20250915,BR000,SKU016128SI,857,0,857
STK-20250915-BR000-SKU016128PI,20250915,BR000,SKU016128PI,686,0,686
STK-20250915-BR000-SKU016256BL,20250915,BR000,SKU016256BL,548,0,548
STK-20250915-BR000-SKU016256SI,20250915,BR000,SKU016256SI,855,0,855
STK-20250915-BR000-SKU016256PI,20250915,BR000,SKU016256PI,881,0,881
STK-20250915-BR000-SKU017128BL,20250915,BR000,SKU017128BL,658,0,658
STK-20250915-BR000-SKU017128SI,20250915,BR000,SKU017128SI,661,0,661
STK-20250915-BR000-SKU017128PI,20250915,BR000,SKU017128PI,617,0,617
STK-20250915-BR000-SKU017256BL,20250915,BR000,SKU017256BL,731,0,731
STK-20250915-BR000-SKU017256SI,20250915,BR000,SKU017256SI,682,0,682
STK-20250915-BR000-SKU017256PI,20250915,BR000,SKU017256PI,891,0,891
STK-20250915-BR001-SKU015128BL,20250915,BR001,SKU015128BL,80,28,52
STK-20250915-BR001-SKU015128SI,20250915,BR001,SKU015128SI,85,23,62
STK-20250915-BR001-SKU015128PI,20250915,BR001,SKU015128PI,73,23,50
STK-20250915-BR001-SKU015256BL,20250915,BR001,SKU015256BL,100,26,74
STK-20250915-BR001-SKU015256SI,20250915,BR001,SKU015256SI,93,28,65
STK-20250915-BR001-SKU015256PI,20250915,BR001,SKU015256PI,78,26,52
STK-20250915-BR001-SKU016128BL,20250915,BR001,SKU016128BL,86,61,25
STK-20250915-BR001-SKU016128SI,20250915,BR001,SKU016128SI,84,55,29
STK-20250915-BR001-SKU016128PI,20250915,BR001,SKU016128PI,71,39,32
STK-20250915-BR001-SKU016256BL,20250915,BR001,SKU016256BL,81,46,35
STK-20250915-BR001-SKU016256SI,20250915,BR001,SKU016256SI,106,53,53
STK-20250915-BR001-SKU016256PI,20250915,BR001,SKU016256PI,96,58,38
STK-20250915-BR001-SKU017128BL,20250915,BR001,SKU017128BL,97,75,22
STK-20250915-BR001-SKU017128SI,20250915,BR001,SKU017128SI,98,70,28
STK-20250915-BR001-SKU017128PI,20250915,BR001,SKU017128PI,108,83,25
STK-20250915-BR001-SKU017256BL,20250915,BR001,SKU017256BL,108,78,30
STK-20250915-BR001-SKU017256SI,20250915,BR001,SKU017256SI,58,51,7
STK-20250915-BR001-SKU017256PI,20250915,BR001,SKU017256PI,105,75,30
STK-20250915-BR002-SKU015128BL,20250915,BR002,SKU015128BL,102,28,74
STK-20250915-BR002-SKU015128SI,20250915,BR002,SKU015128SI,61,29,32
STK-20250915-BR002-SKU015128PI,20250915,BR002,SKU015128PI,99,24,75
STK-20250915-BR002-SKU015256BL,20250915,BR002,SKU015256BL,96,26,70
STK-20250915-BR002-SKU015256SI,20250915,BR002,SKU015256SI,58,25,33
STK-20250915-BR002-SKU015256PI,20250915,BR002,SKU015256PI,112,29,83
STK-20250915-BR002-SKU016128BL,20250915,BR002,SKU016128BL,70,49,21
STK-20250915-BR002-SKU016128SI,20250915,BR002,SKU016128SI,77,52,25
STK-20250915-BR002-SKU016128PI,20250915,BR002,SKU016128PI,61,39,22
STK-20250915-BR002-SKU016256BL,20250915,BR002,SKU016256BL,76,53,23
STK-20250915-BR002-SKU016256SI,20250915,BR002,SKU016256SI,53,47,6
STK-20250915-BR002-SKU016256PI,20250915,BR002,SKU016256PI,82,51,31
STK-20250915-BR002-SKU017128BL,20250915,BR002,SKU017128BL,83,77,6
STK-20250915-BR002-SKU017128SI,20250915,BR002,SKU017128SI,81,60,21
STK-20250915-BR002-SKU017128PI,20250915,BR002,SKU017128PI,103,82,21
STK-20250915-BR002-SKU017256BL,20250915,BR002,SKU017256BL,93,68,25
STK-20250915-BR002-SKU017256SI,20250915,BR002,SKU017256SI,91,67,24
STK-20250915-BR002-SKU017256PI,20250915,BR002,SKU017256PI,66,66,0
STK-20250915-BR003-SKU015128BL,20250915,BR003,SKU015128BL,90,22,68
STK-20250915-BR003-SKU015128SI,20250915,BR003,SKU015128SI,101,27,74
STK-20250915-BR003-SKU015128PI,20250915,BR003,SKU015128PI,77,33,44
STK-20250915-BR003-SKU015256BL,20250915,BR003,SKU015256BL,97,25,72
STK-20250915-BR003-SKU015256SI,20250915,BR003,SKU015256SI,122,28,94
STK-20250915-BR003-SKU015256PI,20250915,BR003,SKU015256PI,92,27,65
STK-20250915-BR003-SKU016128BL,20250915,BR003,SKU016128BL,53,45,8
STK-20250915-BR003-SKU016128SI,20250915,BR003,SKU016128SI,56,41,15
STK-20250915-BR003-SKU016128PI,20250915,BR003,SKU016128PI,92,47,45
STK-20250915-BR003-SKU016256BL,20250915,BR003,SKU016256BL,82,58,24
STK-20250915-BR003-SKU016256SI,20250915,BR003,SKU016256SI,78,55,23
STK-20250915-BR003-SKU016256PI,20250915,BR003,SKU016256PI,65,57,8
STK-20250915-BR003-SKU017128BL,20250915,BR003,SKU017128BL,90,79,11
STK-20250915-BR003-SKU017128SI,20250915,BR003,SKU017128SI,88,56,32
STK-20250915-BR003-SKU017128PI,20250915,BR003,SKU017128PI,113,70,43
STK-20250915-BR003-SKU017256BL,20250915,BR003,SKU017256BL,75,67,8
STK-20250915-BR003-SKU017256SI,20250915,BR003,SKU017256SI,89,77,12
STK-20250915-BR003-SKU017256PI,20250915,BR003,SKU017256PI,85,85,0
STK-20250915-BR004-SKU015128BL,20250915,BR004,SKU015128BL,67,23,44
STK-20250915-BR004-SKU015128SI,20250915,BR004,SKU015128SI,88,30,58
STK-20250915-BR004-SKU015128PI,20250915,BR004,SKU015128PI,118,27,91
STK-20250915-BR004-SKU015256BL,20250915,BR004,SKU015256BL,78,27,51
STK-20250915-BR004-SKU015256SI,20250915,BR004,SKU015256SI,58,27,31
STK-20250915-BR004-SKU015256PI,20250915,BR004,SKU015256PI,108,34,74
STK-20250915-BR004-SKU016128BL,20250915,BR004,SKU016128BL,99,51,48
STK-20250915-BR004-SKU016128SI,20250915,BR004,SKU016128SI,86,56,30
STK-20250915-BR004-SKU016128PI,20250915,BR004,SKU016128PI,82,58,24
STK-20250915-BR004-SKU016256BL,20250915,BR004,SKU016256BL,66,48,18
STK-20250915-BR004-SKU016256SI,20250915,BR004,SKU016256SI,85,48,37
STK-20250915-BR004-SKU016256PI,20250915,BR004,SKU016256PI,67,44,23
STK-20250915-BR004-SKU017128BL,20250915,BR004,SKU017128BL,97,87,10
STK-20250915-BR004-SKU017128SI,20250915,BR004,SKU017128SI,62,58,4
STK-20250915-BR004-SKU017128PI,20250915,BR004,SKU017128PI,83,73,10
STK-20250915-BR004-SKU017256BL,20250915,BR004,SKU017256BL,98,79,19
STK-20250915-BR004-SKU017256SI,20250915,BR004,SKU017256SI,111,92,19
STK-20250915-BR004-SKU017256PI,20250915,BR004,SKU017256PI,100,76,24
STK-20250915-BR005-SKU015128BL,20250915,BR005,SKU015128BL,71,21,50
STK-20250915-BR005-SKU015128SI,20250915,BR005,SKU015128SI,55,32,23
STK-20250915-BR005-SKU015128PI,20250915,BR005,SKU015128PI,91,26,65
STK-20250915-BR005-SKU015256BL,20250915,BR005,SKU015256BL,84,23,61
STK-20250915-BR005-SKU015256SI,20250915,BR005,SKU015256SI,118,28,90
STK-20250915-BR005-SKU015256PI,20250915,BR005,SKU015256PI,102,27,75
STK-20250915-BR005-SKU016128BL,20250915,BR005,SKU016128BL,71,52,19
STK-20250915-BR005-SKU016128SI,20250915,BR005,SKU016128SI,83,49,34
STK-20250915-BR005-SKU016128PI,20250915,BR005,SKU016128PI,107,45,62
STK-20250915-BR005-SKU016256BL,20250915,BR005,SKU016256BL,73,63,10
STK-20250915-BR005-SKU016256SI,20250915,BR005,SKU016256SI,46,40,6
STK-20250915-BR005-SKU016256PI,20250915,BR005,SKU016256PI,78,43,35
STK-20250915-BR005-SKU017128BL,20250915,BR005,SKU017128BL,88,73,15
STK-20250915-BR005-SKU017128SI,20250915,BR005,SKU017128SI,91,66,25
STK-20250915-BR005-SKU017128PI,20250915,BR005,SKU017128PI,101,86,15
STK-20250915-BR005-SKU017256BL,20250915,BR005,SKU017256BL,101,65,36
STK-20250915-BR005-SKU017256SI,20250915,BR005,SKU017256SI,86,64,22
STK-20250915-BR005-SKU017256PI,20250915,BR005,SKU017256PI,101,92,9
STK-20250916-BR000-SKU015128BL,20250916,BR000,SKU015128BL,644,0,644
STK-20250916-BR000-SKU015128SI,20250916,BR000,SKU015128SI,795,0,795
STK-20250916-BR000-SKU015128PI,20250916,BR000,SKU015128PI,930,0,930
STK-20250916-BR000-SKU015256BL,20250916,BR000,SKU015256BL,712,0,712
STK-20250916-BR000-SKU015256SI,20250916,BR000,SKU015256SI,744,0,744
STK-20250916-BR000-SKU015256PI,20250916,BR000,SKU015256PI,985,0,985
STK-20250916-BR000-SKU016128BL,20250916,BR000,SKU016128BL,632,0,632
STK-20250916-BR000-SKU016128SI,20250916,BR000,SKU016128SI,857,0,857
STK-20250916-BR000-SKU016128PI,20250916,BR000,SKU016128PI,686,0,686
STK-20250916-BR000-SKU016256BL,20250916,BR000,SKU016256BL,548,0,548
STK-20250916-BR000-SKU016256SI,20250916,BR000,SKU016256SI,855,0,855
STK-20250916-BR000-SKU016256PI,20250916,BR000,SKU016256PI,881,0,881
STK-20250916-BR000-SKU017128BL,20250916,BR000,SKU017128BL,658,0,658
STK-20250916-BR000-SKU017128SI,20250916,BR000,SKU017128SI,661,0,661
STK-20250916-BR000-SKU017128PI,20250916,BR000,SKU017128PI,617,0,617
STK-20250916-BR000-SKU017256BL,20250916,BR000,SKU017256BL,731,0,731
STK-20250916-BR000-SKU017256SI,20250916,BR000,SKU017256SI,682,0,682
STK-20250916-BR000-SKU017256PI,20250916,BR000,SKU017256PI,891,0,891
STK-20250916-BR001-SKU015128BL,20250916,BR001,SKU015128BL,77,29,48
STK-20250916-BR001-SKU015128SI,20250916,BR001,SKU015128SI,85,26,59
STK-20250916-BR001-SKU015128PI,20250916,BR001,SKU015128PI,73,27,46
STK-20250916-BR001-SKU015256BL,20250916,BR001,SKU015256BL,100,30,70
STK-20250916-BR001-SKU015256SI,20250916,BR001,SKU015256SI,91,28,63
STK-20250916-BR001-SKU015256PI,20250916,BR001,SKU015256PI,78,29,49
STK-20250916-BR001-SKU016128BL,20250916,BR001,SKU016128BL,86,64,22
STK-20250916-BR001-SKU016128SI,20250916,BR001,SKU016128SI,84,62,22
STK-20250916-BR001-SKU016128PI,20250916,BR001,SKU016128PI,70,42,28
STK-20250916-BR001-SKU016256BL,20250916,BR001,SKU016256BL,79,48,31
STK-20250916-BR001-SKU016256SI,20250916,BR001,SKU016256SI,105,59,46
STK-20250916-BR001-SKU016256PI,20250916,BR001,SKU016256PI,82,53,29
STK-20250916-BR001-SKU017128BL,20250916,BR001,SKU017128BL,86,73,13
STK-20250916-BR001-SKU017128SI,20250916,BR001,SKU017128SI,93,79,14
STK-20250916-BR001-SKU017128PI,20250916,BR001,SKU017128PI,108,97,11
STK-20250916-BR001-SKU017256BL,20250916,BR001,SKU017256BL,108,91,17
STK-20250916-BR001-SKU017256SI,20250916,BR001,SKU017256SI,99,63,36
STK-20250916-BR001-SKU017256PI,20250916,BR001,SKU017256PI,103,78,25
STK-20250916-BR002-SKU015128BL,20250916,BR002,SKU015128BL,98,25,73
STK-20250916-BR002-SKU015128SI,20250916,BR002,SKU015128SI,57,27,30
STK-20250916-BR002-SKU015128PI,20250916,BR002,SKU015128PI,99,28,71
STK-20250916-BR002-SKU015256BL,20250916,BR002,SKU015256BL,95,28,67
STK-20250916-BR002-SKU015256SI,20250916,BR002,SKU015256SI,58,29,29
STK-20250916-BR002-SKU015256PI,20250916,BR002,SKU015256PI,109,28,81
STK-20250916-BR002-SKU016128BL,20250916,BR002,SKU016128BL,65,45,20
STK-20250916-BR002-SKU016128SI,20250916,BR002,SKU016128SI,69,48,21
STK-20250916-BR002-SKU016128PI,20250916,BR002,SKU016128PI,59,46,13
STK-20250916-BR002-SKU016256BL,20250916,BR002,SKU016256BL,76,62,14
STK-20250916-BR002-SKU016256SI,20250916,BR002,SKU016256SI,77,53,24
STK-20250916-BR002-SKU016256PI,20250916,BR002,SKU016256PI,82,56,26
STK-20250916-BR002-SKU017128BL,20250916,BR002,SKU017128BL,109,76,33
STK-20250916-BR002-SKU017128SI,20250916,BR002,SKU017128SI,81,74,7
STK-20250916-BR002-SKU017128PI,20250916,BR002,SKU017128PI,103,89,14
STK-20250916-BR002-SKU017256BL,20250916,BR002,SKU017256BL,78,59,19
STK-20250916-BR002-SKU017256SI,20250916,BR002,SKU017256SI,86,68,18
STK-20250916-BR002-SKU017256PI,20250916,BR002,SKU017256PI,110,75,35
STK-20250916-BR003-SKU015128BL,20250916,BR003,SKU015128BL,90,23,67
STK-20250916-BR003-SKU015128SI,20250916,BR003,SKU015128SI,101,30,71
STK-20250916-BR003-SKU015128PI,20250916,BR003,SKU015128PI,74,34,40
STK-20250916-BR003-SKU015256BL,20250916,BR003,SKU015256BL,96,28,68
STK-20250916-BR003-SKU015256SI,20250916,BR003,SKU015256SI,122,32,90
STK-20250916-BR003-SKU015256PI,20250916,BR003,SKU015256PI,92,29,63
STK-20250916-BR003-SKU016128BL,20250916,BR003,SKU016128BL,53,52,1
STK-20250916-BR003-SKU016128SI,20250916,BR003,SKU016128SI,56,44,12
STK-20250916-BR003-SKU016128PI,20250916,BR003,SKU016128PI,92,50,42
STK-20250916-BR003-SKU016256BL,20250916,BR003,SKU016256BL,78,60,18
STK-20250916-BR003-SKU016256SI,20250916,BR003,SKU016256SI,78,58,20
STK-20250916-BR003-SKU016256PI,20250916,BR003,SKU016256PI,56,54,2
STK-20250916-BR003-SKU017128BL,20250916,BR003,SKU017128BL,78,73,5
STK-20250916-BR003-SKU017128SI,20250916,BR003,SKU017128SI,84,61,23
STK-20250916-BR003-SKU017128PI,20250916,BR003,SKU017128PI,102,66,36
STK-20250916-BR003-SKU017256BL,20250916,BR003,SKU017256BL,93,67,26
STK-20250916-BR003-SKU017256SI,20250916,BR003,SKU017256SI,89,86,3
STK-20250916-BR003-SKU017256PI,20250916,BR003,SKU017256PI,105,75,30
STK-20250916-BR004-SKU015128BL,20250916,BR004,SKU015128BL,67,28,39
STK-20250916-BR004-SKU015128SI,20250916,BR004,SKU015128SI,87,32,55
STK-20250916-BR004-SKU015128PI,20250916,BR004,SKU015128PI,115,27,88
STK-20250916-BR004-SKU015256BL,20250916,BR004,SKU015256BL,77,31,46
STK-20250916-BR004-SKU015256SI,20250916,BR004,SKU015256SI,58,28,30
STK-20250916-BR004-SKU015256PI,20250916,BR004,SKU015256PI,107,35,72
STK-20250916-BR004-SKU016128BL,20250916,BR004,SKU016128BL,97,55,42
STK-20250916-BR004-SKU016128SI,20250916,BR004,SKU016128SI,83,58,25
STK-20250916-BR004-SKU016128PI,20250916,BR004,SKU016128PI,82,64,18
STK-20250916-BR004-SKU016256BL,20250916,BR004,SKU016256BL,66,53,13
STK-20250916-BR004-SKU016256SI,20250916,BR004,SKU016256SI,80,48,32
STK-20250916-BR004-SKU016256PI,20250916,BR004,SKU016256PI,67,47,20
STK-20250916-BR004-SKU017128BL,20250916,BR004,SKU017128BL,112,83,29
STK-20250916-BR004-SKU017128SI,20250916,BR004,SKU017128SI,109,70,39
STK-20250916-BR004-SKU017128PI,20250916,BR004,SKU017128PI,101,81,20
STK-20250916-BR004-SKU017256BL,20250916,BR004,SKU017256BL,98,92,6
STK-20250916-BR004-SKU017256SI,20250916,BR004,SKU017256SI,111,98,13
STK-20250916-BR004-SKU017256PI,20250916,BR004,SKU017256PI,92,79,13
STK-20250916-BR005-SKU015128BL,20250916,BR005,SKU015128BL,71,23,48
STK-20250916-BR005-SKU015128SI,20250916,BR005,SKU015128SI,55,33,22
STK-20250916-BR005-SKU015128PI,20250916,BR005,SKU015128PI,90,26,64
STK-20250916-BR005-SKU015256BL,20250916,BR005,SKU015256BL,82,23,59
STK-20250916-BR005-SKU015256SI,20250916,BR005,SKU015256SI,118,29,89
STK-20250916-BR005-SKU015256PI,20250916,BR005,SKU015256PI,102,29,73
STK-20250916-BR005-SKU016128BL,20250916,BR005,SKU016128BL,71,60,11
STK-20250916-BR005-SKU016128SI,20250916,BR005,SKU016128SI,82,56,26
STK-20250916-BR005-SKU016128PI,20250916,BR005,SKU016128PI,107,51,56
STK-20250916-BR005-SKU016256BL,20250916,BR005,SKU016256BL,73,70,3
STK-20250916-BR005-SKU016256SI,20250916,BR005,SKU016256SI,46,45,1
STK-20250916-BR005-SKU016256PI,20250916,BR005,SKU016256PI,76,51,25
STK-20250916-BR005-SKU017128BL,20250916,BR005,SKU017128BL,75,69,6
STK-20250916-BR005-SKU017128SI,20250916,BR005,SKU017128SI,87,70,17
STK-20250916-BR005-SKU017128PI,20250916,BR005,SKU017128PI,96,89,7
STK-20250916-BR005-SKU017256BL,20250916,BR005,SKU017256BL,101,72,29
STK-20250916-BR005-SKU017256SI,20250916,BR005,SKU017256SI,81,73,8
STK-20250916-BR005-SKU017256PI,20250916,BR005,SKU017256PI,76,72,4
STK-20250917-BR000-SKU015128BL,20250917,BR000,SKU015128BL,644,0,644
STK-20250917-BR000-SKU015128SI,20250917,BR000,SKU015128SI,795,0,795
STK-20250917-BR000-SKU015128PI,20250917,BR000,SKU015128PI,930,0,930
STK-20250917-BR000-SKU015256BL,20250917,BR000,SKU015256BL,712,0,712
STK-20250917-BR000-SKU015256SI,20250917,BR000,SKU015256SI,744,0,744
STK-20250917-BR000-SKU015256PI,20250917,BR000,SKU015256PI,985,0,985
STK-20250917-BR000-SKU016128BL,20250917,BR000,SKU016128BL,632,0,632
STK-20250917-BR000-SKU016128SI,20250917,BR000,SKU016128SI,857,0,857
STK-20250917-BR000-SKU016128PI,20250917,BR000,SKU016128PI,686,0,686
STK-20250917-BR000-SKU016256BL,20250917,BR000,SKU016256BL,548,0,548
STK-20250917-BR000-SKU016256SI,20250917,BR000,SKU016256SI,855,0,855
STK-20250917-BR000-SKU016256PI,20250917,BR000,SKU016256PI,881,0,881
STK-20250917-BR000-SKU017128BL,20250917,BR000,SKU017128BL,658,0,658
STK-20250917-BR000-SKU017128SI,20250917,BR000,SKU017128SI,661,0,661
STK-20250917-BR000-SKU017128PI,20250917,BR000,SKU017128PI,617,0,617
STK-20250917-BR000-SKU017256BL,20250917,BR000,SKU017256BL,731,0,731
STK-20250917-BR000-SKU017256SI,20250917,BR000,SKU017256SI,682,0,682
STK-20250917-BR000-SKU017256PI,20250917,BR000,SKU017256PI,891,0,891
STK-20250917-BR001-SKU015128BL,20250917,BR001,SKU015128BL,76,30,46
STK-20250917-BR001-SKU015128SI,20250917,BR001,SKU015128SI,84,26,58
STK-20250917-BR001-SKU015128PI,20250917,BR001,SKU015128PI,71,31,40
STK-20250917-BR001-SKU015256BL,20250917,BR001,SKU015256BL,96,31,65
STK-20250917-BR001-SKU015256SI,20250917,BR001,SKU015256SI,90,32,58
STK-20250917-BR001-SKU015256PI,20250917,BR001,SKU015256PI,76,32,44
STK-20250917-BR001-SKU016128BL,20250917,BR001,SKU016128BL,74,54,20
STK-20250917-BR001-SKU016128SI,20250917,BR001,SKU016128SI,84,67,17
STK-20250917-BR001-SKU016128PI,20250917,BR001,SKU016128PI,64,40,24
STK-20250917-BR001-SKU016256BL,20250917,BR001,SKU016256BL,76,48,28
STK-20250917-BR001-SKU016256SI,20250917,BR001,SKU016256SI,101,61,40
STK-20250917-BR001-SKU016256PI,20250917,BR001,SKU016256PI,82,57,25
STK-20250917-BR001-SKU017128BL,20250917,BR001,SKU017128BL,111,82,29
STK-20250917-BR001-SKU017128SI,20250917,BR001,SKU017128SI,84,84,0
STK-20250917-BR001-SKU017128PI,20250917,BR001,SKU017128PI,98,95,3
STK-20250917-BR001-SKU017256BL,20250917,BR001,SKU017256BL,100,89,11
STK-20250917-BR001-SKU017256SI,20250917,BR001,SKU017256SI,90,66,24
STK-20250917-BR001-SKU017256PI,20250917,BR001,SKU017256PI,96,77,19
STK-20250917-BR002-SKU015128BL,20250917,BR002,SKU015128BL,98,28,70
STK-20250917-BR002-SKU015128SI,20250917,BR002,SKU015128SI,57,28,29
STK-20250917-BR002-SKU015128PI,20250917,BR002,SKU015128PI,99,29,70
STK-20250917-BR002-SKU015256BL,20250917,BR002,SKU015256BL,95,32,63
STK-20250917-BR002-SKU015256SI,20250917,BR002,SKU015256SI,57,29,28
STK-20250917-BR002-SKU015256PI,20250917,BR002,SKU015256PI,109,30,79
STK-20250917-BR002-SKU016128BL,20250917,BR002,SKU016128BL,65,48,17
STK-20250917-BR002-SKU016128SI,20250917,BR002,SKU016128SI,69,58,11
STK-20250917-BR002-SKU016128PI,20250917,BR002,SKU016128PI,59,54,5
STK-20250917-BR002-SKU016256BL,20250917,BR002,SKU016256BL,66,62,4
STK-20250917-BR002-SKU016256SI,20250917,BR002,SKU016256SI,70,55,15
STK-20250917-BR002-SKU016256PI,20250917,BR002,SKU016256PI,76,56,20
STK-20250917-BR002-SKU017128BL,20250917,BR002,SKU017128BL,109,82,27
STK-20250917-BR002-SKU017128SI,20250917,BR002,SKU017128SI,75,74,1
STK-20250917-BR002-SKU017128PI,20250917,BR002,SKU017128PI,96,94,2
STK-20250917-BR002-SKU017256BL,20250917,BR002,SKU017256BL,74,66,8
STK-20250917-BR002-SKU017256SI,20250917,BR002,SKU017256SI,86,75,11
STK-20250917-BR002-SKU017256PI,20250917,BR002,SKU017256PI,110,84,26
STK-20250917-BR003-SKU015128BL,20250917,BR003,SKU015128BL,90,28,62
STK-20250917-BR003-SKU015128SI,20250917,BR003,SKU015128SI,100,30,70
STK-20250917-BR003-SKU015128PI,20250917,BR003,SKU015128PI,72,34,38
STK-20250917-BR003-SKU015256BL,20250917,BR003,SKU015256BL,96,30,66
STK-20250917-BR003-SKU015256SI,20250917,BR003,SKU015256SI,120,31,89
STK-20250917-BR003-SKU015256PI,20250917,BR003,SKU015256PI,90,29,61
STK-20250917-BR003-SKU016128BL,20250917,BR003,SKU016128BL,91,57,34
STK-20250917-BR003-SKU016128SI,20250917,BR003,SKU016128SI,51,44,7
STK-20250917-BR003-SKU016128PI,20250917,BR003,SKU016128PI,88,53,35
STK-20250917-BR003-SKU016256BL,20250917,BR003,SKU016256BL,70,61,9
STK-20250917-BR003-SKU016256SI,20250917,BR003,SKU016256SI,76,63,13
STK-20250917-BR003-SKU016256PI,20250917,BR003,SKU016256PI,56,55,1
STK-20250917-BR003-SKU017128BL,20250917,BR003,SKU017128BL,124,86,38
STK-20250917-BR003-SKU017128SI,20250917,BR003,SKU017128SI,84,70,14
STK-20250917-BR003-SKU017128PI,20250917,BR003,SKU017128PI,99,76,23
STK-20250917-BR003-SKU017256BL,20250917,BR003,SKU017256BL,93,79,14
STK-20250917-BR003-SKU017256SI,20250917,BR003,SKU017256SI,89,89,0
STK-20250917-BR003-SKU017256PI,20250917,BR003,SKU017256PI,105,87,18
STK-20250917-BR004-SKU015128BL,20250917,BR004,SKU015128BL,67,31,36
STK-20250917-BR004-SKU015128SI,20250917,BR004,SKU015128SI,87,35,52
STK-20250917-BR004-SKU015128PI,20250917,BR004,SKU015128PI,115,30,85
STK-20250917-BR004-SKU015256BL,20250917,BR004,SKU015256BL,74,32,42
STK-20250917-BR004-SKU015256SI,20250917,BR004,SKU015256SI,58,31,27
STK-20250917-BR004-SKU015256PI,20250917,BR004,SKU015256PI,107,40,67
STK-20250917-BR004-SKU016128BL,20250917,BR004,SKU016128BL,90,54,36
STK-20250917-BR004-SKU016128SI,20250917,BR004,SKU016128SI,71,54,17
STK-20250917-BR004-SKU016128PI,20250917,BR004,SKU016128PI,79,64,15
STK-20250917-BR004-SKU016256BL,20250917,BR004,SKU016256BL,57,45,12
STK-20250917-BR004-SKU016256SI,20250917,BR004,SKU016256SI,80,57,23
STK-20250917-BR004-SKU016256PI,20250917,BR004,SKU016256PI,63,44,19
STK-20250917-BR004-SKU017128BL,20250917,BR004,SKU017128BL,103,82,21
STK-20250917-BR004-SKU017128SI,20250917,BR004,SKU017128SI,109,80,29
STK-20250917-BR004-SKU017128PI,20250917,BR004,SKU017128PI,100,90,10
STK-20250917-BR004-SKU017256BL,20250917,BR004,SKU017256BL,124,87,37
STK-20250917-BR004-SKU017256SI,20250917,BR004,SKU017256SI,90,84,6
STK-20250917-BR004-SKU017256PI,20250917,BR004,SKU017256PI,76,69,7
STK-20250917-BR005-SKU015128BL,20250917,BR005,SKU015128BL,71,24,47
STK-20250917-BR005-SKU015128SI,20250917,BR005,SKU015128SI,55,35,20
STK-20250917-BR005-SKU015128PI,20250917,BR005,SKU015128PI,90,28,62
STK-20250917-BR005-SKU015256BL,20250917,BR005,SKU015256BL,81,24,57
STK-20250917-BR005-SKU015256SI,20250917,BR005,SKU015256SI,118,31,87
STK-20250917-BR005-SKU015256PI,20250917,BR005,SKU015256PI,101,29,72
STK-20250917-BR005-SKU016128BL,20250917,BR005,SKU016128BL,61,55,6
STK-20250917-BR005-SKU016128SI,20250917,BR005,SKU016128SI,74,50,24
STK-20250917-BR005-SKU016128PI,20250917,BR005,SKU016128PI,104,54,50
STK-20250917-BR005-SKU016256BL,20250917,BR005,SKU016256BL,100,68,32
STK-20250917-BR005-SKU016256SI,20250917,BR005,SKU016256SI,46,46,0
STK-20250917-BR005-SKU016256PI,20250917,BR005,SKU016256PI,69,52,17
STK-20250917-BR005-SKU017128BL,20250917,BR005,SKU017128BL,101,70,31
STK-20250917-BR005-SKU017128SI,20250917,BR005,SKU017128SI,87,78,9
STK-20250917-BR005-SKU017128PI,20250917,BR005,SKU017128PI,90,88,2
STK-20250917-BR005-SKU017256BL,20250917,BR005,SKU017256BL,101,81,20
STK-20250917-BR005-SKU017256SI,20250917,BR005,SKU017256SI,74,70,4
STK-20250917-BR005-SKU017256PI,20250917,BR005,SKU017256PI,113,79,34
STK-20250918-BR000-SKU015128BL,20250918,BR000,SKU015128BL,644,0,644
STK-20250918-BR000-SKU015128SI,20250918,BR000,SKU015128SI,795,0,795
STK-20250918-BR000-SKU015128PI,20250918,BR000,SKU015128PI,930,0,930
STK-20250918-BR000-SKU015256BL,20250918,BR000,SKU015256BL,712,0,712
STK-20250918-BR000-SKU015256SI,20250918,BR000,SKU015256SI,744,0,744
STK-20250918-BR000-SKU015256PI,20250918,BR000,SKU015256PI,985,0,985
STK-20250918-BR000-SKU016128BL,20250918,BR000,SKU016128BL,632,0,632
STK-20250918-BR000-SKU016128SI,20250918,BR000,SKU016128SI,857,0,857
STK-20250918-BR000-SKU016128PI,20250918,BR000,SKU016128PI,686,0,686
STK-20250918-BR000-SKU016256BL,20250918,BR000,SKU016256BL,548,0,548
STK-20250918-BR000-SKU016256SI,20250918,BR000,SKU016256SI,855,0,855
STK-20250918-BR000-SKU016256PI,20250918,BR000,SKU016256PI,881,0,881
STK-20250918-BR000-SKU017128BL,20250918,BR000,SKU017128BL,658,0,658
STK-20250918-BR000-SKU017128SI,20250918,BR000,SKU017128SI,661,0,661
STK-20250918-BR000-SKU017128PI,20250918,BR000,SKU017128PI,617,0,617
STK-20250918-BR000-SKU017256BL,20250918,BR000,SKU017256BL,731,0,731
STK-20250918-BR000-SKU017256SI,20250918,BR000,SKU017256SI,682,0,682
STK-20250918-BR000-SKU017256PI,20250918,BR000,SKU017256PI,891,0,891
STK-20250918-BR001-SKU015128BL,20250918,BR001,SKU015128BL,76,32,44
STK-20250918-BR001-SKU015128SI,20250918,BR001,SKU015128SI,84,29,55
STK-20250918-BR001-SKU015128PI,20250918,BR001,SKU015128PI,67,28,39
STK-20250918-BR001-SKU015256BL,20250918,BR001,SKU015256BL,94,32,62
STK-20250918-BR001-SKU015256SI,20250918,BR001,SKU015256SI,90,35,55
STK-20250918-BR001-SKU015256PI,20250918,BR001,SKU015256PI,76,34,42
STK-20250918-BR001-SKU016128BL,20250918,BR001,SKU016128BL,70,57,13
STK-20250918-BR001-SKU016128SI,20250918,BR001,SKU016128SI,74,65,9
STK-20250918-BR001-SKU016128PI,20250918,BR001,SKU016128PI,64,49,15
STK-20250918-BR001-SKU016256BL,20250918,BR001,SKU016256BL,76,50,26
STK-20250918-BR001-SKU016256SI,20250918,BR001,SKU016256SI,94,56,38
STK-20250918-BR001-SKU016256PI,20250918,BR001,SKU016256PI,82,62,20
STK-20250918-BR001-SKU017128BL,20250918,BR001,SKU017128BL,102,84,18
STK-20250918-BR001-SKU017128SI,20250918,BR001,SKU017128SI,106,83,23
STK-20250918-BR001-SKU017128PI,20250918,BR001,SKU017128PI,115,82,33
STK-20250918-BR001-SKU017256BL,20250918,BR001,SKU017256BL,85,81,4
STK-20250918-BR001-SKU017256SI,20250918,BR001,SKU017256SI,89,75,14
STK-20250918-BR001-SKU017256PI,20250918,BR001,SKU017256PI,87,75,12
STK-20250918-BR002-SKU015128BL,20250918,BR002,SKU015128BL,97,29,68
STK-20250918-BR002-SKU015128SI,20250918,BR002,SKU015128SI,56,30,26
STK-20250918-BR002-SKU015128PI,20250918,BR002,SKU015128PI,99,30,69
STK-20250918-BR002-SKU015256BL,20250918,BR002,SKU015256BL,93,33,60
STK-20250918-BR002-SKU015256SI,20250918,BR002,SKU015256SI,55,29,26
STK-20250918-BR002-SKU015256PI,20250918,BR002,SKU015256PI,109,33,76
STK-20250918-BR002-SKU016128BL,20250918,BR002,SKU016128BL,62,55,7
STK-20250918-BR002-SKU016128SI,20250918,BR002,SKU016128SI,63,57,6
STK-20250918-BR002-SKU016128PI,20250918,BR002,SKU016128PI,59,57,2
STK-20250918-BR002-SKU016256BL,20250918,BR002,SKU016256BL,66,66,0
STK-20250918-BR002-SKU016256SI,20250918,BR002,SKU016256SI,66,59,7
STK-20250918-BR002-SKU016256PI,20250918,BR002,SKU016256PI,76,62,14
STK-20250918-BR002-SKU017128BL,20250918,BR002,SKU017128BL,98,79,19
STK-20250918-BR002-SKU017128SI,20250918,BR002,SKU017128SI,114,78,36
STK-20250918-BR002-SKU017128PI,20250918,BR002,SKU017128PI,128,90,38
STK-20250918-BR002-SKU017256BL,20250918,BR002,SKU017256BL,74,74,0
STK-20250918-BR002-SKU017256SI,20250918,BR002,SKU017256SI,86,78,8
STK-20250918-BR002-SKU017256PI,20250918,BR002,SKU017256PI,105,92,13
STK-20250918-BR003-SKU015128BL,20250918,BR003,SKU015128BL,88,31,57
STK-20250918-BR003-SKU015128SI,20250918,BR003,SKU015128SI,100,35,65
STK-20250918-BR003-SKU015128PI,20250918,BR003,SKU015128PI,69,33,36
STK-20250918-BR003-SKU015256BL,20250918,BR003,SKU015256BL,95,31,64
STK-20250918-BR003-SKU015256SI,20250918,BR003,SKU015256SI,117,29,88
STK-20250918-BR003-SKU015256PI,20250918,BR003,SKU015256PI,88,30,58
STK-20250918-BR003-SKU016128BL,20250918,BR003,SKU016128BL,91,60,31
STK-20250918-BR003-SKU016128SI,20250918,BR003,SKU016128SI,51,51,0
STK-20250918-BR003-SKU016128PI,20250918,BR003,SKU016128PI,88,61,27
STK-20250918-BR003-SKU016256BL,20250918,BR003,SKU016256BL,64,61,3
STK-20250918-BR003-SKU016256SI,20250918,BR003,SKU016256SI,69,62,7
STK-20250918-BR003-SKU016256PI,20250918,BR003,SKU016256PI,88,55,33
STK-20250918-BR003-SKU017128BL,20250918,BR003,SKU017128BL,124,90,34
STK-20250918-BR003-SKU017128SI,20250918,BR003,SKU017128SI,84,77,7
STK-20250918-BR003-SKU017128PI,20250918,BR003,SKU017128PI,93,77,16
STK-20250918-BR003-SKU017256BL,20250918,BR003,SKU017256BL,93,84,9
STK-20250918-BR003-SKU017256SI,20250918,BR003,SKU017256SI,128,88,40
STK-20250918-BR003-SKU017256PI,20250918,BR003,SKU017256PI,95,81,14
STK-20250918-BR004-SKU015128BL,20250918,BR004,SKU015128BL,67,32,35
STK-20250918-BR004-SKU015128SI,20250918,BR004,SKU015128SI,85,37,48
STK-20250918-BR004-SKU015128PI,20250918,BR004,SKU015128PI,113,30,83
STK-20250918-BR004-SKU015256BL,20250918,BR004,SKU015256BL,74,34,40
STK-20250918-BR004-SKU015256SI,20250918,BR004,SKU015256SI,54,28,26
STK-20250918-BR004-SKU015256PI,20250918,BR004,SKU015256PI,105,39,66
STK-20250918-BR004-SKU016128BL,20250918,BR004,SKU016128BL,90,60,30
STK-20250918-BR004-SKU016128SI,20250918,BR004,SKU016128SI,69,57,12
STK-20250918-BR004-SKU016128PI,20250918,BR004,SKU016128PI,79,71,8
STK-20250918-BR004-SKU016256BL,20250918,BR004,SKU016256BL,57,51,6
STK-20250918-BR004-SKU016256SI,20250918,BR004,SKU016256SI,74,58,16
STK-20250918-BR004-SKU016256PI,20250918,BR004,SKU016256PI,62,50,12
STK-20250918-BR004-SKU017128BL,20250918,BR004,SKU017128BL,103,88,15
STK-20250918-BR004-SKU017128SI,20250918,BR004,SKU017128SI,104,82,22
STK-20250918-BR004-SKU017128PI,20250918,BR004,SKU017128PI,95,92,3
STK-20250918-BR004-SKU017256BL,20250918,BR004,SKU017256BL,124,95,29
STK-20250918-BR004-SKU017256SI,20250918,BR004,SKU017256SI,76,75,1
STK-20250918-BR004-SKU017256PI,20250918,BR004,SKU017256PI,69,65,4
STK-20250918-BR005-SKU015128BL,20250918,BR005,SKU015128BL,70,24,46
STK-20250918-BR005-SKU015128SI,20250918,BR005,SKU015128SI,55,37,18
STK-20250918-BR005-SKU015128PI,20250918,BR005,SKU015128PI,90,32,58
STK-20250918-BR005-SKU015256BL,20250918,BR005,SKU015256BL,81,25,56
STK-20250918-BR005-SKU015256SI,20250918,BR005,SKU015256SI,117,33,84
STK-20250918-BR005-SKU015256PI,20250918,BR005,SKU015256PI,101,32,69
STK-20250918-BR005-SKU016128BL,20250918,BR005,SKU016128BL,61,59,2
STK-20250918-BR005-SKU016128SI,20250918,BR005,SKU016128SI,74,56,18
STK-20250918-BR005-SKU016128PI,20250918,BR005,SKU016128PI,104,57,47
STK-20250918-BR005-SKU016256BL,20250918,BR005,SKU016256BL,91,66,25
STK-20250918-BR005-SKU016256SI,20250918,BR005,SKU016256SI,75,51,24
STK-20250918-BR005-SKU016256PI,20250918,BR005,SKU016256PI,65,54,11
STK-20250918-BR005-SKU017128BL,20250918,BR005,SKU017128BL,96,71,25
STK-20250918-BR005-SKU017128SI,20250918,BR005,SKU017128SI,81,78,3
STK-20250918-BR005-SKU017128PI,20250918,BR005,SKU017128PI,105,83,22
STK-20250918-BR005-SKU017256BL,20250918,BR005,SKU017256BL,101,90,11
STK-20250918-BR005-SKU017256SI,20250918,BR005,SKU017256SI,104,78,26
STK-20250918-BR005-SKU017256PI,20250918,BR005,SKU017256PI,106,82,24
STK-20250919-BR000-SKU015128BL,20250919,BR000,SKU015128BL,644,0,644
STK-20250919-BR000-SKU015128SI,20250919,BR000,SKU015128SI,795,0,795
STK-20250919-BR000-SKU015128PI,20250919,BR000,SKU015128PI,930,0,930
STK-20250919-BR000-SKU015256BL,20250919,BR000,SKU015256BL,712,0,712
STK-20250919-BR000-SKU015256SI,20250919,BR000,SKU015256SI,744,0,744
STK-20250919-BR000-SKU015256PI,20250919,BR000,SKU015256PI,985,0,985
STK-20250919-BR000-SKU016128BL,20250919,BR000,SKU016128BL,632,0,632
STK-20250919-BR000-SKU016128SI,20250919,BR000,SKU016128SI,857,0,857
STK-20250919-BR000-SKU016128PI,20250919,BR000,SKU016128PI,686,0,686
STK-20250919-BR000-SKU016256BL,20250919,BR000,SKU016256BL,548,0,548
STK-20250919-BR000-SKU016256SI,20250919,BR000,SKU016256SI,855,0,855
STK-20250919-BR000-SKU016256PI,20250919,BR000,SKU016256PI,881,0,881
STK-20250919-BR000-SKU017128BL,20250919,BR000,SKU017128BL,658,0,658
STK-20250919-BR000-SKU017128SI,20250919,BR000,SKU017128SI,661,0,661
STK-20250919-BR000-SKU017128PI,20250919,BR000,SKU017128PI,617,0,617
STK-20250919-BR000-SKU017256BL,20250919,BR000,SKU017256BL,731,0,731
STK-20250919-BR000-SKU017256SI,20250919,BR000,SKU017256SI,682,0,682
STK-20250919-BR000-SKU017256PI,20250919,BR000,SKU017256PI,891,0,891
STK-20250919-BR001-SKU015128BL,20250919,BR001,SKU015128BL,75,33,42
STK-20250919-BR001-SKU015128SI,20250919,BR001,SKU015128SI,84,34,50
STK-20250919-BR001-SKU015128PI,20250919,BR001,SKU015128PI,67,33,34
STK-20250919-BR001-SKU015256BL,20250919,BR001,SKU015256BL,94,35,59
STK-20250919-BR001-SKU015256SI,20250919,BR001,SKU015256SI,89,39,50
STK-20250919-BR001-SKU015256PI,20250919,BR001,SKU015256PI,76,37,39
STK-20250919-BR001-SKU016128BL,20250919,BR001,SKU016128BL,70,67,3
STK-20250919-BR001-SKU016128SI,20250919,BR001,SKU016128SI,69,63,6
STK-20250919-BR001-SKU016128PI,20250919,BR001,SKU016128PI,61,50,11
STK-20250919-BR001-SKU016256BL,20250919,BR001,SKU016256BL,72,48,24
STK-20250919-BR001-SKU016256SI,20250919,BR001,SKU016256SI,94,63,31
STK-20250919-BR001-SKU016256PI,20250919,BR001,SKU016256PI,80,66,14
STK-20250919-BR001-SKU017128BL,20250919,BR001,SKU017128BL,102,92,10
STK-20250919-BR001-SKU017128SI,20250919,BR001,SKU017128SI,96,84,12
STK-20250919-BR001-SKU017128PI,20250919,BR001,SKU017128PI,115,87,28
STK-20250919-BR001-SKU017256BL,20250919,BR001,SKU017256BL,107,83,24
STK-20250919-BR001-SKU017256SI,20250919,BR001,SKU017256SI,83,79,4
STK-20250919-BR001-SKU017256PI,20250919,BR001,SKU017256PI,79,74,5
STK-20250919-BR002-SKU015128BL,20250919,BR002,SKU015128BL,97,30,67
STK-20250919-BR002-SKU015128SI,20250919,BR002,SKU015128SI,54,32,22
STK-20250919-BR002-SKU015128PI,20250919,BR002,SKU015128PI,99,34,65
STK-20250919-BR002-SKU015256BL,20250919,BR002,SKU015256BL,93,35,58
STK-20250919-BR002-SKU015256SI,20250919,BR002,SKU015256SI,54,31,23
STK-20250919-BR002-SKU015256PI,20250919,BR002,SKU015256PI,107,34,73
STK-20250919-BR002-SKU016128BL,20250919,BR002,SKU016128BL,61,59,2
STK-20250919-BR002-SKU016128SI,20250919,BR002,SKU016128SI,61,60,1
STK-20250919-BR002-SKU016128PI,20250919,BR002,SKU016128PI,93,62,31
STK-20250919-BR002-SKU016256BL,20250919,BR002,SKU016256BL,83,62,21
STK-20250919-BR002-SKU016256SI,20250919,BR002,SKU016256SI,66,64,2
STK-20250919-BR002-SKU016256PI,20250919,BR002,SKU016256PI,72,64,8
STK-20250919-BR002-SKU017128BL,20250919,BR002,SKU017128BL,98,90,8
STK-20250919-BR002-SKU017128SI,20250919,BR002,SKU017128SI,112,84,28
STK-20250919-BR002-SKU017128PI,20250919,BR002,SKU017128PI,117,84,33
STK-20250919-BR002-SKU017256BL,20250919,BR002,SKU017256BL,119,83,36
STK-20250919-BR002-SKU017256SI,20250919,BR002,SKU017256SI,78,75,3
STK-20250919-BR002-SKU017256PI,20250919,BR002,SKU017256PI,105,97,8
STK-20250919-BR003-SKU015128BL,20250919,BR003,SKU015128BL,84,32,52
STK-20250919-BR003-SKU015128SI,20250919,BR003,SKU015128SI,95,34,61
STK-20250919-BR003-SKU015128PI,20250919,BR003,SKU015128PI,66,33,33
STK-20250919-BR003-SKU015256BL,20250919,BR003,SKU015256BL,92,30,62
STK-20250919-BR003-SKU015256SI,20250919,BR003,SKU015256SI,115,31,84
STK-20250919-BR003-SKU015256PI,20250919,BR003,SKU015256PI,87,33,54
STK-20250919-BR003-SKU016128BL,20250919,BR003,SKU016128BL,91,61,30
STK-20250919-BR003-SKU016128SI,20250919,BR003,SKU016128SI,88,55,33
STK-20250919-BR003-SKU016128PI,20250919,BR003,SKU016128PI,85,68,17
STK-20250919-BR003-SKU016256BL,20250919,BR003,SKU016256BL,64,63,1
STK-20250919-BR003-SKU016256SI,20250919,BR003,SKU016256SI,65,62,3
STK-20250919-BR003-SKU016256PI,20250919,BR003,SKU016256PI,88,57,31
STK-20250919-BR003-SKU017128BL,20250919,BR003,SKU017128BL,121,98,23
STK-20250919-BR003-SKU017128SI,20250919,BR003,SKU017128SI,76,74,2
STK-20250919-BR003-SKU017128PI,20250919,BR003,SKU017128PI,89,81,8
STK-20250919-BR003-SKU017256BL,20250919,BR003,SKU017256BL,85,82,3
STK-20250919-BR003-SKU017256SI,20250919,BR003,SKU017256SI,116,90,26
STK-20250919-BR003-SKU017256PI,20250919,BR003,SKU017256PI,95,87,8
STK-20250919-BR004-SKU015128BL,20250919,BR004,SKU015128BL,67,34,33
STK-20250919-BR004-SKU015128SI,20250919,BR004,SKU015128SI,85,38,47
STK-20250919-BR004-SKU015128PI,20250919,BR004,SKU015128PI,113,31,82
STK-20250919-BR004-SKU015256BL,20250919,BR004,SKU015256BL,72,33,39
STK-20250919-BR004-SKU015256SI,20250919,BR004,SKU015256SI,54,31,23
STK-20250919-BR004-SKU015256PI,20250919,BR004,SKU015256PI,99,34,65
STK-20250919-BR004-SKU016128BL,20250919,BR004,SKU016128BL,87,66,21
STK-20250919-BR004-SKU016128SI,20250919,BR004,SKU016128SI,69,60,9
STK-20250919-BR004-SKU016128PI,20250919,BR004,SKU016128PI,64,57,7
STK-20250919-BR004-SKU016256BL,20250919,BR004,SKU016256BL,54,53,1
STK-20250919-BR004-SKU016256SI,20250919,BR004,SKU016256SI,73,59,14
STK-20250919-BR004-SKU016256PI,20250919,BR004,SKU016256PI,55,46,9
STK-20250919-BR004-SKU017128BL,20250919,BR004,SKU017128BL,103,94,9
STK-20250919-BR004-SKU017128SI,20250919,BR004,SKU017128SI,101,83,18
STK-20250919-BR004-SKU017128PI,20250919,BR004,SKU017128PI,123,98,25
STK-20250919-BR004-SKU017256BL,20250919,BR004,SKU017256BL,120,101,19
STK-20250919-BR004-SKU017256SI,20250919,BR004,SKU017256SI,119,82,37
STK-20250919-BR004-SKU017256PI,20250919,BR004,SKU017256PI,105,72,33
STK-20250919-BR005-SKU015128BL,20250919,BR005,SKU015128BL,70,25,45
STK-20250919-BR005-SKU015128SI,20250919,BR005,SKU015128SI,53,38,15
STK-20250919-BR005-SKU015128PI,20250919,BR005,SKU015128PI,90,35,55
STK-20250919-BR005-SKU015256BL,20250919,BR005,SKU015256BL,81,28,53
STK-20250919-BR005-SKU015256SI,20250919,BR005,SKU015256SI,112,30,82
STK-20250919-BR005-SKU015256PI,20250919,BR005,SKU015256PI,99,35,64
STK-20250919-BR005-SKU016128BL,20250919,BR005,SKU016128BL,101,64,37
STK-20250919-BR005-SKU016128SI,20250919,BR005,SKU016128SI,68,51,17
STK-20250919-BR005-SKU016128PI,20250919,BR005,SKU016128PI,95,54,41
STK-20250919-BR005-SKU016256BL,20250919,BR005,SKU016256BL,82,62,20
STK-20250919-BR005-SKU016256SI,20250919,BR005,SKU016256SI,75,57,18
STK-20250919-BR005-SKU016256PI,20250919,BR005,SKU016256PI,65,60,5
STK-20250919-BR005-SKU017128BL,20250919,BR005,SKU017128BL,88,69,19
STK-20250919-BR005-SKU017128SI,20250919,BR005,SKU017128SI,119,89,30
STK-20250919-BR005-SKU017128PI,20250919,BR005,SKU017128PI,105,95,10
STK-20250919-BR005-SKU017256BL,20250919,BR005,SKU017256BL,85,85,0
STK-20250919-BR005-SKU017256SI,20250919,BR005,SKU017256SI,94,76,18
STK-20250919-BR005-SKU017256PI,20250919,BR005,SKU017256PI,106,87,19
STK-20250920-BR000-SKU015128BL,20250920,BR000,SKU015128BL,644,0,644
STK-20250920-BR000-SKU015128SI,20250920,BR000,SKU015128SI,795,0,795
STK-20250920-BR000-SKU015128PI,20250920,BR000,SKU015128PI,930,0,930
STK-20250920-BR000-SKU015256BL,20250920,BR000,SKU015256BL,712,0,712
STK-20250920-BR000-SKU015256SI,20250920,BR000,SKU015256SI,744,0,744
STK-20250920-BR000-SKU015256PI,20250920,BR000,SKU015256PI,985,0,985
STK-20250920-BR000-SKU016128BL,20250920,BR000,SKU016128BL,632,0,632
STK-20250920-BR000-SKU016128SI,20250920,BR000,SKU016128SI,857,0,857
STK-20250920-BR000-SKU016128PI,20250920,BR000,SKU016128PI,686,0,686
STK-20250920-BR000-SKU016256BL,20250920,BR000,SKU016256BL,548,0,548
STK-20250920-BR000-SKU016256SI,20250920,BR000,SKU016256SI,855,0,855
STK-20250920-BR000-SKU016256PI,20250920,BR000,SKU016256PI,881,0,881
STK-20250920-BR000-SKU017128BL,20250920,BR000,SKU017128BL,658,0,658
STK-20250920-BR000-SKU017128SI,20250920,BR000,SKU017128SI,661,0,661
STK-20250920-BR000-SKU017128PI,20250920,BR000,SKU017128PI,617,0,617
STK-20250920-BR000-SKU017256BL,20250920,BR000,SKU017256BL,731,0,731
STK-20250920-BR000-SKU017256SI,20250920,BR000,SKU017256SI,682,0,682
STK-20250920-BR000-SKU017256PI,20250920,BR000,SKU017256PI,891,0,891
STK-20250920-BR001-SKU015128BL,20250920,BR001,SKU015128BL,116,33,83
STK-20250920-BR001-SKU015128SI,20250920,BR001,SKU015128SI,123,35,88
STK-20250920-BR001-SKU015128PI,20250920,BR001,SKU015128PI,127,39,88
STK-20250920-BR001-SKU015256BL,20250920,BR001,SKU015256BL,143,39,104
STK-20250920-BR001-SKU015256SI,20250920,BR001,SKU015256SI,121,36,85
STK-20250920-BR001-SKU015256PI,20250920,BR001,SKU015256PI,115,38,77
STK-20250920-BR001-SKU016128BL,20250920,BR001,SKU016128BL,110,70,40
STK-20250920-BR001-SKU016128SI,20250920,BR001,SKU016128SI,103,62,41
STK-20250920-BR001-SKU016128PI,20250920,BR001,SKU016128PI,90,54,36
STK-20250920-BR001-SKU016256BL,20250920,BR001,SKU016256BL,121,52,69
STK-20250920-BR001-SKU016256SI,20250920,BR001,SKU016256SI,138,62,76
STK-20250920-BR001-SKU016256PI,20250920,BR001,SKU016256PI,121,64,57
STK-20250920-BR001-SKU017128BL,20250920,BR001,SKU017128BL,158,102,56
STK-20250920-BR001-SKU017128SI,20250920,BR001,SKU017128SI,153,94,59
STK-20250920-BR001-SKU017128PI,20250920,BR001,SKU017128PI,175,92,83
STK-20250920-BR001-SKU017256BL,20250920,BR001,SKU017256BL,149,87,62
STK-20250920-BR001-SKU017256SI,20250920,BR001,SKU017256SI,118,88,30
STK-20250920-BR001-SKU017256PI,20250920,BR001,SKU017256PI,115,82,33
STK-20250920-BR002-SKU015128BL,20250920,BR002,SKU015128BL,127,32,95
STK-20250920-BR002-SKU015128SI,20250920,BR002,SKU015128SI,98,29,69
STK-20250920-BR002-SKU015128PI,20250920,BR002,SKU015128PI,130,34,96
STK-20250920-BR002-SKU015256BL,20250920,BR002,SKU015256BL,150,36,114
STK-20250920-BR002-SKU015256SI,20250920,BR002,SKU015256SI,94,32,62
STK-20250920-BR002-SKU015256PI,20250920,BR002,SKU015256PI,151,36,115
STK-20250920-BR002-SKU016128BL,20250920,BR002,SKU016128BL,105,62,43
STK-20250920-BR002-SKU016128SI,20250920,BR002,SKU016128SI,96,64,32
STK-20250920-BR002-SKU016128PI,20250920,BR002,SKU016128PI,139,65,74
STK-20250920-BR002-SKU016256BL,20250920,BR002,SKU016256BL,125,57,68
STK-20250920-BR002-SKU016256SI,20250920,BR002,SKU016256SI,121,70,51
STK-20250920-BR002-SKU016256PI,20250920,BR002,SKU016256PI,118,65,53
STK-20250920-BR002-SKU017128BL,20250920,BR002,SKU017128BL,146,96,50
STK-20250920-BR002-SKU017128SI,20250920,BR002,SKU017128SI,139,83,56
STK-20250920-BR002-SKU017128PI,20250920,BR002,SKU017128PI,159,90,69
STK-20250920-BR002-SKU017256BL,20250920,BR002,SKU017256BL,157,86,71
STK-20250920-BR002-SKU017256SI,20250920,BR002,SKU017256SI,124,68,56
STK-20250920-BR002-SKU017256PI,20250920,BR002,SKU017256PI,153,99,54
STK-20250920-BR003-SKU015128BL,20250920,BR003,SKU015128BL,135,34,101
STK-20250920-BR003-SKU015128SI,20250920,BR003,SKU015128SI,131,36,95
STK-20250920-BR003-SKU015128PI,20250920,BR003,SKU015128PI,108,36,72
STK-20250920-BR003-SKU015256BL,20250920,BR003,SKU015256BL,128,33,95
STK-20250920-BR003-SKU015256SI,20250920,BR003,SKU015256SI,147,32,115
STK-20250920-BR003-SKU015256PI,20250920,BR003,SKU015256PI,129,36,93
STK-20250920-BR003-SKU016128BL,20250920,BR003,SKU016128BL,123,65,58
STK-20250920-BR003-SKU016128SI,20250920,BR003,SKU016128SI,123,55,68
STK-20250920-BR003-SKU016128PI,20250920,BR003,SKU016128PI,114,74,40
STK-20250920-BR003-SKU016256BL,20250920,BR003,SKU016256BL,116,64,52
STK-20250920-BR003-SKU016256SI,20250920,BR003,SKU016256SI,109,69,40
STK-20250920-BR003-SKU016256PI,20250920,BR003,SKU016256PI,120,54,66
STK-20250920-BR003-SKU017128BL,20250920,BR003,SKU017128BL,146,88,58
STK-20250920-BR003-SKU017128SI,20250920,BR003,SKU017128SI,107,79,28
STK-20250920-BR003-SKU017128PI,20250920,BR003,SKU017128PI,122,91,31
STK-20250920-BR003-SKU017256BL,20250920,BR003,SKU017256BL,130,87,43
STK-20250920-BR003-SKU017256SI,20250920,BR003,SKU017256SI,140,90,50
STK-20250920-BR003-SKU017256PI,20250920,BR003,SKU017256PI,146,90,56
STK-20250920-BR004-SKU015128BL,20250920,BR004,SKU015128BL,107,33,74
STK-20250920-BR004-SKU015128SI,20250920,BR004,SKU015128SI,143,37,106
STK-20250920-BR004-SKU015128PI,20250920,BR004,SKU015128PI,171,32,139
STK-20250920-BR004-SKU015256BL,20250920,BR004,SKU015256BL,101,29,72
STK-20250920-BR004-SKU015256SI,20250920,BR004,SKU015256SI,98,34,64
STK-20250920-BR004-SKU015256PI,20250920,BR004,SKU015256PI,152,36,116
STK-20250920-BR004-SKU016128BL,20250920,BR004,SKU016128BL,113,69,44
STK-20250920-BR004-SKU016128SI,20250920,BR004,SKU016128SI,103,63,40
STK-20250920-BR004-SKU016128PI,20250920,BR004,SKU016128PI,119,60,59
STK-20250920-BR004-SKU016256BL,20250920,BR004,SKU016256BL,90,57,33
STK-20250920-BR004-SKU016256SI,20250920,BR004,SKU016256SI,125,65,60
STK-20250920-BR004-SKU016256PI,20250920,BR004,SKU016256PI,113,51,62
STK-20250920-BR004-SKU017128BL,20250920,BR004,SKU017128BL,145,98,47
STK-20250920-BR004-SKU017128SI,20250920,BR004,SKU017128SI,135,85,50
STK-20250920-BR004-SKU017128PI,20250920,BR004,SKU017128PI,172,108,64
STK-20250920-BR004-SKU017256BL,20250920,BR004,SKU017256BL,137,91,46
STK-20250920-BR004-SKU017256SI,20250920,BR004,SKU017256SI,165,91,74
STK-20250920-BR004-SKU017256PI,20250920,BR004,SKU017256PI,161,82,79
STK-20250920-BR005-SKU015128BL,20250920,BR005,SKU015128BL,124,27,97
STK-20250920-BR005-SKU015128SI,20250920,BR005,SKU015128SI,92,39,53
STK-20250920-BR005-SKU015128PI,20250920,BR005,SKU015128PI,145,37,108
STK-20250920-BR005-SKU015256BL,20250920,BR005,SKU015256BL,139,31,108
STK-20250920-BR005-SKU015256SI,20250920,BR005,SKU015256SI,162,32,130
STK-20250920-BR005-SKU015256PI,20250920,BR005,SKU015256PI,143,35,108
STK-20250920-BR005-SKU016128BL,20250920,BR005,SKU016128BL,136,64,72
STK-20250920-BR005-SKU016128SI,20250920,BR005,SKU016128SI,116,56,60
STK-20250920-BR005-SKU016128PI,20250920,BR005,SKU016128PI,127,64,63
STK-20250920-BR005-SKU016256BL,20250920,BR005,SKU016256BL,130,70,60
STK-20250920-BR005-SKU016256SI,20250920,BR005,SKU016256SI,105,60,45
STK-20250920-BR005-SKU016256PI,20250920,BR005,SKU016256PI,108,64,44
STK-20250920-BR005-SKU017128BL,20250920,BR005,SKU017128BL,138,68,70
STK-20250920-BR005-SKU017128SI,20250920,BR005,SKU017128SI,156,102,54
STK-20250920-BR005-SKU017128PI,20250920,BR005,SKU017128PI,134,97,37
STK-20250920-BR005-SKU017256BL,20250920,BR005,SKU017256BL,135,83,52
STK-20250920-BR005-SKU017256SI,20250920,BR005,SKU017256SI,139,77,62
STK-20250920-BR005-SKU017256PI,20250920,BR005,SKU017256PI,158,93,65
STK-20250921-BR000-SKU015128BL,20250921,BR000,SKU015128BL,644,0,644
STK-20250921-BR000-SKU015128SI,20250921,BR000,SKU015128SI,795,0,795
STK-20250921-BR000-SKU015128PI,20250921,BR000,SKU015128PI,930,0,930
STK-20250921-BR000-SKU015256BL,20250921,BR000,SKU015256BL,712,0,712
STK-20250921-BR000-SKU015256SI,20250921,BR000,SKU015256SI,744,0,744
STK-20250921-BR000-SKU015256PI,20250921,BR000,SKU015256PI,985,0,985
STK-20250921-BR000-SKU016128BL,20250921,BR000,SKU016128BL,632,0,632
STK-20250921-BR000-SKU016128SI,20250921,BR000,SKU016128SI,857,0,857
STK-20250921-BR000-SKU016128PI,20250921,BR000,SKU016128PI,686,0,686
STK-20250921-BR000-SKU016256BL,20250921,BR000,SKU016256BL,548,0,548
STK-20250921-BR000-SKU016256SI,20250921,BR000,SKU016256SI,855,0,855
STK-20250921-BR000-SKU016256PI,20250921,BR000,SKU016256PI,881,0,881
STK-20250921-BR000-SKU017128BL,20250921,BR000,SKU017128BL,658,0,658
STK-20250921-BR000-SKU017128SI,20250921,BR000,SKU017128SI,661,0,661
STK-20250921-BR000-SKU017128PI,20250921,BR000,SKU017128PI,617,0,617
STK-20250921-BR000-SKU017256BL,20250921,BR000,SKU017256BL,731,0,731
STK-20250921-BR000-SKU017256SI,20250921,BR000,SKU017256SI,682,0,682
STK-20250921-BR000-SKU017256PI,20250921,BR000,SKU017256PI,891,0,891
STK-20250921-BR001-SKU015128BL,20250921,BR001,SKU015128BL,116,36,80
STK-20250921-BR001-SKU015128SI,20250921,BR001,SKU015128SI,119,32,87
STK-20250921-BR001-SKU015128PI,20250921,BR001,SKU015128PI,124,37,87
STK-20250921-BR001-SKU015256BL,20250921,BR001,SKU015256BL,143,40,103
STK-20250921-BR001-SKU015256SI,20250921,BR001,SKU015256SI,119,36,83
STK-20250921-BR001-SKU015256PI,20250921,BR001,SKU015256PI,114,41,73
STK-20250921-BR001-SKU016128BL,20250921,BR001,SKU016128BL,100,67,33
STK-20250921-BR001-SKU016128SI,20250921,BR001,SKU016128SI,102,69,33
STK-20250921-BR001-SKU016128PI,20250921,BR001,SKU016128PI,88,57,31
STK-20250921-BR001-SKU016256BL,20250921,BR001,SKU016256BL,120,56,64
STK-20250921-BR001-SKU016256SI,20250921,BR001,SKU016256SI,138,68,70
STK-20250921-BR001-SKU016256PI,20250921,BR001,SKU016256PI,121,68,53
STK-20250921-BR001-SKU017128BL,20250921,BR001,SKU017128BL,142,96,46
STK-20250921-BR001-SKU017128SI,20250921,BR001,SKU017128SI,153,104,49
STK-20250921-BR001-SKU017128PI,20250921,BR001,SKU017128PI,167,96,71
STK-20250921-BR001-SKU017256BL,20250921,BR001,SKU017256BL,139,85,54
STK-20250921-BR001-SKU017256SI,20250921,BR001,SKU017256SI,118,92,26
STK-20250921-BR001-SKU017256PI,20250921,BR001,SKU017256PI,111,82,29
STK-20250921-BR002-SKU015128BL,20250921,BR002,SKU015128BL,127,37,90
STK-20250921-BR002-SKU015128SI,20250921,BR002,SKU015128SI,97,34,63
STK-20250921-BR002-SKU015128PI,20250921,BR002,SKU015128PI,128,36,92
STK-20250921-BR002-SKU015256BL,20250921,BR002,SKU015256BL,147,35,112
STK-20250921-BR002-SKU015256SI,20250921,BR002,SKU015256SI,94,38,56
STK-20250921-BR002-SKU015256PI,20250921,BR002,SKU015256PI,150,41,109
STK-20250921-BR002-SKU016128BL,20250921,BR002,SKU016128BL,105,67,38
STK-20250921-BR002-SKU016128SI,20250921,BR002,SKU016128SI,96,67,29
STK-20250921-BR002-SKU016128PI,20250921,BR002,SKU016128PI,137,67,70
STK-20250921-BR002-SKU016256BL,20250921,BR002,SKU016256BL,124,65,59
STK-20250921-BR002-SKU016256SI,20250921,BR002,SKU016256SI,118,76,42
STK-20250921-BR002-SKU016256PI,20250921,BR002,SKU016256PI,110,67,43
STK-20250921-BR002-SKU017128BL,20250921,BR002,SKU017128BL,135,90,45
STK-20250921-BR002-SKU017128SI,20250921,BR002,SKU017128SI,131,86,45
STK-20250921-BR002-SKU017128PI,20250921,BR002,SKU017128PI,151,88,63
STK-20250921-BR002-SKU017256BL,20250921,BR002,SKU017256BL,157,93,64
STK-20250921-BR002-SKU017256SI,20250921,BR002,SKU017256SI,120,70,50
STK-20250921-BR002-SKU017256PI,20250921,BR002,SKU017256PI,153,106,47
STK-20250921-BR003-SKU015128BL,20250921,BR003,SKU015128BL,135,35,100
STK-20250921-BR003-SKU015128SI,20250921,BR003,SKU015128SI,131,39,92
STK-20250921-BR003-SKU015128PI,20250921,BR003,SKU015128PI,108,37,71
STK-20250921-BR003-SKU015256BL,20250921,BR003,SKU015256BL,127,38,89
STK-20250921-BR003-SKU015256SI,20250921,BR003,SKU015256SI,147,38,109
STK-20250921-BR003-SKU015256PI,20250921,BR003,SKU015256PI,129,39,90
STK-20250921-BR003-SKU016128BL,20250921,BR003,SKU016128BL,119,69,50
STK-20250921-BR003-SKU016128SI,20250921,BR003,SKU016128SI,120,57,63
STK-20250921-BR003-SKU016128PI,20250921,BR003,SKU016128PI,105,74,31
STK-20250921-BR003-SKU016256BL,20250921,BR003,SKU016256BL,116,68,48
STK-20250921-BR003-SKU016256SI,20250921,BR003,SKU016256SI,109,74,35
STK-20250921-BR003-SKU016256PI,20250921,BR003,SKU016256PI,120,60,60
STK-20250921-BR003-SKU017128BL,20250921,BR003,SKU017128BL,146,92,54
STK-20250921-BR003-SKU017128SI,20250921,BR003,SKU017128SI,96,74,22
STK-20250921-BR003-SKU017128PI,20250921,BR003,SKU017128PI,122,102,20
STK-20250921-BR003-SKU017256BL,20250921,BR003,SKU017256BL,120,87,33
STK-20250921-BR003-SKU017256SI,20250921,BR003,SKU017256SI,140,104,36
STK-20250921-BR003-SKU017256PI,20250921,BR003,SKU017256PI,143,97,46
STK-20250921-BR004-SKU015128BL,20250921,BR004,SKU015128BL,107,35,72
STK-20250921-BR004-SKU015128SI,20250921,BR004,SKU015128SI,143,40,103
STK-20250921-BR004-SKU015128PI,20250921,BR004,SKU015128PI,171,34,137
STK-20250921-BR004-SKU015256BL,20250921,BR004,SKU015256BL,100,32,68
STK-20250921-BR004-SKU015256SI,20250921,BR004,SKU015256SI,98,35,63
STK-20250921-BR004-SKU015256PI,20250921,BR004,SKU015256PI,151,39,112
STK-20250921-BR004-SKU016128BL,20250921,BR004,SKU016128BL,113,72,41
STK-20250921-BR004-SKU016128SI,20250921,BR004,SKU016128SI,103,68,35
STK-20250921-BR004-SKU016128PI,20250921,BR004,SKU016128PI,119,65,54
STK-20250921-BR004-SKU016256BL,20250921,BR004,SKU016256BL,88,59,29
STK-20250921-BR004-SKU016256SI,20250921,BR004,SKU016256SI,125,68,57
STK-20250921-BR004-SKU016256PI,20250921,BR004,SKU016256PI,109,53,56
STK-20250921-BR004-SKU017128BL,20250921,BR004,SKU017128BL,132,95,37
STK-20250921-BR004-SKU017128SI,20250921,BR004,SKU017128SI,131,94,37
STK-20250921-BR004-SKU017128PI,20250921,BR004,SKU017128PI,172,113,59
STK-20250921-BR004-SKU017256BL,20250921,BR004,SKU017256BL,135,100,35
STK-20250921-BR004-SKU017256SI,20250921,BR004,SKU017256SI,165,103,62
STK-20250921-BR004-SKU017256PI,20250921,BR004,SKU017256PI,160,89,71
STK-20250921-BR005-SKU015128BL,20250921,BR005,SKU015128BL,124,28,96
STK-20250921-BR005-SKU015128SI,20250921,BR005,SKU015128SI,92,44,48
STK-20250921-BR005-SKU015128PI,20250921,BR005,SKU015128PI,145,40,105
STK-20250921-BR005-SKU015256BL,20250921,BR005,SKU015256BL,135,28,107
STK-20250921-BR005-SKU015256SI,20250921,BR005,SKU015256SI,162,33,129
STK-20250921-BR005-SKU015256PI,20250921,BR005,SKU015256PI,141,34,107
STK-20250921-BR005-SKU016128BL,20250921,BR005,SKU016128BL,126,58,68
STK-20250921-BR005-SKU016128SI,20250921,BR005,SKU016128SI,112,55,57
STK-20250921-BR005-SKU016128PI,20250921,BR005,SKU016128PI,122,66,56
STK-20250921-BR005-SKU016256BL,20250921,BR005,SKU016256BL,130,75,55
STK-20250921-BR005-SKU016256SI,20250921,BR005,SKU016256SI,101,64,37
STK-20250921-BR005-SKU016256PI,20250921,BR005,SKU016256PI,101,61,40
STK-20250921-BR005-SKU017128BL,20250921,BR005,SKU017128BL,138,72,66
STK-20250921-BR005-SKU017128SI,20250921,BR005,SKU017128SI,150,107,43
STK-20250921-BR005-SKU017128PI,20250921,BR005,SKU017128PI,130,104,26
STK-20250921-BR005-SKU017256BL,20250921,BR005,SKU017256BL,125,87,38
STK-20250921-BR005-SKU017256SI,20250921,BR005,SKU017256SI,132,80,52
STK-20250921-BR005-SKU017256PI,20250921,BR005,SKU017256PI,152,94,58
STK-20250922-BR000-SKU015128BL,20250922,BR000,SKU015128BL,644,0,644
STK-20250922-BR000-SKU015128SI,20250922,BR000,SKU015128SI,795,0,795
STK-20250922-BR000-SKU015128PI,20250922,BR000,SKU015128PI,930,0,930
STK-20250922-BR000-SKU015256BL,20250922,BR000,SKU015256BL,712,0,712
STK-20250922-BR000-SKU015256SI,20250922,BR000,SKU015256SI,744,0,744
STK-20250922-BR000-SKU015256PI,20250922,BR000,SKU015256PI,985,0,985
STK-20250922-BR000-SKU016128BL,20250922,BR000,SKU016128BL,632,0,632
STK-20250922-BR000-SKU016128SI,20250922,BR000,SKU016128SI,857,0,857
STK-20250922-BR000-SKU016128PI,20250922,BR000,SKU016128PI,686,0,686
STK-20250922-BR000-SKU016256BL,20250922,BR000,SKU016256BL,548,0,548
STK-20250922-BR000-SKU016256SI,20250922,BR000,SKU016256SI,855,0,855
STK-20250922-BR000-SKU016256PI,20250922,BR000,SKU016256PI,881,0,881
STK-20250922-BR000-SKU017128BL,20250922,BR000,SKU017128BL,658,0,658
STK-20250922-BR000-SKU017128SI,20250922,BR000,SKU017128SI,661,0,661
STK-20250922-BR000-SKU017128PI,20250922,BR000,SKU017128PI,617,0,617
STK-20250922-BR000-SKU017256BL,20250922,BR000,SKU017256BL,731,0,731
STK-20250922-BR000-SKU017256SI,20250922,BR000,SKU017256SI,682,0,682
STK-20250922-BR000-SKU017256PI,20250922,BR000,SKU017256PI,891,0,891
STK-20250922-BR001-SKU015128BL,20250922,BR001,SKU015128BL,114,35,79
STK-20250922-BR001-SKU015128SI,20250922,BR001,SKU015128SI,117,32,85
STK-20250922-BR001-SKU015128PI,20250922,BR001,SKU015128PI,122,36,86
STK-20250922-BR001-SKU015256BL,20250922,BR001,SKU015256BL,140,38,102
STK-20250922-BR001-SKU015256SI,20250922,BR001,SKU015256SI,116,34,82
STK-20250922-BR001-SKU015256PI,20250922,BR001,SKU015256PI,108,39,69
STK-20250922-BR001-SKU016128BL,20250922,BR001,SKU016128BL,100,72,28
STK-20250922-BR001-SKU016128SI,20250922,BR001,SKU016128SI,102,75,27
STK-20250922-BR001-SKU016128PI,20250922,BR001,SKU016128PI,84,58,26
STK-20250922-BR001-SKU016256BL,20250922,BR001,SKU016256BL,120,63,57
STK-20250922-BR001-SKU016256SI,20250922,BR001,SKU016256SI,134,69,65
STK-20250922-BR001-SKU016256PI,20250922,BR001,SKU016256PI,115,66,49
STK-20250922-BR001-SKU017128BL,20250922,BR001,SKU017128BL,142,105,37
STK-20250922-BR001-SKU017128SI,20250922,BR001,SKU017128SI,153,116,37
STK-20250922-BR001-SKU017128PI,20250922,BR001,SKU017128PI,155,95,60
STK-20250922-BR001-SKU017256BL,20250922,BR001,SKU017256BL,131,85,46
STK-20250922-BR001-SKU017256SI,20250922,BR001,SKU017256SI,111,97,14
STK-20250922-BR001-SKU017256PI,20250922,BR001,SKU017256PI,109,93,16
STK-20250922-BR002-SKU015128BL,20250922,BR002,SKU015128BL,127,38,89
STK-20250922-BR002-SKU015128SI,20250922,BR002,SKU015128SI,97,39,58
STK-20250922-BR002-SKU015128PI,20250922,BR002,SKU015128PI,128,39,89
STK-20250922-BR002-SKU015256BL,20250922,BR002,SKU015256BL,146,36,110
STK-20250922-BR002-SKU015256SI,20250922,BR002,SKU015256SI,91,36,55
STK-20250922-BR002-SKU015256PI,20250922,BR002,SKU015256PI,150,44,106
STK-20250922-BR002-SKU016128BL,20250922,BR002,SKU016128BL,98,65,33
STK-20250922-BR002-SKU016128SI,20250922,BR002,SKU016128SI,90,69,21
STK-20250922-BR002-SKU016128PI,20250922,BR002,SKU016128PI,134,67,67
STK-20250922-BR002-SKU016256BL,20250922,BR002,SKU016256BL,119,66,53
STK-20250922-BR002-SKU016256SI,20250922,BR002,SKU016256SI,113,76,37
STK-20250922-BR002-SKU016256PI,20250922,BR002,SKU016256PI,107,70,37
STK-20250922-BR002-SKU017128BL,20250922,BR002,SKU017128BL,135,95,40
STK-20250922-BR002-SKU017128SI,20250922,BR002,SKU017128SI,127,94,33
STK-20250922-BR002-SKU017128PI,20250922,BR002,SKU017128PI,151,98,53
STK-20250922-BR002-SKU017256BL,20250922,BR002,SKU017256BL,150,98,52
STK-20250922-BR002-SKU017256SI,20250922,BR002,SKU017256SI,120,77,43
STK-20250922-BR002-SKU017256PI,20250922,BR002,SKU017256PI,135,96,39
STK-20250922-BR003-SKU015128BL,20250922,BR003,SKU015128BL,130,34,96
STK-20250922-BR003-SKU015128SI,20250922,BR003,SKU015128SI,129,41,88
STK-20250922-BR003-SKU015128PI,20250922,BR003,SKU015128PI,108,39,69
STK-20250922-BR003-SKU015256BL,20250922,BR003,SKU015256BL,121,34,87
STK-20250922-BR003-SKU015256SI,20250922,BR003,SKU015256SI,147,40,107
STK-20250922-BR003-SKU015256PI,20250922,BR003,SKU015256PI,128,40,88
STK-20250922-BR003-SKU016128BL,20250922,BR003,SKU016128BL,114,74,40
STK-20250922-BR003-SKU016128SI,20250922,BR003,SKU016128SI,118,59,59
STK-20250922-BR003-SKU016128PI,20250922,BR003,SKU016128PI,105,80,25
STK-20250922-BR003-SKU016256BL,20250922,BR003,SKU016256BL,111,67,44
STK-20250922-BR003-SKU016256SI,20250922,BR003,SKU016256SI,109,78,31
STK-20250922-BR003-SKU016256PI,20250922,BR003,SKU016256PI,118,64,54
STK-20250922-BR003-SKU017128BL,20250922,BR003,SKU017128BL,146,102,44
STK-20250922-BR003-SKU017128SI,20250922,BR003,SKU017128SI,96,84,12
STK-20250922-BR003-SKU017128PI,20250922,BR003,SKU017128PI,115,102,13
STK-20250922-BR003-SKU017256BL,20250922,BR003,SKU017256BL,117,91,26
STK-20250922-BR003-SKU017256SI,20250922,BR003,SKU017256SI,132,103,29
STK-20250922-BR003-SKU017256PI,20250922,BR003,SKU017256PI,141,105,36
STK-20250922-BR004-SKU015128BL,20250922,BR004,SKU015128BL,104,34,70
STK-20250922-BR004-SKU015128SI,20250922,BR004,SKU015128SI,138,39,99
STK-20250922-BR004-SKU015128PI,20250922,BR004,SKU015128PI,171,35,136
STK-20250922-BR004-SKU015256BL,20250922,BR004,SKU015256BL,100,33,67
STK-20250922-BR004-SKU015256SI,20250922,BR004,SKU015256SI,98,39,59
STK-20250922-BR004-SKU015256PI,20250922,BR004,SKU015256PI,149,40,109
STK-20250922-BR004-SKU016128BL,20250922,BR004,SKU016128BL,113,76,37
STK-20250922-BR004-SKU016128SI,20250922,BR004,SKU016128SI,103,72,31
STK-20250922-BR004-SKU016128PI,20250922,BR004,SKU016128PI,117,67,50
STK-20250922-BR004-SKU016256BL,20250922,BR004,SKU016256BL,83,57,26
STK-20250922-BR004-SKU016256SI,20250922,BR004,SKU016256SI,123,70,53
STK-20250922-BR004-SKU016256PI,20250922,BR004,SKU016256PI,109,57,52
STK-20250922-BR004-SKU017128BL,20250922,BR004,SKU017128BL,126,98,28
STK-20250922-BR004-SKU017128SI,20250922,BR004,SKU017128SI,121,92,29
STK-20250922-BR004-SKU017128PI,20250922,BR004,SKU017128PI,161,107,54
STK-20250922-BR004-SKU017256BL,20250922,BR004,SKU017256BL,122,99,23
STK-20250922-BR004-SKU017256SI,20250922,BR004,SKU017256SI,151,101,50
STK-20250922-BR004-SKU017256PI,20250922,BR004,SKU017256PI,152,94,58
STK-20250922-BR005-SKU015128BL,20250922,BR005,SKU015128BL,124,29,95
STK-20250922-BR005-SKU015128SI,20250922,BR005,SKU015128SI,84,38,46
STK-20250922-BR005-SKU015128PI,20250922,BR005,SKU015128PI,144,40,104
STK-20250922-BR005-SKU015256BL,20250922,BR005,SKU015256BL,132,26,106
STK-20250922-BR005-SKU015256SI,20250922,BR005,SKU015256SI,162,34,128
STK-20250922-BR005-SKU015256PI,20250922,BR005,SKU015256PI,141,36,105
STK-20250922-BR005-SKU016128BL,20250922,BR005,SKU016128BL,126,62,64
STK-20250922-BR005-SKU016128SI,20250922,BR005,SKU016128SI,112,59,53
STK-20250922-BR005-SKU016128PI,20250922,BR005,SKU016128PI,118,71,47
STK-20250922-BR005-SKU016256BL,20250922,BR005,SKU016256BL,130,79,51
STK-20250922-BR005-SKU016256SI,20250922,BR005,SKU016256SI,98,62,36
STK-20250922-BR005-SKU016256PI,20250922,BR005,SKU016256PI,97,62,35
STK-20250922-BR005-SKU017128BL,20250922,BR005,SKU017128BL,138,86,52
STK-20250922-BR005-SKU017128SI,20250922,BR005,SKU017128SI,142,110,32
STK-20250922-BR005-SKU017128PI,20250922,BR005,SKU017128PI,123,104,19
STK-20250922-BR005-SKU017256BL,20250922,BR005,SKU017256BL,118,92,26
STK-20250922-BR005-SKU017256SI,20250922,BR005,SKU017256SI,132,87,45
STK-20250922-BR005-SKU017256PI,20250922,BR005,SKU017256PI,140,91,49
STK-20250923-BR000-SKU015128BL,20250923,BR000,SKU015128BL,644,0,644
STK-20250923-BR000-SKU015128SI,20250923,BR000,SKU015128SI,795,0,795
STK-20250923-BR000-SKU015128PI,20250923,BR000,SKU015128PI,930,0,930
STK-20250923-BR000-SKU015256BL,20250923,BR000,SKU015256BL,712,0,712
STK-20250923-BR000-SKU015256SI,20250923,BR000,SKU015256SI,744,0,744
STK-20250923-BR000-SKU015256PI,20250923,BR000,SKU015256PI,985,0,985
STK-20250923-BR000-SKU016128BL,20250923,BR000,SKU016128BL,632,0,632
STK-20250923-BR000-SKU016128SI,20250923,BR000,SKU016128SI,857,0,857
STK-20250923-BR000-SKU016128PI,20250923,BR000,SKU016128PI,686,0,686
STK-20250923-BR000-SKU016256BL,20250923,BR000,SKU016256BL,548,0,548
STK-20250923-BR000-SKU016256SI,20250923,BR000,SKU016256SI,855,0,855
STK-20250923-BR000-SKU016256PI,20250923,BR000,SKU016256PI,881,0,881
STK-20250923-BR000-SKU017128BL,20250923,BR000,SKU017128BL,658,0,658
STK-20250923-BR000-SKU017128SI,20250923,BR000,SKU017128SI,661,0,661
STK-20250923-BR000-SKU017128PI,20250923,BR000,SKU017128PI,617,0,617
STK-20250923-BR000-SKU017256BL,20250923,BR000,SKU017256BL,731,0,731
STK-20250923-BR000-SKU017256SI,20250923,BR000,SKU017256SI,682,0,682
STK-20250923-BR000-SKU017256PI,20250923,BR000,SKU017256PI,891,0,891
STK-20250923-BR001-SKU015128BL,20250923,BR001,SKU015128BL,114,36,78
STK-20250923-BR001-SKU015128SI,20250923,BR001,SKU015128SI,117,33,84
STK-20250923-BR001-SKU015128PI,20250923,BR001,SKU015128PI,122,39,83
STK-20250923-BR001-SKU015256BL,20250923,BR001,SKU015256BL,138,37,101
STK-20250923-BR001-SKU015256SI,20250923,BR001,SKU015256SI,116,35,81
STK-20250923-BR001-SKU015256PI,20250923,BR001,SKU015256PI,108,43,65
STK-20250923-BR001-SKU016128BL,20250923,BR001,SKU016128BL,98,79,19
STK-20250923-BR001-SKU016128SI,20250923,BR001,SKU016128SI,98,76,22
STK-20250923-BR001-SKU016128PI,20250923,BR001,SKU016128PI,76,51,25
STK-20250923-BR001-SKU016256BL,20250923,BR001,SKU016256BL,120,69,51
STK-20250923-BR001-SKU016256SI,20250923,BR001,SKU016256SI,126,62,64
STK-20250923-BR001-SKU016256PI,20250923,BR001,SKU016256PI,115,73,42
STK-20250923-BR001-SKU017128BL,20250923,BR001,SKU017128BL,115,87,28
STK-20250923-BR001-SKU017128SI,20250923,BR001,SKU017128SI,153,126,27
STK-20250923-BR001-SKU017128PI,20250923,BR001,SKU017128PI,155,101,54
STK-20250923-BR001-SKU017256BL,20250923,BR001,SKU017256BL,131,90,41
STK-20250923-BR001-SKU017256SI,20250923,BR001,SKU017256SI,111,106,5
STK-20250923-BR001-SKU017256PI,20250923,BR001,SKU017256PI,106,101,5
STK-20250923-BR002-SKU015128BL,20250923,BR002,SKU015128BL,126,40,86
STK-20250923-BR002-SKU015128SI,20250923,BR002,SKU015128SI,96,41,55
STK-20250923-BR002-SKU015128PI,20250923,BR002,SKU015128PI,124,36,88
STK-20250923-BR002-SKU015256BL,20250923,BR002,SKU015256BL,145,36,109
STK-20250923-BR002-SKU015256SI,20250923,BR002,SKU015256SI,91,39,52
STK-20250923-BR002-SKU015256PI,20250923,BR002,SKU015256PI,150,46,104
STK-20250923-BR002-SKU016128BL,20250923,BR002,SKU016128BL,94,67,27
STK-20250923-BR002-SKU016128SI,20250923,BR002,SKU016128SI,86,71,15
STK-20250923-BR002-SKU016128PI,20250923,BR002,SKU016128PI,122,59,63
STK-20250923-BR002-SKU016256BL,20250923,BR002,SKU016256BL,119,71,48
STK-20250923-BR002-SKU016256SI,20250923,BR002,SKU016256SI,113,81,32
STK-20250923-BR002-SKU016256PI,20250923,BR002,SKU016256PI,104,76,28
STK-20250923-BR002-SKU017128BL,20250923,BR002,SKU017128BL,131,100,31
STK-20250923-BR002-SKU017128SI,20250923,BR002,SKU017128SI,116,86,30
STK-20250923-BR002-SKU017128PI,20250923,BR002,SKU017128PI,151,102,49
STK-20250923-BR002-SKU017256BL,20250923,BR002,SKU017256BL,143,102,41
STK-20250923-BR002-SKU017256SI,20250923,BR002,SKU017256SI,120,85,35
STK-20250923-BR002-SKU017256PI,20250923,BR002,SKU017256PI,135,100,35
STK-20250923-BR003-SKU015128BL,20250923,BR003,SKU015128BL,129,35,94
STK-20250923-BR003-SKU015128SI,20250923,BR003,SKU015128SI,129,45,84
STK-20250923-BR003-SKU015128PI,20250923,BR003,SKU015128PI,107,42,65
STK-20250923-BR003-SKU015256BL,20250923,BR003,SKU015256BL,121,35,86
STK-20250923-BR003-SKU015256SI,20250923,BR003,SKU015256SI,142,36,106
STK-20250923-BR003-SKU015256PI,20250923,BR003,SKU015256PI,126,41,85
STK-20250923-BR003-SKU016128BL,20250923,BR003,SKU016128BL,114,82,32
STK-20250923-BR003-SKU016128SI,20250923,BR003,SKU016128SI,113,58,55
STK-20250923-BR003-SKU016128PI,20250923,BR003,SKU016128PI,101,77,24
STK-20250923-BR003-SKU016256BL,20250923,BR003,SKU016256BL,110,68,42
STK-20250923-BR003-SKU016256SI,20250923,BR003,SKU016256SI,105,81,24
STK-20250923-BR003-SKU016256PI,20250923,BR003,SKU016256PI,118,69,49
STK-20250923-BR003-SKU017128BL,20250923,BR003,SKU017128BL,140,110,30
STK-20250923-BR003-SKU017128SI,20250923,BR003,SKU017128SI,96,91,5
STK-20250923-BR003-SKU017128PI,20250923,BR003,SKU017128PI,115,112,3
STK-20250923-BR003-SKU017256BL,20250923,BR003,SKU017256BL,109,88,21
STK-20250923-BR003-SKU017256SI,20250923,BR003,SKU017256SI,132,115,17
STK-20250923-BR003-SKU017256PI,20250923,BR003,SKU017256PI,134,110,24
STK-20250923-BR004-SKU015128BL,20250923,BR004,SKU015128BL,104,39,65
STK-20250923-BR004-SKU015128SI,20250923,BR004,SKU015128SI,137,41,96
STK-20250923-BR004-SKU015128PI,20250923,BR004,SKU015128PI,169,34,135
STK-20250923-BR004-SKU015256BL,20250923,BR004,SKU015256BL,100,34,66
STK-20250923-BR004-SKU015256SI,20250923,BR004,SKU015256SI,98,41,57
STK-20250923-BR004-SKU015256PI,20250923,BR004,SKU015256PI,149,46,103
STK-20250923-BR004-SKU016128BL,20250923,BR004,SKU016128BL,109,81,28
STK-20250923-BR004-SKU016128SI,20250923,BR004,SKU016128SI,103,78,25
STK-20250923-BR004-SKU016128PI,20250923,BR004,SKU016128PI,117,73,44
STK-20250923-BR004-SKU016256BL,20250923,BR004,SKU016256BL,83,62,21
STK-20250923-BR004-SKU016256SI,20250923,BR004,SKU016256SI,119,73,46
STK-20250923-BR004-SKU016256PI,20250923,BR004,SKU016256PI,108,63,45
STK-20250923-BR004-SKU017128BL,20250923,BR004,SKU017128BL,126,105,21
STK-20250923-BR004-SKU017128SI,20250923,BR004,SKU017128SI,112,93,19
STK-20250923-BR004-SKU017128PI,20250923,BR004,SKU017128PI,140,92,48
STK-20250923-BR004-SKU017256BL,20250923,BR004,SKU017256BL,122,107,15
STK-20250923-BR004-SKU017256SI,20250923,BR004,SKU017256SI,139,97,42
STK-20250923-BR004-SKU017256PI,20250923,BR004,SKU017256PI,147,96,51
STK-20250923-BR005-SKU015128BL,20250923,BR005,SKU015128BL,124,32,92
STK-20250923-BR005-SKU015128SI,20250923,BR005,SKU015128SI,82,40,42
STK-20250923-BR005-SKU015128PI,20250923,BR005,SKU015128PI,142,42,100
STK-20250923-BR005-SKU015256BL,20250923,BR005,SKU015256BL,132,27,105
STK-20250923-BR005-SKU015256SI,20250923,BR005,SKU015256SI,162,38,124
STK-20250923-BR005-SKU015256PI,20250923,BR005,SKU015256PI,141,41,100
STK-20250923-BR005-SKU016128BL,20250923,BR005,SKU016128BL,126,64,62
STK-20250923-BR005-SKU016128SI,20250923,BR005,SKU016128SI,112,65,47
STK-20250923-BR005-SKU016128PI,20250923,BR005,SKU016128PI,115,72,43
STK-20250923-BR005-SKU016256BL,20250923,BR005,SKU016256BL,130,82,48
STK-20250923-BR005-SKU016256SI,20250923,BR005,SKU016256SI,87,57,30
STK-20250923-BR005-SKU016256PI,20250923,BR005,SKU016256PI,97,70,27
STK-20250923-BR005-SKU017128BL,20250923,BR005,SKU017128BL,134,92,42
STK-20250923-BR005-SKU017128SI,20250923,BR005,SKU017128SI,142,117,25
STK-20250923-BR005-SKU017128PI,20250923,BR005,SKU017128PI,116,111,5
STK-20250923-BR005-SKU017256BL,20250923,BR005,SKU017256BL,118,102,16
STK-20250923-BR005-SKU017256SI,20250923,BR005,SKU017256SI,129,97,32
STK-20250923-BR005-SKU017256PI,20250923,BR005,SKU017256PI,137,96,41
STK-20250924-BR000-SKU015128BL,20250924,BR000,SKU015128BL,644,0,644
STK-20250924-BR000-SKU015128SI,20250924,BR000,SKU015128SI,795,0,795
STK-20250924-BR000-SKU015128PI,20250924,BR000,SKU015128PI,930,0,930
STK-20250924-BR000-SKU015256BL,20250924,BR000,SKU015256BL,712,0,712
STK-20250924-BR000-SKU015256SI,20250924,BR000,SKU015256SI,744,0,744
STK-20250924-BR000-SKU015256PI,20250924,BR000,SKU015256PI,985,0,985
STK-20250924-BR000-SKU016128BL,20250924,BR000,SKU016128BL,632,0,632
STK-20250924-BR000-SKU016128SI,20250924,BR000,SKU016128SI,857,0,857
STK-20250924-BR000-SKU016128PI,20250924,BR000,SKU016128PI,686,0,686
STK-20250924-BR000-SKU016256BL,20250924,BR000,SKU016256BL,548,0,548
STK-20250924-BR000-SKU016256SI,20250924,BR000,SKU016256SI,855,0,855
STK-20250924-BR000-SKU016256PI,20250924,BR000,SKU016256PI,881,0,881
STK-20250924-BR000-SKU017128BL,20250924,BR000,SKU017128BL,658,0,658
STK-20250924-BR000-SKU017128SI,20250924,BR000,SKU017128SI,661,0,661
STK-20250924-BR000-SKU017128PI,20250924,BR000,SKU017128PI,617,0,617
STK-20250924-BR000-SKU017256BL,20250924,BR000,SKU017256BL,731,0,731
STK-20250924-BR000-SKU017256SI,20250924,BR000,SKU017256SI,682,0,682
STK-20250924-BR000-SKU017256PI,20250924,BR000,SKU017256PI,891,0,891
STK-20250924-BR001-SKU015128BL,20250924,BR001,SKU015128BL,111,35,76
STK-20250924-BR001-SKU015128SI,20250924,BR001,SKU015128SI,117,35,82
STK-20250924-BR001-SKU015128PI,20250924,BR001,SKU015128PI,120,39,81
STK-20250924-BR001-SKU015256BL,20250924,BR001,SKU015256BL,138,38,100
STK-20250924-BR001-SKU015256SI,20250924,BR001,SKU015256SI,116,40,76
STK-20250924-BR001-SKU015256PI,20250924,BR001,SKU015256PI,107,45,62
STK-20250924-BR001-SKU016128BL,20250924,BR001,SKU016128BL,94,80,14
STK-20250924-BR001-SKU016128SI,20250924,BR001,SKU016128SI,94,74,20
STK-20250924-BR001-SKU016128PI,20250924,BR001,SKU016128PI,73,54,19
STK-20250924-BR001-SKU016256BL,20250924,BR001,SKU016256BL,116,74,42
STK-20250924-BR001-SKU016256SI,20250924,BR001,SKU016256SI,123,67,56
STK-20250924-BR001-SKU016256PI,20250924,BR001,SKU016256PI,112,78,34
STK-20250924-BR001-SKU017128BL,20250924,BR001,SKU017128BL,110,92,18
STK-20250924-BR001-SKU017128SI,20250924,BR001,SKU017128SI,140,118,22
STK-20250924-BR001-SKU017128PI,20250924,BR001,SKU017128PI,155,106,49
STK-20250924-BR001-SKU017256BL,20250924,BR001,SKU017256BL,128,97,31
STK-20250924-BR001-SKU017256SI,20250924,BR001,SKU017256SI,116,89,27
STK-20250924-BR001-SKU017256PI,20250924,BR001,SKU017256PI,102,101,1
STK-20250924-BR002-SKU015128BL,20250924,BR002,SKU015128BL,126,43,83
STK-20250924-BR002-SKU015128SI,20250924,BR002,SKU015128SI,95,42,53
STK-20250924-BR002-SKU015128PI,20250924,BR002,SKU015128PI,124,41,83
STK-20250924-BR002-SKU015256BL,20250924,BR002,SKU015256BL,143,35,108
STK-20250924-BR002-SKU015256SI,20250924,BR002,SKU015256SI,91,41,50
STK-20250924-BR002-SKU015256PI,20250924,BR002,SKU015256PI,146,45,101
STK-20250924-BR002-SKU016128BL,20250924,BR002,SKU016128BL,94,71,23
STK-20250924-BR002-SKU016128SI,20250924,BR002,SKU016128SI,86,75,11
STK-20250924-BR002-SKU016128PI,20250924,BR002,SKU016128PI,122,64,58
STK-20250924-BR002-SKU016256BL,20250924,BR002,SKU016256BL,117,73,44
STK-20250924-BR002-SKU016256SI,20250924,BR002,SKU016256SI,103,79,24
STK-20250924-BR002-SKU016256PI,20250924,BR002,SKU016256PI,99,77,22
STK-20250924-BR002-SKU017128BL,20250924,BR002,SKU017128BL,124,103,21
STK-20250924-BR002-SKU017128SI,20250924,BR002,SKU017128SI,116,93,23
STK-20250924-BR002-SKU017128PI,20250924,BR002,SKU017128PI,143,107,36
STK-20250924-BR002-SKU017256BL,20250924,BR002,SKU017256BL,138,111,27
STK-20250924-BR002-SKU017256SI,20250924,BR002,SKU017256SI,116,90,26
STK-20250924-BR002-SKU017256PI,20250924,BR002,SKU017256PI,122,93,29
STK-20250924-BR003-SKU015128BL,20250924,BR003,SKU015128BL,129,37,92
STK-20250924-BR003-SKU015128SI,20250924,BR003,SKU015128SI,129,50,79
STK-20250924-BR003-SKU015128PI,20250924,BR003,SKU015128PI,105,45,60
STK-20250924-BR003-SKU015256BL,20250924,BR003,SKU015256BL,118,34,84
STK-20250924-BR003-SKU015256SI,20250924,BR003,SKU015256SI,142,40,102
STK-20250924-BR003-SKU015256PI,20250924,BR003,SKU015256PI,125,44,81
STK-20250924-BR003-SKU016128BL,20250924,BR003,SKU016128BL,114,85,29
STK-20250924-BR003-SKU016128SI,20250924,BR003,SKU016128SI,110,63,47
STK-20250924-BR003-SKU016128PI,20250924,BR003,SKU016128PI,91,77,14
STK-20250924-BR003-SKU016256BL,20250924,BR003,SKU016256BL,102,67,35
STK-20250924-BR003-SKU016256SI,20250924,BR003,SKU016256SI,101,84,17
STK-20250924-BR003-SKU016256PI,20250924,BR003,SKU016256PI,111,69,42
STK-20250924-BR003-SKU017128BL,20250924,BR003,SKU017128BL,133,110,23
STK-20250924-BR003-SKU017128SI,20250924,BR003,SKU017128SI,114,93,21
STK-20250924-BR003-SKU017128PI,20250924,BR003,SKU017128PI,129,102,27
STK-20250924-BR003-SKU017256BL,20250924,BR003,SKU017256BL,109,96,13
STK-20250924-BR003-SKU017256SI,20250924,BR003,SKU017256SI,132,127,5
STK-20250924-BR003-SKU017256PI,20250924,BR003,SKU017256PI,134,124,10
STK-20250924-BR004-SKU015128BL,20250924,BR004,SKU015128BL,104,45,59
STK-20250924-BR004-SKU015128SI,20250924,BR004,SKU015128SI,137,45,92
STK-20250924-BR004-SKU015128PI,20250924,BR004,SKU015128PI,167,35,132
STK-20250924-BR004-SKU015256BL,20250924,BR004,SKU015256BL,100,35,65
STK-20250924-BR004-SKU015256SI,20250924,BR004,SKU015256SI,98,44,54
STK-20250924-BR004-SKU015256PI,20250924,BR004,SKU015256PI,149,47,102
STK-20250924-BR004-SKU016128BL,20250924,BR004,SKU016128BL,99,75,24
STK-20250924-BR004-SKU016128SI,20250924,BR004,SKU016128SI,94,73,21
STK-20250924-BR004-SKU016128PI,20250924,BR004,SKU016128PI,112,76,36
STK-20250924-BR004-SKU016256BL,20250924,BR004,SKU016256BL,83,64,19
STK-20250924-BR004-SKU016256SI,20250924,BR004,SKU016256SI,109,71,38
STK-20250924-BR004-SKU016256PI,20250924,BR004,SKU016256PI,104,65,39
STK-20250924-BR004-SKU017128BL,20250924,BR004,SKU017128BL,123,107,16
STK-20250924-BR004-SKU017128SI,20250924,BR004,SKU017128SI,108,99,9
STK-20250924-BR004-SKU017128PI,20250924,BR004,SKU017128PI,140,102,38
STK-20250924-BR004-SKU017256BL,20250924,BR004,SKU017256BL,122,117,5
STK-20250924-BR004-SKU017256SI,20250924,BR004,SKU017256SI,139,104,35
STK-20250924-BR004-SKU017256PI,20250924,BR004,SKU017256PI,147,108,39
STK-20250924-BR005-SKU015128BL,20250924,BR005,SKU015128BL,122,34,88
STK-20250924-BR005-SKU015128SI,20250924,BR005,SKU015128SI,82,41,41
STK-20250924-BR005-SKU015128PI,20250924,BR005,SKU015128PI,140,42,98
STK-20250924-BR005-SKU015256BL,20250924,BR005,SKU015256BL,132,30,102
STK-20250924-BR005-SKU015256SI,20250924,BR005,SKU015256SI,162,43,119
STK-20250924-BR005-SKU015256PI,20250924,BR005,SKU015256PI,141,42,99
STK-20250924-BR005-SKU016128BL,20250924,BR005,SKU016128BL,124,68,56
STK-20250924-BR005-SKU016128SI,20250924,BR005,SKU016128SI,109,64,45
STK-20250924-BR005-SKU016128PI,20250924,BR005,SKU016128PI,104,64,40
STK-20250924-BR005-SKU016256BL,20250924,BR005,SKU016256BL,130,92,38
STK-20250924-BR005-SKU016256SI,20250924,BR005,SKU016256SI,84,58,26
STK-20250924-BR005-SKU016256PI,20250924,BR005,SKU016256PI,95,72,23
STK-20250924-BR005-SKU017128BL,20250924,BR005,SKU017128BL,132,101,31
STK-20250924-BR005-SKU017128SI,20250924,BR005,SKU017128SI,135,118,17
STK-20250924-BR005-SKU017128PI,20250924,BR005,SKU017128PI,127,104,23
STK-20250924-BR005-SKU017256BL,20250924,BR005,SKU017256BL,118,109,9
STK-20250924-BR005-SKU017256SI,20250924,BR005,SKU017256SI,129,108,21
STK-20250924-BR005-SKU017256PI,20250924,BR005,SKU017256PI,137,101,36
STK-20250925-BR000-SKU015128BL,20250925,BR000,SKU015128BL,644,0,644
STK-20250925-BR000-SKU015128SI,20250925,BR000,SKU015128SI,795,0,795
STK-20250925-BR000-SKU015128PI,20250925,BR000,SKU015128PI,930,0,930
STK-20250925-BR000-SKU015256BL,20250925,BR000,SKU015256BL,712,0,712
STK-20250925-BR000-SKU015256SI,20250925,BR000,SKU015256SI,744,0,744
STK-20250925-BR000-SKU015256PI,20250925,BR000,SKU015256PI,985,0,985
STK-20250925-BR000-SKU016128BL,20250925,BR000,SKU016128BL,632,0,632
STK-20250925-BR000-SKU016128SI,20250925,BR000,SKU016128SI,857,0,857
STK-20250925-BR000-SKU016128PI,20250925,BR000,SKU016128PI,686,0,686
STK-20250925-BR000-SKU016256BL,20250925,BR000,SKU016256BL,548,0,548
STK-20250925-BR000-SKU016256SI,20250925,BR000,SKU016256SI,855,0,855
STK-20250925-BR000-SKU016256PI,20250925,BR000,SKU016256PI,881,0,881
STK-20250925-BR000-SKU017128BL,20250925,BR000,SKU017128BL,658,0,658
STK-20250925-BR000-SKU017128SI,20250925,BR000,SKU017128SI,661,0,661
STK-20250925-BR000-SKU017128PI,20250925,BR000,SKU017128PI,617,0,617
STK-20250925-BR000-SKU017256BL,20250925,BR000,SKU017256BL,731,0,731
STK-20250925-BR000-SKU017256SI,20250925,BR000,SKU017256SI,682,0,682
STK-20250925-BR000-SKU017256PI,20250925,BR000,SKU017256PI,891,0,891
STK-20250925-BR001-SKU015128BL,20250925,BR001,SKU015128BL,111,37,74
STK-20250925-BR001-SKU015128SI,20250925,BR001,SKU015128SI,117,38,79
STK-20250925-BR001-SKU015128PI,20250925,BR001,SKU015128PI,120,43,77
STK-20250925-BR001-SKU015256BL,20250925,BR001,SKU015256BL,138,39,99
STK-20250925-BR001-SKU015256SI,20250925,BR001,SKU015256SI,116,45,71
STK-20250925-BR001-SKU015256PI,20250925,BR001,SKU015256PI,103,42,61
STK-20250925-BR001-SKU016128BL,20250925,BR001,SKU016128BL,90,81,9
STK-20250925-BR001-SKU016128SI,20250925,BR001,SKU016128SI,90,76,14
STK-20250925-BR001-SKU016128PI,20250925,BR001,SKU016128PI,73,62,11
STK-20250925-BR001-SKU016256BL,20250925,BR001,SKU016256BL,114,80,34
STK-20250925-BR001-SKU016256SI,20250925,BR001,SKU016256SI,123,70,53
STK-20250925-BR001-SKU016256PI,20250925,BR001,SKU016256PI,109,78,31
STK-20250925-BR001-SKU017128BL,20250925,BR001,SKU017128BL,110,102,8
STK-20250925-BR001-SKU017128SI,20250925,BR001,SKU017128SI,132,120,12
STK-20250925-BR001-SKU017128PI,20250925,BR001,SKU017128PI,155,116,39
STK-20250925-BR001-SKU017256BL,20250925,BR001,SKU017256BL,119,102,17
STK-20250925-BR001-SKU017256SI,20250925,BR001,SKU017256SI,116,92,24
STK-20250925-BR001-SKU017256PI,20250925,BR001,SKU017256PI,129,108,21
STK-20250925-BR002-SKU015128BL,20250925,BR002,SKU015128BL,126,47,79
STK-20250925-BR002-SKU015128SI,20250925,BR002,SKU015128SI,95,43,52
STK-20250925-BR002-SKU015128PI,20250925,BR002,SKU015128PI,124,45,79
STK-20250925-BR002-SKU015256BL,20250925,BR002,SKU015256BL,142,36,106
STK-20250925-BR002-SKU015256SI,20250925,BR002,SKU015256SI,90,45,45
STK-20250925-BR002-SKU015256PI,20250925,BR002,SKU015256PI,145,45,100
STK-20250925-BR002-SKU016128BL,20250925,BR002,SKU016128BL,91,75,16
STK-20250925-BR002-SKU016128SI,20250925,BR002,SKU016128SI,78,76,2
STK-20250925-BR002-SKU016128PI,20250925,BR002,SKU016128PI,122,71,51
STK-20250925-BR002-SKU016256BL,20250925,BR002,SKU016256BL,117,76,41
STK-20250925-BR002-SKU016256SI,20250925,BR002,SKU016256SI,103,86,17
STK-20250925-BR002-SKU016256PI,20250925,BR002,SKU016256PI,96,81,15
STK-20250925-BR002-SKU017128BL,20250925,BR002,SKU017128BL,124,107,17
STK-20250925-BR002-SKU017128SI,20250925,BR002,SKU017128SI,110,96,14
STK-20250925-BR002-SKU017128PI,20250925,BR002,SKU017128PI,143,110,33
STK-20250925-BR002-SKU017256BL,20250925,BR002,SKU017256BL,138,118,20
STK-20250925-BR002-SKU017256SI,20250925,BR002,SKU017256SI,109,92,17
STK-20250925-BR002-SKU017256PI,20250925,BR002,SKU017256PI,119,100,19
STK-20250925-BR003-SKU015128BL,20250925,BR003,SKU015128BL,129,39,90
STK-20250925-BR003-SKU015128SI,20250925,BR003,SKU015128SI,124,46,78
STK-20250925-BR003-SKU015128PI,20250925,BR003,SKU015128PI,104,48,56
STK-20250925-BR003-SKU015256BL,20250925,BR003,SKU015256BL,118,35,83
STK-20250925-BR003-SKU015256SI,20250925,BR003,SKU015256SI,142,41,101
STK-20250925-BR003-SKU015256PI,20250925,BR003,SKU015256PI,121,42,79
STK-20250925-BR003-SKU016128BL,20250925,BR003,SKU016128BL,109,85,24
STK-20250925-BR003-SKU016128SI,20250925,BR003,SKU016128SI,105,64,41
STK-20250925-BR003-SKU016128PI,20250925,BR003,SKU016128PI,86,78,8
STK-20250925-BR003-SKU016256BL,20250925,BR003,SKU016256BL,102,74,28
STK-20250925-BR003-SKU016256SI,20250925,BR003,SKU016256SI,96,88,8
STK-20250925-BR003-SKU016256PI,20250925,BR003,SKU016256PI,111,75,36
STK-20250925-BR003-SKU017128BL,20250925,BR003,SKU017128BL,127,110,17
STK-20250925-BR003-SKU017128SI,20250925,BR003,SKU017128SI,108,95,13
STK-20250925-BR003-SKU017128PI,20250925,BR003,SKU017128PI,124,104,20
STK-20250925-BR003-SKU017256BL,20250925,BR003,SKU017256BL,109,104,5
STK-20250925-BR003-SKU017256SI,20250925,BR003,SKU017256SI,128,126,2
STK-20250925-BR003-SKU017256PI,20250925,BR003,SKU017256PI,154,131,23
STK-20250925-BR004-SKU015128BL,20250925,BR004,SKU015128BL,100,42,58
STK-20250925-BR004-SKU015128SI,20250925,BR004,SKU015128SI,137,50,87
STK-20250925-BR004-SKU015128PI,20250925,BR004,SKU015128PI,166,35,131
STK-20250925-BR004-SKU015256BL,20250925,BR004,SKU015256BL,100,40,60
STK-20250925-BR004-SKU015256SI,20250925,BR004,SKU015256SI,97,45,52
STK-20250925-BR004-SKU015256PI,20250925,BR004,SKU015256PI,149,50,99
STK-20250925-BR004-SKU016128BL,20250925,BR004,SKU016128BL,99,81,18
STK-20250925-BR004-SKU016128SI,20250925,BR004,SKU016128SI,90,74,16
STK-20250925-BR004-SKU016128PI,20250925,BR004,SKU016128PI,97,68,29
STK-20250925-BR004-SKU016256BL,20250925,BR004,SKU016256BL,79,67,12
STK-20250925-BR004-SKU016256SI,20250925,BR004,SKU016256SI,105,72,33
STK-20250925-BR004-SKU016256PI,20250925,BR004,SKU016256PI,103,69,34
STK-20250925-BR004-SKU017128BL,20250925,BR004,SKU017128BL,119,108,11
STK-20250925-BR004-SKU017128SI,20250925,BR004,SKU017128SI,106,100,6
STK-20250925-BR004-SKU017128PI,20250925,BR004,SKU017128PI,140,115,25
STK-20250925-BR004-SKU017256BL,20250925,BR004,SKU017256BL,148,116,32
STK-20250925-BR004-SKU017256SI,20250925,BR004,SKU017256SI,132,105,27
STK-20250925-BR004-SKU017256PI,20250925,BR004,SKU017256PI,143,113,30
STK-20250925-BR005-SKU015128BL,20250925,BR005,SKU015128BL,122,35,87
STK-20250925-BR005-SKU015128SI,20250925,BR005,SKU015128SI,79,39,40
STK-20250925-BR005-SKU015128PI,20250925,BR005,SKU015128PI,140,44,96
STK-20250925-BR005-SKU015256BL,20250925,BR005,SKU015256BL,132,31,101
STK-20250925-BR005-SKU015256SI,20250925,BR005,SKU015256SI,157,41,116
STK-20250925-BR005-SKU015256PI,20250925,BR005,SKU015256PI,138,45,93
STK-20250925-BR005-SKU016128BL,20250925,BR005,SKU016128BL,124,71,53
STK-20250925-BR005-SKU016128SI,20250925,BR005,SKU016128SI,107,68,39
STK-20250925-BR005-SKU016128PI,20250925,BR005,SKU016128PI,104,67,37
STK-20250925-BR005-SKU016256BL,20250925,BR005,SKU016256BL,130,98,32
STK-20250925-BR005-SKU016256SI,20250925,BR005,SKU016256SI,84,64,20
STK-20250925-BR005-SKU016256PI,20250925,BR005,SKU016256PI,95,76,19
STK-20250925-BR005-SKU017128BL,20250925,BR005,SKU017128BL,127,102,25
STK-20250925-BR005-SKU017128SI,20250925,BR005,SKU017128SI,135,129,6
STK-20250925-BR005-SKU017128PI,20250925,BR005,SKU017128PI,122,104,18
STK-20250925-BR005-SKU017256BL,20250925,BR005,SKU017256BL,153,120,33
STK-20250925-BR005-SKU017256SI,20250925,BR005,SKU017256SI,124,115,9
STK-20250925-BR005-SKU017256PI,20250925,BR005,SKU017256PI,125,100,25
STK-20250926-BR000-SKU015128BL,20250926,BR000,SKU015128BL,644,0,644
STK-20250926-BR000-SKU015128SI,20250926,BR000,SKU015128SI,795,0,795
STK-20250926-BR000-SKU015128PI,20250926,BR000,SKU015128PI,930,0,930
STK-20250926-BR000-SKU015256BL,20250926,BR000,SKU015256BL,712,0,712
STK-20250926-BR000-SKU015256SI,20250926,BR000,SKU015256SI,744,0,744
STK-20250926-BR000-SKU015256PI,20250926,BR000,SKU015256PI,985,0,985
STK-20250926-BR000-SKU016128BL,20250926,BR000,SKU016128BL,632,0,632
STK-20250926-BR000-SKU016128SI,20250926,BR000,SKU016128SI,857,0,857
STK-20250926-BR000-SKU016128PI,20250926,BR000,SKU016128PI,686,0,686
STK-20250926-BR000-SKU016256BL,20250926,BR000,SKU016256BL,548,0,548
STK-20250926-BR000-SKU016256SI,20250926,BR000,SKU016256SI,855,0,855
STK-20250926-BR000-SKU016256PI,20250926,BR000,SKU016256PI,881,0,881
STK-20250926-BR000-SKU017128BL,20250926,BR000,SKU017128BL,658,0,658
STK-20250926-BR000-SKU017128SI,20250926,BR000,SKU017128SI,661,0,661
STK-20250926-BR000-SKU017128PI,20250926,BR000,SKU017128PI,617,0,617
STK-20250926-BR000-SKU017256BL,20250926,BR000,SKU017256BL,731,0,731
STK-20250926-BR000-SKU017256SI,20250926,BR000,SKU017256SI,682,0,682
STK-20250926-BR000-SKU017256PI,20250926,BR000,SKU017256PI,891,0,891
STK-20250926-BR001-SKU015128BL,20250926,BR001,SKU015128BL,109,39,70
STK-20250926-BR001-SKU015128SI,20250926,BR001,SKU015128SI,117,41,76
STK-20250926-BR001-SKU015128PI,20250926,BR001,SKU015128PI,120,46,74
STK-20250926-BR001-SKU015256BL,20250926,BR001,SKU015256BL,133,35,98
STK-20250926-BR001-SKU015256SI,20250926,BR001,SKU015256SI,113,43,70
STK-20250926-BR001-SKU015256PI,20250926,BR001,SKU015256PI,103,46,57
STK-20250926-BR001-SKU016128BL,20250926,BR001,SKU016128BL,90,85,5
STK-20250926-BR001-SKU016128SI,20250926,BR001,SKU016128SI,87,81,6
STK-20250926-BR001-SKU016128PI,20250926,BR001,SKU016128PI,73,69,4
STK-20250926-BR001-SKU016256BL,20250926,BR001,SKU016256BL,114,86,28
STK-20250926-BR001-SKU016256SI,20250926,BR001,SKU016256SI,121,74,47
STK-20250926-BR001-SKU016256PI,20250926,BR001,SKU016256PI,105,79,26
STK-20250926-BR001-SKU017128BL,20250926,BR001,SKU017128BL,138,111,27
STK-20250926-BR001-SKU017128SI,20250926,BR001,SKU017128SI,132,126,6
STK-20250926-BR001-SKU017128PI,20250926,BR001,SKU017128PI,149,119,30
STK-20250926-BR001-SKU017256BL,20250926,BR001,SKU017256BL,119,110,9
STK-20250926-BR001-SKU017256SI,20250926,BR001,SKU017256SI,114,94,20
STK-20250926-BR001-SKU017256PI,20250926,BR001,SKU017256PI,114,100,14
STK-20250926-BR002-SKU015128BL,20250926,BR002,SKU015128BL,124,48,76
STK-20250926-BR002-SKU015128SI,20250926,BR002,SKU015128SI,94,48,46
STK-20250926-BR002-SKU015128PI,20250926,BR002,SKU015128PI,124,46,78
STK-20250926-BR002-SKU015256BL,20250926,BR002,SKU015256BL,142,41,101
STK-20250926-BR002-SKU015256SI,20250926,BR002,SKU015256SI,89,47,42
STK-20250926-BR002-SKU015256PI,20250926,BR002,SKU015256PI,145,49,96
STK-20250926-BR002-SKU016128BL,20250926,BR002,SKU016128BL,91,81,10
STK-20250926-BR002-SKU016128SI,20250926,BR002,SKU016128SI,116,84,32
STK-20250926-BR002-SKU016128PI,20250926,BR002,SKU016128PI,115,69,46
STK-20250926-BR002-SKU016256BL,20250926,BR002,SKU016256BL,111,79,32
STK-20250926-BR002-SKU016256SI,20250926,BR002,SKU016256SI,95,82,13
STK-20250926-BR002-SKU016256PI,20250926,BR002,SKU016256PI,96,88,8
STK-20250926-BR002-SKU017128BL,20250926,BR002,SKU017128BL,120,107,13
STK-20250926-BR002-SKU017128SI,20250926,BR002,SKU017128SI,110,105,5
STK-20250926-BR002-SKU017128PI,20250926,BR002,SKU017128PI,143,118,25
STK-20250926-BR002-SKU017256BL,20250926,BR002,SKU017256BL,133,119,14
STK-20250926-BR002-SKU017256SI,20250926,BR002,SKU017256SI,109,100,9
STK-20250926-BR002-SKU017256PI,20250926,BR002,SKU017256PI,112,101,11
STK-20250926-BR003-SKU015128BL,20250926,BR003,SKU015128BL,129,42,87
STK-20250926-BR003-SKU015128SI,20250926,BR003,SKU015128SI,121,44,77
STK-20250926-BR003-SKU015128PI,20250926,BR003,SKU015128PI,104,51,53
STK-20250926-BR003-SKU015256BL,20250926,BR003,SKU015256BL,116,34,82
STK-20250926-BR003-SKU015256SI,20250926,BR003,SKU015256SI,141,44,97
STK-20250926-BR003-SKU015256PI,20250926,BR003,SKU015256PI,121,46,75
STK-20250926-BR003-SKU016128BL,20250926,BR003,SKU016128BL,102,85,17
STK-20250926-BR003-SKU016128SI,20250926,BR003,SKU016128SI,105,65,40
STK-20250926-BR003-SKU016128PI,20250926,BR003,SKU016128PI,82,82,0
STK-20250926-BR003-SKU016256BL,20250926,BR003,SKU016256BL,102,79,23
STK-20250926-BR003-SKU016256SI,20250926,BR003,SKU016256SI,96,96,0
STK-20250926-BR003-SKU016256PI,20250926,BR003,SKU016256PI,111,83,28
STK-20250926-BR003-SKU017128BL,20250926,BR003,SKU017128BL,127,118,9
STK-20250926-BR003-SKU017128SI,20250926,BR003,SKU017128SI,105,103,2
STK-20250926-BR003-SKU017128PI,20250926,BR003,SKU017128PI,120,108,12
STK-20250926-BR003-SKU017256BL,20250926,BR003,SKU017256BL,142,109,33
STK-20250926-BR003-SKU017256SI,20250926,BR003,SKU017256SI,161,136,25
STK-20250926-BR003-SKU017256PI,20250926,BR003,SKU017256PI,150,138,12
STK-20250926-BR004-SKU015128BL,20250926,BR004,SKU015128BL,99,45,54
STK-20250926-BR004-SKU015128SI,20250926,BR004,SKU015128SI,135,54,81
STK-20250926-BR004-SKU015128PI,20250926,BR004,SKU015128PI,165,37,128
STK-20250926-BR004-SKU015256BL,20250926,BR004,SKU015256BL,98,41,57
STK-20250926-BR004-SKU015256SI,20250926,BR004,SKU015256SI,93,42,51
STK-20250926-BR004-SKU015256PI,20250926,BR004,SKU015256PI,148,52,96
STK-20250926-BR004-SKU016128BL,20250926,BR004,SKU016128BL,89,79,10
STK-20250926-BR004-SKU016128SI,20250926,BR004,SKU016128SI,90,77,13
STK-20250926-BR004-SKU016128PI,20250926,BR004,SKU016128PI,97,71,26
STK-20250926-BR004-SKU016256BL,20250926,BR004,SKU016256BL,76,71,5
STK-20250926-BR004-SKU016256SI,20250926,BR004,SKU016256SI,104,77,27
STK-20250926-BR004-SKU016256PI,20250926,BR004,SKU016256PI,100,73,27
STK-20250926-BR004-SKU017128BL,20250926,BR004,SKU017128BL,112,112,0
STK-20250926-BR004-SKU017128SI,20250926,BR004,SKU017128SI,131,107,24
STK-20250926-BR004-SKU017128PI,20250926,BR004,SKU017128PI,137,125,12
STK-20250926-BR004-SKU017256BL,20250926,BR004,SKU017256BL,148,126,22
STK-20250926-BR004-SKU017256SI,20250926,BR004,SKU017256SI,132,113,19
STK-20250926-BR004-SKU017256PI,20250926,BR004,SKU017256PI,143,117,26
STK-20250926-BR005-SKU015128BL,20250926,BR005,SKU015128BL,122,36,86
STK-20250926-BR005-SKU015128SI,20250926,BR005,SKU015128SI,79,40,39
STK-20250926-BR005-SKU015128PI,20250926,BR005,SKU015128PI,139,46,93
STK-20250926-BR005-SKU015256BL,20250926,BR005,SKU015256BL,132,32,100
STK-20250926-BR005-SKU015256SI,20250926,BR005,SKU015256SI,154,40,114
STK-20250926-BR005-SKU015256PI,20250926,BR005,SKU015256PI,135,46,89
STK-20250926-BR005-SKU016128BL,20250926,BR005,SKU016128BL,122,77,45
STK-20250926-BR005-SKU016128SI,20250926,BR005,SKU016128SI,107,73,34
STK-20250926-BR005-SKU016128PI,20250926,BR005,SKU016128PI,102,73,29
STK-20250926-BR005-SKU016256BL,20250926,BR005,SKU016256BL,125,95,30
STK-20250926-BR005-SKU016256SI,20250926,BR005,SKU016256SI,84,72,12
STK-20250926-BR005-SKU016256PI,20250926,BR005,SKU016256PI,87,75,12
STK-20250926-BR005-SKU017128BL,20250926,BR005,SKU017128BL,113,94,19
STK-20250926-BR005-SKU017128SI,20250926,BR005,SKU017128SI,178,142,36
STK-20250926-BR005-SKU017128PI,20250926,BR005,SKU017128PI,116,107,9
STK-20250926-BR005-SKU017256BL,20250926,BR005,SKU017256BL,149,125,24
STK-20250926-BR005-SKU017256SI,20250926,BR005,SKU017256SI,109,108,1
STK-20250926-BR005-SKU017256PI,20250926,BR005,SKU017256PI,125,111,14
STK-20250927-BR000-SKU015128BL,20250927,BR000,SKU015128BL,644,0,644
STK-20250927-BR000-SKU015128SI,20250927,BR000,SKU015128SI,795,0,795
STK-20250927-BR000-SKU015128PI,20250927,BR000,SKU015128PI,930,0,930
STK-20250927-BR000-SKU015256BL,20250927,BR000,SKU015256BL,712,0,712
STK-20250927-BR000-SKU015256SI,20250927,BR000,SKU015256SI,744,0,744
STK-20250927-BR000-SKU015256PI,20250927,BR000,SKU015256PI,985,0,985
STK-20250927-BR000-SKU016128BL,20250927,BR000,SKU016128BL,632,0,632
STK-20250927-BR000-SKU016128SI,20250927,BR000,SKU016128SI,857,0,857
STK-20250927-BR000-SKU016128PI,20250927,BR000,SKU016128PI,686,0,686
STK-20250927-BR000-SKU016256BL,20250927,BR000,SKU016256BL,548,0,548
STK-20250927-BR000-SKU016256SI,20250927,BR000,SKU016256SI,855,0,855
STK-20250927-BR000-SKU016256PI,20250927,BR000,SKU016256PI,881,0,881
STK-20250927-BR000-SKU017128BL,20250927,BR000,SKU017128BL,658,0,658
STK-20250927-BR000-SKU017128SI,20250927,BR000,SKU017128SI,661,0,661
STK-20250927-BR000-SKU017128PI,20250927,BR000,SKU017128PI,617,0,617
STK-20250927-BR000-SKU017256BL,20250927,BR000,SKU017256BL,731,0,731
STK-20250927-BR000-SKU017256SI,20250927,BR000,SKU017256SI,682,0,682
STK-20250927-BR000-SKU017256PI,20250927,BR000,SKU017256PI,891,0,891
STK-20250927-BR001-SKU015128BL,20250927,BR001,SKU015128BL,109,40,69
STK-20250927-BR001-SKU015128SI,20250927,BR001,SKU015128SI,117,46,71
STK-20250927-BR001-SKU015128PI,20250927,BR001,SKU015128PI,117,44,73
STK-20250927-BR001-SKU015256BL,20250927,BR001,SKU015256BL,133,36,97
STK-20250927-BR001-SKU015256SI,20250927,BR001,SKU015256SI,112,45,67
STK-20250927-BR001-SKU015256PI,20250927,BR001,SKU015256PI,101,45,56
STK-20250927-BR001-SKU016128BL,20250927,BR001,SKU016128BL,116,88,28
STK-20250927-BR001-SKU016128SI,20250927,BR001,SKU016128SI,84,83,1
STK-20250927-BR001-SKU016128PI,20250927,BR001,SKU016128PI,105,74,31
STK-20250927-BR001-SKU016256BL,20250927,BR001,SKU016256BL,114,87,27
STK-20250927-BR001-SKU016256SI,20250927,BR001,SKU016256SI,115,73,42
STK-20250927-BR001-SKU016256PI,20250927,BR001,SKU016256PI,99,82,17
STK-20250927-BR001-SKU017128BL,20250927,BR001,SKU017128BL,133,112,21
STK-20250927-BR001-SKU017128SI,20250927,BR001,SKU017128SI,149,119,30
STK-20250927-BR001-SKU017128PI,20250927,BR001,SKU017128PI,146,123,23
STK-20250927-BR001-SKU017256BL,20250927,BR001,SKU017256BL,149,120,29
STK-20250927-BR001-SKU017256SI,20250927,BR001,SKU017256SI,112,105,7
STK-20250927-BR001-SKU017256PI,20250927,BR001,SKU017256PI,106,104,2
STK-20250927-BR002-SKU015128BL,20250927,BR002,SKU015128BL,122,48,74
STK-20250927-BR002-SKU015128SI,20250927,BR002,SKU015128SI,88,44,44
STK-20250927-BR002-SKU015128PI,20250927,BR002,SKU015128PI,123,48,75
STK-20250927-BR002-SKU015256BL,20250927,BR002,SKU015256BL,142,42,100
STK-20250927-BR002-SKU015256SI,20250927,BR002,SKU015256SI,85,47,38
STK-20250927-BR002-SKU015256PI,20250927,BR002,SKU015256PI,145,50,95
STK-20250927-BR002-SKU016128BL,20250927,BR002,SKU016128BL,91,87,4
STK-20250927-BR002-SKU016128SI,20250927,BR002,SKU016128SI,116,93,23
STK-20250927-BR002-SKU016128PI,20250927,BR002,SKU016128PI,115,74,41
STK-20250927-BR002-SKU016256BL,20250927,BR002,SKU016256BL,109,81,28
STK-20250927-BR002-SKU016256SI,20250927,BR002,SKU016256SI,92,86,6
STK-20250927-BR002-SKU016256PI,20250927,BR002,SKU016256PI,84,84,0
STK-20250927-BR002-SKU017128BL,20250927,BR002,SKU017128BL,115,113,2
STK-20250927-BR002-SKU017128SI,20250927,BR002,SKU017128SI,109,109,0
STK-20250927-BR002-SKU017128PI,20250927,BR002,SKU017128PI,133,121,12
STK-20250927-BR002-SKU017256BL,20250927,BR002,SKU017256BL,133,128,5
STK-20250927-BR002-SKU017256SI,20250927,BR002,SKU017256SI,135,113,22
STK-20250927-BR002-SKU017256PI,20250927,BR002,SKU017256PI,142,113,29
STK-20250927-BR003-SKU015128BL,20250927,BR003,SKU015128BL,128,45,83
STK-20250927-BR003-SKU015128SI,20250927,BR003,SKU015128SI,120,46,74
STK-20250927-BR003-SKU015128PI,20250927,BR003,SKU015128PI,102,52,50
STK-20250927-BR003-SKU015256BL,20250927,BR003,SKU015256BL,116,39,77
STK-20250927-BR003-SKU015256SI,20250927,BR003,SKU015256SI,141,48,93
STK-20250927-BR003-SKU015256PI,20250927,BR003,SKU015256PI,119,49,70
STK-20250927-BR003-SKU016128BL,20250927,BR003,SKU016128BL,102,91,11
STK-20250927-BR003-SKU016128SI,20250927,BR003,SKU016128SI,102,69,33
STK-20250927-BR003-SKU016128PI,20250927,BR003,SKU016128PI,108,88,20
STK-20250927-BR003-SKU016256BL,20250927,BR003,SKU016256BL,101,85,16
STK-20250927-BR003-SKU016256SI,20250927,BR003,SKU016256SI,132,95,37
STK-20250927-BR003-SKU016256PI,20250927,BR003,SKU016256PI,103,77,26
STK-20250927-BR003-SKU017128BL,20250927,BR003,SKU017128BL,160,120,40
STK-20250927-BR003-SKU017128SI,20250927,BR003,SKU017128SI,132,102,30
STK-20250927-BR003-SKU017128PI,20250927,BR003,SKU017128PI,117,114,3
STK-20250927-BR003-SKU017256BL,20250927,BR003,SKU017256BL,129,101,28
STK-20250927-BR003-SKU017256SI,20250927,BR003,SKU017256SI,148,137,11
STK-20250927-BR003-SKU017256PI,20250927,BR003,SKU017256PI,137,134,3
STK-20250927-BR004-SKU015128BL,20250927,BR004,SKU015128BL,99,46,53
STK-20250927-BR004-SKU015128SI,20250927,BR004,SKU015128SI,129,50,79
STK-20250927-BR004-SKU015128PI,20250927,BR004,SKU015128PI,165,40,125
STK-20250927-BR004-SKU015256BL,20250927,BR004,SKU015256BL,98,43,55
STK-20250927-BR004-SKU015256SI,20250927,BR004,SKU015256SI,92,47,45
STK-20250927-BR004-SKU015256PI,20250927,BR004,SKU015256PI,144,53,91
STK-20250927-BR004-SKU016128BL,20250927,BR004,SKU016128BL,89,81,8
STK-20250927-BR004-SKU016128SI,20250927,BR004,SKU016128SI,81,77,4
STK-20250927-BR004-SKU016128PI,20250927,BR004,SKU016128PI,97,75,22
STK-20250927-BR004-SKU016256BL,20250927,BR004,SKU016256BL,104,70,34
STK-20250927-BR004-SKU016256SI,20250927,BR004,SKU016256SI,102,79,23
STK-20250927-BR004-SKU016256PI,20250927,BR004,SKU016256PI,100,78,22
STK-20250927-BR004-SKU017128BL,20250927,BR004,SKU017128BL,161,122,39
STK-20250927-BR004-SKU017128SI,20250927,BR004,SKU017128SI,131,112,19
STK-20250927-BR004-SKU017128PI,20250927,BR004,SKU017128PI,134,131,3
STK-20250927-BR004-SKU017256BL,20250927,BR004,SKU017256BL,148,130,18
STK-20250927-BR004-SKU017256SI,20250927,BR004,SKU017256SI,127,114,13
STK-20250927-BR004-SKU017256PI,20250927,BR004,SKU017256PI,143,128,15
STK-20250927-BR005-SKU015128BL,20250927,BR005,SKU015128BL,120,39,81
STK-20250927-BR005-SKU015128SI,20250927,BR005,SKU015128SI,79,44,35
STK-20250927-BR005-SKU015128PI,20250927,BR005,SKU015128PI,136,44,92
STK-20250927-BR005-SKU015256BL,20250927,BR005,SKU015256BL,132,35,97
STK-20250927-BR005-SKU015256SI,20250927,BR005,SKU015256SI,152,43,109
STK-20250927-BR005-SKU015256PI,20250927,BR005,SKU015256PI,135,49,86
STK-20250927-BR005-SKU016128BL,20250927,BR005,SKU016128BL,121,80,41
STK-20250927-BR005-SKU016128SI,20250927,BR005,SKU016128SI,105,77,28
STK-20250927-BR005-SKU016128PI,20250927,BR005,SKU016128PI,98,76,22
STK-20250927-BR005-SKU016256BL,20250927,BR005,SKU016256BL,114,89,25
STK-20250927-BR005-SKU016256SI,20250927,BR005,SKU016256SI,81,73,8
STK-20250927-BR005-SKU016256PI,20250927,BR005,SKU016256PI,83,79,4
STK-20250927-BR005-SKU017128BL,20250927,BR005,SKU017128BL,104,93,11
STK-20250927-BR005-SKU017128SI,20250927,BR005,SKU017128SI,171,143,28
STK-20250927-BR005-SKU017128PI,20250927,BR005,SKU017128PI,116,116,0
STK-20250927-BR005-SKU017256BL,20250927,BR005,SKU017256BL,138,122,16
STK-20250927-BR005-SKU017256SI,20250927,BR005,SKU017256SI,146,114,32
STK-20250927-BR005-SKU017256PI,20250927,BR005,SKU017256PI,114,110,4
STK-20250928-BR000-SKU015128BL,20250928,BR000,SKU015128BL,644,0,644
STK-20250928-BR000-SKU015128SI,20250928,BR000,SKU015128SI,795,0,795
STK-20250928-BR000-SKU015128PI,20250928,BR000,SKU015128PI,930,0,930
STK-20250928-BR000-SKU015256BL,20250928,BR000,SKU015256BL,712,0,712
STK-20250928-BR000-SKU015256SI,20250928,BR000,SKU015256SI,744,0,744
STK-20250928-BR000-SKU015256PI,20250928,BR000,SKU015256PI,985,0,985
STK-20250928-BR000-SKU016128BL,20250928,BR000,SKU016128BL,632,0,632
STK-20250928-BR000-SKU016128SI,20250928,BR000,SKU016128SI,857,0,857
STK-20250928-BR000-SKU016128PI,20250928,BR000,SKU016128PI,686,0,686
STK-20250928-BR000-SKU016256BL,20250928,BR000,SKU016256BL,548,0,548
STK-20250928-BR000-SKU016256SI,20250928,BR000,SKU016256SI,855,0,855
STK-20250928-BR000-SKU016256PI,20250928,BR000,SKU016256PI,881,0,881
STK-20250928-BR000-SKU017128BL,20250928,BR000,SKU017128BL,658,0,658
STK-20250928-BR000-SKU017128SI,20250928,BR000,SKU017128SI,661,0,661
STK-20250928-BR000-SKU017128PI,20250928,BR000,SKU017128PI,617,0,617
STK-20250928-BR000-SKU017256BL,20250928,BR000,SKU017256BL,731,0,731
STK-20250928-BR000-SKU017256SI,20250928,BR000,SKU017256SI,682,0,682
STK-20250928-BR000-SKU017256PI,20250928,BR000,SKU017256PI,891,0,891
STK-20250928-BR001-SKU015128BL,20250928,BR001,SKU015128BL,109,46,63
STK-20250928-BR001-SKU015128SI,20250928,BR001,SKU015128SI,115,47,68
STK-20250928-BR001-SKU015128PI,20250928,BR001,SKU015128PI,115,46,69
STK-20250928-BR001-SKU015256BL,20250928,BR001,SKU015256BL,133,42,91
STK-20250928-BR001-SKU015256SI,20250928,BR001,SKU015256SI,112,47,65
STK-20250928-BR001-SKU015256PI,20250928,BR001,SKU015256PI,98,43,55
STK-20250928-BR001-SKU016128BL,20250928,BR001,SKU016128BL,107,83,24
STK-20250928-BR001-SKU016128SI,20250928,BR001,SKU016128SI,114,90,24
STK-20250928-BR001-SKU016128PI,20250928,BR001,SKU016128PI,97,73,24
STK-20250928-BR001-SKU016256BL,20250928,BR001,SKU016256BL,107,86,21
STK-20250928-BR001-SKU016256SI,20250928,BR001,SKU016256SI,112,77,35
STK-20250928-BR001-SKU016256PI,20250928,BR001,SKU016256PI,97,85,12
STK-20250928-BR001-SKU017128BL,20250928,BR001,SKU017128BL,127,114,13
STK-20250928-BR001-SKU017128SI,20250928,BR001,SKU017128SI,144,121,23
STK-20250928-BR001-SKU017128PI,20250928,BR001,SKU017128PI,138,126,12
STK-20250928-BR001-SKU017256BL,20250928,BR001,SKU017256BL,149,128,21
STK-20250928-BR001-SKU017256SI,20250928,BR001,SKU017256SI,138,113,25
STK-20250928-BR001-SKU017256PI,20250928,BR001,SKU017256PI,152,114,38
STK-20250928-BR002-SKU015128BL,20250928,BR002,SKU015128BL,120,50,70
STK-20250928-BR002-SKU015128SI,20250928,BR002,SKU015128SI,85,43,42
STK-20250928-BR002-SKU015128PI,20250928,BR002,SKU015128PI,123,51,72
STK-20250928-BR002-SKU015256BL,20250928,BR002,SKU015256BL,141,42,99
STK-20250928-BR002-SKU015256SI,20250928,BR002,SKU015256SI,82,46,36
STK-20250928-BR002-SKU015256PI,20250928,BR002,SKU015256PI,142,48,94
STK-20250928-BR002-SKU016128BL,20250928,BR002,SKU016128BL,83,82,1
STK-20250928-BR002-SKU016128SI,20250928,BR002,SKU016128SI,112,96,16
STK-20250928-BR002-SKU016128PI,20250928,BR002,SKU016128PI,112,73,39
STK-20250928-BR002-SKU016256BL,20250928,BR002,SKU016256BL,107,80,27
STK-20250928-BR002-SKU016256SI,20250928,BR002,SKU016256SI,126,95,31
STK-20250928-BR002-SKU016256PI,20250928,BR002,SKU016256PI,111,89,22
STK-20250928-BR002-SKU017128BL,20250928,BR002,SKU017128BL,137,114,23
STK-20250928-BR002-SKU017128SI,20250928,BR002,SKU017128SI,161,121,40
STK-20250928-BR002-SKU017128PI,20250928,BR002,SKU017128PI,117,116,1
STK-20250928-BR002-SKU017256BL,20250928,BR002,SKU017256BL,141,121,20
STK-20250928-BR002-SKU017256SI,20250928,BR002,SKU017256SI,132,119,13
STK-20250928-BR002-SKU017256PI,20250928,BR002,SKU017256PI,140,121,19
STK-20250928-BR003-SKU015128BL,20250928,BR003,SKU015128BL,126,47,79
STK-20250928-BR003-SKU015128SI,20250928,BR003,SKU015128SI,118,45,73
STK-20250928-BR003-SKU015128PI,20250928,BR003,SKU015128PI,99,54,45
STK-20250928-BR003-SKU015256BL,20250928,BR003,SKU015256BL,116,42,74
STK-20250928-BR003-SKU015256SI,20250928,BR003,SKU015256SI,141,52,89
STK-20250928-BR003-SKU015256PI,20250928,BR003,SKU015256PI,115,48,67
STK-20250928-BR003-SKU016128BL,20250928,BR003,SKU016128BL,96,90,6
STK-20250928-BR003-SKU016128SI,20250928,BR003,SKU016128SI,99,72,27
STK-20250928-BR003-SKU016128PI,20250928,BR003,SKU016128PI,103,89,14
STK-20250928-BR003-SKU016256BL,20250928,BR003,SKU016256BL,99,85,14
STK-20250928-BR003-SKU016256SI,20250928,BR003,SKU016256SI,129,100,29
STK-20250928-BR003-SKU016256PI,20250928,BR003,SKU016256PI,100,77,23
STK-20250928-BR003-SKU017128BL,20250928,BR003,SKU017128BL,160,132,28
STK-20250928-BR003-SKU017128SI,20250928,BR003,SKU017128SI,125,103,22
STK-20250928-BR003-SKU017128PI,20250928,BR003,SKU017128PI,158,122,36
STK-20250928-BR003-SKU017256BL,20250928,BR003,SKU017256BL,129,111,18
STK-20250928-BR003-SKU017256SI,20250928,BR003,SKU017256SI,134,133,1
STK-20250928-BR003-SKU017256PI,20250928,BR003,SKU017256PI,171,142,29
STK-20250928-BR004-SKU015128BL,20250928,BR004,SKU015128BL,95,45,50
STK-20250928-BR004-SKU015128SI,20250928,BR004,SKU015128SI,127,52,75
STK-20250928-BR004-SKU015128PI,20250928,BR004,SKU015128PI,164,43,121
STK-20250928-BR004-SKU015256BL,20250928,BR004,SKU015256BL,98,47,51
STK-20250928-BR004-SKU015256SI,20250928,BR004,SKU015256SI,92,51,41
STK-20250928-BR004-SKU015256PI,20250928,BR004,SKU015256PI,140,53,87
STK-20250928-BR004-SKU016128BL,20250928,BR004,SKU016128BL,87,86,1
STK-20250928-BR004-SKU016128SI,20250928,BR004,SKU016128SI,79,78,1
STK-20250928-BR004-SKU016128PI,20250928,BR004,SKU016128PI,95,79,16
STK-20250928-BR004-SKU016256BL,20250928,BR004,SKU016256BL,104,77,27
STK-20250928-BR004-SKU016256SI,20250928,BR004,SKU016256SI,97,77,20
STK-20250928-BR004-SKU016256PI,20250928,BR004,SKU016256PI,100,85,15
STK-20250928-BR004-SKU017128BL,20250928,BR004,SKU017128BL,155,126,29
STK-20250928-BR004-SKU017128SI,20250928,BR004,SKU017128SI,126,115,11
STK-20250928-BR004-SKU017128PI,20250928,BR004,SKU017128PI,176,140,36
STK-20250928-BR004-SKU017256BL,20250928,BR004,SKU017256BL,148,141,7
STK-20250928-BR004-SKU017256SI,20250928,BR004,SKU017256SI,127,123,4
STK-20250928-BR004-SKU017256PI,20250928,BR004,SKU017256PI,136,127,9
STK-20250928-BR005-SKU015128BL,20250928,BR005,SKU015128BL,120,40,80
STK-20250928-BR005-SKU015128SI,20250928,BR005,SKU015128SI,77,43,34
STK-20250928-BR005-SKU015128PI,20250928,BR005,SKU015128PI,135,47,88
STK-20250928-BR005-SKU015256BL,20250928,BR005,SKU015256BL,132,37,95
STK-20250928-BR005-SKU015256SI,20250928,BR005,SKU015256SI,152,46,106
STK-20250928-BR005-SKU015256PI,20250928,BR005,SKU015256PI,135,52,83
STK-20250928-BR005-SKU016128BL,20250928,BR005,SKU016128BL,119,87,32
STK-20250928-BR005-SKU016128SI,20250928,BR005,SKU016128SI,102,79,23
STK-20250928-BR005-SKU016128PI,20250928,BR005,SKU016128PI,94,76,18
STK-20250928-BR005-SKU016256BL,20250928,BR005,SKU016256BL,106,84,22
STK-20250928-BR005-SKU016256SI,20250928,BR005,SKU016256SI,114,81,33
STK-20250928-BR005-SKU016256PI,20250928,BR005,SKU016256PI,102,80,22
STK-20250928-BR005-SKU017128BL,20250928,BR005,SKU017128BL,104,100,4
STK-20250928-BR005-SKU017128SI,20250928,BR005,SKU017128SI,155,137,18
STK-20250928-BR005-SKU017128PI,20250928,BR005,SKU017128PI,150,129,21
STK-20250928-BR005-SKU017256BL,20250928,BR005,SKU017256BL,119,110,9
STK-20250928-BR005-SKU017256SI,20250928,BR005,SKU017256SI,146,124,22
STK-20250928-BR005-SKU017256PI,20250928,BR005,SKU017256PI,142,110,32
STK-20250929-BR000-SKU015128BL,20250929,BR000,SKU015128BL,644,0,644
STK-20250929-BR000-SKU015128SI,20250929,BR000,SKU015128SI,795,0,795
STK-20250929-BR000-SKU015128PI,20250929,BR000,SKU015128PI,930,0,930
STK-20250929-BR000-SKU015256BL,20250929,BR000,SKU015256BL,712,0,712
STK-20250929-BR000-SKU015256SI,20250929,BR000,SKU015256SI,744,0,744
STK-20250929-BR000-SKU015256PI,20250929,BR000,SKU015256PI,985,0,985
STK-20250929-BR000-SKU016128BL,20250929,BR000,SKU016128BL,632,0,632
STK-20250929-BR000-SKU016128SI,20250929,BR000,SKU016128SI,857,0,857
STK-20250929-BR000-SKU016128PI,20250929,BR000,SKU016128PI,686,0,686
STK-20250929-BR000-SKU016256BL,20250929,BR000,SKU016256BL,548,0,548
STK-20250929-BR000-SKU016256SI,20250929,BR000,SKU016256SI,855,0,855
STK-20250929-BR000-SKU016256PI,20250929,BR000,SKU016256PI,881,0,881
STK-20250929-BR000-SKU017128BL,20250929,BR000,SKU017128BL,658,0,658
STK-20250929-BR000-SKU017128SI,20250929,BR000,SKU017128SI,661,0,661
STK-20250929-BR000-SKU017128PI,20250929,BR000,SKU017128PI,617,0,617
STK-20250929-BR000-SKU017256BL,20250929,BR000,SKU017256BL,731,0,731
STK-20250929-BR000-SKU017256SI,20250929,BR000,SKU017256SI,682,0,682
STK-20250929-BR000-SKU017256PI,20250929,BR000,SKU017256PI,891,0,891
STK-20250929-BR001-SKU015128BL,20250929,BR001,SKU015128BL,109,50,59
STK-20250929-BR001-SKU015128SI,20250929,BR001,SKU015128SI,115,49,66
STK-20250929-BR001-SKU015128PI,20250929,BR001,SKU015128PI,113,45,68
STK-20250929-BR001-SKU015256BL,20250929,BR001,SKU015256BL,133,44,89
STK-20250929-BR001-SKU015256SI,20250929,BR001,SKU015256SI,112,50,62
STK-20250929-BR001-SKU015256PI,20250929,BR001,SKU015256PI,98,46,52
STK-20250929-BR001-SKU016128BL,20250929,BR001,SKU016128BL,102,86,16
STK-20250929-BR001-SKU016128SI,20250929,BR001,SKU016128SI,110,92,18
STK-20250929-BR001-SKU016128PI,20250929,BR001,SKU016128PI,97,80,17
STK-20250929-BR001-SKU016256BL,20250929,BR001,SKU016256BL,99,86,13
STK-20250929-BR001-SKU016256SI,20250929,BR001,SKU016256SI,112,82,30
STK-20250929-BR001-SKU016256PI,20250929,BR001,SKU016256PI,94,84,10
STK-20250929-BR001-SKU017128BL,20250929,BR001,SKU017128BL,118,111,7
STK-20250929-BR001-SKU017128SI,20250929,BR001,SKU017128SI,144,128,16
STK-20250929-BR001-SKU017128PI,20250929,BR001,SKU017128PI,132,127,5
STK-20250929-BR001-SKU017256BL,20250929,BR001,SKU017256BL,133,121,12
STK-20250929-BR001-SKU017256SI,20250929,BR001,SKU017256SI,131,110,21
STK-20250929-BR001-SKU017256PI,20250929,BR001,SKU017256PI,146,122,24
STK-20250929-BR002-SKU015128BL,20250929,BR002,SKU015128BL,120,51,69
STK-20250929-BR002-SKU015128SI,20250929,BR002,SKU015128SI,83,47,36
STK-20250929-BR002-SKU015128PI,20250929,BR002,SKU015128PI,120,49,71
STK-20250929-BR002-SKU015256BL,20250929,BR002,SKU015256BL,138,44,94
STK-20250929-BR002-SKU015256SI,20250929,BR002,SKU015256SI,81,46,35
STK-20250929-BR002-SKU015256PI,20250929,BR002,SKU015256PI,139,49,90
STK-20250929-BR002-SKU016128BL,20250929,BR002,SKU016128BL,116,83,33
STK-20250929-BR002-SKU016128SI,20250929,BR002,SKU016128SI,109,101,8
STK-20250929-BR002-SKU016128PI,20250929,BR002,SKU016128PI,112,78,34
STK-20250929-BR002-SKU016256BL,20250929,BR002,SKU016256BL,105,84,21
STK-20250929-BR002-SKU016256SI,20250929,BR002,SKU016256SI,116,87,29
STK-20250929-BR002-SKU016256PI,20250929,BR002,SKU016256PI,111,92,19
STK-20250929-BR002-SKU017128BL,20250929,BR002,SKU017128BL,131,119,12
STK-20250929-BR002-SKU017128SI,20250929,BR002,SKU017128SI,151,125,26
STK-20250929-BR002-SKU017128PI,20250929,BR002,SKU017128PI,141,120,21
STK-20250929-BR002-SKU017256BL,20250929,BR002,SKU017256BL,133,124,9
STK-20250929-BR002-SKU017256SI,20250929,BR002,SKU017256SI,123,119,4
STK-20250929-BR002-SKU017256PI,20250929,BR002,SKU017256PI,140,135,5
STK-20250929-BR003-SKU015128BL,20250929,BR003,SKU015128BL,123,50,73
STK-20250929-BR003-SKU015128SI,20250929,BR003,SKU015128SI,118,48,70
STK-20250929-BR003-SKU015128PI,20250929,BR003,SKU015128PI,96,57,39
STK-20250929-BR003-SKU015256BL,20250929,BR003,SKU015256BL,111,38,73
STK-20250929-BR003-SKU015256SI,20250929,BR003,SKU015256SI,139,54,85
STK-20250929-BR003-SKU015256PI,20250929,BR003,SKU015256PI,112,49,63
STK-20250929-BR003-SKU016128BL,20250929,BR003,SKU016128BL,88,86,2
STK-20250929-BR003-SKU016128SI,20250929,BR003,SKU016128SI,97,73,24
STK-20250929-BR003-SKU016128PI,20250929,BR003,SKU016128PI,103,94,9
STK-20250929-BR003-SKU016256BL,20250929,BR003,SKU016256BL,99,89,10
STK-20250929-BR003-SKU016256SI,20250929,BR003,SKU016256SI,114,91,23
STK-20250929-BR003-SKU016256PI,20250929,BR003,SKU016256PI,95,77,18
STK-20250929-BR003-SKU017128BL,20250929,BR003,SKU017128BL,160,145,15
STK-20250929-BR003-SKU017128SI,20250929,BR003,SKU017128SI,115,100,15
STK-20250929-BR003-SKU017128PI,20250929,BR003,SKU017128PI,150,125,25
STK-20250929-BR003-SKU017256BL,20250929,BR003,SKU017256BL,129,117,12
STK-20250929-BR003-SKU017256SI,20250929,BR003,SKU017256SI,148,127,21
STK-20250929-BR003-SKU017256PI,20250929,BR003,SKU017256PI,164,148,16
STK-20250929-BR004-SKU015128BL,20250929,BR004,SKU015128BL,94,49,45
STK-20250929-BR004-SKU015128SI,20250929,BR004,SKU015128SI,127,53,74
STK-20250929-BR004-SKU015128PI,20250929,BR004,SKU015128PI,162,46,116
STK-20250929-BR004-SKU015256BL,20250929,BR004,SKU015256BL,98,49,49
STK-20250929-BR004-SKU015256SI,20250929,BR004,SKU015256SI,92,53,39
STK-20250929-BR004-SKU015256PI,20250929,BR004,SKU015256PI,140,57,83
STK-20250929-BR004-SKU016128BL,20250929,BR004,SKU016128BL,118,93,25
STK-20250929-BR004-SKU016128SI,20250929,BR004,SKU016128SI,112,80,32
STK-20250929-BR004-SKU016128PI,20250929,BR004,SKU016128PI,93,83,10
STK-20250929-BR004-SKU016256BL,20250929,BR004,SKU016256BL,104,79,25
STK-20250929-BR004-SKU016256SI,20250929,BR004,SKU016256SI,94,77,17
STK-20250929-BR004-SKU016256PI,20250929,BR004,SKU016256PI,98,86,12
STK-20250929-BR004-SKU017128BL,20250929,BR004,SKU017128BL,149,134,15
STK-20250929-BR004-SKU017128SI,20250929,BR004,SKU017128SI,128,108,20
STK-20250929-BR004-SKU017128PI,20250929,BR004,SKU017128PI,164,139,25
STK-20250929-BR004-SKU017256BL,20250929,BR004,SKU017256BL,159,130,29
STK-20250929-BR004-SKU017256SI,20250929,BR004,SKU017256SI,156,123,33
STK-20250929-BR004-SKU017256PI,20250929,BR004,SKU017256PI,126,121,5
STK-20250929-BR005-SKU015128BL,20250929,BR005,SKU015128BL,120,41,79
STK-20250929-BR005-SKU015128SI,20250929,BR005,SKU015128SI,76,44,32
STK-20250929-BR005-SKU015128PI,20250929,BR005,SKU015128PI,135,49,86
STK-20250929-BR005-SKU015256BL,20250929,BR005,SKU015256BL,132,38,94
STK-20250929-BR005-SKU015256SI,20250929,BR005,SKU015256SI,151,46,105
STK-20250929-BR005-SKU015256PI,20250929,BR005,SKU015256PI,129,49,80
STK-20250929-BR005-SKU016128BL,20250929,BR005,SKU016128BL,119,93,26
STK-20250929-BR005-SKU016128SI,20250929,BR005,SKU016128SI,102,85,17
STK-20250929-BR005-SKU016128PI,20250929,BR005,SKU016128PI,90,78,12
STK-20250929-BR005-SKU016256BL,20250929,BR005,SKU016256BL,105,89,16
STK-20250929-BR005-SKU016256SI,20250929,BR005,SKU016256SI,110,80,30
STK-20250929-BR005-SKU016256PI,20250929,BR005,SKU016256PI,94,74,20
STK-20250929-BR005-SKU017128BL,20250929,BR005,SKU017128BL,148,110,38
STK-20250929-BR005-SKU017128SI,20250929,BR005,SKU017128SI,143,133,10
STK-20250929-BR005-SKU017128PI,20250929,BR005,SKU017128PI,145,135,10
STK-20250929-BR005-SKU017256BL,20250929,BR005,SKU017256BL,119,118,1
STK-20250929-BR005-SKU017256SI,20250929,BR005,SKU017256SI,141,128,13
STK-20250929-BR005-SKU017256PI,20250929,BR005,SKU017256PI,137,110,27
STK-20250930-BR000-SKU015128BL,20250930,BR000,SKU015128BL,644,0,644
STK-20250930-BR000-SKU015128SI,20250930,BR000,SKU015128SI,795,0,795
STK-20250930-BR000-SKU015128PI,20250930,BR000,SKU015128PI,930,0,930
STK-20250930-BR000-SKU015256BL,20250930,BR000,SKU015256BL,712,0,712
STK-20250930-BR000-SKU015256SI,20250930,BR000,SKU015256SI,744,0,744
STK-20250930-BR000-SKU015256PI,20250930,BR000,SKU015256PI,985,0,985
STK-20250930-BR000-SKU016128BL,20250930,BR000,SKU016128BL,632,0,632
STK-20250930-BR000-SKU016128SI,20250930,BR000,SKU016128SI,857,0,857
STK-20250930-BR000-SKU016128PI,20250930,BR000,SKU016128PI,686,0,686
STK-20250930-BR000-SKU016256BL,20250930,BR000,SKU016256BL,548,0,548
STK-20250930-BR000-SKU016256SI,20250930,BR000,SKU016256SI,855,0,855
STK-20250930-BR000-SKU016256PI,20250930,BR000,SKU016256PI,881,0,881
STK-20250930-BR000-SKU017128BL,20250930,BR000,SKU017128BL,658,0,658
STK-20250930-BR000-SKU017128SI,20250930,BR000,SKU017128SI,661,0,661
STK-20250930-BR000-SKU017128PI,20250930,BR000,SKU017128PI,617,0,617
STK-20250930-BR000-SKU017256BL,20250930,BR000,SKU017256BL,731,0,731
STK-20250930-BR000-SKU017256SI,20250930,BR000,SKU017256SI,682,0,682
STK-20250930-BR000-SKU017256PI,20250930,BR000,SKU017256PI,891,0,891
STK-20250930-BR001-SKU015128BL,20250930,BR001,SKU015128BL,139,55,84
STK-20250930-BR001-SKU015128SI,20250930,BR001,SKU015128SI,165,50,115
STK-20250930-BR001-SKU015128PI,20250930,BR001,SKU015128PI,146,48,98
STK-20250930-BR001-SKU015256BL,20250930,BR001,SKU015256BL,176,46,130
STK-20250930-BR001-SKU015256SI,20250930,BR001,SKU015256SI,147,50,97
STK-20250930-BR001-SKU015256PI,20250930,BR001,SKU015256PI,147,50,97
STK-20250930-BR001-SKU016128BL,20250930,BR001,SKU016128BL,150,87,63
STK-20250930-BR001-SKU016128SI,20250930,BR001,SKU016128SI,150,98,52
STK-20250930-BR001-SKU016128PI,20250930,BR001,SKU016128PI,128,85,43
STK-20250930-BR001-SKU016256BL,20250930,BR001,SKU016256BL,140,86,54
STK-20250930-BR001-SKU016256SI,20250930,BR001,SKU016256SI,163,83,80
STK-20250930-BR001-SKU016256PI,20250930,BR001,SKU016256PI,138,86,52
STK-20250930-BR001-SKU017128BL,20250930,BR001,SKU017128BL,167,119,48
STK-20250930-BR001-SKU017128SI,20250930,BR001,SKU017128SI,177,132,45
STK-20250930-BR001-SKU017128PI,20250930,BR001,SKU017128PI,191,132,59
STK-20250930-BR001-SKU017256BL,20250930,BR001,SKU017256BL,181,124,57
STK-20250930-BR001-SKU017256SI,20250930,BR001,SKU017256SI,184,114,70
STK-20250930-BR001-SKU017256PI,20250930,BR001,SKU017256PI,188,133,55
STK-20250930-BR002-SKU015128BL,20250930,BR002,SKU015128BL,178,53,125
STK-20250930-BR002-SKU015128SI,20250930,BR002,SKU015128SI,139,48,91
STK-20250930-BR002-SKU015128PI,20250930,BR002,SKU015128PI,154,52,102
STK-20250930-BR002-SKU015256BL,20250930,BR002,SKU015256BL,196,50,146
STK-20250930-BR002-SKU015256SI,20250930,BR002,SKU015256SI,119,47,72
STK-20250930-BR002-SKU015256PI,20250930,BR002,SKU015256PI,177,50,127
STK-20250930-BR002-SKU016128BL,20250930,BR002,SKU016128BL,148,88,60
STK-20250930-BR002-SKU016128SI,20250930,BR002,SKU016128SI,169,106,63
STK-20250930-BR002-SKU016128PI,20250930,BR002,SKU016128PI,142,81,61
STK-20250930-BR002-SKU016256BL,20250930,BR002,SKU016256BL,139,78,61
STK-20250930-BR002-SKU016256SI,20250930,BR002,SKU016256SI,156,92,64
STK-20250930-BR002-SKU016256PI,20250930,BR002,SKU016256PI,160,101,59
STK-20250930-BR002-SKU017128BL,20250930,BR002,SKU017128BL,176,124,52
STK-20250930-BR002-SKU017128SI,20250930,BR002,SKU017128SI,198,136,62
STK-20250930-BR002-SKU017128PI,20250930,BR002,SKU017128PI,188,132,56
STK-20250930-BR002-SKU017256BL,20250930,BR002,SKU017256BL,164,127,37
STK-20250930-BR002-SKU017256SI,20250930,BR002,SKU017256SI,163,125,38
STK-20250930-BR002-SKU017256PI,20250930,BR002,SKU017256PI,167,128,39
STK-20250930-BR003-SKU015128BL,20250930,BR003,SKU015128BL,180,52,128
STK-20250930-BR003-SKU015128SI,20250930,BR003,SKU015128SI,177,50,127
STK-20250930-BR003-SKU015128PI,20250930,BR003,SKU015128PI,131,61,70
STK-20250930-BR003-SKU015256BL,20250930,BR003,SKU015256BL,168,43,125
STK-20250930-BR003-SKU015256SI,20250930,BR003,SKU015256SI,193,55,138
STK-20250930-BR003-SKU015256PI,20250930,BR003,SKU015256PI,146,53,93
STK-20250930-BR003-SKU016128BL,20250930,BR003,SKU016128BL,141,85,56
STK-20250930-BR003-SKU016128SI,20250930,BR003,SKU016128SI,129,82,47
STK-20250930-BR003-SKU016128PI,20250930,BR003,SKU016128PI,139,94,45
STK-20250930-BR003-SKU016256BL,20250930,BR003,SKU016256BL,136,91,45
STK-20250930-BR003-SKU016256SI,20250930,BR003,SKU016256SI,145,96,49
STK-20250930-BR003-SKU016256PI,20250930,BR003,SKU016256PI,151,81,70
STK-20250930-BR003-SKU017128BL,20250930,BR003,SKU017128BL,176,135,41
STK-20250930-BR003-SKU017128SI,20250930,BR003,SKU017128SI,168,105,63
STK-20250930-BR003-SKU017128PI,20250930,BR003,SKU017128PI,190,121,69
STK-20250930-BR003-SKU017256BL,20250930,BR003,SKU017256BL,160,120,40
STK-20250930-BR003-SKU017256SI,20250930,BR003,SKU017256SI,182,134,48
STK-20250930-BR003-SKU017256PI,20250930,BR003,SKU017256PI,210,148,62
STK-20250930-BR004-SKU015128BL,20250930,BR004,SKU015128BL,128,49,79
STK-20250930-BR004-SKU015128SI,20250930,BR004,SKU015128SI,180,55,125
STK-20250930-BR004-SKU015128PI,20250930,BR004,SKU015128PI,206,47,159
STK-20250930-BR004-SKU015256BL,20250930,BR004,SKU015256BL,145,54,91
STK-20250930-BR004-SKU015256SI,20250930,BR004,SKU015256SI,126,55,71
STK-20250930-BR004-SKU015256PI,20250930,BR004,SKU015256PI,181,60,121
STK-20250930-BR004-SKU016128BL,20250930,BR004,SKU016128BL,156,99,57
STK-20250930-BR004-SKU016128SI,20250930,BR004,SKU016128SI,165,81,84
STK-20250930-BR004-SKU016128PI,20250930,BR004,SKU016128PI,131,88,43
STK-20250930-BR004-SKU016256BL,20250930,BR004,SKU016256BL,153,73,80
STK-20250930-BR004-SKU016256SI,20250930,BR004,SKU016256SI,148,77,71
STK-20250930-BR004-SKU016256PI,20250930,BR004,SKU016256PI,120,80,40
STK-20250930-BR004-SKU017128BL,20250930,BR004,SKU017128BL,188,140,48
STK-20250930-BR004-SKU017128SI,20250930,BR004,SKU017128SI,157,109,48
STK-20250930-BR004-SKU017128PI,20250930,BR004,SKU017128PI,199,131,68
STK-20250930-BR004-SKU017256BL,20250930,BR004,SKU017256BL,191,137,54
STK-20250930-BR004-SKU017256SI,20250930,BR004,SKU017256SI,202,128,74
STK-20250930-BR004-SKU017256PI,20250930,BR004,SKU017256PI,168,108,60
STK-20250930-BR005-SKU015128BL,20250930,BR005,SKU015128BL,147,41,106
STK-20250930-BR005-SKU015128SI,20250930,BR005,SKU015128SI,127,46,81
STK-20250930-BR005-SKU015128PI,20250930,BR005,SKU015128PI,177,48,129
STK-20250930-BR005-SKU015256BL,20250930,BR005,SKU015256BL,185,41,144
STK-20250930-BR005-SKU015256SI,20250930,BR005,SKU015256SI,183,46,137
STK-20250930-BR005-SKU015256PI,20250930,BR005,SKU015256PI,177,53,124
STK-20250930-BR005-SKU016128BL,20250930,BR005,SKU016128BL,152,81,71
STK-20250930-BR005-SKU016128SI,20250930,BR005,SKU016128SI,142,87,55
STK-20250930-BR005-SKU016128PI,20250930,BR005,SKU016128PI,117,81,36
STK-20250930-BR005-SKU016256BL,20250930,BR005,SKU016256BL,137,87,50
STK-20250930-BR005-SKU016256SI,20250930,BR005,SKU016256SI,147,87,60
STK-20250930-BR005-SKU016256PI,20250930,BR005,SKU016256PI,145,82,63
STK-20250930-BR005-SKU017128BL,20250930,BR005,SKU017128BL,195,113,82
STK-20250930-BR005-SKU017128SI,20250930,BR005,SKU017128SI,168,138,30
STK-20250930-BR005-SKU017128PI,20250930,BR005,SKU017128PI,183,141,42
STK-20250930-BR005-SKU017256BL,20250930,BR005,SKU017256BL,158,116,42
STK-20250930-BR005-SKU017256SI,20250930,BR005,SKU017256SI,189,128,61
STK-20250930-BR005-SKU017256PI,20250930,BR005,SKU017256PI,180,109,71
STK-20251001-BR000-SKU015128BL,20251001,BR000,SKU015128BL,644,0,644
STK-20251001-BR000-SKU015128SI,20251001,BR000,SKU015128SI,795,0,795
STK-20251001-BR000-SKU015128PI,20251001,BR000,SKU015128PI,930,0,930
STK-20251001-BR000-SKU015256BL,20251001,BR000,SKU015256BL,712,0,712
STK-20251001-BR000-SKU015256SI,20251001,BR000,SKU015256SI,744,0,744
STK-20251001-BR000-SKU015256PI,20251001,BR000,SKU015256PI,985,0,985
STK-20251001-BR000-SKU016128BL,20251001,BR000,SKU016128BL,632,0,632
STK-20251001-BR000-SKU016128SI,20251001,BR000,SKU016128SI,857,0,857
STK-20251001-BR000-SKU016128PI,20251001,BR000,SKU016128PI,686,0,686
STK-20251001-BR000-SKU016256BL,20251001,BR000,SKU016256BL,548,0,548
STK-20251001-BR000-SKU016256SI,20251001,BR000,SKU016256SI,855,0,855
STK-20251001-BR000-SKU016256PI,20251001,BR000,SKU016256PI,881,0,881
STK-20251001-BR000-SKU017128BL,20251001,BR000,SKU017128BL,658,0,658
STK-20251001-BR000-SKU017128SI,20251001,BR000,SKU017128SI,661,0,661
STK-20251001-BR000-SKU017128PI,20251001,BR000,SKU017128PI,617,0,617
STK-20251001-BR000-SKU017256BL,20251001,BR000,SKU017256BL,731,0,731
STK-20251001-BR000-SKU017256SI,20251001,BR000,SKU017256SI,682,0,682
STK-20251001-BR000-SKU017256PI,20251001,BR000,SKU017256PI,891,0,891
STK-20251001-BR001-SKU015128BL,20251001,BR001,SKU015128BL,136,53,83
STK-20251001-BR001-SKU015128SI,20251001,BR001,SKU015128SI,165,56,109
STK-20251001-BR001-SKU015128PI,20251001,BR001,SKU015128PI,146,50,96
STK-20251001-BR001-SKU015256BL,20251001,BR001,SKU015256BL,176,50,126
STK-20251001-BR001-SKU015256SI,20251001,BR001,SKU015256SI,144,52,92
STK-20251001-BR001-SKU015256PI,20251001,BR001,SKU015256PI,147,53,94
STK-20251001-BR001-SKU016128BL,20251001,BR001,SKU016128BL,146,90,56
STK-20251001-BR001-SKU016128SI,20251001,BR001,SKU016128SI,150,106,44
STK-20251001-BR001-SKU016128PI,20251001,BR001,SKU016128PI,128,91,37
STK-20251001-BR001-SKU016256BL,20251001,BR001,SKU016256BL,140,95,45
STK-20251001-BR001-SKU016256SI,20251001,BR001,SKU016256SI,163,88,75
STK-20251001-BR001-SKU016256PI,20251001,BR001,SKU016256PI,138,93,45
STK-20251001-BR001-SKU017128BL,20251001,BR001,SKU017128BL,162,125,37
STK-20251001-BR001-SKU017128SI,20251001,BR001,SKU017128SI,171,139,32
STK-20251001-BR001-SKU017128PI,20251001,BR001,SKU017128PI,191,135,56
STK-20251001-BR001-SKU017256BL,20251001,BR001,SKU017256BL,181,135,46
STK-20251001-BR001-SKU017256SI,20251001,BR001,SKU017256SI,184,121,63
STK-20251001-BR001-SKU017256PI,20251001,BR001,SKU017256PI,188,140,48
STK-20251001-BR002-SKU015128BL,20251001,BR002,SKU015128BL,173,49,124
STK-20251001-BR002-SKU015128SI,20251001,BR002,SKU015128SI,139,49,90
STK-20251001-BR002-SKU015128PI,20251001,BR002,SKU015128PI,152,51,101
STK-20251001-BR002-SKU015256BL,20251001,BR002,SKU015256BL,196,55,141
STK-20251001-BR002-SKU015256SI,20251001,BR002,SKU015256SI,117,46,71
STK-20251001-BR002-SKU015256PI,20251001,BR002,SKU015256PI,177,52,125
STK-20251001-BR002-SKU016128BL,20251001,BR002,SKU016128BL,142,86,56
STK-20251001-BR002-SKU016128SI,20251001,BR002,SKU016128SI,162,103,59
STK-20251001-BR002-SKU016128PI,20251001,BR002,SKU016128PI,135,81,54
STK-20251001-BR002-SKU016256BL,20251001,BR002,SKU016256BL,139,81,58
STK-20251001-BR002-SKU016256SI,20251001,BR002,SKU016256SI,152,93,59
STK-20251001-BR002-SKU016256PI,20251001,BR002,SKU016256PI,151,97,54
STK-20251001-BR002-SKU017128BL,20251001,BR002,SKU017128BL,174,135,39
STK-20251001-BR002-SKU017128SI,20251001,BR002,SKU017128SI,179,123,56
STK-20251001-BR002-SKU017128PI,20251001,BR002,SKU017128PI,188,143,45
STK-20251001-BR002-SKU017256BL,20251001,BR002,SKU017256BL,164,135,29
STK-20251001-BR002-SKU017256SI,20251001,BR002,SKU017256SI,152,122,30
STK-20251001-BR002-SKU017256PI,20251001,BR002,SKU017256PI,156,124,32
STK-20251001-BR003-SKU015128BL,20251001,BR003,SKU015128BL,178,52,126
STK-20251001-BR003-SKU015128SI,20251001,BR003,SKU015128SI,177,51,126
STK-20251001-BR003-SKU015128PI,20251001,BR003,SKU015128PI,131,65,66
STK-20251001-BR003-SKU015256BL,20251001,BR003,SKU015256BL,168,45,123
STK-20251001-BR003-SKU015256SI,20251001,BR003,SKU015256SI,193,59,134
STK-20251001-BR003-SKU015256PI,20251001,BR003,SKU015256PI,146,55,91
STK-20251001-BR003-SKU016128BL,20251001,BR003,SKU016128BL,141,88,53
STK-20251001-BR003-SKU016128SI,20251001,BR003,SKU016128SI,116,74,42
STK-20251001-BR003-SKU016128PI,20251001,BR003,SKU016128PI,136,98,38
STK-20251001-BR003-SKU016256BL,20251001,BR003,SKU016256BL,130,91,39
STK-20251001-BR003-SKU016256SI,20251001,BR003,SKU016256SI,142,100,42
STK-20251001-BR003-SKU016256PI,20251001,BR003,SKU016256PI,143,80,63
STK-20251001-BR003-SKU017128BL,20251001,BR003,SKU017128BL,176,140,36
STK-20251001-BR003-SKU017128SI,20251001,BR003,SKU017128SI,156,105,51
STK-20251001-BR003-SKU017128PI,20251001,BR003,SKU017128PI,185,121,64
STK-20251001-BR003-SKU017256BL,20251001,BR003,SKU017256BL,148,119,29
STK-20251001-BR003-SKU017256SI,20251001,BR003,SKU017256SI,174,136,38
STK-20251001-BR003-SKU017256PI,20251001,BR003,SKU017256PI,193,138,55
STK-20251001-BR004-SKU015128BL,20251001,BR004,SKU015128BL,128,51,77
STK-20251001-BR004-SKU015128SI,20251001,BR004,SKU015128SI,176,54,122
STK-20251001-BR004-SKU015128PI,20251001,BR004,SKU015128PI,199,44,155
STK-20251001-BR004-SKU015256BL,20251001,BR004,SKU015256BL,142,53,89
STK-20251001-BR004-SKU015256SI,20251001,BR004,SKU015256SI,123,55,68
STK-20251001-BR004-SKU015256PI,20251001,BR004,SKU015256PI,175,57,118
STK-20251001-BR004-SKU016128BL,20251001,BR004,SKU016128BL,150,99,51
STK-20251001-BR004-SKU016128SI,20251001,BR004,SKU016128SI,165,88,77
STK-20251001-BR004-SKU016128PI,20251001,BR004,SKU016128PI,126,93,33
STK-20251001-BR004-SKU016256BL,20251001,BR004,SKU016256BL,153,79,74
STK-20251001-BR004-SKU016256SI,20251001,BR004,SKU016256SI,147,85,62
STK-20251001-BR004-SKU016256PI,20251001,BR004,SKU016256PI,119,82,37
STK-20251001-BR004-SKU017128BL,20251001,BR004,SKU017128BL,188,146,42
STK-20251001-BR004-SKU017128SI,20251001,BR004,SKU017128SI,157,120,37
STK-20251001-BR004-SKU017128PI,20251001,BR004,SKU017128PI,199,135,64
STK-20251001-BR004-SKU017256BL,20251001,BR004,SKU017256BL,185,143,42
STK-20251001-BR004-SKU017256SI,20251001,BR004,SKU017256SI,198,134,64
STK-20251001-BR004-SKU017256PI,20251001,BR004,SKU017256PI,165,113,52
STK-20251001-BR005-SKU015128BL,20251001,BR005,SKU015128BL,145,44,101
STK-20251001-BR005-SKU015128SI,20251001,BR005,SKU015128SI,126,46,80
STK-20251001-BR005-SKU015128PI,20251001,BR005,SKU015128PI,177,50,127
STK-20251001-BR005-SKU015256BL,20251001,BR005,SKU015256BL,183,45,138
STK-20251001-BR005-SKU015256SI,20251001,BR005,SKU015256SI,183,49,134
STK-20251001-BR005-SKU015256PI,20251001,BR005,SKU015256PI,174,51,123
STK-20251001-BR005-SKU016128BL,20251001,BR005,SKU016128BL,147,80,67
STK-20251001-BR005-SKU016128SI,20251001,BR005,SKU016128SI,136,83,53
STK-20251001-BR005-SKU016128PI,20251001,BR005,SKU016128PI,117,82,35
STK-20251001-BR005-SKU016256BL,20251001,BR005,SKU016256BL,135,91,44
STK-20251001-BR005-SKU016256SI,20251001,BR005,SKU016256SI,142,86,56
STK-20251001-BR005-SKU016256PI,20251001,BR005,SKU016256PI,145,85,60
STK-20251001-BR005-SKU017128BL,20251001,BR005,SKU017128BL,191,115,76
STK-20251001-BR005-SKU017128SI,20251001,BR005,SKU017128SI,157,140,17
STK-20251001-BR005-SKU017128PI,20251001,BR005,SKU017128PI,177,140,37
STK-20251001-BR005-SKU017256BL,20251001,BR005,SKU017256BL,152,120,32
STK-20251001-BR005-SKU017256SI,20251001,BR005,SKU017256SI,189,135,54
STK-20251001-BR005-SKU017256PI,20251001,BR005,SKU017256PI,180,120,60
STK-20251002-BR000-SKU015128BL,20251002,BR000,SKU015128BL,644,0,644
STK-20251002-BR000-SKU015128SI,20251002,BR000,SKU015128SI,795,0,795
STK-20251002-BR000-SKU015128PI,20251002,BR000,SKU015128PI,930,0,930
STK-20251002-BR000-SKU015256BL,20251002,BR000,SKU015256BL,712,0,712
STK-20251002-BR000-SKU015256SI,20251002,BR000,SKU015256SI,744,0,744
STK-20251002-BR000-SKU015256PI,20251002,BR000,SKU015256PI,985,0,985
STK-20251002-BR000-SKU016128BL,20251002,BR000,SKU016128BL,632,0,632
STK-20251002-BR000-SKU016128SI,20251002,BR000,SKU016128SI,857,0,857
STK-20251002-BR000-SKU016128PI,20251002,BR000,SKU016128PI,686,0,686
STK-20251002-BR000-SKU016256BL,20251002,BR000,SKU016256BL,548,0,548
STK-20251002-BR000-SKU016256SI,20251002,BR000,SKU016256SI,855,0,855
STK-20251002-BR000-SKU016256PI,20251002,BR000,SKU016256PI,881,0,881
STK-20251002-BR000-SKU017128BL,20251002,BR000,SKU017128BL,658,0,658
STK-20251002-BR000-SKU017128SI,20251002,BR000,SKU017128SI,661,0,661
STK-20251002-BR000-SKU017128PI,20251002,BR000,SKU017128PI,617,0,617
STK-20251002-BR000-SKU017256BL,20251002,BR000,SKU017256BL,731,0,731
STK-20251002-BR000-SKU017256SI,20251002,BR000,SKU017256SI,682,0,682
STK-20251002-BR000-SKU017256PI,20251002,BR000,SKU017256PI,891,0,891
STK-20251002-BR001-SKU015128BL,20251002,BR001,SKU015128BL,132,55,77
STK-20251002-BR001-SKU015128SI,20251002,BR001,SKU015128SI,163,55,108
STK-20251002-BR001-SKU015128PI,20251002,BR001,SKU015128PI,143,53,90
STK-20251002-BR001-SKU015256BL,20251002,BR001,SKU015256BL,173,48,125
STK-20251002-BR001-SKU015256SI,20251002,BR001,SKU015256SI,144,53,91
STK-20251002-BR001-SKU015256PI,20251002,BR001,SKU015256PI,144,52,92
STK-20251002-BR001-SKU016128BL,20251002,BR001,SKU016128BL,146,100,46
STK-20251002-BR001-SKU016128SI,20251002,BR001,SKU016128SI,146,105,41
STK-20251002-BR001-SKU016128PI,20251002,BR001,SKU016128PI,124,91,33
STK-20251002-BR001-SKU016256BL,20251002,BR001,SKU016256BL,137,96,41
STK-20251002-BR001-SKU016256SI,20251002,BR001,SKU016256SI,153,86,67
STK-20251002-BR001-SKU016256PI,20251002,BR001,SKU016256PI,138,101,37
STK-20251002-BR001-SKU017128BL,20251002,BR001,SKU017128BL,158,125,33
STK-20251002-BR001-SKU017128SI,20251002,BR001,SKU017128SI,171,149,22
STK-20251002-BR001-SKU017128PI,20251002,BR001,SKU017128PI,175,128,47
STK-20251002-BR001-SKU017256BL,20251002,BR001,SKU017256BL,176,136,40
STK-20251002-BR001-SKU017256SI,20251002,BR001,SKU017256SI,178,129,49
STK-20251002-BR001-SKU017256PI,20251002,BR001,SKU017256PI,180,137,43
STK-20251002-BR002-SKU015128BL,20251002,BR002,SKU015128BL,173,53,120
STK-20251002-BR002-SKU015128SI,20251002,BR002,SKU015128SI,139,55,84
STK-20251002-BR002-SKU015128PI,20251002,BR002,SKU015128PI,152,52,100
STK-20251002-BR002-SKU015256BL,20251002,BR002,SKU015256BL,192,55,137
STK-20251002-BR002-SKU015256SI,20251002,BR002,SKU015256SI,117,49,68
STK-20251002-BR002-SKU015256PI,20251002,BR002,SKU015256PI,173,53,120
STK-20251002-BR002-SKU016128BL,20251002,BR002,SKU016128BL,142,93,49
STK-20251002-BR002-SKU016128SI,20251002,BR002,SKU016128SI,152,96,56
STK-20251002-BR002-SKU016128PI,20251002,BR002,SKU016128PI,132,86,46
STK-20251002-BR002-SKU016256BL,20251002,BR002,SKU016256BL,137,84,53
STK-20251002-BR002-SKU016256SI,20251002,BR002,SKU016256SI,152,99,53
STK-20251002-BR002-SKU016256PI,20251002,BR002,SKU016256PI,147,96,51
STK-20251002-BR002-SKU017128BL,20251002,BR002,SKU017128BL,160,131,29
STK-20251002-BR002-SKU017128SI,20251002,BR002,SKU017128SI,179,130,49
STK-20251002-BR002-SKU017128PI,20251002,BR002,SKU017128PI,183,146,37
STK-20251002-BR002-SKU017256BL,20251002,BR002,SKU017256BL,137,115,22
STK-20251002-BR002-SKU017256SI,20251002,BR002,SKU017256SI,147,127,20
STK-20251002-BR002-SKU017256PI,20251002,BR002,SKU017256PI,147,122,25
STK-20251002-BR003-SKU015128BL,20251002,BR003,SKU015128BL,176,53,123
STK-20251002-BR003-SKU015128SI,20251002,BR003,SKU015128SI,175,53,122
STK-20251002-BR003-SKU015128PI,20251002,BR003,SKU015128PI,127,64,63
STK-20251002-BR003-SKU015256BL,20251002,BR003,SKU015256BL,167,49,118
STK-20251002-BR003-SKU015256SI,20251002,BR003,SKU015256SI,189,59,130
STK-20251002-BR003-SKU015256PI,20251002,BR003,SKU015256PI,144,54,90
STK-20251002-BR003-SKU016128BL,20251002,BR003,SKU016128BL,139,93,46
STK-20251002-BR003-SKU016128SI,20251002,BR003,SKU016128SI,116,83,33
STK-20251002-BR003-SKU016128PI,20251002,BR003,SKU016128PI,133,102,31
STK-20251002-BR003-SKU016256BL,20251002,BR003,SKU016256BL,126,91,35
STK-20251002-BR003-SKU016256SI,20251002,BR003,SKU016256SI,137,105,32
STK-20251002-BR003-SKU016256PI,20251002,BR003,SKU016256PI,143,85,58
STK-20251002-BR003-SKU017128BL,20251002,BR003,SKU017128BL,176,149,27
STK-20251002-BR003-SKU017128SI,20251002,BR003,SKU017128SI,156,112,44
STK-20251002-BR003-SKU017128PI,20251002,BR003,SKU017128PI,183,127,56
STK-20251002-BR003-SKU017256BL,20251002,BR003,SKU017256BL,142,118,24
STK-20251002-BR003-SKU017256SI,20251002,BR003,SKU017256SI,174,145,29
STK-20251002-BR003-SKU017256PI,20251002,BR003,SKU017256PI,193,143,50
STK-20251002-BR004-SKU015128BL,20251002,BR004,SKU015128BL,128,56,72
STK-20251002-BR004-SKU015128SI,20251002,BR004,SKU015128SI,173,55,118
STK-20251002-BR004-SKU015128PI,20251002,BR004,SKU015128PI,199,46,153
STK-20251002-BR004-SKU015256BL,20251002,BR004,SKU015256BL,137,49,88
STK-20251002-BR004-SKU015256SI,20251002,BR004,SKU015256SI,120,53,67
STK-20251002-BR004-SKU015256PI,20251002,BR004,SKU015256PI,175,60,115
STK-20251002-BR004-SKU016128BL,20251002,BR004,SKU016128BL,143,99,44
STK-20251002-BR004-SKU016128SI,20251002,BR004,SKU016128SI,165,97,68
STK-20251002-BR004-SKU016128PI,20251002,BR004,SKU016128PI,122,95,27
STK-20251002-BR004-SKU016256BL,20251002,BR004,SKU016256BL,149,81,68
STK-20251002-BR004-SKU016256SI,20251002,BR004,SKU016256SI,144,84,60
STK-20251002-BR004-SKU016256PI,20251002,BR004,SKU016256PI,110,76,34
STK-20251002-BR004-SKU017128BL,20251002,BR004,SKU017128BL,180,149,31
STK-20251002-BR004-SKU017128SI,20251002,BR004,SKU017128SI,156,131,25
STK-20251002-BR004-SKU017128PI,20251002,BR004,SKU017128PI,192,136,56
STK-20251002-BR004-SKU017256BL,20251002,BR004,SKU017256BL,177,148,29
STK-20251002-BR004-SKU017256SI,20251002,BR004,SKU017256SI,186,128,58
STK-20251002-BR004-SKU017256PI,20251002,BR004,SKU017256PI,165,120,45
STK-20251002-BR005-SKU015128BL,20251002,BR005,SKU015128BL,144,45,99
STK-20251002-BR005-SKU015128SI,20251002,BR005,SKU015128SI,125,46,79
STK-20251002-BR005-SKU015128PI,20251002,BR005,SKU015128PI,177,53,124
STK-20251002-BR005-SKU015256BL,20251002,BR005,SKU015256BL,183,46,137
STK-20251002-BR005-SKU015256SI,20251002,BR005,SKU015256SI,178,45,133
STK-20251002-BR005-SKU015256PI,20251002,BR005,SKU015256PI,174,57,117
STK-20251002-BR005-SKU016128BL,20251002,BR005,SKU016128BL,147,86,61
STK-20251002-BR005-SKU016128SI,20251002,BR005,SKU016128SI,133,85,48
STK-20251002-BR005-SKU016128PI,20251002,BR005,SKU016128PI,116,88,28
STK-20251002-BR005-SKU016256BL,20251002,BR005,SKU016256BL,135,96,39
STK-20251002-BR005-SKU016256SI,20251002,BR005,SKU016256SI,137,90,47
STK-20251002-BR005-SKU016256PI,20251002,BR005,SKU016256PI,145,93,52
STK-20251002-BR005-SKU017128BL,20251002,BR005,SKU017128BL,183,120,63
STK-20251002-BR005-SKU017128SI,20251002,BR005,SKU017128SI,149,139,10
STK-20251002-BR005-SKU017128PI,20251002,BR005,SKU017128PI,161,131,30
STK-20251002-BR005-SKU017256BL,20251002,BR005,SKU017256BL,146,124,22
STK-20251002-BR005-SKU017256SI,20251002,BR005,SKU017256SI,181,137,44
STK-20251002-BR005-SKU017256PI,20251002,BR005,SKU017256PI,180,129,51
STK-20251003-BR000-SKU015128BL,20251003,BR000,SKU015128BL,644,0,644
STK-20251003-BR000-SKU015128SI,20251003,BR000,SKU015128SI,795,0,795
STK-20251003-BR000-SKU015128PI,20251003,BR000,SKU015128PI,930,0,930
STK-20251003-BR000-SKU015256BL,20251003,BR000,SKU015256BL,712,0,712
STK-20251003-BR000-SKU015256SI,20251003,BR000,SKU015256SI,744,0,744
STK-20251003-BR000-SKU015256PI,20251003,BR000,SKU015256PI,985,0,985
STK-20251003-BR000-SKU016128BL,20251003,BR000,SKU016128BL,632,0,632
STK-20251003-BR000-SKU016128SI,20251003,BR000,SKU016128SI,857,0,857
STK-20251003-BR000-SKU016128PI,20251003,BR000,SKU016128PI,686,0,686
STK-20251003-BR000-SKU016256BL,20251003,BR000,SKU016256BL,548,0,548
STK-20251003-BR000-SKU016256SI,20251003,BR000,SKU016256SI,855,0,855
STK-20251003-BR000-SKU016256PI,20251003,BR000,SKU016256PI,881,0,881
STK-20251003-BR000-SKU017128BL,20251003,BR000,SKU017128BL,658,0,658
STK-20251003-BR000-SKU017128SI,20251003,BR000,SKU017128SI,661,0,661
STK-20251003-BR000-SKU017128PI,20251003,BR000,SKU017128PI,617,0,617
STK-20251003-BR000-SKU017256BL,20251003,BR000,SKU017256BL,731,0,731
STK-20251003-BR000-SKU017256SI,20251003,BR000,SKU017256SI,682,0,682
STK-20251003-BR000-SKU017256PI,20251003,BR000,SKU017256PI,891,0,891
STK-20251003-BR001-SKU015128BL,20251003,BR001,SKU015128BL,132,61,71
STK-20251003-BR001-SKU015128SI,20251003,BR001,SKU015128SI,160,53,107
STK-20251003-BR001-SKU015128PI,20251003,BR001,SKU015128PI,143,57,86
STK-20251003-BR001-SKU015256BL,20251003,BR001,SKU015256BL,172,51,121
STK-20251003-BR001-SKU015256SI,20251003,BR001,SKU015256SI,144,57,87
STK-20251003-BR001-SKU015256PI,20251003,BR001,SKU015256PI,143,54,89
STK-20251003-BR001-SKU016128BL,20251003,BR001,SKU016128BL,146,107,39
STK-20251003-BR001-SKU016128SI,20251003,BR001,SKU016128SI,146,110,36
STK-20251003-BR001-SKU016128PI,20251003,BR001,SKU016128PI,114,86,28
STK-20251003-BR001-SKU016256BL,20251003,BR001,SKU016256BL,130,98,32
STK-20251003-BR001-SKU016256SI,20251003,BR001,SKU016256SI,153,91,62
STK-20251003-BR001-SKU016256PI,20251003,BR001,SKU016256PI,138,103,35
STK-20251003-BR001-SKU017128BL,20251003,BR001,SKU017128BL,158,133,25
STK-20251003-BR001-SKU017128SI,20251003,BR001,SKU017128SI,171,160,11
STK-20251003-BR001-SKU017128PI,20251003,BR001,SKU017128PI,166,129,37
STK-20251003-BR001-SKU017256BL,20251003,BR001,SKU017256BL,171,139,32
STK-20251003-BR001-SKU017256SI,20251003,BR001,SKU017256SI,155,115,40
STK-20251003-BR001-SKU017256PI,20251003,BR001,SKU017256PI,180,143,37
STK-20251003-BR002-SKU015128BL,20251003,BR002,SKU015128BL,172,54,118
STK-20251003-BR002-SKU015128SI,20251003,BR002,SKU015128SI,135,52,83
STK-20251003-BR002-SKU015128PI,20251003,BR002,SKU015128PI,152,54,98
STK-20251003-BR002-SKU015256BL,20251003,BR002,SKU015256BL,192,56,136
STK-20251003-BR002-SKU015256SI,20251003,BR002,SKU015256SI,117,55,62
STK-20251003-BR002-SKU015256PI,20251003,BR002,SKU015256PI,170,53,117
STK-20251003-BR002-SKU016128BL,20251003,BR002,SKU016128BL,137,96,41
STK-20251003-BR002-SKU016128SI,20251003,BR002,SKU016128SI,147,93,54
STK-20251003-BR002-SKU016128PI,20251003,BR002,SKU016128PI,129,90,39
STK-20251003-BR002-SKU016256BL,20251003,BR002,SKU016256BL,137,91,46
STK-20251003-BR002-SKU016256SI,20251003,BR002,SKU016256SI,146,96,50
STK-20251003-BR002-SKU016256PI,20251003,BR002,SKU016256PI,147,98,49
STK-20251003-BR002-SKU017128BL,20251003,BR002,SKU017128BL,150,132,18
STK-20251003-BR002-SKU017128SI,20251003,BR002,SKU017128SI,172,133,39
STK-20251003-BR002-SKU017128PI,20251003,BR002,SKU017128PI,179,150,29
STK-20251003-BR002-SKU017256BL,20251003,BR002,SKU017256BL,137,120,17
STK-20251003-BR002-SKU017256SI,20251003,BR002,SKU017256SI,134,120,14
STK-20251003-BR002-SKU017256PI,20251003,BR002,SKU017256PI,147,129,18
STK-20251003-BR003-SKU015128BL,20251003,BR003,SKU015128BL,171,53,118
STK-20251003-BR003-SKU015128SI,20251003,BR003,SKU015128SI,175,59,116
STK-20251003-BR003-SKU015128PI,20251003,BR003,SKU015128PI,121,61,60
STK-20251003-BR003-SKU015256BL,20251003,BR003,SKU015256BL,167,52,115
STK-20251003-BR003-SKU015256SI,20251003,BR003,SKU015256SI,187,61,126
STK-20251003-BR003-SKU015256PI,20251003,BR003,SKU015256PI,142,57,85
STK-20251003-BR003-SKU016128BL,20251003,BR003,SKU016128BL,136,97,39
STK-20251003-BR003-SKU016128SI,20251003,BR003,SKU016128SI,116,88,28
STK-20251003-BR003-SKU016128PI,20251003,BR003,SKU016128PI,129,103,26
STK-20251003-BR003-SKU016256BL,20251003,BR003,SKU016256BL,123,94,29
STK-20251003-BR003-SKU016256SI,20251003,BR003,SKU016256SI,137,112,25
STK-20251003-BR003-SKU016256PI,20251003,BR003,SKU016256PI,140,92,48
STK-20251003-BR003-SKU017128BL,20251003,BR003,SKU017128BL,170,149,21
STK-20251003-BR003-SKU017128SI,20251003,BR003,SKU017128SI,156,118,38
STK-20251003-BR003-SKU017128PI,20251003,BR003,SKU017128PI,180,129,51
STK-20251003-BR003-SKU017256BL,20251003,BR003,SKU017256BL,139,119,20
STK-20251003-BR003-SKU017256SI,20251003,BR003,SKU017256SI,168,146,22
STK-20251003-BR003-SKU017256PI,20251003,BR003,SKU017256PI,193,152,41
STK-20251003-BR004-SKU015128BL,20251003,BR004,SKU015128BL,128,57,71
STK-20251003-BR004-SKU015128SI,20251003,BR004,SKU015128SI,173,57,116
STK-20251003-BR004-SKU015128PI,20251003,BR004,SKU015128PI,199,47,152
STK-20251003-BR004-SKU015256BL,20251003,BR004,SKU015256BL,137,54,83
STK-20251003-BR004-SKU015256SI,20251003,BR004,SKU015256SI,120,56,64
STK-20251003-BR004-SKU015256PI,20251003,BR004,SKU015256PI,173,59,114
STK-20251003-BR004-SKU016128BL,20251003,BR004,SKU016128BL,139,98,41
STK-20251003-BR004-SKU016128SI,20251003,BR004,SKU016128SI,165,102,63
STK-20251003-BR004-SKU016128PI,20251003,BR004,SKU016128PI,118,95,23
STK-20251003-BR004-SKU016256BL,20251003,BR004,SKU016256BL,149,89,60
STK-20251003-BR004-SKU016256SI,20251003,BR004,SKU016256SI,144,87,57
STK-20251003-BR004-SKU016256PI,20251003,BR004,SKU016256PI,107,78,29
STK-20251003-BR004-SKU017128BL,20251003,BR004,SKU017128BL,180,155,25
STK-20251003-BR004-SKU017128SI,20251003,BR004,SKU017128SI,154,141,13
STK-20251003-BR004-SKU017128PI,20251003,BR004,SKU017128PI,192,149,43
STK-20251003-BR004-SKU017256BL,20251003,BR004,SKU017256BL,161,139,22
STK-20251003-BR004-SKU017256SI,20251003,BR004,SKU017256SI,182,127,55
STK-20251003-BR004-SKU017256PI,20251003,BR004,SKU017256PI,161,123,38
STK-20251003-BR005-SKU015128BL,20251003,BR005,SKU015128BL,144,49,95
STK-20251003-BR005-SKU015128SI,20251003,BR005,SKU015128SI,125,49,76
STK-20251003-BR005-SKU015128PI,20251003,BR005,SKU015128PI,177,55,122
STK-20251003-BR005-SKU015256BL,20251003,BR005,SKU015256BL,183,52,131
STK-20251003-BR005-SKU015256SI,20251003,BR005,SKU015256SI,178,50,128
STK-20251003-BR005-SKU015256PI,20251003,BR005,SKU015256PI,172,59,113
STK-20251003-BR005-SKU016128BL,20251003,BR005,SKU016128BL,144,87,57
STK-20251003-BR005-SKU016128SI,20251003,BR005,SKU016128SI,128,82,46
STK-20251003-BR005-SKU016128PI,20251003,BR005,SKU016128PI,116,89,27
STK-20251003-BR005-SKU016256BL,20251003,BR005,SKU016256BL,135,100,35
STK-20251003-BR005-SKU016256SI,20251003,BR005,SKU016256SI,137,97,40
STK-20251003-BR005-SKU016256PI,20251003,BR005,SKU016256PI,135,91,44
STK-20251003-BR005-SKU017128BL,20251003,BR005,SKU017128BL,180,126,54
STK-20251003-BR005-SKU017128SI,20251003,BR005,SKU017128SI,144,144,0
STK-20251003-BR005-SKU017128PI,20251003,BR005,SKU017128PI,161,137,24
STK-20251003-BR005-SKU017256BL,20251003,BR005,SKU017256BL,146,132,14
STK-20251003-BR005-SKU017256SI,20251003,BR005,SKU017256SI,174,137,37
STK-20251003-BR005-SKU017256PI,20251003,BR005,SKU017256PI,164,122,42
STK-20251004-BR000-SKU015128BL,20251004,BR000,SKU015128BL,644,0,644
STK-20251004-BR000-SKU015128SI,20251004,BR000,SKU015128SI,795,0,795
STK-20251004-BR000-SKU015128PI,20251004,BR000,SKU015128PI,930,0,930
STK-20251004-BR000-SKU015256BL,20251004,BR000,SKU015256BL,712,0,712
STK-20251004-BR000-SKU015256SI,20251004,BR000,SKU015256SI,744,0,744
STK-20251004-BR000-SKU015256PI,20251004,BR000,SKU015256PI,985,0,985
STK-20251004-BR000-SKU016128BL,20251004,BR000,SKU016128BL,632,0,632
STK-20251004-BR000-SKU016128SI,20251004,BR000,SKU016128SI,857,0,857
STK-20251004-BR000-SKU016128PI,20251004,BR000,SKU016128PI,686,0,686
STK-20251004-BR000-SKU016256BL,20251004,BR000,SKU016256BL,548,0,548
STK-20251004-BR000-SKU016256SI,20251004,BR000,SKU016256SI,855,0,855
STK-20251004-BR000-SKU016256PI,20251004,BR000,SKU016256PI,881,0,881
STK-20251004-BR000-SKU017128BL,20251004,BR000,SKU017128BL,658,0,658
STK-20251004-BR000-SKU017128SI,20251004,BR000,SKU017128SI,661,0,661
STK-20251004-BR000-SKU017128PI,20251004,BR000,SKU017128PI,617,0,617
STK-20251004-BR000-SKU017256BL,20251004,BR000,SKU017256BL,731,0,731
STK-20251004-BR000-SKU017256SI,20251004,BR000,SKU017256SI,682,0,682
STK-20251004-BR000-SKU017256PI,20251004,BR000,SKU017256PI,891,0,891
STK-20251004-BR001-SKU015128BL,20251004,BR001,SKU015128BL,132,62,70
STK-20251004-BR001-SKU015128SI,20251004,BR001,SKU015128SI,159,53,106
STK-20251004-BR001-SKU015128PI,20251004,BR001,SKU015128PI,138,56,82
STK-20251004-BR001-SKU015256BL,20251004,BR001,SKU015256BL,172,52,120
STK-20251004-BR001-SKU015256SI,20251004,BR001,SKU015256SI,142,57,85
STK-20251004-BR001-SKU015256PI,20251004,BR001,SKU015256PI,143,58,85
STK-20251004-BR001-SKU016128BL,20251004,BR001,SKU016128BL,141,106,35
STK-20251004-BR001-SKU016128SI,20251004,BR001,SKU016128SI,144,115,29
STK-20251004-BR001-SKU016128PI,20251004,BR001,SKU016128PI,110,87,23
STK-20251004-BR001-SKU016256BL,20251004,BR001,SKU016256BL,130,107,23
STK-20251004-BR001-SKU016256SI,20251004,BR001,SKU016256SI,153,98,55
STK-20251004-BR001-SKU016256PI,20251004,BR001,SKU016256PI,133,105,28
STK-20251004-BR001-SKU017128BL,20251004,BR001,SKU017128BL,158,140,18
STK-20251004-BR001-SKU017128SI,20251004,BR001,SKU017128SI,160,160,0
STK-20251004-BR001-SKU017128PI,20251004,BR001,SKU017128PI,166,141,25
STK-20251004-BR001-SKU017256BL,20251004,BR001,SKU017256BL,161,133,28
STK-20251004-BR001-SKU017256SI,20251004,BR001,SKU017256SI,150,120,30
STK-20251004-BR001-SKU017256PI,20251004,BR001,SKU017256PI,175,143,32
STK-20251004-BR002-SKU015128BL,20251004,BR002,SKU015128BL,172,55,117
STK-20251004-BR002-SKU015128SI,20251004,BR002,SKU015128SI,135,56,79
STK-20251004-BR002-SKU015128PI,20251004,BR002,SKU015128PI,149,55,94
STK-20251004-BR002-SKU015256BL,20251004,BR002,SKU015256BL,192,59,133
STK-20251004-BR002-SKU015256SI,20251004,BR002,SKU015256SI,115,54,61
STK-20251004-BR002-SKU015256PI,20251004,BR002,SKU015256PI,170,54,116
STK-20251004-BR002-SKU016128BL,20251004,BR002,SKU016128BL,135,100,35
STK-20251004-BR002-SKU016128SI,20251004,BR002,SKU016128SI,147,97,50
STK-20251004-BR002-SKU016128PI,20251004,BR002,SKU016128PI,125,90,35
STK-20251004-BR002-SKU016256BL,20251004,BR002,SKU016256BL,137,97,40
STK-20251004-BR002-SKU016256SI,20251004,BR002,SKU016256SI,141,97,44
STK-20251004-BR002-SKU016256PI,20251004,BR002,SKU016256PI,140,95,45
STK-20251004-BR002-SKU017128BL,20251004,BR002,SKU017128BL,150,138,12
STK-20251004-BR002-SKU017128SI,20251004,BR002,SKU017128SI,172,137,35
STK-20251004-BR002-SKU017128PI,20251004,BR002,SKU017128PI,173,151,22
STK-20251004-BR002-SKU017256BL,20251004,BR002,SKU017256BL,137,126,11
STK-20251004-BR002-SKU017256SI,20251004,BR002,SKU017256SI,129,121,8
STK-20251004-BR002-SKU017256PI,20251004,BR002,SKU017256PI,136,129,7
STK-20251004-BR003-SKU015128BL,20251004,BR003,SKU015128BL,168,53,115
STK-20251004-BR003-SKU015128SI,20251004,BR003,SKU015128SI,174,59,115
STK-20251004-BR003-SKU015128PI,20251004,BR003,SKU015128PI,121,62,59
STK-20251004-BR003-SKU015256BL,20251004,BR003,SKU015256BL,167,54,113
STK-20251004-BR003-SKU015256SI,20251004,BR003,SKU015256SI,186,66,120
STK-20251004-BR003-SKU015256PI,20251004,BR003,SKU015256PI,140,56,84
STK-20251004-BR003-SKU016128BL,20251004,BR003,SKU016128BL,136,100,36
STK-20251004-BR003-SKU016128SI,20251004,BR003,SKU016128SI,111,93,18
STK-20251004-BR003-SKU016128PI,20251004,BR003,SKU016128PI,126,103,23
STK-20251004-BR003-SKU016256BL,20251004,BR003,SKU016256BL,117,92,25
STK-20251004-BR003-SKU016256SI,20251004,BR003,SKU016256SI,127,107,20
STK-20251004-BR003-SKU016256PI,20251004,BR003,SKU016256PI,140,100,40
STK-20251004-BR003-SKU017128BL,20251004,BR003,SKU017128BL,156,142,14
STK-20251004-BR003-SKU017128SI,20251004,BR003,SKU017128SI,156,126,30
STK-20251004-BR003-SKU017128PI,20251004,BR003,SKU017128PI,173,131,42
STK-20251004-BR003-SKU017256BL,20251004,BR003,SKU017256BL,132,120,12
STK-20251004-BR003-SKU017256SI,20251004,BR003,SKU017256SI,168,157,11
STK-20251004-BR003-SKU017256PI,20251004,BR003,SKU017256PI,181,151,30
STK-20251004-BR004-SKU015128BL,20251004,BR004,SKU015128BL,123,53,70
STK-20251004-BR004-SKU015128SI,20251004,BR004,SKU015128SI,172,57,115
STK-20251004-BR004-SKU015128PI,20251004,BR004,SKU015128PI,196,45,151
STK-20251004-BR004-SKU015256BL,20251004,BR004,SKU015256BL,136,56,80
STK-20251004-BR004-SKU015256SI,20251004,BR004,SKU015256SI,116,53,63
STK-20251004-BR004-SKU015256PI,20251004,BR004,SKU015256PI,173,64,109
STK-20251004-BR004-SKU016128BL,20251004,BR004,SKU016128BL,131,95,36
STK-20251004-BR004-SKU016128SI,20251004,BR004,SKU016128SI,160,101,59
STK-20251004-BR004-SKU016128PI,20251004,BR004,SKU016128PI,115,98,17
STK-20251004-BR004-SKU016256BL,20251004,BR004,SKU016256BL,148,90,58
STK-20251004-BR004-SKU016256SI,20251004,BR004,SKU016256SI,137,87,50
STK-20251004-BR004-SKU016256PI,20251004,BR004,SKU016256PI,105,83,22
STK-20251004-BR004-SKU017128BL,20251004,BR004,SKU017128BL,180,165,15
STK-20251004-BR004-SKU017128SI,20251004,BR004,SKU017128SI,148,140,8
STK-20251004-BR004-SKU017128PI,20251004,BR004,SKU017128PI,192,159,33
STK-20251004-BR004-SKU017256BL,20251004,BR004,SKU017256BL,161,146,15
STK-20251004-BR004-SKU017256SI,20251004,BR004,SKU017256SI,174,122,52
STK-20251004-BR004-SKU017256PI,20251004,BR004,SKU017256PI,161,135,26
STK-20251004-BR005-SKU015128BL,20251004,BR005,SKU015128BL,142,51,91
STK-20251004-BR005-SKU015128SI,20251004,BR005,SKU015128SI,125,55,70
STK-20251004-BR005-SKU015128PI,20251004,BR005,SKU015128PI,175,56,119
STK-20251004-BR005-SKU015256BL,20251004,BR005,SKU015256BL,178,49,129
STK-20251004-BR005-SKU015256SI,20251004,BR005,SKU015256SI,178,52,126
STK-20251004-BR005-SKU015256PI,20251004,BR005,SKU015256PI,172,60,112
STK-20251004-BR005-SKU016128BL,20251004,BR005,SKU016128BL,144,96,48
STK-20251004-BR005-SKU016128SI,20251004,BR005,SKU016128SI,128,86,42
STK-20251004-BR005-SKU016128PI,20251004,BR005,SKU016128PI,116,95,21
STK-20251004-BR005-SKU016256BL,20251004,BR005,SKU016256BL,132,102,30
STK-20251004-BR005-SKU016256SI,20251004,BR005,SKU016256SI,134,97,37
STK-20251004-BR005-SKU016256PI,20251004,BR005,SKU016256PI,135,98,37
STK-20251004-BR005-SKU017128BL,20251004,BR005,SKU017128BL,180,137,43
STK-20251004-BR005-SKU017128SI,20251004,BR005,SKU017128SI,171,151,20
STK-20251004-BR005-SKU017128PI,20251004,BR005,SKU017128PI,158,145,13
STK-20251004-BR005-SKU017256BL,20251004,BR005,SKU017256BL,141,137,4
STK-20251004-BR005-SKU017256SI,20251004,BR005,SKU017256SI,168,138,30
STK-20251004-BR005-SKU017256PI,20251004,BR005,SKU017256PI,164,128,36
STK-20251005-BR000-SKU015128BL,20251005,BR000,SKU015128BL,644,0,644
STK-20251005-BR000-SKU015128SI,20251005,BR000,SKU015128SI,795,0,795
STK-20251005-BR000-SKU015128PI,20251005,BR000,SKU015128PI,930,0,930
STK-20251005-BR000-SKU015256BL,20251005,BR000,SKU015256BL,712,0,712
STK-20251005-BR000-SKU015256SI,20251005,BR000,SKU015256SI,744,0,744
STK-20251005-BR000-SKU015256PI,20251005,BR000,SKU015256PI,985,0,985
STK-20251005-BR000-SKU016128BL,20251005,BR000,SKU016128BL,632,0,632
STK-20251005-BR000-SKU016128SI,20251005,BR000,SKU016128SI,857,0,857
STK-20251005-BR000-SKU016128PI,20251005,BR000,SKU016128PI,686,0,686
STK-20251005-BR000-SKU016256BL,20251005,BR000,SKU016256BL,548,0,548
STK-20251005-BR000-SKU016256SI,20251005,BR000,SKU016256SI,855,0,855
STK-20251005-BR000-SKU016256PI,20251005,BR000,SKU016256PI,881,0,881
STK-20251005-BR000-SKU017128BL,20251005,BR000,SKU017128BL,658,0,658
STK-20251005-BR000-SKU017128SI,20251005,BR000,SKU017128SI,661,0,661
STK-20251005-BR000-SKU017128PI,20251005,BR000,SKU017128PI,617,0,617
STK-20251005-BR000-SKU017256BL,20251005,BR000,SKU017256BL,731,0,731
STK-20251005-BR000-SKU017256SI,20251005,BR000,SKU017256SI,682,0,682
STK-20251005-BR000-SKU017256PI,20251005,BR000,SKU017256PI,891,0,891
STK-20251005-BR001-SKU015128BL,20251005,BR001,SKU015128BL,126,61,65
STK-20251005-BR001-SKU015128SI,20251005,BR001,SKU015128SI,156,52,104
STK-20251005-BR001-SKU015128PI,20251005,BR001,SKU015128PI,136,59,77
STK-20251005-BR001-SKU015256BL,20251005,BR001,SKU015256BL,172,56,116
STK-20251005-BR001-SKU015256SI,20251005,BR001,SKU015256SI,138,55,83
STK-20251005-BR001-SKU015256PI,20251005,BR001,SKU015256PI,141,57,84
STK-20251005-BR001-SKU016128BL,20251005,BR001,SKU016128BL,141,111,30
STK-20251005-BR001-SKU016128SI,20251005,BR001,SKU016128SI,136,114,22
STK-20251005-BR001-SKU016128PI,20251005,BR001,SKU016128PI,108,92,16
STK-20251005-BR001-SKU016256BL,20251005,BR001,SKU016256BL,123,108,15
STK-20251005-BR001-SKU016256SI,20251005,BR001,SKU016256SI,150,101,49
STK-20251005-BR001-SKU016256PI,20251005,BR001,SKU016256PI,126,104,22
STK-20251005-BR001-SKU017128BL,20251005,BR001,SKU017128BL,139,129,10
STK-20251005-BR001-SKU017128SI,20251005,BR001,SKU017128SI,195,162,33
STK-20251005-BR001-SKU017128PI,20251005,BR001,SKU017128PI,165,149,16
STK-20251005-BR001-SKU017256BL,20251005,BR001,SKU017256BL,155,139,16
STK-20251005-BR001-SKU017256SI,20251005,BR001,SKU017256SI,150,132,18
STK-20251005-BR001-SKU017256PI,20251005,BR001,SKU017256PI,172,147,25
STK-20251005-BR002-SKU015128BL,20251005,BR002,SKU015128BL,170,56,114
STK-20251005-BR002-SKU015128SI,20251005,BR002,SKU015128SI,135,58,77
STK-20251005-BR002-SKU015128PI,20251005,BR002,SKU015128PI,149,59,90
STK-20251005-BR002-SKU015256BL,20251005,BR002,SKU015256BL,192,61,131
STK-20251005-BR002-SKU015256SI,20251005,BR002,SKU015256SI,115,56,59
STK-20251005-BR002-SKU015256PI,20251005,BR002,SKU015256PI,170,56,114
STK-20251005-BR002-SKU016128BL,20251005,BR002,SKU016128BL,135,105,30
STK-20251005-BR002-SKU016128SI,20251005,BR002,SKU016128SI,145,105,40
STK-20251005-BR002-SKU016128PI,20251005,BR002,SKU016128PI,123,94,29
STK-20251005-BR002-SKU016256BL,20251005,BR002,SKU016256BL,137,101,36
STK-20251005-BR002-SKU016256SI,20251005,BR002,SKU016256SI,141,99,42
STK-20251005-BR002-SKU016256PI,20251005,BR002,SKU016256PI,138,99,39
STK-20251005-BR002-SKU017128BL,20251005,BR002,SKU017128BL,147,139,8
STK-20251005-BR002-SKU017128SI,20251005,BR002,SKU017128SI,165,138,27
STK-20251005-BR002-SKU017128PI,20251005,BR002,SKU017128PI,168,156,12
STK-20251005-BR002-SKU017256BL,20251005,BR002,SKU017256BL,134,134,0
STK-20251005-BR002-SKU017256SI,20251005,BR002,SKU017256SI,121,121,0
STK-20251005-BR002-SKU017256PI,20251005,BR002,SKU017256PI,173,140,33
STK-20251005-BR003-SKU015128BL,20251005,BR003,SKU015128BL,168,57,111
STK-20251005-BR003-SKU015128SI,20251005,BR003,SKU015128SI,174,60,114
STK-20251005-BR003-SKU015128PI,20251005,BR003,SKU015128PI,121,65,56
STK-20251005-BR003-SKU015256BL,20251005,BR003,SKU015256BL,167,57,110
STK-20251005-BR003-SKU015256SI,20251005,BR003,SKU015256SI,184,65,119
STK-20251005-BR003-SKU015256PI,20251005,BR003,SKU015256PI,139,60,79
STK-20251005-BR003-SKU016128BL,20251005,BR003,SKU016128BL,132,97,35
STK-20251005-BR003-SKU016128SI,20251005,BR003,SKU016128SI,108,100,8
STK-20251005-BR003-SKU016128PI,20251005,BR003,SKU016128PI,126,106,20
STK-20251005-BR003-SKU016256BL,20251005,BR003,SKU016256BL,112,90,22
STK-20251005-BR003-SKU016256SI,20251005,BR003,SKU016256SI,124,109,15
STK-20251005-BR003-SKU016256PI,20251005,BR003,SKU016256PI,140,110,30
STK-20251005-BR003-SKU017128BL,20251005,BR003,SKU017128BL,152,149,3
STK-20251005-BR003-SKU017128SI,20251005,BR003,SKU017128SI,156,138,18
STK-20251005-BR003-SKU017128PI,20251005,BR003,SKU017128PI,169,139,30
STK-20251005-BR003-SKU017256BL,20251005,BR003,SKU017256BL,130,125,5
STK-20251005-BR003-SKU017256SI,20251005,BR003,SKU017256SI,162,162,0
STK-20251005-BR003-SKU017256PI,20251005,BR003,SKU017256PI,168,148,20
STK-20251005-BR004-SKU015128BL,20251005,BR004,SKU015128BL,122,56,66
STK-20251005-BR004-SKU015128SI,20251005,BR004,SKU015128SI,170,58,112
STK-20251005-BR004-SKU015128PI,20251005,BR004,SKU015128PI,196,47,149
STK-20251005-BR004-SKU015256BL,20251005,BR004,SKU015256BL,136,57,79
STK-20251005-BR004-SKU015256SI,20251005,BR004,SKU015256SI,116,54,62
STK-20251005-BR004-SKU015256PI,20251005,BR004,SKU015256PI,171,65,106
STK-20251005-BR004-SKU016128BL,20251005,BR004,SKU016128BL,127,100,27
STK-20251005-BR004-SKU016128SI,20251005,BR004,SKU016128SI,156,99,57
STK-20251005-BR004-SKU016128PI,20251005,BR004,SKU016128PI,112,100,12
STK-20251005-BR004-SKU016256BL,20251005,BR004,SKU016256BL,141,91,50
STK-20251005-BR004-SKU016256SI,20251005,BR004,SKU016256SI,131,89,42
STK-20251005-BR004-SKU016256PI,20251005,BR004,SKU016256PI,105,88,17
STK-20251005-BR004-SKU017128BL,20251005,BR004,SKU017128BL,173,171,2
STK-20251005-BR004-SKU017128SI,20251005,BR004,SKU017128SI,180,146,34
STK-20251005-BR004-SKU017128PI,20251005,BR004,SKU017128PI,185,161,24
STK-20251005-BR004-SKU017256BL,20251005,BR004,SKU017256BL,161,154,7
STK-20251005-BR004-SKU017256SI,20251005,BR004,SKU017256SI,173,128,45
STK-20251005-BR004-SKU017256PI,20251005,BR004,SKU017256PI,156,141,15
STK-20251005-BR005-SKU015128BL,20251005,BR005,SKU015128BL,137,50,87
STK-20251005-BR005-SKU015128SI,20251005,BR005,SKU015128SI,123,54,69
STK-20251005-BR005-SKU015128PI,20251005,BR005,SKU015128PI,173,57,116
STK-20251005-BR005-SKU015256BL,20251005,BR005,SKU015256BL,173,48,125
STK-20251005-BR005-SKU015256SI,20251005,BR005,SKU015256SI,173,50,123
STK-20251005-BR005-SKU015256PI,20251005,BR005,SKU015256PI,172,62,110
STK-20251005-BR005-SKU016128BL,20251005,BR005,SKU016128BL,144,102,42
STK-20251005-BR005-SKU016128SI,20251005,BR005,SKU016128SI,123,87,36
STK-20251005-BR005-SKU016128PI,20251005,BR005,SKU016128PI,113,97,16
STK-20251005-BR005-SKU016256BL,20251005,BR005,SKU016256BL,132,111,21
STK-20251005-BR005-SKU016256SI,20251005,BR005,SKU016256SI,128,93,35
STK-20251005-BR005-SKU016256PI,20251005,BR005,SKU016256PI,133,100,33
STK-20251005-BR005-SKU017128BL,20251005,BR005,SKU017128BL,166,134,32
STK-20251005-BR005-SKU017128SI,20251005,BR005,SKU017128SI,157,142,15
STK-20251005-BR005-SKU017128PI,20251005,BR005,SKU017128PI,151,144,7
STK-20251005-BR005-SKU017256BL,20251005,BR005,SKU017256BL,174,151,23
STK-20251005-BR005-SKU017256SI,20251005,BR005,SKU017256SI,164,148,16
STK-20251005-BR005-SKU017256PI,20251005,BR005,SKU017256PI,159,134,25
STK-20251006-BR000-SKU015128BL,20251006,BR000,SKU015128BL,644,0,644
STK-20251006-BR000-SKU015128SI,20251006,BR000,SKU015128SI,795,0,795
STK-20251006-BR000-SKU015128PI,20251006,BR000,SKU015128PI,930,0,930
STK-20251006-BR000-SKU015256BL,20251006,BR000,SKU015256BL,712,0,712
STK-20251006-BR000-SKU015256SI,20251006,BR000,SKU015256SI,744,0,744
STK-20251006-BR000-SKU015256PI,20251006,BR000,SKU015256PI,985,0,985
STK-20251006-BR000-SKU016128BL,20251006,BR000,SKU016128BL,632,0,632
STK-20251006-BR000-SKU016128SI,20251006,BR000,SKU016128SI,857,0,857
STK-20251006-BR000-SKU016128PI,20251006,BR000,SKU016128PI,686,0,686
STK-20251006-BR000-SKU016256BL,20251006,BR000,SKU016256BL,548,0,548
STK-20251006-BR000-SKU016256SI,20251006,BR000,SKU016256SI,855,0,855
STK-20251006-BR000-SKU016256PI,20251006,BR000,SKU016256PI,881,0,881
STK-20251006-BR000-SKU017128BL,20251006,BR000,SKU017128BL,658,0,658
STK-20251006-BR000-SKU017128SI,20251006,BR000,SKU017128SI,661,0,661
STK-20251006-BR000-SKU017128PI,20251006,BR000,SKU017128PI,617,0,617
STK-20251006-BR000-SKU017256BL,20251006,BR000,SKU017256BL,731,0,731
STK-20251006-BR000-SKU017256SI,20251006,BR000,SKU017256SI,682,0,682
STK-20251006-BR000-SKU017256PI,20251006,BR000,SKU017256PI,891,0,891
STK-20251006-BR001-SKU015128BL,20251006,BR001,SKU015128BL,126,64,62
STK-20251006-BR001-SKU015128SI,20251006,BR001,SKU015128SI,156,54,102
STK-20251006-BR001-SKU015128PI,20251006,BR001,SKU015128PI,136,62,74
STK-20251006-BR001-SKU015256BL,20251006,BR001,SKU015256BL,170,59,111
STK-20251006-BR001-SKU015256SI,20251006,BR001,SKU015256SI,137,55,82
STK-20251006-BR001-SKU015256PI,20251006,BR001,SKU015256PI,141,63,78
STK-20251006-BR001-SKU016128BL,20251006,BR001,SKU016128BL,135,111,24
STK-20251006-BR001-SKU016128SI,20251006,BR001,SKU016128SI,132,113,19
STK-20251006-BR001-SKU016128PI,20251006,BR001,SKU016128PI,108,102,6
STK-20251006-BR001-SKU016256BL,20251006,BR001,SKU016256BL,113,101,12
STK-20251006-BR001-SKU016256SI,20251006,BR001,SKU016256SI,150,105,45
STK-20251006-BR001-SKU016256PI,20251006,BR001,SKU016256PI,120,104,16
STK-20251006-BR001-SKU017128BL,20251006,BR001,SKU017128BL,134,130,4
STK-20251006-BR001-SKU017128SI,20251006,BR001,SKU017128SI,180,155,25
STK-20251006-BR001-SKU017128PI,20251006,BR001,SKU017128PI,160,153,7
STK-20251006-BR001-SKU017256BL,20251006,BR001,SKU017256BL,155,146,9
STK-20251006-BR001-SKU017256SI,20251006,BR001,SKU017256SI,150,140,10
STK-20251006-BR001-SKU017256PI,20251006,BR001,SKU017256PI,155,139,16
STK-20251006-BR002-SKU015128BL,20251006,BR002,SKU015128BL,168,57,111
STK-20251006-BR002-SKU015128SI,20251006,BR002,SKU015128SI,131,56,75
STK-20251006-BR002-SKU015128PI,20251006,BR002,SKU015128PI,145,57,88
STK-20251006-BR002-SKU015256BL,20251006,BR002,SKU015256BL,185,57,128
STK-20251006-BR002-SKU015256SI,20251006,BR002,SKU015256SI,114,56,58
STK-20251006-BR002-SKU015256PI,20251006,BR002,SKU015256PI,169,56,113
STK-20251006-BR002-SKU016128BL,20251006,BR002,SKU016128BL,128,104,24
STK-20251006-BR002-SKU016128SI,20251006,BR002,SKU016128SI,143,110,33
STK-20251006-BR002-SKU016128PI,20251006,BR002,SKU016128PI,120,96,24
STK-20251006-BR002-SKU016256BL,20251006,BR002,SKU016256BL,134,107,27
STK-20251006-BR002-SKU016256SI,20251006,BR002,SKU016256SI,137,102,35
STK-20251006-BR002-SKU016256PI,20251006,BR002,SKU016256PI,136,103,33
STK-20251006-BR002-SKU017128BL,20251006,BR002,SKU017128BL,141,141,0
STK-20251006-BR002-SKU017128SI,20251006,BR002,SKU017128SI,165,145,20
STK-20251006-BR002-SKU017128PI,20251006,BR002,SKU017128PI,162,154,8
STK-20251006-BR002-SKU017256BL,20251006,BR002,SKU017256BL,175,147,28
STK-20251006-BR002-SKU017256SI,20251006,BR002,SKU017256SI,170,133,37
STK-20251006-BR002-SKU017256PI,20251006,BR002,SKU017256PI,167,148,19
STK-20251006-BR003-SKU015128BL,20251006,BR003,SKU015128BL,167,59,108
STK-20251006-BR003-SKU015128SI,20251006,BR003,SKU015128SI,174,65,109
STK-20251006-BR003-SKU015128PI,20251006,BR003,SKU015128PI,119,65,54
STK-20251006-BR003-SKU015256BL,20251006,BR003,SKU015256BL,163,55,108
STK-20251006-BR003-SKU015256SI,20251006,BR003,SKU015256SI,181,66,115
STK-20251006-BR003-SKU015256PI,20251006,BR003,SKU015256PI,139,64,75
STK-20251006-BR003-SKU016128BL,20251006,BR003,SKU016128BL,128,98,30
STK-20251006-BR003-SKU016128SI,20251006,BR003,SKU016128SI,108,105,3
STK-20251006-BR003-SKU016128PI,20251006,BR003,SKU016128PI,121,109,12
STK-20251006-BR003-SKU016256BL,20251006,BR003,SKU016256BL,112,98,14
STK-20251006-BR003-SKU016256SI,20251006,BR003,SKU016256SI,124,117,7
STK-20251006-BR003-SKU016256PI,20251006,BR003,SKU016256PI,131,106,25
STK-20251006-BR003-SKU017128BL,20251006,BR003,SKU017128BL,183,153,30
STK-20251006-BR003-SKU017128SI,20251006,BR003,SKU017128SI,144,137,7
STK-20251006-BR003-SKU017128PI,20251006,BR003,SKU017128PI,169,151,18
STK-20251006-BR003-SKU017256BL,20251006,BR003,SKU017256BL,158,131,27
STK-20251006-BR003-SKU017256SI,20251006,BR003,SKU017256SI,199,172,27
STK-20251006-BR003-SKU017256PI,20251006,BR003,SKU017256PI,168,157,11
STK-20251006-BR004-SKU015128BL,20251006,BR004,SKU015128BL,122,61,61
STK-20251006-BR004-SKU015128SI,20251006,BR004,SKU015128SI,170,59,111
STK-20251006-BR004-SKU015128PI,20251006,BR004,SKU015128PI,196,48,148
STK-20251006-BR004-SKU015256BL,20251006,BR004,SKU015256BL,132,55,77
STK-20251006-BR004-SKU015256SI,20251006,BR004,SKU015256SI,116,56,60
STK-20251006-BR004-SKU015256PI,20251006,BR004,SKU015256PI,168,64,104
STK-20251006-BR004-SKU016128BL,20251006,BR004,SKU016128BL,127,108,19
STK-20251006-BR004-SKU016128SI,20251006,BR004,SKU016128SI,145,92,53
STK-20251006-BR004-SKU016128PI,20251006,BR004,SKU016128PI,112,101,11
STK-20251006-BR004-SKU016256BL,20251006,BR004,SKU016256BL,136,91,45
STK-20251006-BR004-SKU016256SI,20251006,BR004,SKU016256SI,131,94,37
STK-20251006-BR004-SKU016256PI,20251006,BR004,SKU016256PI,105,95,10
STK-20251006-BR004-SKU017128BL,20251006,BR004,SKU017128BL,192,166,26
STK-20251006-BR004-SKU017128SI,20251006,BR004,SKU017128SI,180,154,26
STK-20251006-BR004-SKU017128PI,20251006,BR004,SKU017128PI,185,169,16
STK-20251006-BR004-SKU017256BL,20251006,BR004,SKU017256BL,161,159,2
STK-20251006-BR004-SKU017256SI,20251006,BR004,SKU017256SI,168,130,38
STK-20251006-BR004-SKU017256PI,20251006,BR004,SKU017256PI,156,151,5
STK-20251006-BR005-SKU015128BL,20251006,BR005,SKU015128BL,137,52,85
STK-20251006-BR005-SKU015128SI,20251006,BR005,SKU015128SI,123,58,65
STK-20251006-BR005-SKU015128PI,20251006,BR005,SKU015128PI,173,60,113
STK-20251006-BR005-SKU015256BL,20251006,BR005,SKU015256BL,173,49,124
STK-20251006-BR005-SKU015256SI,20251006,BR005,SKU015256SI,173,51,122
STK-20251006-BR005-SKU015256PI,20251006,BR005,SKU015256PI,168,63,105
STK-20251006-BR005-SKU016128BL,20251006,BR005,SKU016128BL,144,105,39
STK-20251006-BR005-SKU016128SI,20251006,BR005,SKU016128SI,117,86,31
STK-20251006-BR005-SKU016128PI,20251006,BR005,SKU016128PI,105,94,11
STK-20251006-BR005-SKU016256BL,20251006,BR005,SKU016256BL,128,111,17
STK-20251006-BR005-SKU016256SI,20251006,BR005,SKU016256SI,123,94,29
STK-20251006-BR005-SKU016256PI,20251006,BR005,SKU016256PI,133,105,28
STK-20251006-BR005-SKU017128BL,20251006,BR005,SKU017128BL,166,144,22
STK-20251006-BR005-SKU017128SI,20251006,BR005,SKU017128SI,153,147,6
STK-20251006-BR005-SKU017128PI,20251006,BR005,SKU017128PI,172,149,23
STK-20251006-BR005-SKU017256BL,20251006,BR005,SKU017256BL,159,143,16
STK-20251006-BR005-SKU017256SI,20251006,BR005,SKU017256SI,164,155,9
STK-20251006-BR005-SKU017256PI,20251006,BR005,SKU017256PI,159,137,22
STK-20251007-BR000-SKU015128BL,20251007,BR000,SKU015128BL,644,0,644
STK-20251007-BR000-SKU015128SI,20251007,BR000,SKU015128SI,795,0,795
STK-20251007-BR000-SKU015128PI,20251007,BR000,SKU015128PI,930,0,930
STK-20251007-BR000-SKU015256BL,20251007,BR000,SKU015256BL,712,0,712
STK-20251007-BR000-SKU015256SI,20251007,BR000,SKU015256SI,744,0,744
STK-20251007-BR000-SKU015256PI,20251007,BR000,SKU015256PI,985,0,985
STK-20251007-BR000-SKU016128BL,20251007,BR000,SKU016128BL,632,0,632
STK-20251007-BR000-SKU016128SI,20251007,BR000,SKU016128SI,857,0,857
STK-20251007-BR000-SKU016128PI,20251007,BR000,SKU016128PI,686,0,686
STK-20251007-BR000-SKU016256BL,20251007,BR000,SKU016256BL,548,0,548
STK-20251007-BR000-SKU016256SI,20251007,BR000,SKU016256SI,855,0,855
STK-20251007-BR000-SKU016256PI,20251007,BR000,SKU016256PI,881,0,881
STK-20251007-BR000-SKU017128BL,20251007,BR000,SKU017128BL,658,0,658
STK-20251007-BR000-SKU017128SI,20251007,BR000,SKU017128SI,661,0,661
STK-20251007-BR000-SKU017128PI,20251007,BR000,SKU017128PI,617,0,617
STK-20251007-BR000-SKU017256BL,20251007,BR000,SKU017256BL,731,0,731
STK-20251007-BR000-SKU017256SI,20251007,BR000,SKU017256SI,682,0,682
STK-20251007-BR000-SKU017256PI,20251007,BR000,SKU017256PI,891,0,891
STK-20251007-BR001-SKU015128BL,20251007,BR001,SKU015128BL,121,62,59
STK-20251007-BR001-SKU015128SI,20251007,BR001,SKU015128SI,155,57,98
STK-20251007-BR001-SKU015128PI,20251007,BR001,SKU015128PI,136,64,72
STK-20251007-BR001-SKU015256BL,20251007,BR001,SKU015256BL,168,58,110
STK-20251007-BR001-SKU015256SI,20251007,BR001,SKU015256SI,132,52,80
STK-20251007-BR001-SKU015256PI,20251007,BR001,SKU015256PI,141,65,76
STK-20251007-BR001-SKU016128BL,20251007,BR001,SKU016128BL,129,113,16
STK-20251007-BR001-SKU016128SI,20251007,BR001,SKU016128SI,128,117,11
STK-20251007-BR001-SKU016128PI,20251007,BR001,SKU016128PI,108,107,1
STK-20251007-BR001-SKU016256BL,20251007,BR001,SKU016256BL,113,110,3
STK-20251007-BR001-SKU016256SI,20251007,BR001,SKU016256SI,150,112,38
STK-20251007-BR001-SKU016256PI,20251007,BR001,SKU016256PI,116,104,12
STK-20251007-BR001-SKU017128BL,20251007,BR001,SKU017128BL,171,136,35
STK-20251007-BR001-SKU017128SI,20251007,BR001,SKU017128SI,180,167,13
STK-20251007-BR001-SKU017128PI,20251007,BR001,SKU017128PI,183,161,22
STK-20251007-BR001-SKU017256BL,20251007,BR001,SKU017256BL,184,156,28
STK-20251007-BR001-SKU017256SI,20251007,BR001,SKU017256SI,139,139,0
STK-20251007-BR001-SKU017256PI,20251007,BR001,SKU017256PI,155,142,13
STK-20251007-BR002-SKU015128BL,20251007,BR002,SKU015128BL,168,62,106
STK-20251007-BR002-SKU015128SI,20251007,BR002,SKU015128SI,131,57,74
STK-20251007-BR002-SKU015128PI,20251007,BR002,SKU015128PI,145,61,84
STK-20251007-BR002-SKU015256BL,20251007,BR002,SKU015256BL,185,58,127
STK-20251007-BR002-SKU015256SI,20251007,BR002,SKU015256SI,114,58,56
STK-20251007-BR002-SKU015256PI,20251007,BR002,SKU015256PI,168,57,111
STK-20251007-BR002-SKU016128BL,20251007,BR002,SKU016128BL,124,109,15
STK-20251007-BR002-SKU016128SI,20251007,BR002,SKU016128SI,140,110,30
STK-20251007-BR002-SKU016128PI,20251007,BR002,SKU016128PI,112,92,20
STK-20251007-BR002-SKU016256BL,20251007,BR002,SKU016256BL,123,105,18
STK-20251007-BR002-SKU016256SI,20251007,BR002,SKU016256SI,137,109,28
STK-20251007-BR002-SKU016256PI,20251007,BR002,SKU016256PI,131,100,31
STK-20251007-BR002-SKU017128BL,20251007,BR002,SKU017128BL,181,147,34
STK-20251007-BR002-SKU017128SI,20251007,BR002,SKU017128SI,158,147,11
STK-20251007-BR002-SKU017128PI,20251007,BR002,SKU017128PI,192,154,38
STK-20251007-BR002-SKU017256BL,20251007,BR002,SKU017256BL,175,157,18
STK-20251007-BR002-SKU017256SI,20251007,BR002,SKU017256SI,170,143,27
STK-20251007-BR002-SKU017256PI,20251007,BR002,SKU017256PI,160,146,14
STK-20251007-BR003-SKU015128BL,20251007,BR003,SKU015128BL,167,60,107
STK-20251007-BR003-SKU015128SI,20251007,BR003,SKU015128SI,172,65,107
STK-20251007-BR003-SKU015128PI,20251007,BR003,SKU015128PI,116,63,53
STK-20251007-BR003-SKU015256BL,20251007,BR003,SKU015256BL,162,60,102
STK-20251007-BR003-SKU015256SI,20251007,BR003,SKU015256SI,179,68,111
STK-20251007-BR003-SKU015256PI,20251007,BR003,SKU015256PI,132,58,74
STK-20251007-BR003-SKU016128BL,20251007,BR003,SKU016128BL,125,97,28
STK-20251007-BR003-SKU016128SI,20251007,BR003,SKU016128SI,139,109,30
STK-20251007-BR003-SKU016128PI,20251007,BR003,SKU016128PI,115,111,4
STK-20251007-BR003-SKU016256BL,20251007,BR003,SKU016256BL,107,95,12
STK-20251007-BR003-SKU016256SI,20251007,BR003,SKU016256SI,124,124,0
STK-20251007-BR003-SKU016256PI,20251007,BR003,SKU016256PI,125,102,23
STK-20251007-BR003-SKU017128BL,20251007,BR003,SKU017128BL,174,149,25
STK-20251007-BR003-SKU017128SI,20251007,BR003,SKU017128SI,144,144,0
STK-20251007-BR003-SKU017128PI,20251007,BR003,SKU017128PI,169,160,9
STK-20251007-BR003-SKU017256BL,20251007,BR003,SKU017256BL,155,132,23
STK-20251007-BR003-SKU017256SI,20251007,BR003,SKU017256SI,189,169,20
STK-20251007-BR003-SKU017256PI,20251007,BR003,SKU017256PI,168,163,5
STK-20251007-BR004-SKU015128BL,20251007,BR004,SKU015128BL,116,58,58
STK-20251007-BR004-SKU015128SI,20251007,BR004,SKU015128SI,169,62,107
STK-20251007-BR004-SKU015128PI,20251007,BR004,SKU015128PI,196,49,147
STK-20251007-BR004-SKU015256BL,20251007,BR004,SKU015256BL,131,56,75
STK-20251007-BR004-SKU015256SI,20251007,BR004,SKU015256SI,116,57,59
STK-20251007-BR004-SKU015256PI,20251007,BR004,SKU015256PI,168,66,102
STK-20251007-BR004-SKU016128BL,20251007,BR004,SKU016128BL,122,104,18
STK-20251007-BR004-SKU016128SI,20251007,BR004,SKU016128SI,145,96,49
STK-20251007-BR004-SKU016128PI,20251007,BR004,SKU016128PI,112,106,6
STK-20251007-BR004-SKU016256BL,20251007,BR004,SKU016256BL,136,99,37
STK-20251007-BR004-SKU016256SI,20251007,BR004,SKU016256SI,131,100,31
STK-20251007-BR004-SKU016256PI,20251007,BR004,SKU016256PI,103,98,5
STK-20251007-BR004-SKU017128BL,20251007,BR004,SKU017128BL,183,161,22
STK-20251007-BR004-SKU017128SI,20251007,BR004,SKU017128SI,177,159,18
STK-20251007-BR004-SKU017128PI,20251007,BR004,SKU017128PI,171,165,6
STK-20251007-BR004-SKU017256BL,20251007,BR004,SKU017256BL,184,153,31
STK-20251007-BR004-SKU017256SI,20251007,BR004,SKU017256SI,163,129,34
STK-20251007-BR004-SKU017256PI,20251007,BR004,SKU017256PI,139,138,1
STK-20251007-BR005-SKU015128BL,20251007,BR005,SKU015128BL,136,54,82
STK-20251007-BR005-SKU015128SI,20251007,BR005,SKU015128SI,123,62,61
STK-20251007-BR005-SKU015128PI,20251007,BR005,SKU015128PI,171,61,110
STK-20251007-BR005-SKU015256BL,20251007,BR005,SKU015256BL,172,49,123
STK-20251007-BR005-SKU015256SI,20251007,BR005,SKU015256SI,173,56,117
STK-20251007-BR005-SKU015256PI,20251007,BR005,SKU015256PI,166,66,100
STK-20251007-BR005-SKU016128BL,20251007,BR005,SKU016128BL,142,106,36
STK-20251007-BR005-SKU016128SI,20251007,BR005,SKU016128SI,116,90,26
STK-20251007-BR005-SKU016128PI,20251007,BR005,SKU016128PI,105,100,5
STK-20251007-BR005-SKU016256BL,20251007,BR005,SKU016256BL,122,114,8
STK-20251007-BR005-SKU016256SI,20251007,BR005,SKU016256SI,119,95,24
STK-20251007-BR005-SKU016256PI,20251007,BR005,SKU016256PI,124,104,20
STK-20251007-BR005-SKU017128BL,20251007,BR005,SKU017128BL,166,155,11
STK-20251007-BR005-SKU017128SI,20251007,BR005,SKU017128SI,177,149,28
STK-20251007-BR005-SKU017128PI,20251007,BR005,SKU017128PI,165,149,16
STK-20251007-BR005-SKU017256BL,20251007,BR005,SKU017256BL,153,145,8
STK-20251007-BR005-SKU017256SI,20251007,BR005,SKU017256SI,149,148,1
STK-20251007-BR005-SKU017256PI,20251007,BR005,SKU017256PI,153,143,10
STK-20251008-BR000-SKU015128BL,20251008,BR000,SKU015128BL,644,0,644
STK-20251008-BR000-SKU015128SI,20251008,BR000,SKU015128SI,795,0,795
STK-20251008-BR000-SKU015128PI,20251008,BR000,SKU015128PI,930,0,930
STK-20251008-BR000-SKU015256BL,20251008,BR000,SKU015256BL,712,0,712
STK-20251008-BR000-SKU015256SI,20251008,BR000,SKU015256SI,744,0,744
STK-20251008-BR000-SKU015256PI,20251008,BR000,SKU015256PI,985,0,985
STK-20251008-BR000-SKU016128BL,20251008,BR000,SKU016128BL,632,0,632
STK-20251008-BR000-SKU016128SI,20251008,BR000,SKU016128SI,857,0,857
STK-20251008-BR000-SKU016128PI,20251008,BR000,SKU016128PI,686,0,686
STK-20251008-BR000-SKU016256BL,20251008,BR000,SKU016256BL,548,0,548
STK-20251008-BR000-SKU016256SI,20251008,BR000,SKU016256SI,855,0,855
STK-20251008-BR000-SKU016256PI,20251008,BR000,SKU016256PI,881,0,881
STK-20251008-BR000-SKU017128BL,20251008,BR000,SKU017128BL,658,0,658
STK-20251008-BR000-SKU017128SI,20251008,BR000,SKU017128SI,661,0,661
STK-20251008-BR000-SKU017128PI,20251008,BR000,SKU017128PI,617,0,617
STK-20251008-BR000-SKU017256BL,20251008,BR000,SKU017256BL,731,0,731
STK-20251008-BR000-SKU017256SI,20251008,BR000,SKU017256SI,682,0,682
STK-20251008-BR000-SKU017256PI,20251008,BR000,SKU017256PI,891,0,891
STK-20251008-BR001-SKU015128BL,20251008,BR001,SKU015128BL,121,65,56
STK-20251008-BR001-SKU015128SI,20251008,BR001,SKU015128SI,154,58,96
STK-20251008-BR001-SKU015128PI,20251008,BR001,SKU015128PI,134,63,71
STK-20251008-BR001-SKU015256BL,20251008,BR001,SKU015256BL,168,59,109
STK-20251008-BR001-SKU015256SI,20251008,BR001,SKU015256SI,132,57,75
STK-20251008-BR001-SKU015256PI,20251008,BR001,SKU015256PI,139,64,75
STK-20251008-BR001-SKU016128BL,20251008,BR001,SKU016128BL,125,115,10
STK-20251008-BR001-SKU016128SI,20251008,BR001,SKU016128SI,123,115,8
STK-20251008-BR001-SKU016128PI,20251008,BR001,SKU016128PI,133,111,22
STK-20251008-BR001-SKU016256BL,20251008,BR001,SKU016256BL,141,116,25
STK-20251008-BR001-SKU016256SI,20251008,BR001,SKU016256SI,143,112,31
STK-20251008-BR001-SKU016256PI,20251008,BR001,SKU016256PI,112,104,8
STK-20251008-BR001-SKU017128BL,20251008,BR001,SKU017128BL,171,140,31
STK-20251008-BR001-SKU017128SI,20251008,BR001,SKU017128SI,172,165,7
STK-20251008-BR001-SKU017128PI,20251008,BR001,SKU017128PI,176,160,16
STK-20251008-BR001-SKU017256BL,20251008,BR001,SKU017256BL,182,158,24
STK-20251008-BR001-SKU017256SI,20251008,BR001,SKU017256SI,186,148,38
STK-20251008-BR001-SKU017256PI,20251008,BR001,SKU017256PI,151,149,2
STK-20251008-BR002-SKU015128BL,20251008,BR002,SKU015128BL,168,64,104
STK-20251008-BR002-SKU015128SI,20251008,BR002,SKU015128SI,131,58,73
STK-20251008-BR002-SKU015128PI,20251008,BR002,SKU015128PI,141,59,82
STK-20251008-BR002-SKU015256BL,20251008,BR002,SKU015256BL,182,56,126
STK-20251008-BR002-SKU015256SI,20251008,BR002,SKU015256SI,111,58,53
STK-20251008-BR002-SKU015256PI,20251008,BR002,SKU015256PI,167,59,108
STK-20251008-BR002-SKU016128BL,20251008,BR002,SKU016128BL,120,109,11
STK-20251008-BR002-SKU016128SI,20251008,BR002,SKU016128SI,132,110,22
STK-20251008-BR002-SKU016128PI,20251008,BR002,SKU016128PI,107,91,16
STK-20251008-BR002-SKU016256BL,20251008,BR002,SKU016256BL,123,108,15
STK-20251008-BR002-SKU016256SI,20251008,BR002,SKU016256SI,137,117,20
STK-20251008-BR002-SKU016256PI,20251008,BR002,SKU016256PI,131,105,26
STK-20251008-BR002-SKU017128BL,20251008,BR002,SKU017128BL,178,153,25
STK-20251008-BR002-SKU017128SI,20251008,BR002,SKU017128SI,158,158,0
STK-20251008-BR002-SKU017128PI,20251008,BR002,SKU017128PI,186,158,28
STK-20251008-BR002-SKU017256BL,20251008,BR002,SKU017256BL,172,162,10
STK-20251008-BR002-SKU017256SI,20251008,BR002,SKU017256SI,167,145,22
STK-20251008-BR002-SKU017256PI,20251008,BR002,SKU017256PI,155,146,9
STK-20251008-BR003-SKU015128BL,20251008,BR003,SKU015128BL,167,61,106
STK-20251008-BR003-SKU015128SI,20251008,BR003,SKU015128SI,171,69,102
STK-20251008-BR003-SKU015128PI,20251008,BR003,SKU015128PI,116,66,50
STK-20251008-BR003-SKU015256BL,20251008,BR003,SKU015256BL,162,62,100
STK-20251008-BR003-SKU015256SI,20251008,BR003,SKU015256SI,177,71,106
STK-20251008-BR003-SKU015256PI,20251008,BR003,SKU015256PI,132,62,70
STK-20251008-BR003-SKU016128BL,20251008,BR003,SKU016128BL,125,103,22
STK-20251008-BR003-SKU016128SI,20251008,BR003,SKU016128SI,139,115,24
STK-20251008-BR003-SKU016128PI,20251008,BR003,SKU016128PI,111,111,0
STK-20251008-BR003-SKU016256BL,20251008,BR003,SKU016256BL,107,103,4
STK-20251008-BR003-SKU016256SI,20251008,BR003,SKU016256SI,167,130,37
STK-20251008-BR003-SKU016256PI,20251008,BR003,SKU016256PI,124,108,16
STK-20251008-BR003-SKU017128BL,20251008,BR003,SKU017128BL,174,156,18
STK-20251008-BR003-SKU017128SI,20251008,BR003,SKU017128SI,171,146,25
STK-20251008-BR003-SKU017128PI,20251008,BR003,SKU017128PI,161,160,1
STK-20251008-BR003-SKU017256BL,20251008,BR003,SKU017256BL,149,139,10
STK-20251008-BR003-SKU017256SI,20251008,BR003,SKU017256SI,189,179,10
STK-20251008-BR003-SKU017256PI,20251008,BR003,SKU017256PI,201,172,29
STK-20251008-BR004-SKU015128BL,20251008,BR004,SKU015128BL,116,60,56
STK-20251008-BR004-SKU015128SI,20251008,BR004,SKU015128SI,167,61,106
STK-20251008-BR004-SKU015128PI,20251008,BR004,SKU015128PI,196,55,141
STK-20251008-BR004-SKU015256BL,20251008,BR004,SKU015256BL,130,57,73
STK-20251008-BR004-SKU015256SI,20251008,BR004,SKU015256SI,114,60,54
STK-20251008-BR004-SKU015256PI,20251008,BR004,SKU015256PI,167,67,100
STK-20251008-BR004-SKU016128BL,20251008,BR004,SKU016128BL,119,106,13
STK-20251008-BR004-SKU016128SI,20251008,BR004,SKU016128SI,140,96,44
STK-20251008-BR004-SKU016128PI,20251008,BR004,SKU016128PI,101,99,2
STK-20251008-BR004-SKU016256BL,20251008,BR004,SKU016256BL,134,100,34
STK-20251008-BR004-SKU016256SI,20251008,BR004,SKU016256SI,131,105,26
STK-20251008-BR004-SKU016256PI,20251008,BR004,SKU016256PI,100,97,3
STK-20251008-BR004-SKU017128BL,20251008,BR004,SKU017128BL,170,154,16
STK-20251008-BR004-SKU017128SI,20251008,BR004,SKU017128SI,171,161,10
STK-20251008-BR004-SKU017128PI,20251008,BR004,SKU017128PI,207,169,38
STK-20251008-BR004-SKU017256BL,20251008,BR004,SKU017256BL,180,155,25
STK-20251008-BR004-SKU017256SI,20251008,BR004,SKU017256SI,162,139,23
STK-20251008-BR004-SKU017256PI,20251008,BR004,SKU017256PI,169,144,25
STK-20251008-BR005-SKU015128BL,20251008,BR005,SKU015128BL,136,58,78
STK-20251008-BR005-SKU015128SI,20251008,BR005,SKU015128SI,123,63,60
STK-20251008-BR005-SKU015128PI,20251008,BR005,SKU015128PI,170,64,106
STK-20251008-BR005-SKU015256BL,20251008,BR005,SKU015256BL,172,50,122
STK-20251008-BR005-SKU015256SI,20251008,BR005,SKU015256SI,172,59,113
STK-20251008-BR005-SKU015256PI,20251008,BR005,SKU015256PI,166,67,99
STK-20251008-BR005-SKU016128BL,20251008,BR005,SKU016128BL,141,112,29
STK-20251008-BR005-SKU016128SI,20251008,BR005,SKU016128SI,116,96,20
STK-20251008-BR005-SKU016128PI,20251008,BR005,SKU016128PI,128,103,25
STK-20251008-BR005-SKU016256BL,20251008,BR005,SKU016256BL,122,115,7
STK-20251008-BR005-SKU016256SI,20251008,BR005,SKU016256SI,114,96,18
STK-20251008-BR005-SKU016256PI,20251008,BR005,SKU016256PI,119,107,12
STK-20251008-BR005-SKU017128BL,20251008,BR005,SKU017128BL,153,147,6
STK-20251008-BR005-SKU017128SI,20251008,BR005,SKU017128SI,173,154,19
STK-20251008-BR005-SKU017128PI,20251008,BR005,SKU017128PI,165,157,8
STK-20251008-BR005-SKU017256BL,20251008,BR005,SKU017256BL,142,141,1
STK-20251008-BR005-SKU017256SI,20251008,BR005,SKU017256SI,169,149,20
STK-20251008-BR005-SKU017256PI,20251008,BR005,SKU017256PI,144,141,3
STK-20251009-BR000-SKU015128BL,20251009,BR000,SKU015128BL,644,0,644
STK-20251009-BR000-SKU015128SI,20251009,BR000,SKU015128SI,795,0,795
STK-20251009-BR000-SKU015128PI,20251009,BR000,SKU015128PI,930,0,930
STK-20251009-BR000-SKU015256BL,20251009,BR000,SKU015256BL,712,0,712
STK-20251009-BR000-SKU015256SI,20251009,BR000,SKU015256SI,744,0,744
STK-20251009-BR000-SKU015256PI,20251009,BR000,SKU015256PI,985,0,985
STK-20251009-BR000-SKU016128BL,20251009,BR000,SKU016128BL,632,0,632
STK-20251009-BR000-SKU016128SI,20251009,BR000,SKU016128SI,857,0,857
STK-20251009-BR000-SKU016128PI,20251009,BR000,SKU016128PI,686,0,686
STK-20251009-BR000-SKU016256BL,20251009,BR000,SKU016256BL,548,0,548
STK-20251009-BR000-SKU016256SI,20251009,BR000,SKU016256SI,855,0,855
STK-20251009-BR000-SKU016256PI,20251009,BR000,SKU016256PI,881,0,881
STK-20251009-BR000-SKU017128BL,20251009,BR000,SKU017128BL,658,0,658
STK-20251009-BR000-SKU017128SI,20251009,BR000,SKU017128SI,661,0,661
STK-20251009-BR000-SKU017128PI,20251009,BR000,SKU017128PI,617,0,617
STK-20251009-BR000-SKU017256BL,20251009,BR000,SKU017256BL,731,0,731
STK-20251009-BR000-SKU017256SI,20251009,BR000,SKU017256SI,682,0,682
STK-20251009-BR000-SKU017256PI,20251009,BR000,SKU017256PI,891,0,891
STK-20251009-BR001-SKU015128BL,20251009,BR001,SKU015128BL,120,65,55
STK-20251009-BR001-SKU015128SI,20251009,BR001,SKU015128SI,154,61,93
STK-20251009-BR001-SKU015128PI,20251009,BR001,SKU015128PI,133,67,66
STK-20251009-BR001-SKU015256BL,20251009,BR001,SKU015256BL,168,63,105
STK-20251009-BR001-SKU015256SI,20251009,BR001,SKU015256SI,132,58,74
STK-20251009-BR001-SKU015256PI,20251009,BR001,SKU015256PI,134,62,72
STK-20251009-BR001-SKU016128BL,20251009,BR001,SKU016128BL,125,122,3
STK-20251009-BR001-SKU016128SI,20251009,BR001,SKU016128SI,145,120,25
STK-20251009-BR001-SKU016128PI,20251009,BR001,SKU016128PI,130,112,18
STK-20251009-BR001-SKU016256BL,20251009,BR001,SKU016256BL,130,115,15
STK-20251009-BR001-SKU016256SI,20251009,BR001,SKU016256SI,143,122,21
STK-20251009-BR001-SKU016256PI,20251009,BR001,SKU016256PI,112,110,2
STK-20251009-BR001-SKU017128BL,20251009,BR001,SKU017128BL,169,146,23
STK-20251009-BR001-SKU017128SI,20251009,BR001,SKU017128SI,210,174,36
STK-20251009-BR001-SKU017128PI,20251009,BR001,SKU017128PI,171,159,12
STK-20251009-BR001-SKU017256BL,20251009,BR001,SKU017256BL,173,159,14
STK-20251009-BR001-SKU017256SI,20251009,BR001,SKU017256SI,186,155,31
STK-20251009-BR001-SKU017256PI,20251009,BR001,SKU017256PI,183,146,37
STK-20251009-BR002-SKU015128BL,20251009,BR002,SKU015128BL,165,62,103
STK-20251009-BR002-SKU015128SI,20251009,BR002,SKU015128SI,131,61,70
STK-20251009-BR002-SKU015128PI,20251009,BR002,SKU015128PI,141,60,81
STK-20251009-BR002-SKU015256BL,20251009,BR002,SKU015256BL,180,55,125
STK-20251009-BR002-SKU015256SI,20251009,BR002,SKU015256SI,109,62,47
STK-20251009-BR002-SKU015256PI,20251009,BR002,SKU015256PI,167,62,105
STK-20251009-BR002-SKU016128BL,20251009,BR002,SKU016128BL,120,115,5
STK-20251009-BR002-SKU016128SI,20251009,BR002,SKU016128SI,127,109,18
STK-20251009-BR002-SKU016128PI,20251009,BR002,SKU016128PI,104,92,12
STK-20251009-BR002-SKU016256BL,20251009,BR002,SKU016256BL,118,104,14
STK-20251009-BR002-SKU016256SI,20251009,BR002,SKU016256SI,136,122,14
STK-20251009-BR002-SKU016256PI,20251009,BR002,SKU016256PI,131,113,18
STK-20251009-BR002-SKU017128BL,20251009,BR002,SKU017128BL,178,166,12
STK-20251009-BR002-SKU017128SI,20251009,BR002,SKU017128SI,185,163,22
STK-20251009-BR002-SKU017128PI,20251009,BR002,SKU017128PI,186,172,14
STK-20251009-BR002-SKU017256BL,20251009,BR002,SKU017256BL,198,167,31
STK-20251009-BR002-SKU017256SI,20251009,BR002,SKU017256SI,152,141,11
STK-20251009-BR002-SKU017256PI,20251009,BR002,SKU017256PI,152,150,2
STK-20251009-BR003-SKU015128BL,20251009,BR003,SKU015128BL,165,61,104
STK-20251009-BR003-SKU015128SI,20251009,BR003,SKU015128SI,171,72,99
STK-20251009-BR003-SKU015128PI,20251009,BR003,SKU015128PI,115,68,47
STK-20251009-BR003-SKU015256BL,20251009,BR003,SKU015256BL,160,61,99
STK-20251009-BR003-SKU015256SI,20251009,BR003,SKU015256SI,174,71,103
STK-20251009-BR003-SKU015256PI,20251009,BR003,SKU015256PI,132,65,67
STK-20251009-BR003-SKU016128BL,20251009,BR003,SKU016128BL,121,105,16
STK-20251009-BR003-SKU016128SI,20251009,BR003,SKU016128SI,124,110,14
STK-20251009-BR003-SKU016128PI,20251009,BR003,SKU016128PI,155,115,40
STK-20251009-BR003-SKU016256BL,20251009,BR003,SKU016256BL,106,105,1
STK-20251009-BR003-SKU016256SI,20251009,BR003,SKU016256SI,167,133,34
STK-20251009-BR003-SKU016256PI,20251009,BR003,SKU016256PI,124,109,15
STK-20251009-BR003-SKU017128BL,20251009,BR003,SKU017128BL,174,168,6
STK-20251009-BR003-SKU017128SI,20251009,BR003,SKU017128SI,171,154,17
STK-20251009-BR003-SKU017128PI,20251009,BR003,SKU017128PI,188,163,25
STK-20251009-BR003-SKU017256BL,20251009,BR003,SKU017256BL,135,131,4
STK-20251009-BR003-SKU017256SI,20251009,BR003,SKU017256SI,182,177,5
STK-20251009-BR003-SKU017256PI,20251009,BR003,SKU017256PI,195,175,20
STK-20251009-BR004-SKU015128BL,20251009,BR004,SKU015128BL,115,63,52
STK-20251009-BR004-SKU015128SI,20251009,BR004,SKU015128SI,167,65,102
STK-20251009-BR004-SKU015128PI,20251009,BR004,SKU015128PI,196,56,140
STK-20251009-BR004-SKU015256BL,20251009,BR004,SKU015256BL,130,59,71
STK-20251009-BR004-SKU015256SI,20251009,BR004,SKU015256SI,114,63,51
STK-20251009-BR004-SKU015256PI,20251009,BR004,SKU015256PI,167,71,96
STK-20251009-BR004-SKU016128BL,20251009,BR004,SKU016128BL,115,104,11
STK-20251009-BR004-SKU016128SI,20251009,BR004,SKU016128SI,140,106,34
STK-20251009-BR004-SKU016128PI,20251009,BR004,SKU016128PI,124,103,21
STK-20251009-BR004-SKU016256BL,20251009,BR004,SKU016256BL,133,107,26
STK-20251009-BR004-SKU016256SI,20251009,BR004,SKU016256SI,131,111,20
STK-20251009-BR004-SKU016256PI,20251009,BR004,SKU016256PI,133,97,36
STK-20251009-BR004-SKU017128BL,20251009,BR004,SKU017128BL,170,166,4
STK-20251009-BR004-SKU017128SI,20251009,BR004,SKU017128SI,159,156,3
STK-20251009-BR004-SKU017128PI,20251009,BR004,SKU017128PI,203,169,34
STK-20251009-BR004-SKU017256BL,20251009,BR004,SKU017256BL,175,156,19
STK-20251009-BR004-SKU017256SI,20251009,BR004,SKU017256SI,151,134,17
STK-20251009-BR004-SKU017256PI,20251009,BR004,SKU017256PI,163,147,16
STK-20251009-BR005-SKU015128BL,20251009,BR005,SKU015128BL,134,57,77
STK-20251009-BR005-SKU015128SI,20251009,BR005,SKU015128SI,123,64,59
STK-20251009-BR005-SKU015128PI,20251009,BR005,SKU015128PI,167,65,102
STK-20251009-BR005-SKU015256BL,20251009,BR005,SKU015256BL,172,52,120
STK-20251009-BR005-SKU015256SI,20251009,BR005,SKU015256SI,171,59,112
STK-20251009-BR005-SKU015256PI,20251009,BR005,SKU015256PI,166,70,96
STK-20251009-BR005-SKU016128BL,20251009,BR005,SKU016128BL,139,114,25
STK-20251009-BR005-SKU016128SI,20251009,BR005,SKU016128SI,109,97,12
STK-20251009-BR005-SKU016128PI,20251009,BR005,SKU016128PI,124,104,20
STK-20251009-BR005-SKU016256BL,20251009,BR005,SKU016256BL,122,122,0
STK-20251009-BR005-SKU016256SI,20251009,BR005,SKU016256SI,113,104,9
STK-20251009-BR005-SKU016256PI,20251009,BR005,SKU016256PI,119,110,9
STK-20251009-BR005-SKU017128BL,20251009,BR005,SKU017128BL,189,151,38
STK-20251009-BR005-SKU017128SI,20251009,BR005,SKU017128SI,170,162,8
STK-20251009-BR005-SKU017128PI,20251009,BR005,SKU017128PI,199,168,31
STK-20251009-BR005-SKU017256BL,20251009,BR005,SKU017256BL,170,146,24
STK-20251009-BR005-SKU017256SI,20251009,BR005,SKU017256SI,169,159,10
STK-20251009-BR005-SKU017256PI,20251009,BR005,SKU017256PI,169,146,23
STK-20251010-BR000-SKU015128BL,20251010,BR000,SKU015128BL,644,0,644
STK-20251010-BR000-SKU015128SI,20251010,BR000,SKU015128SI,795,0,795
STK-20251010-BR000-SKU015128PI,20251010,BR000,SKU015128PI,930,0,930
STK-20251010-BR000-SKU015256BL,20251010,BR000,SKU015256BL,712,0,712
STK-20251010-BR000-SKU015256SI,20251010,BR000,SKU015256SI,744,0,744
STK-20251010-BR000-SKU015256PI,20251010,BR000,SKU015256PI,985,0,985
STK-20251010-BR000-SKU016128BL,20251010,BR000,SKU016128BL,632,0,632
STK-20251010-BR000-SKU016128SI,20251010,BR000,SKU016128SI,857,0,857
STK-20251010-BR000-SKU016128PI,20251010,BR000,SKU016128PI,686,0,686
STK-20251010-BR000-SKU016256BL,20251010,BR000,SKU016256BL,548,0,548
STK-20251010-BR000-SKU016256SI,20251010,BR000,SKU016256SI,855,0,855
STK-20251010-BR000-SKU016256PI,20251010,BR000,SKU016256PI,881,0,881
STK-20251010-BR000-SKU017128BL,20251010,BR000,SKU017128BL,658,0,658
STK-20251010-BR000-SKU017128SI,20251010,BR000,SKU017128SI,661,0,661
STK-20251010-BR000-SKU017128PI,20251010,BR000,SKU017128PI,617,0,617
STK-20251010-BR000-SKU017256BL,20251010,BR000,SKU017256BL,731,0,731
STK-20251010-BR000-SKU017256SI,20251010,BR000,SKU017256SI,682,0,682
STK-20251010-BR000-SKU017256PI,20251010,BR000,SKU017256PI,891,0,891
STK-20251010-BR001-SKU015128BL,20251010,BR001,SKU015128BL,174,63,111
STK-20251010-BR001-SKU015128SI,20251010,BR001,SKU015128SI,198,66,132
STK-20251010-BR001-SKU015128PI,20251010,BR001,SKU015128PI,190,71,119
STK-20251010-BR001-SKU015256BL,20251010,BR001,SKU015256BL,210,66,144
STK-20251010-BR001-SKU015256SI,20251010,BR001,SKU015256SI,179,61,118
STK-20251010-BR001-SKU015256PI,20251010,BR001,SKU015256PI,162,61,101
STK-20251010-BR001-SKU016128BL,20251010,BR001,SKU016128BL,156,124,32
STK-20251010-BR001-SKU016128SI,20251010,BR001,SKU016128SI,197,124,73
STK-20251010-BR001-SKU016128PI,20251010,BR001,SKU016128PI,154,104,50
STK-20251010-BR001-SKU016256BL,20251010,BR001,SKU016256BL,173,123,50
STK-20251010-BR001-SKU016256SI,20251010,BR001,SKU016256SI,189,120,69
STK-20251010-BR001-SKU016256PI,20251010,BR001,SKU016256PI,149,110,39
STK-20251010-BR001-SKU017128BL,20251010,BR001,SKU017128BL,204,156,48
STK-20251010-BR001-SKU017128SI,20251010,BR001,SKU017128SI,242,180,62
STK-20251010-BR001-SKU017128PI,20251010,BR001,SKU017128PI,231,165,66
STK-20251010-BR001-SKU017256BL,20251010,BR001,SKU017256BL,199,162,37
STK-20251010-BR001-SKU017256SI,20251010,BR001,SKU017256SI,226,149,77
STK-20251010-BR001-SKU017256PI,20251010,BR001,SKU017256PI,223,156,67
STK-20251010-BR002-SKU015128BL,20251010,BR002,SKU015128BL,219,67,152
STK-20251010-BR002-SKU015128SI,20251010,BR002,SKU015128SI,159,62,97
STK-20251010-BR002-SKU015128PI,20251010,BR002,SKU015128PI,185,62,123
STK-20251010-BR002-SKU015256BL,20251010,BR002,SKU015256BL,233,56,177
STK-20251010-BR002-SKU015256SI,20251010,BR002,SKU015256SI,146,64,82
STK-20251010-BR002-SKU015256PI,20251010,BR002,SKU015256PI,219,66,153
STK-20251010-BR002-SKU016128BL,20251010,BR002,SKU016128BL,154,118,36
STK-20251010-BR002-SKU016128SI,20251010,BR002,SKU016128SI,161,110,51
STK-20251010-BR002-SKU016128PI,20251010,BR002,SKU016128PI,155,95,60
STK-20251010-BR002-SKU016256BL,20251010,BR002,SKU016256BL,177,105,72
STK-20251010-BR002-SKU016256SI,20251010,BR002,SKU016256SI,180,123,57
STK-20251010-BR002-SKU016256PI,20251010,BR002,SKU016256PI,153,108,45
STK-20251010-BR002-SKU017128BL,20251010,BR002,SKU017128BL,209,172,37
STK-20251010-BR002-SKU017128SI,20251010,BR002,SKU017128SI,229,163,66
STK-20251010-BR002-SKU017128PI,20251010,BR002,SKU017128PI,231,179,52
STK-20251010-BR002-SKU017256BL,20251010,BR002,SKU017256BL,232,172,60
STK-20251010-BR002-SKU017256SI,20251010,BR002,SKU017256SI,189,153,36
STK-20251010-BR002-SKU017256PI,20251010,BR002,SKU017256PI,178,150,28
STK-20251010-BR003-SKU015128BL,20251010,BR003,SKU015128BL,201,64,137
STK-20251010-BR003-SKU015128SI,20251010,BR003,SKU015128SI,224,70,154
STK-20251010-BR003-SKU015128PI,20251010,BR003,SKU015128PI,175,72,103
STK-20251010-BR003-SKU015256BL,20251010,BR003,SKU015256BL,212,63,149
STK-20251010-BR003-SKU015256SI,20251010,BR003,SKU015256SI,226,70,156
STK-20251010-BR003-SKU015256PI,20251010,BR003,SKU015256PI,167,68,99
STK-20251010-BR003-SKU016128BL,20251010,BR003,SKU016128BL,159,108,51
STK-20251010-BR003-SKU016128SI,20251010,BR003,SKU016128SI,152,110,42
STK-20251010-BR003-SKU016128PI,20251010,BR003,SKU016128PI,208,122,86
STK-20251010-BR003-SKU016256BL,20251010,BR003,SKU016256BL,150,101,49
STK-20251010-BR003-SKU016256SI,20251010,BR003,SKU016256SI,198,135,63
STK-20251010-BR003-SKU016256PI,20251010,BR003,SKU016256PI,169,116,53
STK-20251010-BR003-SKU017128BL,20251010,BR003,SKU017128BL,198,162,36
STK-20251010-BR003-SKU017128SI,20251010,BR003,SKU017128SI,213,156,57
STK-20251010-BR003-SKU017128PI,20251010,BR003,SKU017128PI,225,168,57
STK-20251010-BR003-SKU017256BL,20251010,BR003,SKU017256BL,191,140,51
STK-20251010-BR003-SKU017256SI,20251010,BR003,SKU017256SI,204,173,31
STK-20251010-BR003-SKU017256PI,20251010,BR003,SKU017256PI,243,177,66
STK-20251010-BR004-SKU015128BL,20251010,BR004,SKU015128BL,150,62,88
STK-20251010-BR004-SKU015128SI,20251010,BR004,SKU015128SI,214,68,146
STK-20251010-BR004-SKU015128PI,20251010,BR004,SKU015128PI,230,58,172
STK-20251010-BR004-SKU015256BL,20251010,BR004,SKU015256BL,172,57,115
STK-20251010-BR004-SKU015256SI,20251010,BR004,SKU015256SI,174,64,110
STK-20251010-BR004-SKU015256PI,20251010,BR004,SKU015256PI,202,71,131
STK-20251010-BR004-SKU016128BL,20251010,BR004,SKU016128BL,154,107,47
STK-20251010-BR004-SKU016128SI,20251010,BR004,SKU016128SI,169,113,56
STK-20251010-BR004-SKU016128PI,20251010,BR004,SKU016128PI,178,113,65
STK-20251010-BR004-SKU016256BL,20251010,BR004,SKU016256BL,187,111,76
STK-20251010-BR004-SKU016256SI,20251010,BR004,SKU016256SI,190,117,73
STK-20251010-BR004-SKU016256PI,20251010,BR004,SKU016256PI,190,101,89
STK-20251010-BR004-SKU017128BL,20251010,BR004,SKU017128BL,214,163,51
STK-20251010-BR004-SKU017128SI,20251010,BR004,SKU017128SI,207,153,54
STK-20251010-BR004-SKU017128PI,20251010,BR004,SKU017128PI,240,181,59
STK-20251010-BR004-SKU017256BL,20251010,BR004,SKU017256BL,217,162,55
STK-20251010-BR004-SKU017256SI,20251010,BR004,SKU017256SI,201,142,59
STK-20251010-BR004-SKU017256PI,20251010,BR004,SKU017256PI,205,156,49
STK-20251010-BR005-SKU015128BL,20251010,BR005,SKU015128BL,173,56,117
STK-20251010-BR005-SKU015128SI,20251010,BR005,SKU015128SI,159,63,96
STK-20251010-BR005-SKU015128PI,20251010,BR005,SKU015128PI,199,62,137
STK-20251010-BR005-SKU015256BL,20251010,BR005,SKU015256BL,221,54,167
STK-20251010-BR005-SKU015256SI,20251010,BR005,SKU015256SI,214,55,159
STK-20251010-BR005-SKU015256PI,20251010,BR005,SKU015256PI,214,71,143
STK-20251010-BR005-SKU016128BL,20251010,BR005,SKU016128BL,177,118,59
STK-20251010-BR005-SKU016128SI,20251010,BR005,SKU016128SI,141,96,45
STK-20251010-BR005-SKU016128PI,20251010,BR005,SKU016128PI,178,109,69
STK-20251010-BR005-SKU016256BL,20251010,BR005,SKU016256BL,157,106,51
STK-20251010-BR005-SKU016256SI,20251010,BR005,SKU016256SI,151,96,55
STK-20251010-BR005-SKU016256PI,20251010,BR005,SKU016256PI,171,118,53
STK-20251010-BR005-SKU017128BL,20251010,BR005,SKU017128BL,218,145,73
STK-20251010-BR005-SKU017128SI,20251010,BR005,SKU017128SI,223,168,55
STK-20251010-BR005-SKU017128PI,20251010,BR005,SKU017128PI,245,171,74
STK-20251010-BR005-SKU017256BL,20251010,BR005,SKU017256BL,200,153,47
STK-20251010-BR005-SKU017256SI,20251010,BR005,SKU017256SI,205,163,42
STK-20251010-BR005-SKU017256PI,20251010,BR005,SKU017256PI,206,156,50
STK-20251011-BR000-SKU015128BL,20251011,BR000,SKU015128BL,644,0,644
STK-20251011-BR000-SKU015128SI,20251011,BR000,SKU015128SI,795,0,795
STK-20251011-BR000-SKU015128PI,20251011,BR000,SKU015128PI,930,0,930
STK-20251011-BR000-SKU015256BL,20251011,BR000,SKU015256BL,712,0,712
STK-20251011-BR000-SKU015256SI,20251011,BR000,SKU015256SI,744,0,744
STK-20251011-BR000-SKU015256PI,20251011,BR000,SKU015256PI,985,0,985
STK-20251011-BR000-SKU016128BL,20251011,BR000,SKU016128BL,632,0,632
STK-20251011-BR000-SKU016128SI,20251011,BR000,SKU016128SI,857,0,857
STK-20251011-BR000-SKU016128PI,20251011,BR000,SKU016128PI,686,0,686
STK-20251011-BR000-SKU016256BL,20251011,BR000,SKU016256BL,548,0,548
STK-20251011-BR000-SKU016256SI,20251011,BR000,SKU016256SI,855,0,855
STK-20251011-BR000-SKU016256PI,20251011,BR000,SKU016256PI,881,0,881
STK-20251011-BR000-SKU017128BL,20251011,BR000,SKU017128BL,658,0,658
STK-20251011-BR000-SKU017128SI,20251011,BR000,SKU017128SI,661,0,661
STK-20251011-BR000-SKU017128PI,20251011,BR000,SKU017128PI,617,0,617
STK-20251011-BR000-SKU017256BL,20251011,BR000,SKU017256BL,731,0,731
STK-20251011-BR000-SKU017256SI,20251011,BR000,SKU017256SI,682,0,682
STK-20251011-BR000-SKU017256PI,20251011,BR000,SKU017256PI,891,0,891
STK-20251011-BR001-SKU015128BL,20251011,BR001,SKU015128BL,174,64,110
STK-20251011-BR001-SKU015128SI,20251011,BR001,SKU015128SI,198,67,131
STK-20251011-BR001-SKU015128PI,20251011,BR001,SKU015128PI,190,72,118
STK-20251011-BR001-SKU015256BL,20251011,BR001,SKU015256BL,206,67,139
STK-20251011-BR001-SKU015256SI,20251011,BR001,SKU015256SI,179,64,115
STK-20251011-BR001-SKU015256PI,20251011,BR001,SKU015256PI,161,64,97
STK-20251011-BR001-SKU016128BL,20251011,BR001,SKU016128BL,154,132,22
STK-20251011-BR001-SKU016128SI,20251011,BR001,SKU016128SI,193,126,67
STK-20251011-BR001-SKU016128PI,20251011,BR001,SKU016128PI,151,106,45
STK-20251011-BR001-SKU016256BL,20251011,BR001,SKU016256BL,173,128,45
STK-20251011-BR001-SKU016256SI,20251011,BR001,SKU016256SI,178,114,64
STK-20251011-BR001-SKU016256PI,20251011,BR001,SKU016256PI,147,111,36
STK-20251011-BR001-SKU017128BL,20251011,BR001,SKU017128BL,199,159,40
STK-20251011-BR001-SKU017128SI,20251011,BR001,SKU017128SI,232,173,59
STK-20251011-BR001-SKU017128PI,20251011,BR001,SKU017128PI,231,175,56
STK-20251011-BR001-SKU017256BL,20251011,BR001,SKU017256BL,191,166,25
STK-20251011-BR001-SKU017256SI,20251011,BR001,SKU017256SI,226,157,69
STK-20251011-BR001-SKU017256PI,20251011,BR001,SKU017256PI,218,156,62
STK-20251011-BR002-SKU015128BL,20251011,BR002,SKU015128BL,216,68,148
STK-20251011-BR002-SKU015128SI,20251011,BR002,SKU015128SI,156,62,94
STK-20251011-BR002-SKU015128PI,20251011,BR002,SKU015128PI,185,65,120
STK-20251011-BR002-SKU015256BL,20251011,BR002,SKU015256BL,233,57,176
STK-20251011-BR002-SKU015256SI,20251011,BR002,SKU015256SI,143,63,80
STK-20251011-BR002-SKU015256PI,20251011,BR002,SKU015256PI,218,68,150
STK-20251011-BR002-SKU016128BL,20251011,BR002,SKU016128BL,151,120,31
STK-20251011-BR002-SKU016128SI,20251011,BR002,SKU016128SI,161,115,46
STK-20251011-BR002-SKU016128PI,20251011,BR002,SKU016128PI,155,100,55
STK-20251011-BR002-SKU016256BL,20251011,BR002,SKU016256BL,177,108,69
STK-20251011-BR002-SKU016256SI,20251011,BR002,SKU016256SI,176,123,53
STK-20251011-BR002-SKU016256PI,20251011,BR002,SKU016256PI,152,113,39
STK-20251011-BR002-SKU017128BL,20251011,BR002,SKU017128BL,204,181,23
STK-20251011-BR002-SKU017128SI,20251011,BR002,SKU017128SI,218,162,56
STK-20251011-BR002-SKU017128PI,20251011,BR002,SKU017128PI,231,189,42
STK-20251011-BR002-SKU017256BL,20251011,BR002,SKU017256BL,229,180,49
STK-20251011-BR002-SKU017256SI,20251011,BR002,SKU017256SI,183,157,26
STK-20251011-BR002-SKU017256PI,20251011,BR002,SKU017256PI,171,150,21
STK-20251011-BR003-SKU015128BL,20251011,BR003,SKU015128BL,201,66,135
STK-20251011-BR003-SKU015128SI,20251011,BR003,SKU015128SI,224,72,152
STK-20251011-BR003-SKU015128PI,20251011,BR003,SKU015128PI,174,73,101
STK-20251011-BR003-SKU015256BL,20251011,BR003,SKU015256BL,207,64,143
STK-20251011-BR003-SKU015256SI,20251011,BR003,SKU015256SI,224,69,155
STK-20251011-BR003-SKU015256PI,20251011,BR003,SKU015256PI,167,71,96
STK-20251011-BR003-SKU016128BL,20251011,BR003,SKU016128BL,159,116,43
STK-20251011-BR003-SKU016128SI,20251011,BR003,SKU016128SI,146,106,40
STK-20251011-BR003-SKU016128PI,20251011,BR003,SKU016128PI,203,120,83
STK-20251011-BR003-SKU016256BL,20251011,BR003,SKU016256BL,149,104,45
STK-20251011-BR003-SKU016256SI,20251011,BR003,SKU016256SI,186,129,57
STK-20251011-BR003-SKU016256PI,20251011,BR003,SKU016256PI,162,113,49
STK-20251011-BR003-SKU017128BL,20251011,BR003,SKU017128BL,198,171,27
STK-20251011-BR003-SKU017128SI,20251011,BR003,SKU017128SI,213,168,45
STK-20251011-BR003-SKU017128PI,20251011,BR003,SKU017128PI,213,166,47
STK-20251011-BR003-SKU017256BL,20251011,BR003,SKU017256BL,189,149,40
STK-20251011-BR003-SKU017256SI,20251011,BR003,SKU017256SI,198,179,19
STK-20251011-BR003-SKU017256PI,20251011,BR003,SKU017256PI,240,182,58
STK-20251011-BR004-SKU015128BL,20251011,BR004,SKU015128BL,148,62,86
STK-20251011-BR004-SKU015128SI,20251011,BR004,SKU015128SI,214,69,145
STK-20251011-BR004-SKU015128PI,20251011,BR004,SKU015128PI,230,63,167
STK-20251011-BR004-SKU015256BL,20251011,BR004,SKU015256BL,172,58,114
STK-20251011-BR004-SKU015256SI,20251011,BR004,SKU015256SI,174,65,109
STK-20251011-BR004-SKU015256PI,20251011,BR004,SKU015256PI,201,71,130
STK-20251011-BR004-SKU016128BL,20251011,BR004,SKU016128BL,154,111,43
STK-20251011-BR004-SKU016128SI,20251011,BR004,SKU016128SI,169,118,51
STK-20251011-BR004-SKU016128PI,20251011,BR004,SKU016128PI,178,120,58
STK-20251011-BR004-SKU016256BL,20251011,BR004,SKU016256BL,187,115,72
STK-20251011-BR004-SKU016256SI,20251011,BR004,SKU016256SI,179,115,64
STK-20251011-BR004-SKU016256PI,20251011,BR004,SKU016256PI,190,102,88
STK-20251011-BR004-SKU017128BL,20251011,BR004,SKU017128BL,214,176,38
STK-20251011-BR004-SKU017128SI,20251011,BR004,SKU017128SI,207,161,46
STK-20251011-BR004-SKU017128PI,20251011,BR004,SKU017128PI,238,192,46
STK-20251011-BR004-SKU017256BL,20251011,BR004,SKU017256BL,217,173,44
STK-20251011-BR004-SKU017256SI,20251011,BR004,SKU017256SI,199,152,47
STK-20251011-BR004-SKU017256PI,20251011,BR004,SKU017256PI,194,148,46
STK-20251011-BR005-SKU015128BL,20251011,BR005,SKU015128BL,171,56,115
STK-20251011-BR005-SKU015128SI,20251011,BR005,SKU015128SI,155,64,91
STK-20251011-BR005-SKU015128PI,20251011,BR005,SKU015128PI,199,66,133
STK-20251011-BR005-SKU015256BL,20251011,BR005,SKU015256BL,218,56,162
STK-20251011-BR005-SKU015256SI,20251011,BR005,SKU015256SI,214,56,158
STK-20251011-BR005-SKU015256PI,20251011,BR005,SKU015256PI,212,73,139
STK-20251011-BR005-SKU016128BL,20251011,BR005,SKU016128BL,163,112,51
STK-20251011-BR005-SKU016128SI,20251011,BR005,SKU016128SI,141,103,38
STK-20251011-BR005-SKU016128PI,20251011,BR005,SKU016128PI,175,113,62
STK-20251011-BR005-SKU016256BL,20251011,BR005,SKU016256BL,156,109,47
STK-20251011-BR005-SKU016256SI,20251011,BR005,SKU016256SI,151,105,46
STK-20251011-BR005-SKU016256PI,20251011,BR005,SKU016256PI,161,112,49
STK-20251011-BR005-SKU017128BL,20251011,BR005,SKU017128BL,212,153,59
STK-20251011-BR005-SKU017128SI,20251011,BR005,SKU017128SI,223,181,42
STK-20251011-BR005-SKU017128PI,20251011,BR005,SKU017128PI,232,167,65
STK-20251011-BR005-SKU017256BL,20251011,BR005,SKU017256BL,200,159,41
STK-20251011-BR005-SKU017256SI,20251011,BR005,SKU017256SI,194,162,32
STK-20251011-BR005-SKU017256PI,20251011,BR005,SKU017256PI,198,161,37
STK-20251012-BR000-SKU015128BL,20251012,BR000,SKU015128BL,644,0,644
STK-20251012-BR000-SKU015128SI,20251012,BR000,SKU015128SI,795,0,795
STK-20251012-BR000-SKU015128PI,20251012,BR000,SKU015128PI,930,0,930
STK-20251012-BR000-SKU015256BL,20251012,BR000,SKU015256BL,712,0,712
STK-20251012-BR000-SKU015256SI,20251012,BR000,SKU015256SI,744,0,744
STK-20251012-BR000-SKU015256PI,20251012,BR000,SKU015256PI,985,0,985
STK-20251012-BR000-SKU016128BL,20251012,BR000,SKU016128BL,632,0,632
STK-20251012-BR000-SKU016128SI,20251012,BR000,SKU016128SI,857,0,857
STK-20251012-BR000-SKU016128PI,20251012,BR000,SKU016128PI,686,0,686
STK-20251012-BR000-SKU016256BL,20251012,BR000,SKU016256BL,548,0,548
STK-20251012-BR000-SKU016256SI,20251012,BR000,SKU016256SI,855,0,855
STK-20251012-BR000-SKU016256PI,20251012,BR000,SKU016256PI,881,0,881
STK-20251012-BR000-SKU017128BL,20251012,BR000,SKU017128BL,658,0,658
STK-20251012-BR000-SKU017128SI,20251012,BR000,SKU017128SI,661,0,661
STK-20251012-BR000-SKU017128PI,20251012,BR000,SKU017128PI,617,0,617
STK-20251012-BR000-SKU017256BL,20251012,BR000,SKU017256BL,731,0,731
STK-20251012-BR000-SKU017256SI,20251012,BR000,SKU017256SI,682,0,682
STK-20251012-BR000-SKU017256PI,20251012,BR000,SKU017256PI,891,0,891
STK-20251012-BR001-SKU015128BL,20251012,BR001,SKU015128BL,174,67,107
STK-20251012-BR001-SKU015128SI,20251012,BR001,SKU015128SI,196,66,130
STK-20251012-BR001-SKU015128PI,20251012,BR001,SKU015128PI,187,72,115
STK-20251012-BR001-SKU015256BL,20251012,BR001,SKU015256BL,203,65,138
STK-20251012-BR001-SKU015256SI,20251012,BR001,SKU015256SI,176,64,112
STK-20251012-BR001-SKU015256PI,20251012,BR001,SKU015256PI,161,65,96
STK-20251012-BR001-SKU016128BL,20251012,BR001,SKU016128BL,150,132,18
STK-20251012-BR001-SKU016128SI,20251012,BR001,SKU016128SI,193,132,61
STK-20251012-BR001-SKU016128PI,20251012,BR001,SKU016128PI,144,105,39
STK-20251012-BR001-SKU016256BL,20251012,BR001,SKU016256BL,171,129,42
STK-20251012-BR001-SKU016256SI,20251012,BR001,SKU016256SI,178,121,57
STK-20251012-BR001-SKU016256PI,20251012,BR001,SKU016256PI,147,114,33
STK-20251012-BR001-SKU017128BL,20251012,BR001,SKU017128BL,193,164,29
STK-20251012-BR001-SKU017128SI,20251012,BR001,SKU017128SI,220,165,55
STK-20251012-BR001-SKU017128PI,20251012,BR001,SKU017128PI,225,176,49
STK-20251012-BR001-SKU017256BL,20251012,BR001,SKU017256BL,191,175,16
STK-20251012-BR001-SKU017256SI,20251012,BR001,SKU017256SI,226,164,62
STK-20251012-BR001-SKU017256PI,20251012,BR001,SKU017256PI,205,151,54
STK-20251012-BR002-SKU015128BL,20251012,BR002,SKU015128BL,214,71,143
STK-20251012-BR002-SKU015128SI,20251012,BR002,SKU015128SI,156,66,90
STK-20251012-BR002-SKU015128PI,20251012,BR002,SKU015128PI,183,65,118
STK-20251012-BR002-SKU015256BL,20251012,BR002,SKU015256BL,233,58,175
STK-20251012-BR002-SKU015256SI,20251012,BR002,SKU015256SI,143,69,74
STK-20251012-BR002-SKU015256PI,20251012,BR002,SKU015256PI,218,72,146
STK-20251012-BR002-SKU016128BL,20251012,BR002,SKU016128BL,145,119,26
STK-20251012-BR002-SKU016128SI,20251012,BR002,SKU016128SI,161,119,42
STK-20251012-BR002-SKU016128PI,20251012,BR002,SKU016128PI,153,105,48
STK-20251012-BR002-SKU016256BL,20251012,BR002,SKU016256BL,177,114,63
STK-20251012-BR002-SKU016256SI,20251012,BR002,SKU016256SI,169,123,46
STK-20251012-BR002-SKU016256PI,20251012,BR002,SKU016256PI,149,116,33
STK-20251012-BR002-SKU017128BL,20251012,BR002,SKU017128BL,190,176,14
STK-20251012-BR002-SKU017128SI,20251012,BR002,SKU017128SI,218,172,46
STK-20251012-BR002-SKU017128PI,20251012,BR002,SKU017128PI,226,194,32
STK-20251012-BR002-SKU017256BL,20251012,BR002,SKU017256BL,229,188,41
STK-20251012-BR002-SKU017256SI,20251012,BR002,SKU017256SI,177,158,19
STK-20251012-BR002-SKU017256PI,20251012,BR002,SKU017256PI,168,158,10
STK-20251012-BR003-SKU015128BL,20251012,BR003,SKU015128BL,199,67,132
STK-20251012-BR003-SKU015128SI,20251012,BR003,SKU015128SI,221,72,149
STK-20251012-BR003-SKU015128PI,20251012,BR003,SKU015128PI,173,75,98
STK-20251012-BR003-SKU015256BL,20251012,BR003,SKU015256BL,207,67,140
STK-20251012-BR003-SKU015256SI,20251012,BR003,SKU015256SI,224,72,152
STK-20251012-BR003-SKU015256PI,20251012,BR003,SKU015256PI,164,73,91
STK-20251012-BR003-SKU016128BL,20251012,BR003,SKU016128BL,155,116,39
STK-20251012-BR003-SKU016128SI,20251012,BR003,SKU016128SI,144,107,37
STK-20251012-BR003-SKU016128PI,20251012,BR003,SKU016128PI,199,123,76
STK-20251012-BR003-SKU016256BL,20251012,BR003,SKU016256BL,149,112,37
STK-20251012-BR003-SKU016256SI,20251012,BR003,SKU016256SI,183,130,53
STK-20251012-BR003-SKU016256PI,20251012,BR003,SKU016256PI,162,120,42
STK-20251012-BR003-SKU017128BL,20251012,BR003,SKU017128BL,198,182,16
STK-20251012-BR003-SKU017128SI,20251012,BR003,SKU017128SI,207,176,31
STK-20251012-BR003-SKU017128PI,20251012,BR003,SKU017128PI,207,165,42
STK-20251012-BR003-SKU017256BL,20251012,BR003,SKU017256BL,189,158,31
STK-20251012-BR003-SKU017256SI,20251012,BR003,SKU017256SI,198,190,8
STK-20251012-BR003-SKU017256PI,20251012,BR003,SKU017256PI,223,177,46
STK-20251012-BR004-SKU015128BL,20251012,BR004,SKU015128BL,147,67,80
STK-20251012-BR004-SKU015128SI,20251012,BR004,SKU015128SI,213,71,142
STK-20251012-BR004-SKU015128PI,20251012,BR004,SKU015128PI,226,61,165
STK-20251012-BR004-SKU015256BL,20251012,BR004,SKU015256BL,172,61,111
STK-20251012-BR004-SKU015256SI,20251012,BR004,SKU015256SI,171,63,108
STK-20251012-BR004-SKU015256PI,20251012,BR004,SKU015256PI,199,73,126
STK-20251012-BR004-SKU016128BL,20251012,BR004,SKU016128BL,154,117,37
STK-20251012-BR004-SKU016128SI,20251012,BR004,SKU016128SI,162,113,49
STK-20251012-BR004-SKU016128PI,20251012,BR004,SKU016128PI,176,124,52
STK-20251012-BR004-SKU016256BL,20251012,BR004,SKU016256BL,182,114,68
STK-20251012-BR004-SKU016256SI,20251012,BR004,SKU016256SI,179,122,57
STK-20251012-BR004-SKU016256PI,20251012,BR004,SKU016256PI,187,104,83
STK-20251012-BR004-SKU017128BL,20251012,BR004,SKU017128BL,214,182,32
STK-20251012-BR004-SKU017128SI,20251012,BR004,SKU017128SI,200,160,40
STK-20251012-BR004-SKU017128PI,20251012,BR004,SKU017128PI,233,191,42
STK-20251012-BR004-SKU017256BL,20251012,BR004,SKU017256BL,217,183,34
STK-20251012-BR004-SKU017256SI,20251012,BR004,SKU017256SI,192,159,33
STK-20251012-BR004-SKU017256PI,20251012,BR004,SKU017256PI,192,158,34
STK-20251012-BR005-SKU015128BL,20251012,BR005,SKU015128BL,170,56,114
STK-20251012-BR005-SKU015128SI,20251012,BR005,SKU015128SI,153,64,89
STK-20251012-BR005-SKU015128PI,20251012,BR005,SKU015128PI,199,67,132
STK-20251012-BR005-SKU015256BL,20251012,BR005,SKU015256BL,218,59,159
STK-20251012-BR005-SKU015256SI,20251012,BR005,SKU015256SI,214,57,157
STK-20251012-BR005-SKU015256PI,20251012,BR005,SKU015256PI,210,73,137
STK-20251012-BR005-SKU016128BL,20251012,BR005,SKU016128BL,163,113,50
STK-20251012-BR005-SKU016128SI,20251012,BR005,SKU016128SI,141,110,31
STK-20251012-BR005-SKU016128PI,20251012,BR005,SKU016128PI,165,106,59
STK-20251012-BR005-SKU016256BL,20251012,BR005,SKU016256BL,156,115,41
STK-20251012-BR005-SKU016256SI,20251012,BR005,SKU016256SI,148,108,40
STK-20251012-BR005-SKU016256PI,20251012,BR005,SKU016256PI,156,112,44
STK-20251012-BR005-SKU017128BL,20251012,BR005,SKU017128BL,212,159,53
STK-20251012-BR005-SKU017128SI,20251012,BR005,SKU017128SI,210,176,34
STK-20251012-BR005-SKU017128PI,20251012,BR005,SKU017128PI,226,171,55
STK-20251012-BR005-SKU017256BL,20251012,BR005,SKU017256BL,200,164,36
STK-20251012-BR005-SKU017256SI,20251012,BR005,SKU017256SI,189,163,26
STK-20251012-BR005-SKU017256PI,20251012,BR005,SKU017256PI,191,166,25
STK-20251013-BR000-SKU015128BL,20251013,BR000,SKU015128BL,644,0,644
STK-20251013-BR000-SKU015128SI,20251013,BR000,SKU015128SI,795,0,795
STK-20251013-BR000-SKU015128PI,20251013,BR000,SKU015128PI,930,0,930
STK-20251013-BR000-SKU015256BL,20251013,BR000,SKU015256BL,712,0,712
STK-20251013-BR000-SKU015256SI,20251013,BR000,SKU015256SI,744,0,744
STK-20251013-BR000-SKU015256PI,20251013,BR000,SKU015256PI,985,0,985
STK-20251013-BR000-SKU016128BL,20251013,BR000,SKU016128BL,632,0,632
STK-20251013-BR000-SKU016128SI,20251013,BR000,SKU016128SI,857,0,857
STK-20251013-BR000-SKU016128PI,20251013,BR000,SKU016128PI,686,0,686
STK-20251013-BR000-SKU016256BL,20251013,BR000,SKU016256BL,548,0,548
STK-20251013-BR000-SKU016256SI,20251013,BR000,SKU016256SI,855,0,855
STK-20251013-BR000-SKU016256PI,20251013,BR000,SKU016256PI,881,0,881
STK-20251013-BR000-SKU017128BL,20251013,BR000,SKU017128BL,658,0,658
STK-20251013-BR000-SKU017128SI,20251013,BR000,SKU017128SI,661,0,661
STK-20251013-BR000-SKU017128PI,20251013,BR000,SKU017128PI,617,0,617
STK-20251013-BR000-SKU017256BL,20251013,BR000,SKU017256BL,731,0,731
STK-20251013-BR000-SKU017256SI,20251013,BR000,SKU017256SI,682,0,682
STK-20251013-BR000-SKU017256PI,20251013,BR000,SKU017256PI,891,0,891
STK-20251013-BR001-SKU015128BL,20251013,BR001,SKU015128BL,174,70,104
STK-20251013-BR001-SKU015128SI,20251013,BR001,SKU015128SI,196,69,127
STK-20251013-BR001-SKU015128PI,20251013,BR001,SKU015128PI,186,72,114
STK-20251013-BR001-SKU015256BL,20251013,BR001,SKU015256BL,200,63,137
STK-20251013-BR001-SKU015256SI,20251013,BR001,SKU015256SI,173,65,108
STK-20251013-BR001-SKU015256PI,20251013,BR001,SKU015256PI,161,69,92
STK-20251013-BR001-SKU016128BL,20251013,BR001,SKU016128BL,150,137,13
STK-20251013-BR001-SKU016128SI,20251013,BR001,SKU016128SI,192,139,53
STK-20251013-BR001-SKU016128PI,20251013,BR001,SKU016128PI,144,108,36
STK-20251013-BR001-SKU016256BL,20251013,BR001,SKU016256BL,154,119,35
STK-20251013-BR001-SKU016256SI,20251013,BR001,SKU016256SI,178,128,50
STK-20251013-BR001-SKU016256PI,20251013,BR001,SKU016256PI,141,115,26
STK-20251013-BR001-SKU017128BL,20251013,BR001,SKU017128BL,176,155,21
STK-20251013-BR001-SKU017128SI,20251013,BR001,SKU017128SI,220,176,44
STK-20251013-BR001-SKU017128PI,20251013,BR001,SKU017128PI,223,184,39
STK-20251013-BR001-SKU017256BL,20251013,BR001,SKU017256BL,179,170,9
STK-20251013-BR001-SKU017256SI,20251013,BR001,SKU017256SI,213,154,59
STK-20251013-BR001-SKU017256PI,20251013,BR001,SKU017256PI,203,157,46
STK-20251013-BR002-SKU015128BL,20251013,BR002,SKU015128BL,214,75,139
STK-20251013-BR002-SKU015128SI,20251013,BR002,SKU015128SI,156,67,89
STK-20251013-BR002-SKU015128PI,20251013,BR002,SKU015128PI,183,68,115
STK-20251013-BR002-SKU015256BL,20251013,BR002,SKU015256BL,233,60,173
STK-20251013-BR002-SKU015256SI,20251013,BR002,SKU015256SI,143,73,70
STK-20251013-BR002-SKU015256PI,20251013,BR002,SKU015256PI,217,72,145
STK-20251013-BR002-SKU016128BL,20251013,BR002,SKU016128BL,145,123,22
STK-20251013-BR002-SKU016128SI,20251013,BR002,SKU016128SI,158,119,39
STK-20251013-BR002-SKU016128PI,20251013,BR002,SKU016128PI,149,107,42
STK-20251013-BR002-SKU016256BL,20251013,BR002,SKU016256BL,172,118,54
STK-20251013-BR002-SKU016256SI,20251013,BR002,SKU016256SI,169,126,43
STK-20251013-BR002-SKU016256PI,20251013,BR002,SKU016256PI,146,117,29
STK-20251013-BR002-SKU017128BL,20251013,BR002,SKU017128BL,181,180,1
STK-20251013-BR002-SKU017128SI,20251013,BR002,SKU017128SI,212,177,35
STK-20251013-BR002-SKU017128PI,20251013,BR002,SKU017128PI,217,190,27
STK-20251013-BR002-SKU017256BL,20251013,BR002,SKU017256BL,221,191,30
STK-20251013-BR002-SKU017256SI,20251013,BR002,SKU017256SI,170,157,13
STK-20251013-BR002-SKU017256PI,20251013,BR002,SKU017256PI,183,163,20
STK-20251013-BR003-SKU015128BL,20251013,BR003,SKU015128BL,199,71,128
STK-20251013-BR003-SKU015128SI,20251013,BR003,SKU015128SI,218,70,148
STK-20251013-BR003-SKU015128PI,20251013,BR003,SKU015128PI,171,76,95
STK-20251013-BR003-SKU015256BL,20251013,BR003,SKU015256BL,205,66,139
STK-20251013-BR003-SKU015256SI,20251013,BR003,SKU015256SI,224,75,149
STK-20251013-BR003-SKU015256PI,20251013,BR003,SKU015256PI,164,76,88
STK-20251013-BR003-SKU016128BL,20251013,BR003,SKU016128BL,152,118,34
STK-20251013-BR003-SKU016128SI,20251013,BR003,SKU016128SI,144,109,35
STK-20251013-BR003-SKU016128PI,20251013,BR003,SKU016128PI,192,122,70
STK-20251013-BR003-SKU016256BL,20251013,BR003,SKU016256BL,149,119,30
STK-20251013-BR003-SKU016256SI,20251013,BR003,SKU016256SI,183,138,45
STK-20251013-BR003-SKU016256PI,20251013,BR003,SKU016256PI,150,114,36
STK-20251013-BR003-SKU017128BL,20251013,BR003,SKU017128BL,193,188,5
STK-20251013-BR003-SKU017128SI,20251013,BR003,SKU017128SI,196,173,23
STK-20251013-BR003-SKU017128PI,20251013,BR003,SKU017128PI,193,161,32
STK-20251013-BR003-SKU017256BL,20251013,BR003,SKU017256BL,186,161,25
STK-20251013-BR003-SKU017256SI,20251013,BR003,SKU017256SI,226,190,36
STK-20251013-BR003-SKU017256PI,20251013,BR003,SKU017256PI,217,179,38
STK-20251013-BR004-SKU015128BL,20251013,BR004,SKU015128BL,145,71,74
STK-20251013-BR004-SKU015128SI,20251013,BR004,SKU015128SI,213,72,141
STK-20251013-BR004-SKU015128PI,20251013,BR004,SKU015128PI,226,64,162
STK-20251013-BR004-SKU015256BL,20251013,BR004,SKU015256BL,171,61,110
STK-20251013-BR004-SKU015256SI,20251013,BR004,SKU015256SI,171,66,105
STK-20251013-BR004-SKU015256PI,20251013,BR004,SKU015256PI,199,75,124
STK-20251013-BR004-SKU016128BL,20251013,BR004,SKU016128BL,154,121,33
STK-20251013-BR004-SKU016128SI,20251013,BR004,SKU016128SI,158,117,41
STK-20251013-BR004-SKU016128PI,20251013,BR004,SKU016128PI,171,126,45
STK-20251013-BR004-SKU016256BL,20251013,BR004,SKU016256BL,178,112,66
STK-20251013-BR004-SKU016256SI,20251013,BR004,SKU016256SI,179,126,53
STK-20251013-BR004-SKU016256PI,20251013,BR004,SKU016256PI,183,105,78
STK-20251013-BR004-SKU017128BL,20251013,BR004,SKU017128BL,208,183,25
STK-20251013-BR004-SKU017128SI,20251013,BR004,SKU017128SI,196,168,28
STK-20251013-BR004-SKU017128PI,20251013,BR004,SKU017128PI,231,199,32
STK-20251013-BR004-SKU017256BL,20251013,BR004,SKU017256BL,215,188,27
STK-20251013-BR004-SKU017256SI,20251013,BR004,SKU017256SI,184,159,25
STK-20251013-BR004-SKU017256PI,20251013,BR004,SKU017256PI,192,168,24
STK-20251013-BR005-SKU015128BL,20251013,BR005,SKU015128BL,170,59,111
STK-20251013-BR005-SKU015128SI,20251013,BR005,SKU015128SI,153,67,86
STK-20251013-BR005-SKU015128PI,20251013,BR005,SKU015128PI,195,65,130
STK-20251013-BR005-SKU015256BL,20251013,BR005,SKU015256BL,218,62,156
STK-20251013-BR005-SKU015256SI,20251013,BR005,SKU015256SI,214,60,154
STK-20251013-BR005-SKU015256PI,20251013,BR005,SKU015256PI,207,71,136
STK-20251013-BR005-SKU016128BL,20251013,BR005,SKU016128BL,156,111,45
STK-20251013-BR005-SKU016128SI,20251013,BR005,SKU016128SI,141,116,25
STK-20251013-BR005-SKU016128PI,20251013,BR005,SKU016128PI,163,109,54
STK-20251013-BR005-SKU016256BL,20251013,BR005,SKU016256BL,154,120,34
STK-20251013-BR005-SKU016256SI,20251013,BR005,SKU016256SI,148,117,31
STK-20251013-BR005-SKU016256PI,20251013,BR005,SKU016256PI,152,109,43
STK-20251013-BR005-SKU017128BL,20251013,BR005,SKU017128BL,212,170,42
STK-20251013-BR005-SKU017128SI,20251013,BR005,SKU017128SI,210,187,23
STK-20251013-BR005-SKU017128PI,20251013,BR005,SKU017128PI,226,180,46
STK-20251013-BR005-SKU017256BL,20251013,BR005,SKU017256BL,193,170,23
STK-20251013-BR005-SKU017256SI,20251013,BR005,SKU017256SI,185,166,19
STK-20251013-BR005-SKU017256PI,20251013,BR005,SKU017256PI,191,174,17
STK-20251014-BR000-SKU015128BL,20251014,BR000,SKU015128BL,644,0,644
STK-20251014-BR000-SKU015128SI,20251014,BR000,SKU015128SI,795,0,795
STK-20251014-BR000-SKU015128PI,20251014,BR000,SKU015128PI,930,0,930
STK-20251014-BR000-SKU015256BL,20251014,BR000,SKU015256BL,712,0,712
STK-20251014-BR000-SKU015256SI,20251014,BR000,SKU015256SI,744,0,744
STK-20251014-BR000-SKU015256PI,20251014,BR000,SKU015256PI,985,0,985
STK-20251014-BR000-SKU016128BL,20251014,BR000,SKU016128BL,632,0,632
STK-20251014-BR000-SKU016128SI,20251014,BR000,SKU016128SI,857,0,857
STK-20251014-BR000-SKU016128PI,20251014,BR000,SKU016128PI,686,0,686
STK-20251014-BR000-SKU016256BL,20251014,BR000,SKU016256BL,548,0,548
STK-20251014-BR000-SKU016256SI,20251014,BR000,SKU016256SI,855,0,855
STK-20251014-BR000-SKU016256PI,20251014,BR000,SKU016256PI,881,0,881
STK-20251014-BR000-SKU017128BL,20251014,BR000,SKU017128BL,658,0,658
STK-20251014-BR000-SKU017128SI,20251014,BR000,SKU017128SI,661,0,661
STK-20251014-BR000-SKU017128PI,20251014,BR000,SKU017128PI,617,0,617
STK-20251014-BR000-SKU017256BL,20251014,BR000,SKU017256BL,731,0,731
STK-20251014-BR000-SKU017256SI,20251014,BR000,SKU017256SI,682,0,682
STK-20251014-BR000-SKU017256PI,20251014,BR000,SKU017256PI,891,0,891
STK-20251014-BR001-SKU015128BL,20251014,BR001,SKU015128BL,172,69,103
STK-20251014-BR001-SKU015128SI,20251014,BR001,SKU015128SI,192,67,125
STK-20251014-BR001-SKU015128PI,20251014,BR001,SKU015128PI,186,76,110
STK-20251014-BR001-SKU015256BL,20251014,BR001,SKU015256BL,200,64,136
STK-20251014-BR001-SKU015256SI,20251014,BR001,SKU015256SI,173,70,103
STK-20251014-BR001-SKU015256PI,20251014,BR001,SKU015256PI,161,73,88
STK-20251014-BR001-SKU016128BL,20251014,BR001,SKU016128BL,141,134,7
STK-20251014-BR001-SKU016128SI,20251014,BR001,SKU016128SI,189,142,47
STK-20251014-BR001-SKU016128PI,20251014,BR001,SKU016128PI,143,112,31
STK-20251014-BR001-SKU016256BL,20251014,BR001,SKU016256BL,154,123,31
STK-20251014-BR001-SKU016256SI,20251014,BR001,SKU016256SI,173,129,44
STK-20251014-BR001-SKU016256PI,20251014,BR001,SKU016256PI,140,120,20
STK-20251014-BR001-SKU017128BL,20251014,BR001,SKU017128BL,171,161,10
STK-20251014-BR001-SKU017128SI,20251014,BR001,SKU017128SI,213,175,38
STK-20251014-BR001-SKU017128PI,20251014,BR001,SKU017128PI,211,182,29
STK-20251014-BR001-SKU017256BL,20251014,BR001,SKU017256BL,173,171,2
STK-20251014-BR001-SKU017256SI,20251014,BR001,SKU017256SI,213,162,51
STK-20251014-BR001-SKU017256PI,20251014,BR001,SKU017256PI,191,153,38
STK-20251014-BR002-SKU015128BL,20251014,BR002,SKU015128BL,214,78,136
STK-20251014-BR002-SKU015128SI,20251014,BR002,SKU015128SI,154,69,85
STK-20251014-BR002-SKU015128PI,20251014,BR002,SKU015128PI,183,73,110
STK-20251014-BR002-SKU015256BL,20251014,BR002,SKU015256BL,233,65,168
STK-20251014-BR002-SKU015256SI,20251014,BR002,SKU015256SI,139,73,66
STK-20251014-BR002-SKU015256PI,20251014,BR002,SKU015256PI,214,71,143
STK-20251014-BR002-SKU016128BL,20251014,BR002,SKU016128BL,138,125,13
STK-20251014-BR002-SKU016128SI,20251014,BR002,SKU016128SI,153,120,33
STK-20251014-BR002-SKU016128PI,20251014,BR002,SKU016128PI,141,108,33
STK-20251014-BR002-SKU016256BL,20251014,BR002,SKU016256BL,172,120,52
STK-20251014-BR002-SKU016256SI,20251014,BR002,SKU016256SI,164,123,41
STK-20251014-BR002-SKU016256PI,20251014,BR002,SKU016256PI,146,120,26
STK-20251014-BR002-SKU017128BL,20251014,BR002,SKU017128BL,211,178,33
STK-20251014-BR002-SKU017128SI,20251014,BR002,SKU017128SI,212,185,27
STK-20251014-BR002-SKU017128PI,20251014,BR002,SKU017128PI,205,191,14
STK-20251014-BR002-SKU017256BL,20251014,BR002,SKU017256BL,202,179,23
STK-20251014-BR002-SKU017256SI,20251014,BR002,SKU017256SI,170,163,7
STK-20251014-BR002-SKU017256PI,20251014,BR002,SKU017256PI,179,171,8
STK-20251014-BR003-SKU015128BL,20251014,BR003,SKU015128BL,198,75,123
STK-20251014-BR003-SKU015128SI,20251014,BR003,SKU015128SI,218,72,146
STK-20251014-BR003-SKU015128PI,20251014,BR003,SKU015128PI,170,76,94
STK-20251014-BR003-SKU015256BL,20251014,BR003,SKU015256BL,205,67,138
STK-20251014-BR003-SKU015256SI,20251014,BR003,SKU015256SI,223,76,147
STK-20251014-BR003-SKU015256PI,20251014,BR003,SKU015256PI,164,77,87
STK-20251014-BR003-SKU016128BL,20251014,BR003,SKU016128BL,152,128,24
STK-20251014-BR003-SKU016128SI,20251014,BR003,SKU016128SI,142,114,28
STK-20251014-BR003-SKU016128PI,20251014,BR003,SKU016128PI,185,125,60
STK-20251014-BR003-SKU016256BL,20251014,BR003,SKU016256BL,144,120,24
STK-20251014-BR003-SKU016256SI,20251014,BR003,SKU016256SI,179,139,40
STK-20251014-BR003-SKU016256PI,20251014,BR003,SKU016256PI,150,120,30
STK-20251014-BR003-SKU017128BL,20251014,BR003,SKU017128BL,237,197,40
STK-20251014-BR003-SKU017128SI,20251014,BR003,SKU017128SI,187,173,14
STK-20251014-BR003-SKU017128PI,20251014,BR003,SKU017128PI,193,167,26
STK-20251014-BR003-SKU017256BL,20251014,BR003,SKU017256BL,186,166,20
STK-20251014-BR003-SKU017256SI,20251014,BR003,SKU017256SI,219,190,29
STK-20251014-BR003-SKU017256PI,20251014,BR003,SKU017256PI,217,191,26
STK-20251014-BR004-SKU015128BL,20251014,BR004,SKU015128BL,145,72,73
STK-20251014-BR004-SKU015128SI,20251014,BR004,SKU015128SI,211,71,140
STK-20251014-BR004-SKU015128PI,20251014,BR004,SKU015128PI,223,63,160
STK-20251014-BR004-SKU015256BL,20251014,BR004,SKU015256BL,170,65,105
STK-20251014-BR004-SKU015256SI,20251014,BR004,SKU015256SI,171,71,100
STK-20251014-BR004-SKU015256PI,20251014,BR004,SKU015256PI,196,73,123
STK-20251014-BR004-SKU016128BL,20251014,BR004,SKU016128BL,150,122,28
STK-20251014-BR004-SKU016128SI,20251014,BR004,SKU016128SI,146,111,35
STK-20251014-BR004-SKU016128PI,20251014,BR004,SKU016128PI,168,133,35
STK-20251014-BR004-SKU016256BL,20251014,BR004,SKU016256BL,173,110,63
STK-20251014-BR004-SKU016256SI,20251014,BR004,SKU016256SI,171,121,50
STK-20251014-BR004-SKU016256PI,20251014,BR004,SKU016256PI,179,104,75
STK-20251014-BR004-SKU017128BL,20251014,BR004,SKU017128BL,200,183,17
STK-20251014-BR004-SKU017128SI,20251014,BR004,SKU017128SI,196,177,19
STK-20251014-BR004-SKU017128PI,20251014,BR004,SKU017128PI,221,200,21
STK-20251014-BR004-SKU017256BL,20251014,BR004,SKU017256BL,206,185,21
STK-20251014-BR004-SKU017256SI,20251014,BR004,SKU017256SI,181,165,16
STK-20251014-BR004-SKU017256PI,20251014,BR004,SKU017256PI,191,171,20
STK-20251014-BR005-SKU015128BL,20251014,BR005,SKU015128BL,170,62,108
STK-20251014-BR005-SKU015128SI,20251014,BR005,SKU015128SI,152,70,82
STK-20251014-BR005-SKU015128PI,20251014,BR005,SKU015128PI,195,66,129
STK-20251014-BR005-SKU015256BL,20251014,BR005,SKU015256BL,218,66,152
STK-20251014-BR005-SKU015256SI,20251014,BR005,SKU015256SI,214,64,150
STK-20251014-BR005-SKU015256PI,20251014,BR005,SKU015256PI,204,70,134
STK-20251014-BR005-SKU016128BL,20251014,BR005,SKU016128BL,155,116,39
STK-20251014-BR005-SKU016128SI,20251014,BR005,SKU016128SI,137,119,18
STK-20251014-BR005-SKU016128PI,20251014,BR005,SKU016128PI,163,114,49
STK-20251014-BR005-SKU016256BL,20251014,BR005,SKU016256BL,154,127,27
STK-20251014-BR005-SKU016256SI,20251014,BR005,SKU016256SI,148,123,25
STK-20251014-BR005-SKU016256PI,20251014,BR005,SKU016256PI,152,118,34
STK-20251014-BR005-SKU017128BL,20251014,BR005,SKU017128BL,206,173,33
STK-20251014-BR005-SKU017128SI,20251014,BR005,SKU017128SI,204,192,12
STK-20251014-BR005-SKU017128PI,20251014,BR005,SKU017128PI,216,178,38
STK-20251014-BR005-SKU017256BL,20251014,BR005,SKU017256BL,186,172,14
STK-20251014-BR005-SKU017256SI,20251014,BR005,SKU017256SI,172,160,12
STK-20251014-BR005-SKU017256PI,20251014,BR005,SKU017256PI,191,185,6
STK-20251015-BR000-SKU015128BL,20251015,BR000,SKU015128BL,644,0,644
STK-20251015-BR000-SKU015128SI,20251015,BR000,SKU015128SI,795,0,795
STK-20251015-BR000-SKU015128PI,20251015,BR000,SKU015128PI,930,0,930
STK-20251015-BR000-SKU015256BL,20251015,BR000,SKU015256BL,712,0,712
STK-20251015-BR000-SKU015256SI,20251015,BR000,SKU015256SI,744,0,744
STK-20251015-BR000-SKU015256PI,20251015,BR000,SKU015256PI,985,0,985
STK-20251015-BR000-SKU016128BL,20251015,BR000,SKU016128BL,632,0,632
STK-20251015-BR000-SKU016128SI,20251015,BR000,SKU016128SI,857,0,857
STK-20251015-BR000-SKU016128PI,20251015,BR000,SKU016128PI,686,0,686
STK-20251015-BR000-SKU016256BL,20251015,BR000,SKU016256BL,548,0,548
STK-20251015-BR000-SKU016256SI,20251015,BR000,SKU016256SI,855,0,855
STK-20251015-BR000-SKU016256PI,20251015,BR000,SKU016256PI,881,0,881
STK-20251015-BR000-SKU017128BL,20251015,BR000,SKU017128BL,658,0,658
STK-20251015-BR000-SKU017128SI,20251015,BR000,SKU017128SI,661,0,661
STK-20251015-BR000-SKU017128PI,20251015,BR000,SKU017128PI,617,0,617
STK-20251015-BR000-SKU017256BL,20251015,BR000,SKU017256BL,731,0,731
STK-20251015-BR000-SKU017256SI,20251015,BR000,SKU017256SI,682,0,682
STK-20251015-BR000-SKU017256PI,20251015,BR000,SKU017256PI,891,0,891
STK-20251015-BR001-SKU015128BL,20251015,BR001,SKU015128BL,172,70,102
STK-20251015-BR001-SKU015128SI,20251015,BR001,SKU015128SI,191,72,119
STK-20251015-BR001-SKU015128PI,20251015,BR001,SKU015128PI,183,74,109
STK-20251015-BR001-SKU015256BL,20251015,BR001,SKU015256BL,200,69,131
STK-20251015-BR001-SKU015256SI,20251015,BR001,SKU015256SI,170,69,101
STK-20251015-BR001-SKU015256PI,20251015,BR001,SKU015256PI,159,73,86
STK-20251015-BR001-SKU016128BL,20251015,BR001,SKU016128BL,138,135,3
STK-20251015-BR001-SKU016128SI,20251015,BR001,SKU016128SI,183,142,41
STK-20251015-BR001-SKU016128PI,20251015,BR001,SKU016128PI,140,115,25
STK-20251015-BR001-SKU016256BL,20251015,BR001,SKU016256BL,149,123,26
STK-20251015-BR001-SKU016256SI,20251015,BR001,SKU016256SI,165,126,39
STK-20251015-BR001-SKU016256PI,20251015,BR001,SKU016256PI,140,125,15
STK-20251015-BR001-SKU017128BL,20251015,BR001,SKU017128BL,171,169,2
STK-20251015-BR001-SKU017128SI,20251015,BR001,SKU017128SI,207,181,26
STK-20251015-BR001-SKU017128PI,20251015,BR001,SKU017128PI,202,180,22
STK-20251015-BR001-SKU017256BL,20251015,BR001,SKU017256BL,202,174,28
STK-20251015-BR001-SKU017256SI,20251015,BR001,SKU017256SI,213,173,40
STK-20251015-BR001-SKU017256PI,20251015,BR001,SKU017256PI,183,153,30
STK-20251015-BR002-SKU015128BL,20251015,BR002,SKU015128BL,214,79,135
STK-20251015-BR002-SKU015128SI,20251015,BR002,SKU015128SI,154,72,82
STK-20251015-BR002-SKU015128PI,20251015,BR002,SKU015128PI,180,73,107
STK-20251015-BR002-SKU015256BL,20251015,BR002,SKU015256BL,233,66,167
STK-20251015-BR002-SKU015256SI,20251015,BR002,SKU015256SI,139,77,62
STK-20251015-BR002-SKU015256PI,20251015,BR002,SKU015256PI,213,75,138
STK-20251015-BR002-SKU016128BL,20251015,BR002,SKU016128BL,132,128,4
STK-20251015-BR002-SKU016128SI,20251015,BR002,SKU016128SI,150,126,24
STK-20251015-BR002-SKU016128PI,20251015,BR002,SKU016128PI,135,109,26
STK-20251015-BR002-SKU016256BL,20251015,BR002,SKU016256BL,172,124,48
STK-20251015-BR002-SKU016256SI,20251015,BR002,SKU016256SI,162,124,38
STK-20251015-BR002-SKU016256PI,20251015,BR002,SKU016256PI,146,125,21
STK-20251015-BR002-SKU017128BL,20251015,BR002,SKU017128BL,203,177,26
STK-20251015-BR002-SKU017128SI,20251015,BR002,SKU017128SI,201,187,14
STK-20251015-BR002-SKU017128PI,20251015,BR002,SKU017128PI,197,186,11
STK-20251015-BR002-SKU017256BL,20251015,BR002,SKU017256BL,196,182,14
STK-20251015-BR002-SKU017256SI,20251015,BR002,SKU017256SI,158,155,3
STK-20251015-BR002-SKU017256PI,20251015,BR002,SKU017256PI,207,184,23
STK-20251015-BR003-SKU015128BL,20251015,BR003,SKU015128BL,198,81,117
STK-20251015-BR003-SKU015128SI,20251015,BR003,SKU015128SI,216,74,142
STK-20251015-BR003-SKU015128PI,20251015,BR003,SKU015128PI,166,76,90
STK-20251015-BR003-SKU015256BL,20251015,BR003,SKU015256BL,204,67,137
STK-20251015-BR003-SKU015256SI,20251015,BR003,SKU015256SI,222,76,146
STK-20251015-BR003-SKU015256PI,20251015,BR003,SKU015256PI,161,75,86
STK-20251015-BR003-SKU016128BL,20251015,BR003,SKU016128BL,142,119,23
STK-20251015-BR003-SKU016128SI,20251015,BR003,SKU016128SI,141,120,21
STK-20251015-BR003-SKU016128PI,20251015,BR003,SKU016128PI,185,127,58
STK-20251015-BR003-SKU016256BL,20251015,BR003,SKU016256BL,140,121,19
STK-20251015-BR003-SKU016256SI,20251015,BR003,SKU016256SI,177,144,33
STK-20251015-BR003-SKU016256PI,20251015,BR003,SKU016256PI,146,124,22
STK-20251015-BR003-SKU017128BL,20251015,BR003,SKU017128BL,226,192,34
STK-20251015-BR003-SKU017128SI,20251015,BR003,SKU017128SI,173,169,4
STK-20251015-BR003-SKU017128PI,20251015,BR003,SKU017128PI,193,175,18
STK-20251015-BR003-SKU017256BL,20251015,BR003,SKU017256BL,179,168,11
STK-20251015-BR003-SKU017256SI,20251015,BR003,SKU017256SI,219,195,24
STK-20251015-BR003-SKU017256PI,20251015,BR003,SKU017256PI,213,195,18
STK-20251015-BR004-SKU015128BL,20251015,BR004,SKU015128BL,141,73,68
STK-20251015-BR004-SKU015128SI,20251015,BR004,SKU015128SI,209,71,138
STK-20251015-BR004-SKU015128PI,20251015,BR004,SKU015128PI,222,63,159
STK-20251015-BR004-SKU015256BL,20251015,BR004,SKU015256BL,169,69,100
STK-20251015-BR004-SKU015256SI,20251015,BR004,SKU015256SI,164,66,98
STK-20251015-BR004-SKU015256PI,20251015,BR004,SKU015256PI,194,72,122
STK-20251015-BR004-SKU016128BL,20251015,BR004,SKU016128BL,150,126,24
STK-20251015-BR004-SKU016128SI,20251015,BR004,SKU016128SI,146,118,28
STK-20251015-BR004-SKU016128PI,20251015,BR004,SKU016128PI,166,141,25
STK-20251015-BR004-SKU016256BL,20251015,BR004,SKU016256BL,168,114,54
STK-20251015-BR004-SKU016256SI,20251015,BR004,SKU016256SI,164,117,47
STK-20251015-BR004-SKU016256PI,20251015,BR004,SKU016256PI,177,109,68
STK-20251015-BR004-SKU017128BL,20251015,BR004,SKU017128BL,196,193,3
STK-20251015-BR004-SKU017128SI,20251015,BR004,SKU017128SI,193,185,8
STK-20251015-BR004-SKU017128PI,20251015,BR004,SKU017128PI,221,207,14
STK-20251015-BR004-SKU017256BL,20251015,BR004,SKU017256BL,203,188,15
STK-20251015-BR004-SKU017256SI,20251015,BR004,SKU017256SI,172,168,4
STK-20251015-BR004-SKU017256PI,20251015,BR004,SKU017256PI,186,172,14
STK-20251015-BR005-SKU015128BL,20251015,BR005,SKU015128BL,168,65,103
STK-20251015-BR005-SKU015128SI,20251015,BR005,SKU015128SI,152,72,80
STK-20251015-BR005-SKU015128PI,20251015,BR005,SKU015128PI,195,70,125
STK-20251015-BR005-SKU015256BL,20251015,BR005,SKU015256BL,217,67,150
STK-20251015-BR005-SKU015256SI,20251015,BR005,SKU015256SI,214,66,148
STK-20251015-BR005-SKU015256PI,20251015,BR005,SKU015256PI,204,73,131
STK-20251015-BR005-SKU016128BL,20251015,BR005,SKU016128BL,155,122,33
STK-20251015-BR005-SKU016128SI,20251015,BR005,SKU016128SI,134,122,12
STK-20251015-BR005-SKU016128PI,20251015,BR005,SKU016128PI,160,117,43
STK-20251015-BR005-SKU016256BL,20251015,BR005,SKU016256BL,154,135,19
STK-20251015-BR005-SKU016256SI,20251015,BR005,SKU016256SI,148,131,17
STK-20251015-BR005-SKU016256PI,20251015,BR005,SKU016256PI,150,120,30
STK-20251015-BR005-SKU017128BL,20251015,BR005,SKU017128BL,206,185,21
STK-20251015-BR005-SKU017128SI,20251015,BR005,SKU017128SI,197,196,1
STK-20251015-BR005-SKU017128PI,20251015,BR005,SKU017128PI,211,182,29
STK-20251015-BR005-SKU017256BL,20251015,BR005,SKU017256BL,180,174,6
STK-20251015-BR005-SKU017256SI,20251015,BR005,SKU017256SI,172,167,5
STK-20251015-BR005-SKU017256PI,20251015,BR005,SKU017256PI,183,183,0
STK-20251016-BR000-SKU015128BL,20251016,BR000,SKU015128BL,644,0,644
STK-20251016-BR000-SKU015128SI,20251016,BR000,SKU015128SI,795,0,795
STK-20251016-BR000-SKU015128PI,20251016,BR000,SKU015128PI,930,0,930
STK-20251016-BR000-SKU015256BL,20251016,BR000,SKU015256BL,712,0,712
STK-20251016-BR000-SKU015256SI,20251016,BR000,SKU015256SI,744,0,744
STK-20251016-BR000-SKU015256PI,20251016,BR000,SKU015256PI,985,0,985
STK-20251016-BR000-SKU016128BL,20251016,BR000,SKU016128BL,632,0,632
STK-20251016-BR000-SKU016128SI,20251016,BR000,SKU016128SI,857,0,857
STK-20251016-BR000-SKU016128PI,20251016,BR000,SKU016128PI,686,0,686
STK-20251016-BR000-SKU016256BL,20251016,BR000,SKU016256BL,548,0,548
STK-20251016-BR000-SKU016256SI,20251016,BR000,SKU016256SI,855,0,855
STK-20251016-BR000-SKU016256PI,20251016,BR000,SKU016256PI,881,0,881
STK-20251016-BR000-SKU017128BL,20251016,BR000,SKU017128BL,658,0,658
STK-20251016-BR000-SKU017128SI,20251016,BR000,SKU017128SI,661,0,661
STK-20251016-BR000-SKU017128PI,20251016,BR000,SKU017128PI,617,0,617
STK-20251016-BR000-SKU017256BL,20251016,BR000,SKU017256BL,731,0,731
STK-20251016-BR000-SKU017256SI,20251016,BR000,SKU017256SI,682,0,682
STK-20251016-BR000-SKU017256PI,20251016,BR000,SKU017256PI,891,0,891
STK-20251016-BR001-SKU015128BL,20251016,BR001,SKU015128BL,172,71,101
STK-20251016-BR001-SKU015128SI,20251016,BR001,SKU015128SI,190,73,117
STK-20251016-BR001-SKU015128PI,20251016,BR001,SKU015128PI,178,74,104
STK-20251016-BR001-SKU015256BL,20251016,BR001,SKU015256BL,198,69,129
STK-20251016-BR001-SKU015256SI,20251016,BR001,SKU015256SI,169,72,97
STK-20251016-BR001-SKU015256PI,20251016,BR001,SKU015256PI,157,72,85
STK-20251016-BR001-SKU016128BL,20251016,BR001,SKU016128BL,169,140,29
STK-20251016-BR001-SKU016128SI,20251016,BR001,SKU016128SI,183,146,37
STK-20251016-BR001-SKU016128PI,20251016,BR001,SKU016128PI,136,117,19
STK-20251016-BR001-SKU016256BL,20251016,BR001,SKU016256BL,145,120,25
STK-20251016-BR001-SKU016256SI,20251016,BR001,SKU016256SI,158,125,33
STK-20251016-BR001-SKU016256PI,20251016,BR001,SKU016256PI,140,130,10
STK-20251016-BR001-SKU017128BL,20251016,BR001,SKU017128BL,208,171,37
STK-20251016-BR001-SKU017128SI,20251016,BR001,SKU017128SI,197,180,17
STK-20251016-BR001-SKU017128PI,20251016,BR001,SKU017128PI,198,185,13
STK-20251016-BR001-SKU017256BL,20251016,BR001,SKU017256BL,196,176,20
STK-20251016-BR001-SKU017256SI,20251016,BR001,SKU017256SI,209,177,32
STK-20251016-BR001-SKU017256PI,20251016,BR001,SKU017256PI,183,157,26
STK-20251016-BR002-SKU015128BL,20251016,BR002,SKU015128BL,211,81,130
STK-20251016-BR002-SKU015128SI,20251016,BR002,SKU015128SI,154,73,81
STK-20251016-BR002-SKU015128PI,20251016,BR002,SKU015128PI,179,75,104
STK-20251016-BR002-SKU015256BL,20251016,BR002,SKU015256BL,233,69,164
STK-20251016-BR002-SKU015256SI,20251016,BR002,SKU015256SI,139,78,61
STK-20251016-BR002-SKU015256PI,20251016,BR002,SKU015256PI,213,76,137
STK-20251016-BR002-SKU016128BL,20251016,BR002,SKU016128BL,125,125,0
STK-20251016-BR002-SKU016128SI,20251016,BR002,SKU016128SI,148,132,16
STK-20251016-BR002-SKU016128PI,20251016,BR002,SKU016128PI,135,118,17
STK-20251016-BR002-SKU016256BL,20251016,BR002,SKU016256BL,166,126,40
STK-20251016-BR002-SKU016256SI,20251016,BR002,SKU016256SI,158,126,32
STK-20251016-BR002-SKU016256PI,20251016,BR002,SKU016256PI,143,126,17
STK-20251016-BR002-SKU017128BL,20251016,BR002,SKU017128BL,203,186,17
STK-20251016-BR002-SKU017128SI,20251016,BR002,SKU017128SI,201,192,9
STK-20251016-BR002-SKU017128PI,20251016,BR002,SKU017128PI,216,183,33
STK-20251016-BR002-SKU017256BL,20251016,BR002,SKU017256BL,186,176,10
STK-20251016-BR002-SKU017256SI,20251016,BR002,SKU017256SI,207,167,40
STK-20251016-BR002-SKU017256PI,20251016,BR002,SKU017256PI,207,195,12
STK-20251016-BR003-SKU015128BL,20251016,BR003,SKU015128BL,196,80,116
STK-20251016-BR003-SKU015128SI,20251016,BR003,SKU015128SI,214,75,139
STK-20251016-BR003-SKU015128PI,20251016,BR003,SKU015128PI,166,80,86
STK-20251016-BR003-SKU015256BL,20251016,BR003,SKU015256BL,204,68,136
STK-20251016-BR003-SKU015256SI,20251016,BR003,SKU015256SI,221,78,143
STK-20251016-BR003-SKU015256PI,20251016,BR003,SKU015256PI,161,78,83
STK-20251016-BR003-SKU016128BL,20251016,BR003,SKU016128BL,138,122,16
STK-20251016-BR003-SKU016128SI,20251016,BR003,SKU016128SI,135,122,13
STK-20251016-BR003-SKU016128PI,20251016,BR003,SKU016128PI,185,135,50
STK-20251016-BR003-SKU016256BL,20251016,BR003,SKU016256BL,134,119,15
STK-20251016-BR003-SKU016256SI,20251016,BR003,SKU016256SI,176,145,31
STK-20251016-BR003-SKU016256PI,20251016,BR003,SKU016256PI,141,129,12
STK-20251016-BR003-SKU017128BL,20251016,BR003,SKU017128BL,209,179,30
STK-20251016-BR003-SKU017128SI,20251016,BR003,SKU017128SI,190,163,27
STK-20251016-BR003-SKU017128PI,20251016,BR003,SKU017128PI,193,185,8
STK-20251016-BR003-SKU017256BL,20251016,BR003,SKU017256BL,175,173,2
STK-20251016-BR003-SKU017256SI,20251016,BR003,SKU017256SI,219,204,15
STK-20251016-BR003-SKU017256PI,20251016,BR003,SKU017256PI,203,194,9
STK-20251016-BR004-SKU015128BL,20251016,BR004,SKU015128BL,138,73,65
STK-20251016-BR004-SKU015128SI,20251016,BR004,SKU015128SI,209,75,134
STK-20251016-BR004-SKU015128PI,20251016,BR004,SKU015128PI,222,69,153
STK-20251016-BR004-SKU015256BL,20251016,BR004,SKU015256BL,165,68,97
STK-20251016-BR004-SKU015256SI,20251016,BR004,SKU015256SI,164,67,97
STK-20251016-BR004-SKU015256PI,20251016,BR004,SKU015256PI,194,77,117
STK-20251016-BR004-SKU016128BL,20251016,BR004,SKU016128BL,146,128,18
STK-20251016-BR004-SKU016128SI,20251016,BR004,SKU016128SI,146,127,19
STK-20251016-BR004-SKU016128PI,20251016,BR004,SKU016128PI,160,140,20
STK-20251016-BR004-SKU016256BL,20251016,BR004,SKU016256BL,168,123,45
STK-20251016-BR004-SKU016256SI,20251016,BR004,SKU016256SI,164,125,39
STK-20251016-BR004-SKU016256PI,20251016,BR004,SKU016256PI,177,117,60
STK-20251016-BR004-SKU017128BL,20251016,BR004,SKU017128BL,219,195,24
STK-20251016-BR004-SKU017128SI,20251016,BR004,SKU017128SI,193,192,1
STK-20251016-BR004-SKU017128PI,20251016,BR004,SKU017128PI,213,206,7
STK-20251016-BR004-SKU017256BL,20251016,BR004,SKU017256BL,190,186,4
STK-20251016-BR004-SKU017256SI,20251016,BR004,SKU017256SI,215,177,38
STK-20251016-BR004-SKU017256PI,20251016,BR004,SKU017256PI,186,180,6
STK-20251016-BR005-SKU015128BL,20251016,BR005,SKU015128BL,165,65,100
STK-20251016-BR005-SKU015128SI,20251016,BR005,SKU015128SI,151,76,75
STK-20251016-BR005-SKU015128PI,20251016,BR005,SKU015128PI,195,72,123
STK-20251016-BR005-SKU015256BL,20251016,BR005,SKU015256BL,214,65,149
STK-20251016-BR005-SKU015256SI,20251016,BR005,SKU015256SI,214,68,146
STK-20251016-BR005-SKU015256PI,20251016,BR005,SKU015256PI,203,76,127
STK-20251016-BR005-SKU016128BL,20251016,BR005,SKU016128BL,149,121,28
STK-20251016-BR005-SKU016128SI,20251016,BR005,SKU016128SI,134,128,6
STK-20251016-BR005-SKU016128PI,20251016,BR005,SKU016128PI,158,120,38
STK-20251016-BR005-SKU016256BL,20251016,BR005,SKU016256BL,149,140,9
STK-20251016-BR005-SKU016256SI,20251016,BR005,SKU016256SI,148,134,14
STK-20251016-BR005-SKU016256PI,20251016,BR005,SKU016256PI,150,121,29
STK-20251016-BR005-SKU017128BL,20251016,BR005,SKU017128BL,197,188,9
STK-20251016-BR005-SKU017128SI,20251016,BR005,SKU017128SI,222,182,40
STK-20251016-BR005-SKU017128PI,20251016,BR005,SKU017128PI,209,189,20
STK-20251016-BR005-SKU017256BL,20251016,BR005,SKU017256BL,203,182,21
STK-20251016-BR005-SKU017256SI,20251016,BR005,SKU017256SI,212,176,36
STK-20251016-BR005-SKU017256PI,20251016,BR005,SKU017256PI,208,178,30
STK-20251017-BR000-SKU015128BL,20251017,BR000,SKU015128BL,644,0,644
STK-20251017-BR000-SKU015128SI,20251017,BR000,SKU015128SI,795,0,795
STK-20251017-BR000-SKU015128PI,20251017,BR000,SKU015128PI,930,0,930
STK-20251017-BR000-SKU015256BL,20251017,BR000,SKU015256BL,712,0,712
STK-20251017-BR000-SKU015256SI,20251017,BR000,SKU015256SI,744,0,744
STK-20251017-BR000-SKU015256PI,20251017,BR000,SKU015256PI,985,0,985
STK-20251017-BR000-SKU016128BL,20251017,BR000,SKU016128BL,632,0,632
STK-20251017-BR000-SKU016128SI,20251017,BR000,SKU016128SI,857,0,857
STK-20251017-BR000-SKU016128PI,20251017,BR000,SKU016128PI,686,0,686
STK-20251017-BR000-SKU016256BL,20251017,BR000,SKU016256BL,548,0,548
STK-20251017-BR000-SKU016256SI,20251017,BR000,SKU016256SI,855,0,855
STK-20251017-BR000-SKU016256PI,20251017,BR000,SKU016256PI,881,0,881
STK-20251017-BR000-SKU017128BL,20251017,BR000,SKU017128BL,658,0,658
STK-20251017-BR000-SKU017128SI,20251017,BR000,SKU017128SI,661,0,661
STK-20251017-BR000-SKU017128PI,20251017,BR000,SKU017128PI,617,0,617
STK-20251017-BR000-SKU017256BL,20251017,BR000,SKU017256BL,731,0,731
STK-20251017-BR000-SKU017256SI,20251017,BR000,SKU017256SI,682,0,682
STK-20251017-BR000-SKU017256PI,20251017,BR000,SKU017256PI,891,0,891
STK-20251017-BR001-SKU015128BL,20251017,BR001,SKU015128BL,170,70,100
STK-20251017-BR001-SKU015128SI,20251017,BR001,SKU015128SI,190,78,112
STK-20251017-BR001-SKU015128PI,20251017,BR001,SKU015128PI,178,76,102
STK-20251017-BR001-SKU015256BL,20251017,BR001,SKU015256BL,198,71,127
STK-20251017-BR001-SKU015256SI,20251017,BR001,SKU015256SI,169,75,94
STK-20251017-BR001-SKU015256PI,20251017,BR001,SKU015256PI,157,74,83
STK-20251017-BR001-SKU016128BL,20251017,BR001,SKU016128BL,167,139,28
STK-20251017-BR001-SKU016128SI,20251017,BR001,SKU016128SI,173,141,32
STK-20251017-BR001-SKU016128PI,20251017,BR001,SKU016128PI,130,116,14
STK-20251017-BR001-SKU016256BL,20251017,BR001,SKU016256BL,145,124,21
STK-20251017-BR001-SKU016256SI,20251017,BR001,SKU016256SI,148,122,26
STK-20251017-BR001-SKU016256PI,20251017,BR001,SKU016256PI,137,135,2
STK-20251017-BR001-SKU017128BL,20251017,BR001,SKU017128BL,208,182,26
STK-20251017-BR001-SKU017128SI,20251017,BR001,SKU017128SI,191,187,4
STK-20251017-BR001-SKU017128PI,20251017,BR001,SKU017128PI,198,198,0
STK-20251017-BR001-SKU017256BL,20251017,BR001,SKU017256BL,192,182,10
STK-20251017-BR001-SKU017256SI,20251017,BR001,SKU017256SI,204,181,23
STK-20251017-BR001-SKU017256PI,20251017,BR001,SKU017256PI,183,165,18
STK-20251017-BR002-SKU015128BL,20251017,BR002,SKU015128BL,209,82,127
STK-20251017-BR002-SKU015128SI,20251017,BR002,SKU015128SI,154,74,80
STK-20251017-BR002-SKU015128PI,20251017,BR002,SKU015128PI,177,78,99
STK-20251017-BR002-SKU015256BL,20251017,BR002,SKU015256BL,232,69,163
STK-20251017-BR002-SKU015256SI,20251017,BR002,SKU015256SI,136,76,60
STK-20251017-BR002-SKU015256PI,20251017,BR002,SKU015256PI,211,76,135
STK-20251017-BR002-SKU016128BL,20251017,BR002,SKU016128BL,146,126,20
STK-20251017-BR002-SKU016128SI,20251017,BR002,SKU016128SI,146,137,9
STK-20251017-BR002-SKU016128PI,20251017,BR002,SKU016128PI,132,120,12
STK-20251017-BR002-SKU016256BL,20251017,BR002,SKU016256BL,160,122,38
STK-20251017-BR002-SKU016256SI,20251017,BR002,SKU016256SI,158,131,27
STK-20251017-BR002-SKU016256PI,20251017,BR002,SKU016256PI,140,128,12
STK-20251017-BR002-SKU017128BL,20251017,BR002,SKU017128BL,203,196,7
STK-20251017-BR002-SKU017128SI,20251017,BR002,SKU017128SI,186,181,5
STK-20251017-BR002-SKU017128PI,20251017,BR002,SKU017128PI,216,192,24
STK-20251017-BR002-SKU017256BL,20251017,BR002,SKU017256BL,174,173,1
STK-20251017-BR002-SKU017256SI,20251017,BR002,SKU017256SI,203,172,31
STK-20251017-BR002-SKU017256PI,20251017,BR002,SKU017256PI,207,202,5
STK-20251017-BR003-SKU015128BL,20251017,BR003,SKU015128BL,195,81,114
STK-20251017-BR003-SKU015128SI,20251017,BR003,SKU015128SI,214,78,136
STK-20251017-BR003-SKU015128PI,20251017,BR003,SKU015128PI,164,79,85
STK-20251017-BR003-SKU015256BL,20251017,BR003,SKU015256BL,204,70,134
STK-20251017-BR003-SKU015256SI,20251017,BR003,SKU015256SI,220,83,137
STK-20251017-BR003-SKU015256PI,20251017,BR003,SKU015256PI,159,81,78
STK-20251017-BR003-SKU016128BL,20251017,BR003,SKU016128BL,138,128,10
STK-20251017-BR003-SKU016128SI,20251017,BR003,SKU016128SI,130,124,6
STK-20251017-BR003-SKU016128PI,20251017,BR003,SKU016128PI,181,141,40
STK-20251017-BR003-SKU016256BL,20251017,BR003,SKU016256BL,134,122,12
STK-20251017-BR003-SKU016256SI,20251017,BR003,SKU016256SI,172,149,23
STK-20251017-BR003-SKU016256PI,20251017,BR003,SKU016256PI,141,136,5
STK-20251017-BR003-SKU017128BL,20251017,BR003,SKU017128BL,205,182,23
STK-20251017-BR003-SKU017128SI,20251017,BR003,SKU017128SI,184,165,19
STK-20251017-BR003-SKU017128PI,20251017,BR003,SKU017128PI,222,192,30
STK-20251017-BR003-SKU017256BL,20251017,BR003,SKU017256BL,195,174,21
STK-20251017-BR003-SKU017256SI,20251017,BR003,SKU017256SI,213,210,3
STK-20251017-BR003-SKU017256PI,20251017,BR003,SKU017256PI,198,195,3
STK-20251017-BR004-SKU015128BL,20251017,BR004,SKU015128BL,138,74,64
STK-20251017-BR004-SKU015128SI,20251017,BR004,SKU015128SI,207,74,133
STK-20251017-BR004-SKU015128PI,20251017,BR004,SKU015128PI,217,69,148
STK-20251017-BR004-SKU015256BL,20251017,BR004,SKU015256BL,165,71,94
STK-20251017-BR004-SKU015256SI,20251017,BR004,SKU015256SI,164,68,96
STK-20251017-BR004-SKU015256PI,20251017,BR004,SKU015256PI,194,80,114
STK-20251017-BR004-SKU016128BL,20251017,BR004,SKU016128BL,141,129,12
STK-20251017-BR004-SKU016128SI,20251017,BR004,SKU016128SI,146,135,11
STK-20251017-BR004-SKU016128PI,20251017,BR004,SKU016128PI,156,137,19
STK-20251017-BR004-SKU016256BL,20251017,BR004,SKU016256BL,168,133,35
STK-20251017-BR004-SKU016256SI,20251017,BR004,SKU016256SI,157,120,37
STK-20251017-BR004-SKU016256PI,20251017,BR004,SKU016256PI,172,116,56
STK-20251017-BR004-SKU017128BL,20251017,BR004,SKU017128BL,214,200,14
STK-20251017-BR004-SKU017128SI,20251017,BR004,SKU017128SI,222,194,28
STK-20251017-BR004-SKU017128PI,20251017,BR004,SKU017128PI,239,203,36
STK-20251017-BR004-SKU017256BL,20251017,BR004,SKU017256BL,220,185,35
STK-20251017-BR004-SKU017256SI,20251017,BR004,SKU017256SI,205,172,33
STK-20251017-BR004-SKU017256PI,20251017,BR004,SKU017256PI,208,185,23
STK-20251017-BR005-SKU015128BL,20251017,BR005,SKU015128BL,165,67,98
STK-20251017-BR005-SKU015128SI,20251017,BR005,SKU015128SI,145,74,71
STK-20251017-BR005-SKU015128PI,20251017,BR005,SKU015128PI,194,72,122
STK-20251017-BR005-SKU015256BL,20251017,BR005,SKU015256BL,214,66,148
STK-20251017-BR005-SKU015256SI,20251017,BR005,SKU015256SI,211,67,144
STK-20251017-BR005-SKU015256PI,20251017,BR005,SKU015256PI,203,77,126
STK-20251017-BR005-SKU016128BL,20251017,BR005,SKU016128BL,142,117,25
STK-20251017-BR005-SKU016128SI,20251017,BR005,SKU016128SI,130,128,2
STK-20251017-BR005-SKU016128PI,20251017,BR005,SKU016128PI,155,122,33
STK-20251017-BR005-SKU016256BL,20251017,BR005,SKU016256BL,149,145,4
STK-20251017-BR005-SKU016256SI,20251017,BR005,SKU016256SI,145,135,10
STK-20251017-BR005-SKU016256PI,20251017,BR005,SKU016256PI,150,122,28
STK-20251017-BR005-SKU017128BL,20251017,BR005,SKU017128BL,221,191,30
STK-20251017-BR005-SKU017128SI,20251017,BR005,SKU017128SI,210,176,34
STK-20251017-BR005-SKU017128PI,20251017,BR005,SKU017128PI,203,191,12
STK-20251017-BR005-SKU017256BL,20251017,BR005,SKU017256BL,190,179,11
STK-20251017-BR005-SKU017256SI,20251017,BR005,SKU017256SI,209,182,27
STK-20251017-BR005-SKU017256PI,20251017,BR005,SKU017256PI,194,168,26
STK-20251018-BR000-SKU015128BL,20251018,BR000,SKU015128BL,644,0,644
STK-20251018-BR000-SKU015128SI,20251018,BR000,SKU015128SI,795,0,795
STK-20251018-BR000-SKU015128PI,20251018,BR000,SKU015128PI,930,0,930
STK-20251018-BR000-SKU015256BL,20251018,BR000,SKU015256BL,712,0,712
STK-20251018-BR000-SKU015256SI,20251018,BR000,SKU015256SI,744,0,744
STK-20251018-BR000-SKU015256PI,20251018,BR000,SKU015256PI,985,0,985
STK-20251018-BR000-SKU016128BL,20251018,BR000,SKU016128BL,632,0,632
STK-20251018-BR000-SKU016128SI,20251018,BR000,SKU016128SI,857,0,857
STK-20251018-BR000-SKU016128PI,20251018,BR000,SKU016128PI,686,0,686
STK-20251018-BR000-SKU016256BL,20251018,BR000,SKU016256BL,548,0,548
STK-20251018-BR000-SKU016256SI,20251018,BR000,SKU016256SI,855,0,855
STK-20251018-BR000-SKU016256PI,20251018,BR000,SKU016256PI,881,0,881
STK-20251018-BR000-SKU017128BL,20251018,BR000,SKU017128BL,658,0,658
STK-20251018-BR000-SKU017128SI,20251018,BR000,SKU017128SI,661,0,661
STK-20251018-BR000-SKU017128PI,20251018,BR000,SKU017128PI,617,0,617
STK-20251018-BR000-SKU017256BL,20251018,BR000,SKU017256BL,731,0,731
STK-20251018-BR000-SKU017256SI,20251018,BR000,SKU017256SI,682,0,682
STK-20251018-BR000-SKU017256PI,20251018,BR000,SKU017256PI,891,0,891
STK-20251018-BR001-SKU015128BL,20251018,BR001,SKU015128BL,169,73,96
STK-20251018-BR001-SKU015128SI,20251018,BR001,SKU015128SI,189,80,109
STK-20251018-BR001-SKU015128PI,20251018,BR001,SKU015128PI,178,78,100
STK-20251018-BR001-SKU015256BL,20251018,BR001,SKU015256BL,198,72,126
STK-20251018-BR001-SKU015256SI,20251018,BR001,SKU015256SI,169,79,90
STK-20251018-BR001-SKU015256PI,20251018,BR001,SKU015256PI,157,76,81
STK-20251018-BR001-SKU016128BL,20251018,BR001,SKU016128BL,160,136,24
STK-20251018-BR001-SKU016128SI,20251018,BR001,SKU016128SI,164,137,27
STK-20251018-BR001-SKU016128PI,20251018,BR001,SKU016128PI,127,116,11
STK-20251018-BR001-SKU016256BL,20251018,BR001,SKU016256BL,144,132,12
STK-20251018-BR001-SKU016256SI,20251018,BR001,SKU016256SI,141,121,20
STK-20251018-BR001-SKU016256PI,20251018,BR001,SKU016256PI,179,141,38
STK-20251018-BR001-SKU017128BL,20251018,BR001,SKU017128BL,199,180,19
STK-20251018-BR001-SKU017128SI,20251018,BR001,SKU017128SI,219,199,20
STK-20251018-BR001-SKU017128PI,20251018,BR001,SKU017128PI,236,206,30
STK-20251018-BR001-SKU017256BL,20251018,BR001,SKU017256BL,186,183,3
STK-20251018-BR001-SKU017256SI,20251018,BR001,SKU017256SI,199,188,11
STK-20251018-BR001-SKU017256PI,20251018,BR001,SKU017256PI,183,171,12
STK-20251018-BR002-SKU015128BL,20251018,BR002,SKU015128BL,209,88,121
STK-20251018-BR002-SKU015128SI,20251018,BR002,SKU015128SI,149,71,78
STK-20251018-BR002-SKU015128PI,20251018,BR002,SKU015128PI,174,77,97
STK-20251018-BR002-SKU015256BL,20251018,BR002,SKU015256BL,229,68,161
STK-20251018-BR002-SKU015256SI,20251018,BR002,SKU015256SI,134,75,59
STK-20251018-BR002-SKU015256PI,20251018,BR002,SKU015256PI,209,78,131
STK-20251018-BR002-SKU016128BL,20251018,BR002,SKU016128BL,146,133,13
STK-20251018-BR002-SKU016128SI,20251018,BR002,SKU016128SI,141,141,0
STK-20251018-BR002-SKU016128PI,20251018,BR002,SKU016128PI,130,122,8
STK-20251018-BR002-SKU016256BL,20251018,BR002,SKU016256BL,159,130,29
STK-20251018-BR002-SKU016256SI,20251018,BR002,SKU016256SI,158,134,24
STK-20251018-BR002-SKU016256PI,20251018,BR002,SKU016256PI,136,130,6
STK-20251018-BR002-SKU017128BL,20251018,BR002,SKU017128BL,191,190,1
STK-20251018-BR002-SKU017128SI,20251018,BR002,SKU017128SI,206,183,23
STK-20251018-BR002-SKU017128PI,20251018,BR002,SKU017128PI,216,197,19
STK-20251018-BR002-SKU017256BL,20251018,BR002,SKU017256BL,220,183,37
STK-20251018-BR002-SKU017256SI,20251018,BR002,SKU017256SI,196,175,21
STK-20251018-BR002-SKU017256PI,20251018,BR002,SKU017256PI,214,190,24
STK-20251018-BR003-SKU015128BL,20251018,BR003,SKU015128BL,193,83,110
STK-20251018-BR003-SKU015128SI,20251018,BR003,SKU015128SI,211,77,134
STK-20251018-BR003-SKU015128PI,20251018,BR003,SKU015128PI,164,82,82
STK-20251018-BR003-SKU015256BL,20251018,BR003,SKU015256BL,200,69,131
STK-20251018-BR003-SKU015256SI,20251018,BR003,SKU015256SI,220,84,136
STK-20251018-BR003-SKU015256PI,20251018,BR003,SKU015256PI,158,81,77
STK-20251018-BR003-SKU016128BL,20251018,BR003,SKU016128BL,130,128,2
STK-20251018-BR003-SKU016128SI,20251018,BR003,SKU016128SI,126,121,5
STK-20251018-BR003-SKU016128PI,20251018,BR003,SKU016128PI,176,143,33
STK-20251018-BR003-SKU016256BL,20251018,BR003,SKU016256BL,131,127,4
STK-20251018-BR003-SKU016256SI,20251018,BR003,SKU016256SI,172,158,14
STK-20251018-BR003-SKU016256PI,20251018,BR003,SKU016256PI,170,144,26
STK-20251018-BR003-SKU017128BL,20251018,BR003,SKU017128BL,205,186,19
STK-20251018-BR003-SKU017128SI,20251018,BR003,SKU017128SI,184,171,13
STK-20251018-BR003-SKU017128PI,20251018,BR003,SKU017128PI,222,198,24
STK-20251018-BR003-SKU017256BL,20251018,BR003,SKU017256BL,192,184,8
STK-20251018-BR003-SKU017256SI,20251018,BR003,SKU017256SI,237,203,34
STK-20251018-BR003-SKU017256PI,20251018,BR003,SKU017256PI,227,192,35
STK-20251018-BR004-SKU015128BL,20251018,BR004,SKU015128BL,138,76,62
STK-20251018-BR004-SKU015128SI,20251018,BR004,SKU015128SI,205,74,131
STK-20251018-BR004-SKU015128PI,20251018,BR004,SKU015128PI,217,71,146
STK-20251018-BR004-SKU015256BL,20251018,BR004,SKU015256BL,165,72,93
STK-20251018-BR004-SKU015256SI,20251018,BR004,SKU015256SI,164,71,93
STK-20251018-BR004-SKU015256PI,20251018,BR004,SKU015256PI,193,80,113
STK-20251018-BR004-SKU016128BL,20251018,BR004,SKU016128BL,139,134,5
STK-20251018-BR004-SKU016128SI,20251018,BR004,SKU016128SI,143,139,4
STK-20251018-BR004-SKU016128PI,20251018,BR004,SKU016128PI,152,138,14
STK-20251018-BR004-SKU016256BL,20251018,BR004,SKU016256BL,160,128,32
STK-20251018-BR004-SKU016256SI,20251018,BR004,SKU016256SI,157,126,31
STK-20251018-BR004-SKU016256PI,20251018,BR004,SKU016256PI,172,126,46
STK-20251018-BR004-SKU017128BL,20251018,BR004,SKU017128BL,205,197,8
STK-20251018-BR004-SKU017128SI,20251018,BR004,SKU017128SI,211,192,19
STK-20251018-BR004-SKU017128PI,20251018,BR004,SKU017128PI,226,196,30
STK-20251018-BR004-SKU017256BL,20251018,BR004,SKU017256BL,217,193,24
STK-20251018-BR004-SKU017256SI,20251018,BR004,SKU017256SI,198,175,23
STK-20251018-BR004-SKU017256PI,20251018,BR004,SKU017256PI,195,177,18
STK-20251018-BR005-SKU015128BL,20251018,BR005,SKU015128BL,165,68,97
STK-20251018-BR005-SKU015128SI,20251018,BR005,SKU015128SI,142,73,69
STK-20251018-BR005-SKU015128PI,20251018,BR005,SKU015128PI,194,76,118
STK-20251018-BR005-SKU015256BL,20251018,BR005,SKU015256BL,209,63,146
STK-20251018-BR005-SKU015256SI,20251018,BR005,SKU015256SI,211,70,141
STK-20251018-BR005-SKU015256PI,20251018,BR005,SKU015256PI,202,81,121
STK-20251018-BR005-SKU016128BL,20251018,BR005,SKU016128BL,142,121,21
STK-20251018-BR005-SKU016128SI,20251018,BR005,SKU016128SI,146,121,25
STK-20251018-BR005-SKU016128PI,20251018,BR005,SKU016128PI,155,128,27
STK-20251018-BR005-SKU016256BL,20251018,BR005,SKU016256BL,174,151,23
STK-20251018-BR005-SKU016256SI,20251018,BR005,SKU016256SI,134,129,5
STK-20251018-BR005-SKU016256PI,20251018,BR005,SKU016256PI,147,126,21
STK-20251018-BR005-SKU017128BL,20251018,BR005,SKU017128BL,211,193,18
STK-20251018-BR005-SKU017128SI,20251018,BR005,SKU017128SI,210,180,30
STK-20251018-BR005-SKU017128PI,20251018,BR005,SKU017128PI,190,183,7
STK-20251018-BR005-SKU017256BL,20251018,BR005,SKU017256BL,213,192,21
STK-20251018-BR005-SKU017256SI,20251018,BR005,SKU017256SI,205,190,15
STK-20251018-BR005-SKU017256PI,20251018,BR005,SKU017256PI,194,174,20
STK-20251019-BR000-SKU015128BL,20251019,BR000,SKU015128BL,644,0,644
STK-20251019-BR000-SKU015128SI,20251019,BR000,SKU015128SI,795,0,795
STK-20251019-BR000-SKU015128PI,20251019,BR000,SKU015128PI,930,0,930
STK-20251019-BR000-SKU015256BL,20251019,BR000,SKU015256BL,712,0,712
STK-20251019-BR000-SKU015256SI,20251019,BR000,SKU015256SI,744,0,744
STK-20251019-BR000-SKU015256PI,20251019,BR000,SKU015256PI,985,0,985
STK-20251019-BR000-SKU016128BL,20251019,BR000,SKU016128BL,632,0,632
STK-20251019-BR000-SKU016128SI,20251019,BR000,SKU016128SI,857,0,857
STK-20251019-BR000-SKU016128PI,20251019,BR000,SKU016128PI,686,0,686
STK-20251019-BR000-SKU016256BL,20251019,BR000,SKU016256BL,548,0,548
STK-20251019-BR000-SKU016256SI,20251019,BR000,SKU016256SI,855,0,855
STK-20251019-BR000-SKU016256PI,20251019,BR000,SKU016256PI,881,0,881
STK-20251019-BR000-SKU017128BL,20251019,BR000,SKU017128BL,658,0,658
STK-20251019-BR000-SKU017128SI,20251019,BR000,SKU017128SI,661,0,661
STK-20251019-BR000-SKU017128PI,20251019,BR000,SKU017128PI,617,0,617
STK-20251019-BR000-SKU017256BL,20251019,BR000,SKU017256BL,731,0,731
STK-20251019-BR000-SKU017256SI,20251019,BR000,SKU017256SI,682,0,682
STK-20251019-BR000-SKU017256PI,20251019,BR000,SKU017256PI,891,0,891
STK-20251019-BR001-SKU015128BL,20251019,BR001,SKU015128BL,169,75,94
STK-20251019-BR001-SKU015128SI,20251019,BR001,SKU015128SI,188,82,106
STK-20251019-BR001-SKU015128PI,20251019,BR001,SKU015128PI,178,79,99
STK-20251019-BR001-SKU015256BL,20251019,BR001,SKU015256BL,195,71,124
STK-20251019-BR001-SKU015256SI,20251019,BR001,SKU015256SI,166,77,89
STK-20251019-BR001-SKU015256PI,20251019,BR001,SKU015256PI,156,77,79
STK-20251019-BR001-SKU016128BL,20251019,BR001,SKU016128BL,160,139,21
STK-20251019-BR001-SKU016128SI,20251019,BR001,SKU016128SI,161,140,21
STK-20251019-BR001-SKU016128PI,20251019,BR001,SKU016128PI,127,120,7
STK-20251019-BR001-SKU016256BL,20251019,BR001,SKU016256BL,144,136,8
STK-20251019-BR001-SKU016256SI,20251019,BR001,SKU016256SI,141,128,13
STK-20251019-BR001-SKU016256PI,20251019,BR001,SKU016256PI,169,135,34
STK-20251019-BR001-SKU017128BL,20251019,BR001,SKU017128BL,199,187,12
STK-20251019-BR001-SKU017128SI,20251019,BR001,SKU017128SI,215,203,12
STK-20251019-BR001-SKU017128PI,20251019,BR001,SKU017128PI,236,211,25
STK-20251019-BR001-SKU017256BL,20251019,BR001,SKU017256BL,223,184,39
STK-20251019-BR001-SKU017256SI,20251019,BR001,SKU017256SI,195,194,1
STK-20251019-BR001-SKU017256PI,20251019,BR001,SKU017256PI,206,185,21
STK-20251019-BR002-SKU015128BL,20251019,BR002,SKU015128BL,203,83,120
STK-20251019-BR002-SKU015128SI,20251019,BR002,SKU015128SI,149,72,77
STK-20251019-BR002-SKU015128PI,20251019,BR002,SKU015128PI,174,81,93
STK-20251019-BR002-SKU015256BL,20251019,BR002,SKU015256BL,227,67,160
STK-20251019-BR002-SKU015256SI,20251019,BR002,SKU015256SI,132,75,57
STK-20251019-BR002-SKU015256PI,20251019,BR002,SKU015256PI,209,79,130
STK-20251019-BR002-SKU016128BL,20251019,BR002,SKU016128BL,141,136,5
STK-20251019-BR002-SKU016128SI,20251019,BR002,SKU016128SI,177,142,35
STK-20251019-BR002-SKU016128PI,20251019,BR002,SKU016128PI,122,120,2
STK-20251019-BR002-SKU016256BL,20251019,BR002,SKU016256BL,155,131,24
STK-20251019-BR002-SKU016256SI,20251019,BR002,SKU016256SI,158,140,18
STK-20251019-BR002-SKU016256PI,20251019,BR002,SKU016256PI,136,134,2
STK-20251019-BR002-SKU017128BL,20251019,BR002,SKU017128BL,222,194,28
STK-20251019-BR002-SKU017128SI,20251019,BR002,SKU017128SI,197,180,17
STK-20251019-BR002-SKU017128PI,20251019,BR002,SKU017128PI,216,209,7
STK-20251019-BR002-SKU017256BL,20251019,BR002,SKU017256BL,218,194,24
STK-20251019-BR002-SKU017256SI,20251019,BR002,SKU017256SI,193,178,15
STK-20251019-BR002-SKU017256PI,20251019,BR002,SKU017256PI,202,184,18
STK-20251019-BR003-SKU015128BL,20251019,BR003,SKU015128BL,190,85,105
STK-20251019-BR003-SKU015128SI,20251019,BR003,SKU015128SI,210,77,133
STK-20251019-BR003-SKU015128PI,20251019,BR003,SKU015128PI,161,80,81
STK-20251019-BR003-SKU015256BL,20251019,BR003,SKU015256BL,200,72,128
STK-20251019-BR003-SKU015256SI,20251019,BR003,SKU015256SI,219,87,132
STK-20251019-BR003-SKU015256PI,20251019,BR003,SKU015256PI,156,83,73
STK-20251019-BR003-SKU016128BL,20251019,BR003,SKU016128BL,158,129,29
STK-20251019-BR003-SKU016128SI,20251019,BR003,SKU016128SI,156,128,28
STK-20251019-BR003-SKU016128PI,20251019,BR003,SKU016128PI,169,146,23
STK-20251019-BR003-SKU016256BL,20251019,BR003,SKU016256BL,161,126,35
STK-20251019-BR003-SKU016256SI,20251019,BR003,SKU016256SI,164,153,11
STK-20251019-BR003-SKU016256PI,20251019,BR003,SKU016256PI,170,145,25
STK-20251019-BR003-SKU017128BL,20251019,BR003,SKU017128BL,197,185,12
STK-20251019-BR003-SKU017128SI,20251019,BR003,SKU017128SI,176,176,0
STK-20251019-BR003-SKU017128PI,20251019,BR003,SKU017128PI,222,208,14
STK-20251019-BR003-SKU017256BL,20251019,BR003,SKU017256BL,187,185,2
STK-20251019-BR003-SKU017256SI,20251019,BR003,SKU017256SI,229,207,22
STK-20251019-BR003-SKU017256PI,20251019,BR003,SKU017256PI,224,199,25
STK-20251019-BR004-SKU015128BL,20251019,BR004,SKU015128BL,134,73,61
STK-20251019-BR004-SKU015128SI,20251019,BR004,SKU015128SI,205,75,130
STK-20251019-BR004-SKU015128PI,20251019,BR004,SKU015128PI,217,75,142
STK-20251019-BR004-SKU015256BL,20251019,BR004,SKU015256BL,164,73,91
STK-20251019-BR004-SKU015256SI,20251019,BR004,SKU015256SI,164,73,91
STK-20251019-BR004-SKU015256PI,20251019,BR004,SKU015256PI,193,81,112
STK-20251019-BR004-SKU016128BL,20251019,BR004,SKU016128BL,135,133,2
STK-20251019-BR004-SKU016128SI,20251019,BR004,SKU016128SI,178,140,38
STK-20251019-BR004-SKU016128PI,20251019,BR004,SKU016128PI,143,138,5
STK-20251019-BR004-SKU016256BL,20251019,BR004,SKU016256BL,155,130,25
STK-20251019-BR004-SKU016256SI,20251019,BR004,SKU016256SI,157,135,22
STK-20251019-BR004-SKU016256PI,20251019,BR004,SKU016256PI,160,121,39
STK-20251019-BR004-SKU017128BL,20251019,BR004,SKU017128BL,234,207,27
STK-20251019-BR004-SKU017128SI,20251019,BR004,SKU017128SI,205,195,10
STK-20251019-BR004-SKU017128PI,20251019,BR004,SKU017128PI,226,203,23
STK-20251019-BR004-SKU017256BL,20251019,BR004,SKU017256BL,213,195,18
STK-20251019-BR004-SKU017256SI,20251019,BR004,SKU017256SI,198,181,17
STK-20251019-BR004-SKU017256PI,20251019,BR004,SKU017256PI,192,181,11
STK-20251019-BR005-SKU015128BL,20251019,BR005,SKU015128BL,165,74,91
STK-20251019-BR005-SKU015128SI,20251019,BR005,SKU015128SI,140,72,68
STK-20251019-BR005-SKU015128PI,20251019,BR005,SKU015128PI,194,80,114
STK-20251019-BR005-SKU015256BL,20251019,BR005,SKU015256BL,206,63,143
STK-20251019-BR005-SKU015256SI,20251019,BR005,SKU015256SI,209,71,138
STK-20251019-BR005-SKU015256PI,20251019,BR005,SKU015256PI,201,81,120
STK-20251019-BR005-SKU016128BL,20251019,BR005,SKU016128BL,142,122,20
STK-20251019-BR005-SKU016128SI,20251019,BR005,SKU016128SI,144,122,22
STK-20251019-BR005-SKU016128PI,20251019,BR005,SKU016128PI,155,133,22
STK-20251019-BR005-SKU016256BL,20251019,BR005,SKU016256BL,167,148,19
STK-20251019-BR005-SKU016256SI,20251019,BR005,SKU016256SI,134,134,0
STK-20251019-BR005-SKU016256PI,20251019,BR005,SKU016256PI,147,136,11
STK-20251019-BR005-SKU017128BL,20251019,BR005,SKU017128BL,206,196,10
STK-20251019-BR005-SKU017128SI,20251019,BR005,SKU017128SI,210,184,26
STK-20251019-BR005-SKU017128PI,20251019,BR005,SKU017128PI,229,191,38
STK-20251019-BR005-SKU017256BL,20251019,BR005,SKU017256BL,204,189,15
STK-20251019-BR005-SKU017256SI,20251019,BR005,SKU017256SI,205,198,7
STK-20251019-BR005-SKU017256PI,20251019,BR005,SKU017256PI,186,178,8
STK-20251020-BR000-SKU015128BL,20251020,BR000,SKU015128BL,644,0,644
STK-20251020-BR000-SKU015128SI,20251020,BR000,SKU015128SI,795,0,795
STK-20251020-BR000-SKU015128PI,20251020,BR000,SKU015128PI,930,0,930
STK-20251020-BR000-SKU015256BL,20251020,BR000,SKU015256BL,712,0,712
STK-20251020-BR000-SKU015256SI,20251020,BR000,SKU015256SI,744,0,744
STK-20251020-BR000-SKU015256PI,20251020,BR000,SKU015256PI,985,0,985
STK-20251020-BR000-SKU016128BL,20251020,BR000,SKU016128BL,632,0,632
STK-20251020-BR000-SKU016128SI,20251020,BR000,SKU016128SI,857,0,857
STK-20251020-BR000-SKU016128PI,20251020,BR000,SKU016128PI,686,0,686
STK-20251020-BR000-SKU016256BL,20251020,BR000,SKU016256BL,548,0,548
STK-20251020-BR000-SKU016256SI,20251020,BR000,SKU016256SI,855,0,855
STK-20251020-BR000-SKU016256PI,20251020,BR000,SKU016256PI,881,0,881
STK-20251020-BR000-SKU017128BL,20251020,BR000,SKU017128BL,658,0,658
STK-20251020-BR000-SKU017128SI,20251020,BR000,SKU017128SI,661,0,661
STK-20251020-BR000-SKU017128PI,20251020,BR000,SKU017128PI,617,0,617
STK-20251020-BR000-SKU017256BL,20251020,BR000,SKU017256BL,731,0,731
STK-20251020-BR000-SKU017256SI,20251020,BR000,SKU017256SI,682,0,682
STK-20251020-BR000-SKU017256PI,20251020,BR000,SKU017256PI,891,0,891
STK-20251020-BR001-SKU015128BL,20251020,BR001,SKU015128BL,202,76,126
STK-20251020-BR001-SKU015128SI,20251020,BR001,SKU015128SI,240,83,157
STK-20251020-BR001-SKU015128PI,20251020,BR001,SKU015128PI,210,81,129
STK-20251020-BR001-SKU015256BL,20251020,BR001,SKU015256BL,240,72,168
STK-20251020-BR001-SKU015256SI,20251020,BR001,SKU015256SI,194,75,119
STK-20251020-BR001-SKU015256PI,20251020,BR001,SKU015256PI,198,75,123
STK-20251020-BR001-SKU016128BL,20251020,BR001,SKU016128BL,218,141,77
STK-20251020-BR001-SKU016128SI,20251020,BR001,SKU016128SI,199,145,54
STK-20251020-BR001-SKU016128PI,20251020,BR001,SKU016128PI,181,122,59
STK-20251020-BR001-SKU016256BL,20251020,BR001,SKU016256BL,191,138,53
STK-20251020-BR001-SKU016256SI,20251020,BR001,SKU016256SI,171,137,34
STK-20251020-BR001-SKU016256PI,20251020,BR001,SKU016256PI,199,139,60
STK-20251020-BR001-SKU017128BL,20251020,BR001,SKU017128BL,231,188,43
STK-20251020-BR001-SKU017128SI,20251020,BR001,SKU017128SI,267,209,58
STK-20251020-BR001-SKU017128PI,20251020,BR001,SKU017128PI,274,221,53
STK-20251020-BR001-SKU017256BL,20251020,BR001,SKU017256BL,264,195,69
STK-20251020-BR001-SKU017256SI,20251020,BR001,SKU017256SI,235,204,31
STK-20251020-BR001-SKU017256PI,20251020,BR001,SKU017256PI,243,186,57
STK-20251020-BR002-SKU015128BL,20251020,BR002,SKU015128BL,252,84,168
STK-20251020-BR002-SKU015128SI,20251020,BR002,SKU015128SI,207,76,131
STK-20251020-BR002-SKU015128PI,20251020,BR002,SKU015128PI,219,82,137
STK-20251020-BR002-SKU015256BL,20251020,BR002,SKU015256BL,278,68,210
STK-20251020-BR002-SKU015256SI,20251020,BR002,SKU015256SI,170,76,94
STK-20251020-BR002-SKU015256PI,20251020,BR002,SKU015256PI,267,82,185
STK-20251020-BR002-SKU016128BL,20251020,BR002,SKU016128BL,200,143,57
STK-20251020-BR002-SKU016128SI,20251020,BR002,SKU016128SI,223,144,79
STK-20251020-BR002-SKU016128PI,20251020,BR002,SKU016128PI,161,125,36
STK-20251020-BR002-SKU016256BL,20251020,BR002,SKU016256BL,195,133,62
STK-20251020-BR002-SKU016256SI,20251020,BR002,SKU016256SI,207,146,61
STK-20251020-BR002-SKU016256PI,20251020,BR002,SKU016256PI,188,137,51
STK-20251020-BR002-SKU017128BL,20251020,BR002,SKU017128BL,267,205,62
STK-20251020-BR002-SKU017128SI,20251020,BR002,SKU017128SI,247,187,60
STK-20251020-BR002-SKU017128PI,20251020,BR002,SKU017128PI,252,219,33
STK-20251020-BR002-SKU017256BL,20251020,BR002,SKU017256BL,263,207,56
STK-20251020-BR002-SKU017256SI,20251020,BR002,SKU017256SI,224,182,42
STK-20251020-BR002-SKU017256PI,20251020,BR002,SKU017256PI,242,183,59
STK-20251020-BR003-SKU015128BL,20251020,BR003,SKU015128BL,222,80,142
STK-20251020-BR003-SKU015128SI,20251020,BR003,SKU015128SI,259,78,181
STK-20251020-BR003-SKU015128PI,20251020,BR003,SKU015128PI,203,83,120
STK-20251020-BR003-SKU015256BL,20251020,BR003,SKU015256BL,242,75,167
STK-20251020-BR003-SKU015256SI,20251020,BR003,SKU015256SI,261,91,170
STK-20251020-BR003-SKU015256PI,20251020,BR003,SKU015256PI,214,87,127
STK-20251020-BR003-SKU016128BL,20251020,BR003,SKU016128BL,188,133,55
STK-20251020-BR003-SKU016128SI,20251020,BR003,SKU016128SI,200,135,65
STK-20251020-BR003-SKU016128PI,20251020,BR003,SKU016128PI,196,141,55
STK-20251020-BR003-SKU016256BL,20251020,BR003,SKU016256BL,194,125,69
STK-20251020-BR003-SKU016256SI,20251020,BR003,SKU016256SI,203,158,45
STK-20251020-BR003-SKU016256PI,20251020,BR003,SKU016256PI,198,135,63
STK-20251020-BR003-SKU017128BL,20251020,BR003,SKU017128BL,250,191,59
STK-20251020-BR003-SKU017128SI,20251020,BR003,SKU017128SI,207,187,20
STK-20251020-BR003-SKU017128PI,20251020,BR003,SKU017128PI,260,205,55
STK-20251020-BR003-SKU017256BL,20251020,BR003,SKU017256BL,220,191,29
STK-20251020-BR003-SKU017256SI,20251020,BR003,SKU017256SI,286,218,68
STK-20251020-BR003-SKU017256PI,20251020,BR003,SKU017256PI,282,209,73
STK-20251020-BR004-SKU015128BL,20251020,BR004,SKU015128BL,187,73,114
STK-20251020-BR004-SKU015128SI,20251020,BR004,SKU015128SI,250,78,172
STK-20251020-BR004-SKU015128PI,20251020,BR004,SKU015128PI,255,77,178
STK-20251020-BR004-SKU015256BL,20251020,BR004,SKU015256BL,197,74,123
STK-20251020-BR004-SKU015256SI,20251020,BR004,SKU015256SI,197,73,124
STK-20251020-BR004-SKU015256PI,20251020,BR004,SKU015256PI,223,82,141
STK-20251020-BR004-SKU016128BL,20251020,BR004,SKU016128BL,180,133,47
STK-20251020-BR004-SKU016128SI,20251020,BR004,SKU016128SI,206,136,70
STK-20251020-BR004-SKU016128PI,20251020,BR004,SKU016128PI,187,138,49
STK-20251020-BR004-SKU016256BL,20251020,BR004,SKU016256BL,185,136,49
STK-20251020-BR004-SKU016256SI,20251020,BR004,SKU016256SI,191,137,54
STK-20251020-BR004-SKU016256PI,20251020,BR004,SKU016256PI,203,129,74
STK-20251020-BR004-SKU017128BL,20251020,BR004,SKU017128BL,270,206,64
STK-20251020-BR004-SKU017128SI,20251020,BR004,SKU017128SI,250,199,51
STK-20251020-BR004-SKU017128PI,20251020,BR004,SKU017128PI,262,212,50
STK-20251020-BR004-SKU017256BL,20251020,BR004,SKU017256BL,259,202,57
STK-20251020-BR004-SKU017256SI,20251020,BR004,SKU017256SI,240,182,58
STK-20251020-BR004-SKU017256PI,20251020,BR004,SKU017256PI,222,188,34
STK-20251020-BR005-SKU015128BL,20251020,BR005,SKU015128BL,204,78,126
STK-20251020-BR005-SKU015128SI,20251020,BR005,SKU015128SI,196,74,122
STK-20251020-BR005-SKU015128PI,20251020,BR005,SKU015128PI,249,81,168
STK-20251020-BR005-SKU015256BL,20251020,BR005,SKU015256BL,239,63,176
STK-20251020-BR005-SKU015256SI,20251020,BR005,SKU015256SI,264,74,190
STK-20251020-BR005-SKU015256PI,20251020,BR005,SKU015256PI,248,85,163
STK-20251020-BR005-SKU016128BL,20251020,BR005,SKU016128BL,188,126,62
STK-20251020-BR005-SKU016128SI,20251020,BR005,SKU016128SI,204,129,75
STK-20251020-BR005-SKU016128PI,20251020,BR005,SKU016128PI,203,136,67
STK-20251020-BR005-SKU016256BL,20251020,BR005,SKU016256BL,215,150,65
STK-20251020-BR005-SKU016256SI,20251020,BR005,SKU016256SI,168,136,32
STK-20251020-BR005-SKU016256PI,20251020,BR005,SKU016256PI,171,135,36
STK-20251020-BR005-SKU017128BL,20251020,BR005,SKU017128BL,241,206,35
STK-20251020-BR005-SKU017128SI,20251020,BR005,SKU017128SI,243,186,57
STK-20251020-BR005-SKU017128PI,20251020,BR005,SKU017128PI,274,197,77
STK-20251020-BR005-SKU017256BL,20251020,BR005,SKU017256BL,233,188,45
STK-20251020-BR005-SKU017256SI,20251020,BR005,SKU017256SI,259,204,55
STK-20251020-BR005-SKU017256PI,20251020,BR005,SKU017256PI,227,188,39
STK-20251021-BR000-SKU015128BL,20251021,BR000,SKU015128BL,644,0,644
STK-20251021-BR000-SKU015128SI,20251021,BR000,SKU015128SI,795,0,795
STK-20251021-BR000-SKU015128PI,20251021,BR000,SKU015128PI,930,0,930
STK-20251021-BR000-SKU015256BL,20251021,BR000,SKU015256BL,712,0,712
STK-20251021-BR000-SKU015256SI,20251021,BR000,SKU015256SI,744,0,744
STK-20251021-BR000-SKU015256PI,20251021,BR000,SKU015256PI,985,0,985
STK-20251021-BR000-SKU016128BL,20251021,BR000,SKU016128BL,632,0,632
STK-20251021-BR000-SKU016128SI,20251021,BR000,SKU016128SI,857,0,857
STK-20251021-BR000-SKU016128PI,20251021,BR000,SKU016128PI,686,0,686
STK-20251021-BR000-SKU016256BL,20251021,BR000,SKU016256BL,548,0,548
STK-20251021-BR000-SKU016256SI,20251021,BR000,SKU016256SI,855,0,855
STK-20251021-BR000-SKU016256PI,20251021,BR000,SKU016256PI,881,0,881
STK-20251021-BR000-SKU017128BL,20251021,BR000,SKU017128BL,658,0,658
STK-20251021-BR000-SKU017128SI,20251021,BR000,SKU017128SI,661,0,661
STK-20251021-BR000-SKU017128PI,20251021,BR000,SKU017128PI,617,0,617
STK-20251021-BR000-SKU017256BL,20251021,BR000,SKU017256BL,731,0,731
STK-20251021-BR000-SKU017256SI,20251021,BR000,SKU017256SI,682,0,682
STK-20251021-BR000-SKU017256PI,20251021,BR000,SKU017256PI,891,0,891
STK-20251021-BR001-SKU015128BL,20251021,BR001,SKU015128BL,200,77,123
STK-20251021-BR001-SKU015128SI,20251021,BR001,SKU015128SI,237,85,152
STK-20251021-BR001-SKU015128PI,20251021,BR001,SKU015128PI,209,83,126
STK-20251021-BR001-SKU015256BL,20251021,BR001,SKU015256BL,238,73,165
STK-20251021-BR001-SKU015256SI,20251021,BR001,SKU015256SI,194,76,118
STK-20251021-BR001-SKU015256PI,20251021,BR001,SKU015256PI,198,77,121
STK-20251021-BR001-SKU016128BL,20251021,BR001,SKU016128BL,215,147,68
STK-20251021-BR001-SKU016128SI,20251021,BR001,SKU016128SI,190,145,45
STK-20251021-BR001-SKU016128PI,20251021,BR001,SKU016128PI,181,129,52
STK-20251021-BR001-SKU016256BL,20251021,BR001,SKU016256BL,189,141,48
STK-20251021-BR001-SKU016256SI,20251021,BR001,SKU016256SI,161,132,29
STK-20251021-BR001-SKU016256PI,20251021,BR001,SKU016256PI,196,141,55
STK-20251021-BR001-SKU017128BL,20251021,BR001,SKU017128BL,220,187,33
STK-20251021-BR001-SKU017128SI,20251021,BR001,SKU017128SI,267,221,46
STK-20251021-BR001-SKU017128PI,20251021,BR001,SKU017128PI,256,215,41
STK-20251021-BR001-SKU017256BL,20251021,BR001,SKU017256BL,260,196,64
STK-20251021-BR001-SKU017256SI,20251021,BR001,SKU017256SI,221,198,23
STK-20251021-BR001-SKU017256PI,20251021,BR001,SKU017256PI,239,187,52
STK-20251021-BR002-SKU015128BL,20251021,BR002,SKU015128BL,251,85,166
STK-20251021-BR002-SKU015128SI,20251021,BR002,SKU015128SI,205,75,130
STK-20251021-BR002-SKU015128PI,20251021,BR002,SKU015128PI,217,82,135
STK-20251021-BR002-SKU015256BL,20251021,BR002,SKU015256BL,277,69,208
STK-20251021-BR002-SKU015256SI,20251021,BR002,SKU015256SI,170,78,92
STK-20251021-BR002-SKU015256PI,20251021,BR002,SKU015256PI,267,84,183
STK-20251021-BR002-SKU016128BL,20251021,BR002,SKU016128BL,198,144,54
STK-20251021-BR002-SKU016128SI,20251021,BR002,SKU016128SI,218,144,74
STK-20251021-BR002-SKU016128PI,20251021,BR002,SKU016128PI,161,129,32
STK-20251021-BR002-SKU016256BL,20251021,BR002,SKU016256BL,188,133,55
STK-20251021-BR002-SKU016256SI,20251021,BR002,SKU016256SI,205,146,59
STK-20251021-BR002-SKU016256PI,20251021,BR002,SKU016256PI,184,139,45
STK-20251021-BR002-SKU017128BL,20251021,BR002,SKU017128BL,260,210,50
STK-20251021-BR002-SKU017128SI,20251021,BR002,SKU017128SI,244,191,53
STK-20251021-BR002-SKU017128PI,20251021,BR002,SKU017128PI,252,226,26
STK-20251021-BR002-SKU017256BL,20251021,BR002,SKU017256BL,263,215,48
STK-20251021-BR002-SKU017256SI,20251021,BR002,SKU017256SI,219,189,30
STK-20251021-BR002-SKU017256PI,20251021,BR002,SKU017256PI,242,192,50
STK-20251021-BR003-SKU015128BL,20251021,BR003,SKU015128BL,222,85,137
STK-20251021-BR003-SKU015128SI,20251021,BR003,SKU015128SI,259,82,177
STK-20251021-BR003-SKU015128PI,20251021,BR003,SKU015128PI,203,87,116
STK-20251021-BR003-SKU015256BL,20251021,BR003,SKU015256BL,242,76,166
STK-20251021-BR003-SKU015256SI,20251021,BR003,SKU015256SI,258,91,167
STK-20251021-BR003-SKU015256PI,20251021,BR003,SKU015256PI,210,85,125
STK-20251021-BR003-SKU016128BL,20251021,BR003,SKU016128BL,186,137,49
STK-20251021-BR003-SKU016128SI,20251021,BR003,SKU016128SI,197,139,58
STK-20251021-BR003-SKU016128PI,20251021,BR003,SKU016128PI,195,148,47
STK-20251021-BR003-SKU016256BL,20251021,BR003,SKU016256BL,192,130,62
STK-20251021-BR003-SKU016256SI,20251021,BR003,SKU016256SI,203,163,40
STK-20251021-BR003-SKU016256PI,20251021,BR003,SKU016256PI,198,141,57
STK-20251021-BR003-SKU017128BL,20251021,BR003,SKU017128BL,246,197,49
STK-20251021-BR003-SKU017128SI,20251021,BR003,SKU017128SI,202,192,10
STK-20251021-BR003-SKU017128PI,20251021,BR003,SKU017128PI,247,205,42
STK-20251021-BR003-SKU017256BL,20251021,BR003,SKU017256BL,220,199,21
STK-20251021-BR003-SKU017256SI,20251021,BR003,SKU017256SI,286,225,61
STK-20251021-BR003-SKU017256PI,20251021,BR003,SKU017256PI,270,209,61
STK-20251021-BR004-SKU015128BL,20251021,BR004,SKU015128BL,187,76,111
STK-20251021-BR004-SKU015128SI,20251021,BR004,SKU015128SI,249,79,170
STK-20251021-BR004-SKU015128PI,20251021,BR004,SKU015128PI,251,74,177
STK-20251021-BR004-SKU015256BL,20251021,BR004,SKU015256BL,195,74,121
STK-20251021-BR004-SKU015256SI,20251021,BR004,SKU015256SI,195,72,123
STK-20251021-BR004-SKU015256PI,20251021,BR004,SKU015256PI,221,83,138
STK-20251021-BR004-SKU016128BL,20251021,BR004,SKU016128BL,178,139,39
STK-20251021-BR004-SKU016128SI,20251021,BR004,SKU016128SI,198,131,67
STK-20251021-BR004-SKU016128PI,20251021,BR004,SKU016128PI,187,139,48
STK-20251021-BR004-SKU016256BL,20251021,BR004,SKU016256BL,184,142,42
STK-20251021-BR004-SKU016256SI,20251021,BR004,SKU016256SI,184,137,47
STK-20251021-BR004-SKU016256PI,20251021,BR004,SKU016256PI,199,129,70
STK-20251021-BR004-SKU017128BL,20251021,BR004,SKU017128BL,270,216,54
STK-20251021-BR004-SKU017128SI,20251021,BR004,SKU017128SI,244,199,45
STK-20251021-BR004-SKU017128PI,20251021,BR004,SKU017128PI,254,207,47
STK-20251021-BR004-SKU017256BL,20251021,BR004,SKU017256BL,252,208,44
STK-20251021-BR004-SKU017256SI,20251021,BR004,SKU017256SI,240,193,47
STK-20251021-BR004-SKU017256PI,20251021,BR004,SKU017256PI,214,189,25
STK-20251021-BR005-SKU015128BL,20251021,BR005,SKU015128BL,204,79,125
STK-20251021-BR005-SKU015128SI,20251021,BR005,SKU015128SI,195,74,121
STK-20251021-BR005-SKU015128PI,20251021,BR005,SKU015128PI,247,81,166
STK-20251021-BR005-SKU015256BL,20251021,BR005,SKU015256BL,239,68,171
STK-20251021-BR005-SKU015256SI,20251021,BR005,SKU015256SI,263,75,188
STK-20251021-BR005-SKU015256PI,20251021,BR005,SKU015256PI,246,86,160
STK-20251021-BR005-SKU016128BL,20251021,BR005,SKU016128BL,180,125,55
STK-20251021-BR005-SKU016128SI,20251021,BR005,SKU016128SI,198,132,66
STK-20251021-BR005-SKU016128PI,20251021,BR005,SKU016128PI,191,129,62
STK-20251021-BR005-SKU016256BL,20251021,BR005,SKU016256BL,209,148,61
STK-20251021-BR005-SKU016256SI,20251021,BR005,SKU016256SI,160,130,30
STK-20251021-BR005-SKU016256PI,20251021,BR005,SKU016256PI,166,135,31
STK-20251021-BR005-SKU017128BL,20251021,BR005,SKU017128BL,233,205,28
STK-20251021-BR005-SKU017128SI,20251021,BR005,SKU017128SI,243,194,49
STK-20251021-BR005-SKU017128PI,20251021,BR005,SKU017128PI,269,202,67
STK-20251021-BR005-SKU017256BL,20251021,BR005,SKU017256BL,221,180,41
STK-20251021-BR005-SKU017256SI,20251021,BR005,SKU017256SI,238,191,47
STK-20251021-BR005-SKU017256PI,20251021,BR005,SKU017256PI,227,200,27
STK-20251022-BR000-SKU015128BL,20251022,BR000,SKU015128BL,644,0,644
STK-20251022-BR000-SKU015128SI,20251022,BR000,SKU015128SI,795,0,795
STK-20251022-BR000-SKU015128PI,20251022,BR000,SKU015128PI,930,0,930
STK-20251022-BR000-SKU015256BL,20251022,BR000,SKU015256BL,712,0,712
STK-20251022-BR000-SKU015256SI,20251022,BR000,SKU015256SI,744,0,744
STK-20251022-BR000-SKU015256PI,20251022,BR000,SKU015256PI,985,0,985
STK-20251022-BR000-SKU016128BL,20251022,BR000,SKU016128BL,632,0,632
STK-20251022-BR000-SKU016128SI,20251022,BR000,SKU016128SI,857,0,857
STK-20251022-BR000-SKU016128PI,20251022,BR000,SKU016128PI,686,0,686
STK-20251022-BR000-SKU016256BL,20251022,BR000,SKU016256BL,548,0,548
STK-20251022-BR000-SKU016256SI,20251022,BR000,SKU016256SI,855,0,855
STK-20251022-BR000-SKU016256PI,20251022,BR000,SKU016256PI,881,0,881
STK-20251022-BR000-SKU017128BL,20251022,BR000,SKU017128BL,658,0,658
STK-20251022-BR000-SKU017128SI,20251022,BR000,SKU017128SI,661,0,661
STK-20251022-BR000-SKU017128PI,20251022,BR000,SKU017128PI,617,0,617
STK-20251022-BR000-SKU017256BL,20251022,BR000,SKU017256BL,731,0,731
STK-20251022-BR000-SKU017256SI,20251022,BR000,SKU017256SI,682,0,682
STK-20251022-BR000-SKU017256PI,20251022,BR000,SKU017256PI,891,0,891
STK-20251022-BR001-SKU015128BL,20251022,BR001,SKU015128BL,200,78,122
STK-20251022-BR001-SKU015128SI,20251022,BR001,SKU015128SI,237,88,149
STK-20251022-BR001-SKU015128PI,20251022,BR001,SKU015128PI,205,82,123
STK-20251022-BR001-SKU015256BL,20251022,BR001,SKU015256BL,238,76,162
STK-20251022-BR001-SKU015256SI,20251022,BR001,SKU015256SI,194,78,116
STK-20251022-BR001-SKU015256PI,20251022,BR001,SKU015256PI,197,80,117
STK-20251022-BR001-SKU016128BL,20251022,BR001,SKU016128BL,210,147,63
STK-20251022-BR001-SKU016128SI,20251022,BR001,SKU016128SI,190,146,44
STK-20251022-BR001-SKU016128PI,20251022,BR001,SKU016128PI,179,132,47
STK-20251022-BR001-SKU016256BL,20251022,BR001,SKU016256BL,182,138,44
STK-20251022-BR001-SKU016256SI,20251022,BR001,SKU016256SI,154,128,26
STK-20251022-BR001-SKU016256PI,20251022,BR001,SKU016256PI,191,137,54
STK-20251022-BR001-SKU017128BL,20251022,BR001,SKU017128BL,220,196,24
STK-20251022-BR001-SKU017128SI,20251022,BR001,SKU017128SI,264,223,41
STK-20251022-BR001-SKU017128PI,20251022,BR001,SKU017128PI,251,216,35
STK-20251022-BR001-SKU017256BL,20251022,BR001,SKU017256BL,256,198,58
STK-20251022-BR001-SKU017256SI,20251022,BR001,SKU017256SI,216,199,17
STK-20251022-BR001-SKU017256PI,20251022,BR001,SKU017256PI,239,193,46
STK-20251022-BR002-SKU015128BL,20251022,BR002,SKU015128BL,251,86,165
STK-20251022-BR002-SKU015128SI,20251022,BR002,SKU015128SI,205,80,125
STK-20251022-BR002-SKU015128PI,20251022,BR002,SKU015128PI,217,86,131
STK-20251022-BR002-SKU015256BL,20251022,BR002,SKU015256BL,277,73,204
STK-20251022-BR002-SKU015256SI,20251022,BR002,SKU015256SI,170,83,87
STK-20251022-BR002-SKU015256PI,20251022,BR002,SKU015256PI,267,85,182
STK-20251022-BR002-SKU016128BL,20251022,BR002,SKU016128BL,198,146,52
STK-20251022-BR002-SKU016128SI,20251022,BR002,SKU016128SI,217,148,69
STK-20251022-BR002-SKU016128PI,20251022,BR002,SKU016128PI,152,122,30
STK-20251022-BR002-SKU016256BL,20251022,BR002,SKU016256BL,185,136,49
STK-20251022-BR002-SKU016256SI,20251022,BR002,SKU016256SI,194,139,55
STK-20251022-BR002-SKU016256PI,20251022,BR002,SKU016256PI,184,144,40
STK-20251022-BR002-SKU017128BL,20251022,BR002,SKU017128BL,242,198,44
STK-20251022-BR002-SKU017128SI,20251022,BR002,SKU017128SI,244,202,42
STK-20251022-BR002-SKU017128PI,20251022,BR002,SKU017128PI,252,234,18
STK-20251022-BR002-SKU017256BL,20251022,BR002,SKU017256BL,249,206,43
STK-20251022-BR002-SKU017256SI,20251022,BR002,SKU017256SI,219,200,19
STK-20251022-BR002-SKU017256PI,20251022,BR002,SKU017256PI,242,202,40
STK-20251022-BR003-SKU015128BL,20251022,BR003,SKU015128BL,222,87,135
STK-20251022-BR003-SKU015128SI,20251022,BR003,SKU015128SI,258,84,174
STK-20251022-BR003-SKU015128PI,20251022,BR003,SKU015128PI,203,91,112
STK-20251022-BR003-SKU015256BL,20251022,BR003,SKU015256BL,241,77,164
STK-20251022-BR003-SKU015256SI,20251022,BR003,SKU015256SI,258,93,165
STK-20251022-BR003-SKU015256PI,20251022,BR003,SKU015256PI,208,85,123
STK-20251022-BR003-SKU016128BL,20251022,BR003,SKU016128BL,182,136,46
STK-20251022-BR003-SKU016128SI,20251022,BR003,SKU016128SI,193,144,49
STK-20251022-BR003-SKU016128PI,20251022,BR003,SKU016128PI,190,150,40
STK-20251022-BR003-SKU016256BL,20251022,BR003,SKU016256BL,192,136,56
STK-20251022-BR003-SKU016256SI,20251022,BR003,SKU016256SI,192,161,31
STK-20251022-BR003-SKU016256PI,20251022,BR003,SKU016256PI,193,142,51
STK-20251022-BR003-SKU017128BL,20251022,BR003,SKU017128BL,246,203,43
STK-20251022-BR003-SKU017128SI,20251022,BR003,SKU017128SI,195,191,4
STK-20251022-BR003-SKU017128PI,20251022,BR003,SKU017128PI,247,214,33
STK-20251022-BR003-SKU017256BL,20251022,BR003,SKU017256BL,214,203,11
STK-20251022-BR003-SKU017256SI,20251022,BR003,SKU017256SI,279,222,57
STK-20251022-BR003-SKU017256PI,20251022,BR003,SKU017256PI,263,209,54
STK-20251022-BR004-SKU015128BL,20251022,BR004,SKU015128BL,185,78,107
STK-20251022-BR004-SKU015128SI,20251022,BR004,SKU015128SI,249,80,169
STK-20251022-BR004-SKU015128PI,20251022,BR004,SKU015128PI,251,77,174
STK-20251022-BR004-SKU015256BL,20251022,BR004,SKU015256BL,193,73,120
STK-20251022-BR004-SKU015256SI,20251022,BR004,SKU015256SI,194,75,119
STK-20251022-BR004-SKU015256PI,20251022,BR004,SKU015256PI,221,85,136
STK-20251022-BR004-SKU016128BL,20251022,BR004,SKU016128BL,177,141,36
STK-20251022-BR004-SKU016128SI,20251022,BR004,SKU016128SI,194,135,59
STK-20251022-BR004-SKU016128PI,20251022,BR004,SKU016128PI,176,136,40
STK-20251022-BR004-SKU016256BL,20251022,BR004,SKU016256BL,184,144,40
STK-20251022-BR004-SKU016256SI,20251022,BR004,SKU016256SI,175,136,39
STK-20251022-BR004-SKU016256PI,20251022,BR004,SKU016256PI,192,126,66
STK-20251022-BR004-SKU017128BL,20251022,BR004,SKU017128BL,267,223,44
STK-20251022-BR004-SKU017128SI,20251022,BR004,SKU017128SI,238,197,41
STK-20251022-BR004-SKU017128PI,20251022,BR004,SKU017128PI,254,217,37
STK-20251022-BR004-SKU017256BL,20251022,BR004,SKU017256BL,252,221,31
STK-20251022-BR004-SKU017256SI,20251022,BR004,SKU017256SI,240,202,38
STK-20251022-BR004-SKU017256PI,20251022,BR004,SKU017256PI,198,183,15
STK-20251022-BR005-SKU015128BL,20251022,BR005,SKU015128BL,204,81,123
STK-20251022-BR005-SKU015128SI,20251022,BR005,SKU015128SI,195,75,120
STK-20251022-BR005-SKU015128PI,20251022,BR005,SKU015128PI,247,82,165
STK-20251022-BR005-SKU015256BL,20251022,BR005,SKU015256BL,239,69,170
STK-20251022-BR005-SKU015256SI,20251022,BR005,SKU015256SI,263,76,187
STK-20251022-BR005-SKU015256PI,20251022,BR005,SKU015256PI,246,87,159
STK-20251022-BR005-SKU016128BL,20251022,BR005,SKU016128BL,180,130,50
STK-20251022-BR005-SKU016128SI,20251022,BR005,SKU016128SI,198,139,59
STK-20251022-BR005-SKU016128PI,20251022,BR005,SKU016128PI,191,133,58
STK-20251022-BR005-SKU016256BL,20251022,BR005,SKU016256BL,199,145,54
STK-20251022-BR005-SKU016256SI,20251022,BR005,SKU016256SI,155,130,25
STK-20251022-BR005-SKU016256PI,20251022,BR005,SKU016256PI,164,139,25
STK-20251022-BR005-SKU017128BL,20251022,BR005,SKU017128BL,220,200,20
STK-20251022-BR005-SKU017128SI,20251022,BR005,SKU017128SI,240,202,38
STK-20251022-BR005-SKU017128PI,20251022,BR005,SKU017128PI,264,208,56
STK-20251022-BR005-SKU017256BL,20251022,BR005,SKU017256BL,221,190,31
STK-20251022-BR005-SKU017256SI,20251022,BR005,SKU017256SI,233,192,41
STK-20251022-BR005-SKU017256PI,20251022,BR005,SKU017256PI,227,212,15
STK-20251023-BR000-SKU015128BL,20251023,BR000,SKU015128BL,644,0,644
STK-20251023-BR000-SKU015128SI,20251023,BR000,SKU015128SI,795,0,795
STK-20251023-BR000-SKU015128PI,20251023,BR000,SKU015128PI,930,0,930
STK-20251023-BR000-SKU015256BL,20251023,BR000,SKU015256BL,712,0,712
STK-20251023-BR000-SKU015256SI,20251023,BR000,SKU015256SI,744,0,744
STK-20251023-BR000-SKU015256PI,20251023,BR000,SKU015256PI,985,0,985
STK-20251023-BR000-SKU016128BL,20251023,BR000,SKU016128BL,632,0,632
STK-20251023-BR000-SKU016128SI,20251023,BR000,SKU016128SI,857,0,857
STK-20251023-BR000-SKU016128PI,20251023,BR000,SKU016128PI,686,0,686
STK-20251023-BR000-SKU016256BL,20251023,BR000,SKU016256BL,548,0,548
STK-20251023-BR000-SKU016256SI,20251023,BR000,SKU016256SI,855,0,855
STK-20251023-BR000-SKU016256PI,20251023,BR000,SKU016256PI,881,0,881
STK-20251023-BR000-SKU017128BL,20251023,BR000,SKU017128BL,658,0,658
STK-20251023-BR000-SKU017128SI,20251023,BR000,SKU017128SI,661,0,661
STK-20251023-BR000-SKU017128PI,20251023,BR000,SKU017128PI,617,0,617
STK-20251023-BR000-SKU017256BL,20251023,BR000,SKU017256BL,731,0,731
STK-20251023-BR000-SKU017256SI,20251023,BR000,SKU017256SI,682,0,682
STK-20251023-BR000-SKU017256PI,20251023,BR000,SKU017256PI,891,0,891
STK-20251023-BR001-SKU015128BL,20251023,BR001,SKU015128BL,199,80,119
STK-20251023-BR001-SKU015128SI,20251023,BR001,SKU015128SI,233,89,144
STK-20251023-BR001-SKU015128PI,20251023,BR001,SKU015128PI,205,85,120
STK-20251023-BR001-SKU015256BL,20251023,BR001,SKU015256BL,237,77,160
STK-20251023-BR001-SKU015256SI,20251023,BR001,SKU015256SI,194,83,111
STK-20251023-BR001-SKU015256PI,20251023,BR001,SKU015256PI,196,80,116
STK-20251023-BR001-SKU016128BL,20251023,BR001,SKU016128BL,205,151,54
STK-20251023-BR001-SKU016128SI,20251023,BR001,SKU016128SI,182,144,38
STK-20251023-BR001-SKU016128PI,20251023,BR001,SKU016128PI,174,134,40
STK-20251023-BR001-SKU016256BL,20251023,BR001,SKU016256BL,182,144,38
STK-20251023-BR001-SKU016256SI,20251023,BR001,SKU016256SI,154,134,20
STK-20251023-BR001-SKU016256PI,20251023,BR001,SKU016256PI,191,143,48
STK-20251023-BR001-SKU017128BL,20251023,BR001,SKU017128BL,220,209,11
STK-20251023-BR001-SKU017128SI,20251023,BR001,SKU017128SI,264,233,31
STK-20251023-BR001-SKU017128PI,20251023,BR001,SKU017128PI,240,214,26
STK-20251023-BR001-SKU017256BL,20251023,BR001,SKU017256BL,252,205,47
STK-20251023-BR001-SKU017256SI,20251023,BR001,SKU017256SI,201,190,11
STK-20251023-BR001-SKU017256PI,20251023,BR001,SKU017256PI,237,194,43
STK-20251023-BR002-SKU015128BL,20251023,BR002,SKU015128BL,251,90,161
STK-20251023-BR002-SKU015128SI,20251023,BR002,SKU015128SI,205,85,120
STK-20251023-BR002-SKU015128PI,20251023,BR002,SKU015128PI,217,90,127
STK-20251023-BR002-SKU015256BL,20251023,BR002,SKU015256BL,277,78,199
STK-20251023-BR002-SKU015256SI,20251023,BR002,SKU015256SI,169,87,82
STK-20251023-BR002-SKU015256PI,20251023,BR002,SKU015256PI,267,87,180
STK-20251023-BR002-SKU016128BL,20251023,BR002,SKU016128BL,192,141,51
STK-20251023-BR002-SKU016128SI,20251023,BR002,SKU016128SI,217,156,61
STK-20251023-BR002-SKU016128PI,20251023,BR002,SKU016128PI,152,125,27
STK-20251023-BR002-SKU016256BL,20251023,BR002,SKU016256BL,184,141,43
STK-20251023-BR002-SKU016256SI,20251023,BR002,SKU016256SI,194,147,47
STK-20251023-BR002-SKU016256PI,20251023,BR002,SKU016256PI,181,149,32
STK-20251023-BR002-SKU017128BL,20251023,BR002,SKU017128BL,238,202,36
STK-20251023-BR002-SKU017128SI,20251023,BR002,SKU017128SI,241,211,30
STK-20251023-BR002-SKU017128PI,20251023,BR002,SKU017128PI,228,217,11
STK-20251023-BR002-SKU017256BL,20251023,BR002,SKU017256BL,249,216,33
STK-20251023-BR002-SKU017256SI,20251023,BR002,SKU017256SI,219,208,11
STK-20251023-BR002-SKU017256PI,20251023,BR002,SKU017256PI,236,203,33
STK-20251023-BR003-SKU015128BL,20251023,BR003,SKU015128BL,222,90,132
STK-20251023-BR003-SKU015128SI,20251023,BR003,SKU015128SI,256,84,172
STK-20251023-BR003-SKU015128PI,20251023,BR003,SKU015128PI,203,92,111
STK-20251023-BR003-SKU015256BL,20251023,BR003,SKU015256BL,240,77,163
STK-20251023-BR003-SKU015256SI,20251023,BR003,SKU015256SI,258,98,160
STK-20251023-BR003-SKU015256PI,20251023,BR003,SKU015256PI,208,88,120
STK-20251023-BR003-SKU016128BL,20251023,BR003,SKU016128BL,182,141,41
STK-20251023-BR003-SKU016128SI,20251023,BR003,SKU016128SI,184,140,44
STK-20251023-BR003-SKU016128PI,20251023,BR003,SKU016128PI,190,155,35
STK-20251023-BR003-SKU016256BL,20251023,BR003,SKU016256BL,192,145,47
STK-20251023-BR003-SKU016256SI,20251023,BR003,SKU016256SI,192,170,22
STK-20251023-BR003-SKU016256PI,20251023,BR003,SKU016256PI,190,146,44
STK-20251023-BR003-SKU017128BL,20251023,BR003,SKU017128BL,244,210,34
STK-20251023-BR003-SKU017128SI,20251023,BR003,SKU017128SI,215,192,23
STK-20251023-BR003-SKU017128PI,20251023,BR003,SKU017128PI,247,223,24
STK-20251023-BR003-SKU017256BL,20251023,BR003,SKU017256BL,206,203,3
STK-20251023-BR003-SKU017256SI,20251023,BR003,SKU017256SI,279,233,46
STK-20251023-BR003-SKU017256PI,20251023,BR003,SKU017256PI,253,203,50
STK-20251023-BR004-SKU015128BL,20251023,BR004,SKU015128BL,185,80,105
STK-20251023-BR004-SKU015128SI,20251023,BR004,SKU015128SI,248,80,168
STK-20251023-BR004-SKU015128PI,20251023,BR004,SKU015128PI,251,83,168
STK-20251023-BR004-SKU015256BL,20251023,BR004,SKU015256BL,193,77,116
STK-20251023-BR004-SKU015256SI,20251023,BR004,SKU015256SI,194,78,116
STK-20251023-BR004-SKU015256PI,20251023,BR004,SKU015256PI,221,87,134
STK-20251023-BR004-SKU016128BL,20251023,BR004,SKU016128BL,173,140,33
STK-20251023-BR004-SKU016128SI,20251023,BR004,SKU016128SI,194,140,54
STK-20251023-BR004-SKU016128PI,20251023,BR004,SKU016128PI,174,140,34
STK-20251023-BR004-SKU016256BL,20251023,BR004,SKU016256BL,178,142,36
STK-20251023-BR004-SKU016256SI,20251023,BR004,SKU016256SI,171,138,33
STK-20251023-BR004-SKU016256PI,20251023,BR004,SKU016256PI,192,129,63
STK-20251023-BR004-SKU017128BL,20251023,BR004,SKU017128BL,261,221,40
STK-20251023-BR004-SKU017128SI,20251023,BR004,SKU017128SI,238,205,33
STK-20251023-BR004-SKU017128PI,20251023,BR004,SKU017128PI,254,229,25
STK-20251023-BR004-SKU017256BL,20251023,BR004,SKU017256BL,252,226,26
STK-20251023-BR004-SKU017256SI,20251023,BR004,SKU017256SI,240,208,32
STK-20251023-BR004-SKU017256PI,20251023,BR004,SKU017256PI,198,190,8
STK-20251023-BR005-SKU015128BL,20251023,BR005,SKU015128BL,202,80,122
STK-20251023-BR005-SKU015128SI,20251023,BR005,SKU015128SI,195,76,119
STK-20251023-BR005-SKU015128PI,20251023,BR005,SKU015128PI,244,82,162
STK-20251023-BR005-SKU015256BL,20251023,BR005,SKU015256BL,239,72,167
STK-20251023-BR005-SKU015256SI,20251023,BR005,SKU015256SI,261,76,185
STK-20251023-BR005-SKU015256PI,20251023,BR005,SKU015256PI,246,88,158
STK-20251023-BR005-SKU016128BL,20251023,BR005,SKU016128BL,180,133,47
STK-20251023-BR005-SKU016128SI,20251023,BR005,SKU016128SI,195,146,49
STK-20251023-BR005-SKU016128PI,20251023,BR005,SKU016128PI,187,130,57
STK-20251023-BR005-SKU016256BL,20251023,BR005,SKU016256BL,199,151,48
STK-20251023-BR005-SKU016256SI,20251023,BR005,SKU016256SI,151,130,21
STK-20251023-BR005-SKU016256PI,20251023,BR005,SKU016256PI,160,144,16
STK-20251023-BR005-SKU017128BL,20251023,BR005,SKU017128BL,213,203,10
STK-20251023-BR005-SKU017128SI,20251023,BR005,SKU017128SI,226,200,26
STK-20251023-BR005-SKU017128PI,20251023,BR005,SKU017128PI,257,212,45
STK-20251023-BR005-SKU017256BL,20251023,BR005,SKU017256BL,221,200,21
STK-20251023-BR005-SKU017256SI,20251023,BR005,SKU017256SI,233,201,32
STK-20251023-BR005-SKU017256PI,20251023,BR005,SKU017256PI,227,223,4
STK-20251024-BR000-SKU015128BL,20251024,BR000,SKU015128BL,644,0,644
STK-20251024-BR000-SKU015128SI,20251024,BR000,SKU015128SI,795,0,795
STK-20251024-BR000-SKU015128PI,20251024,BR000,SKU015128PI,930,0,930
STK-20251024-BR000-SKU015256BL,20251024,BR000,SKU015256BL,712,0,712
STK-20251024-BR000-SKU015256SI,20251024,BR000,SKU015256SI,744,0,744
STK-20251024-BR000-SKU015256PI,20251024,BR000,SKU015256PI,985,0,985
STK-20251024-BR000-SKU016128BL,20251024,BR000,SKU016128BL,632,0,632
STK-20251024-BR000-SKU016128SI,20251024,BR000,SKU016128SI,857,0,857
STK-20251024-BR000-SKU016128PI,20251024,BR000,SKU016128PI,686,0,686
STK-20251024-BR000-SKU016256BL,20251024,BR000,SKU016256BL,548,0,548
STK-20251024-BR000-SKU016256SI,20251024,BR000,SKU016256SI,855,0,855
STK-20251024-BR000-SKU016256PI,20251024,BR000,SKU016256PI,881,0,881
STK-20251024-BR000-SKU017128BL,20251024,BR000,SKU017128BL,658,0,658
STK-20251024-BR000-SKU017128SI,20251024,BR000,SKU017128SI,661,0,661
STK-20251024-BR000-SKU017128PI,20251024,BR000,SKU017128PI,617,0,617
STK-20251024-BR000-SKU017256BL,20251024,BR000,SKU017256BL,731,0,731
STK-20251024-BR000-SKU017256SI,20251024,BR000,SKU017256SI,682,0,682
STK-20251024-BR000-SKU017256PI,20251024,BR000,SKU017256PI,891,0,891
STK-20251024-BR001-SKU015128BL,20251024,BR001,SKU015128BL,198,85,113
STK-20251024-BR001-SKU015128SI,20251024,BR001,SKU015128SI,230,87,143
STK-20251024-BR001-SKU015128PI,20251024,BR001,SKU015128PI,204,85,119
STK-20251024-BR001-SKU015256BL,20251024,BR001,SKU015256BL,236,78,158
STK-20251024-BR001-SKU015256SI,20251024,BR001,SKU015256SI,192,84,108
STK-20251024-BR001-SKU015256PI,20251024,BR001,SKU015256PI,196,83,113
STK-20251024-BR001-SKU016128BL,20251024,BR001,SKU016128BL,203,154,49
STK-20251024-BR001-SKU016128SI,20251024,BR001,SKU016128SI,182,148,34
STK-20251024-BR001-SKU016128PI,20251024,BR001,SKU016128PI,174,140,34
STK-20251024-BR001-SKU016256BL,20251024,BR001,SKU016256BL,182,152,30
STK-20251024-BR001-SKU016256SI,20251024,BR001,SKU016256SI,154,142,12
STK-20251024-BR001-SKU016256PI,20251024,BR001,SKU016256PI,186,145,41
STK-20251024-BR001-SKU017128BL,20251024,BR001,SKU017128BL,214,208,6
STK-20251024-BR001-SKU017128SI,20251024,BR001,SKU017128SI,244,218,26
STK-20251024-BR001-SKU017128PI,20251024,BR001,SKU017128PI,240,219,21
STK-20251024-BR001-SKU017256BL,20251024,BR001,SKU017256BL,252,216,36
STK-20251024-BR001-SKU017256SI,20251024,BR001,SKU017256SI,235,203,32
STK-20251024-BR001-SKU017256PI,20251024,BR001,SKU017256PI,232,195,37
STK-20251024-BR002-SKU015128BL,20251024,BR002,SKU015128BL,249,93,156
STK-20251024-BR002-SKU015128SI,20251024,BR002,SKU015128SI,205,87,118
STK-20251024-BR002-SKU015128PI,20251024,BR002,SKU015128PI,215,93,122
STK-20251024-BR002-SKU015256BL,20251024,BR002,SKU015256BL,273,75,198
STK-20251024-BR002-SKU015256SI,20251024,BR002,SKU015256SI,169,88,81
STK-20251024-BR002-SKU015256PI,20251024,BR002,SKU015256PI,266,88,178
STK-20251024-BR002-SKU016128BL,20251024,BR002,SKU016128BL,189,145,44
STK-20251024-BR002-SKU016128SI,20251024,BR002,SKU016128SI,209,153,56
STK-20251024-BR002-SKU016128PI,20251024,BR002,SKU016128PI,150,127,23
STK-20251024-BR002-SKU016256BL,20251024,BR002,SKU016256BL,180,145,35
STK-20251024-BR002-SKU016256SI,20251024,BR002,SKU016256SI,192,148,44
STK-20251024-BR002-SKU016256PI,20251024,BR002,SKU016256PI,181,152,29
STK-20251024-BR002-SKU017128BL,20251024,BR002,SKU017128BL,226,194,32
STK-20251024-BR002-SKU017128SI,20251024,BR002,SKU017128SI,239,218,21
STK-20251024-BR002-SKU017128PI,20251024,BR002,SKU017128PI,211,207,4
STK-20251024-BR002-SKU017256BL,20251024,BR002,SKU017256BL,223,201,22
STK-20251024-BR002-SKU017256SI,20251024,BR002,SKU017256SI,216,213,3
STK-20251024-BR002-SKU017256PI,20251024,BR002,SKU017256PI,236,213,23
STK-20251024-BR003-SKU015128BL,20251024,BR003,SKU015128BL,222,94,128
STK-20251024-BR003-SKU015128SI,20251024,BR003,SKU015128SI,255,85,170
STK-20251024-BR003-SKU015128PI,20251024,BR003,SKU015128PI,203,94,109
STK-20251024-BR003-SKU015256BL,20251024,BR003,SKU015256BL,237,75,162
STK-20251024-BR003-SKU015256SI,20251024,BR003,SKU015256SI,256,101,155
STK-20251024-BR003-SKU015256PI,20251024,BR003,SKU015256PI,208,91,117
STK-20251024-BR003-SKU016128BL,20251024,BR003,SKU016128BL,179,142,37
STK-20251024-BR003-SKU016128SI,20251024,BR003,SKU016128SI,184,143,41
STK-20251024-BR003-SKU016128PI,20251024,BR003,SKU016128PI,185,151,34
STK-20251024-BR003-SKU016256BL,20251024,BR003,SKU016256BL,184,140,44
STK-20251024-BR003-SKU016256SI,20251024,BR003,SKU016256SI,192,180,12
STK-20251024-BR003-SKU016256PI,20251024,BR003,SKU016256PI,190,148,42
STK-20251024-BR003-SKU017128BL,20251024,BR003,SKU017128BL,241,216,25
STK-20251024-BR003-SKU017128SI,20251024,BR003,SKU017128SI,215,203,12
STK-20251024-BR003-SKU017128PI,20251024,BR003,SKU017128PI,241,222,19
STK-20251024-BR003-SKU017256BL,20251024,BR003,SKU017256BL,227,207,20
STK-20251024-BR003-SKU017256SI,20251024,BR003,SKU017256SI,277,240,37
STK-20251024-BR003-SKU017256PI,20251024,BR003,SKU017256PI,253,214,39
STK-20251024-BR004-SKU015128BL,20251024,BR004,SKU015128BL,185,82,103
STK-20251024-BR004-SKU015128SI,20251024,BR004,SKU015128SI,248,81,167
STK-20251024-BR004-SKU015128PI,20251024,BR004,SKU015128PI,244,78,166
STK-20251024-BR004-SKU015256BL,20251024,BR004,SKU015256BL,193,81,112
STK-20251024-BR004-SKU015256SI,20251024,BR004,SKU015256SI,194,80,114
STK-20251024-BR004-SKU015256PI,20251024,BR004,SKU015256PI,221,90,131
STK-20251024-BR004-SKU016128BL,20251024,BR004,SKU016128BL,165,141,24
STK-20251024-BR004-SKU016128SI,20251024,BR004,SKU016128SI,189,141,48
STK-20251024-BR004-SKU016128PI,20251024,BR004,SKU016128PI,174,144,30
STK-20251024-BR004-SKU016256BL,20251024,BR004,SKU016256BL,173,143,30
STK-20251024-BR004-SKU016256SI,20251024,BR004,SKU016256SI,171,145,26
STK-20251024-BR004-SKU016256PI,20251024,BR004,SKU016256PI,192,136,56
STK-20251024-BR004-SKU017128BL,20251024,BR004,SKU017128BL,256,222,34
STK-20251024-BR004-SKU017128SI,20251024,BR004,SKU017128SI,222,200,22
STK-20251024-BR004-SKU017128PI,20251024,BR004,SKU017128PI,242,229,13
STK-20251024-BR004-SKU017256BL,20251024,BR004,SKU017256BL,245,228,17
STK-20251024-BR004-SKU017256SI,20251024,BR004,SKU017256SI,240,217,23
STK-20251024-BR004-SKU017256PI,20251024,BR004,SKU017256PI,198,197,1
STK-20251024-BR005-SKU015128BL,20251024,BR005,SKU015128BL,195,74,121
STK-20251024-BR005-SKU015128SI,20251024,BR005,SKU015128SI,195,81,114
STK-20251024-BR005-SKU015128PI,20251024,BR005,SKU015128PI,242,82,160
STK-20251024-BR005-SKU015256BL,20251024,BR005,SKU015256BL,236,72,164
STK-20251024-BR005-SKU015256SI,20251024,BR005,SKU015256SI,259,78,181
STK-20251024-BR005-SKU015256PI,20251024,BR005,SKU015256PI,244,91,153
STK-20251024-BR005-SKU016128BL,20251024,BR005,SKU016128BL,180,139,41
STK-20251024-BR005-SKU016128SI,20251024,BR005,SKU016128SI,195,150,45
STK-20251024-BR005-SKU016128PI,20251024,BR005,SKU016128PI,187,137,50
STK-20251024-BR005-SKU016256BL,20251024,BR005,SKU016256BL,197,153,44
STK-20251024-BR005-SKU016256SI,20251024,BR005,SKU016256SI,151,140,11
STK-20251024-BR005-SKU016256PI,20251024,BR005,SKU016256PI,154,142,12
STK-20251024-BR005-SKU017128BL,20251024,BR005,SKU017128BL,213,210,3
STK-20251024-BR005-SKU017128SI,20251024,BR005,SKU017128SI,222,201,21
STK-20251024-BR005-SKU017128PI,20251024,BR005,SKU017128PI,251,217,34
STK-20251024-BR005-SKU017256BL,20251024,BR005,SKU017256BL,221,208,13
STK-20251024-BR005-SKU017256SI,20251024,BR005,SKU017256SI,230,210,20
STK-20251024-BR005-SKU017256PI,20251024,BR005,SKU017256PI,244,220,24
STK-20251025-BR000-SKU015128BL,20251025,BR000,SKU015128BL,644,0,644
STK-20251025-BR000-SKU015128SI,20251025,BR000,SKU015128SI,795,0,795
STK-20251025-BR000-SKU015128PI,20251025,BR000,SKU015128PI,930,0,930
STK-20251025-BR000-SKU015256BL,20251025,BR000,SKU015256BL,712,0,712
STK-20251025-BR000-SKU015256SI,20251025,BR000,SKU015256SI,744,0,744
STK-20251025-BR000-SKU015256PI,20251025,BR000,SKU015256PI,985,0,985
STK-20251025-BR000-SKU016128BL,20251025,BR000,SKU016128BL,632,0,632
STK-20251025-BR000-SKU016128SI,20251025,BR000,SKU016128SI,857,0,857
STK-20251025-BR000-SKU016128PI,20251025,BR000,SKU016128PI,686,0,686
STK-20251025-BR000-SKU016256BL,20251025,BR000,SKU016256BL,548,0,548
STK-20251025-BR000-SKU016256SI,20251025,BR000,SKU016256SI,855,0,855
STK-20251025-BR000-SKU016256PI,20251025,BR000,SKU016256PI,881,0,881
STK-20251025-BR000-SKU017128BL,20251025,BR000,SKU017128BL,658,0,658
STK-20251025-BR000-SKU017128SI,20251025,BR000,SKU017128SI,661,0,661
STK-20251025-BR000-SKU017128PI,20251025,BR000,SKU017128PI,617,0,617
STK-20251025-BR000-SKU017256BL,20251025,BR000,SKU017256BL,731,0,731
STK-20251025-BR000-SKU017256SI,20251025,BR000,SKU017256SI,682,0,682
STK-20251025-BR000-SKU017256PI,20251025,BR000,SKU017256PI,891,0,891
STK-20251025-BR001-SKU015128BL,20251025,BR001,SKU015128BL,198,86,112
STK-20251025-BR001-SKU015128SI,20251025,BR001,SKU015128SI,227,85,142
STK-20251025-BR001-SKU015128PI,20251025,BR001,SKU015128PI,204,86,118
STK-20251025-BR001-SKU015256BL,20251025,BR001,SKU015256BL,234,81,153
STK-20251025-BR001-SKU015256SI,20251025,BR001,SKU015256SI,191,84,107
STK-20251025-BR001-SKU015256PI,20251025,BR001,SKU015256PI,193,81,112
STK-20251025-BR001-SKU016128BL,20251025,BR001,SKU016128BL,199,155,44
STK-20251025-BR001-SKU016128SI,20251025,BR001,SKU016128SI,178,145,33
STK-20251025-BR001-SKU016128PI,20251025,BR001,SKU016128PI,170,143,27
STK-20251025-BR001-SKU016256BL,20251025,BR001,SKU016256BL,178,156,22
STK-20251025-BR001-SKU016256SI,20251025,BR001,SKU016256SI,154,147,7
STK-20251025-BR001-SKU016256PI,20251025,BR001,SKU016256PI,184,145,39
STK-20251025-BR001-SKU017128BL,20251025,BR001,SKU017128BL,200,199,1
STK-20251025-BR001-SKU017128SI,20251025,BR001,SKU017128SI,233,219,14
STK-20251025-BR001-SKU017128PI,20251025,BR001,SKU017128PI,236,226,10
STK-20251025-BR001-SKU017256BL,20251025,BR001,SKU017256BL,245,217,28
STK-20251025-BR001-SKU017256SI,20251025,BR001,SKU017256SI,235,210,25
STK-20251025-BR001-SKU017256PI,20251025,BR001,SKU017256PI,230,204,26
STK-20251025-BR002-SKU015128BL,20251025,BR002,SKU015128BL,249,97,152
STK-20251025-BR002-SKU015128SI,20251025,BR002,SKU015128SI,204,87,117
STK-20251025-BR002-SKU015128PI,20251025,BR002,SKU015128PI,210,89,121
STK-20251025-BR002-SKU015256BL,20251025,BR002,SKU015256BL,273,77,196
STK-20251025-BR002-SKU015256SI,20251025,BR002,SKU015256SI,169,89,80
STK-20251025-BR002-SKU015256PI,20251025,BR002,SKU015256PI,263,89,174
STK-20251025-BR002-SKU016128BL,20251025,BR002,SKU016128BL,184,146,38
STK-20251025-BR002-SKU016128SI,20251025,BR002,SKU016128SI,204,154,50
STK-20251025-BR002-SKU016128PI,20251025,BR002,SKU016128PI,150,134,16
STK-20251025-BR002-SKU016256BL,20251025,BR002,SKU016256BL,180,154,26
STK-20251025-BR002-SKU016256SI,20251025,BR002,SKU016256SI,187,150,37
STK-20251025-BR002-SKU016256PI,20251025,BR002,SKU016256PI,175,148,27
STK-20251025-BR002-SKU017128BL,20251025,BR002,SKU017128BL,222,198,24
STK-20251025-BR002-SKU017128SI,20251025,BR002,SKU017128SI,235,222,13
STK-20251025-BR002-SKU017128PI,20251025,BR002,SKU017128PI,242,210,32
STK-20251025-BR002-SKU017256BL,20251025,BR002,SKU017256BL,223,211,12
STK-20251025-BR002-SKU017256SI,20251025,BR002,SKU017256SI,243,204,39
STK-20251025-BR002-SKU017256PI,20251025,BR002,SKU017256PI,223,205,18
STK-20251025-BR003-SKU015128BL,20251025,BR003,SKU015128BL,215,88,127
STK-20251025-BR003-SKU015128SI,20251025,BR003,SKU015128SI,255,89,166
STK-20251025-BR003-SKU015128PI,20251025,BR003,SKU015128PI,200,92,108
STK-20251025-BR003-SKU015256BL,20251025,BR003,SKU015256BL,237,79,158
STK-20251025-BR003-SKU015256SI,20251025,BR003,SKU015256SI,256,102,154
STK-20251025-BR003-SKU015256PI,20251025,BR003,SKU015256PI,207,93,114
STK-20251025-BR003-SKU016128BL,20251025,BR003,SKU016128BL,171,137,34
STK-20251025-BR003-SKU016128SI,20251025,BR003,SKU016128SI,180,140,40
STK-20251025-BR003-SKU016128PI,20251025,BR003,SKU016128PI,180,153,27
STK-20251025-BR003-SKU016256BL,20251025,BR003,SKU016256BL,184,147,37
STK-20251025-BR003-SKU016256SI,20251025,BR003,SKU016256SI,179,172,7
STK-20251025-BR003-SKU016256PI,20251025,BR003,SKU016256PI,181,145,36
STK-20251025-BR003-SKU017128BL,20251025,BR003,SKU017128BL,234,217,17
STK-20251025-BR003-SKU017128SI,20251025,BR003,SKU017128SI,215,210,5
STK-20251025-BR003-SKU017128PI,20251025,BR003,SKU017128PI,237,229,8
STK-20251025-BR003-SKU017256BL,20251025,BR003,SKU017256BL,220,211,9
STK-20251025-BR003-SKU017256SI,20251025,BR003,SKU017256SI,277,252,25
STK-20251025-BR003-SKU017256PI,20251025,BR003,SKU017256PI,253,226,27
STK-20251025-BR004-SKU015128BL,20251025,BR004,SKU015128BL,183,81,102
STK-20251025-BR004-SKU015128SI,20251025,BR004,SKU015128SI,248,82,166
STK-20251025-BR004-SKU015128PI,20251025,BR004,SKU015128PI,244,79,165
STK-20251025-BR004-SKU015256BL,20251025,BR004,SKU015256BL,192,82,110
STK-20251025-BR004-SKU015256SI,20251025,BR004,SKU015256SI,194,81,113
STK-20251025-BR004-SKU015256PI,20251025,BR004,SKU015256PI,220,93,127
STK-20251025-BR004-SKU016128BL,20251025,BR004,SKU016128BL,165,146,19
STK-20251025-BR004-SKU016128SI,20251025,BR004,SKU016128SI,189,147,42
STK-20251025-BR004-SKU016128PI,20251025,BR004,SKU016128PI,169,143,26
STK-20251025-BR004-SKU016256BL,20251025,BR004,SKU016256BL,168,145,23
STK-20251025-BR004-SKU016256SI,20251025,BR004,SKU016256SI,159,139,20
STK-20251025-BR004-SKU016256PI,20251025,BR004,SKU016256PI,190,141,49
STK-20251025-BR004-SKU017128BL,20251025,BR004,SKU017128BL,256,234,22
STK-20251025-BR004-SKU017128SI,20251025,BR004,SKU017128SI,219,203,16
STK-20251025-BR004-SKU017128PI,20251025,BR004,SKU017128PI,242,239,3
STK-20251025-BR004-SKU017256BL,20251025,BR004,SKU017256BL,233,222,11
STK-20251025-BR004-SKU017256SI,20251025,BR004,SKU017256SI,228,213,15
STK-20251025-BR004-SKU017256PI,20251025,BR004,SKU017256PI,235,205,30
STK-20251025-BR005-SKU015128BL,20251025,BR005,SKU015128BL,195,77,118
STK-20251025-BR005-SKU015128SI,20251025,BR005,SKU015128SI,195,83,112
STK-20251025-BR005-SKU015128PI,20251025,BR005,SKU015128PI,241,86,155
STK-20251025-BR005-SKU015256BL,20251025,BR005,SKU015256BL,235,74,161
STK-20251025-BR005-SKU015256SI,20251025,BR005,SKU015256SI,259,79,180
STK-20251025-BR005-SKU015256PI,20251025,BR005,SKU015256PI,242,90,152
STK-20251025-BR005-SKU016128BL,20251025,BR005,SKU016128BL,177,141,36
STK-20251025-BR005-SKU016128SI,20251025,BR005,SKU016128SI,188,153,35
STK-20251025-BR005-SKU016128PI,20251025,BR005,SKU016128PI,187,141,46
STK-20251025-BR005-SKU016256BL,20251025,BR005,SKU016256BL,197,156,41
STK-20251025-BR005-SKU016256SI,20251025,BR005,SKU016256SI,149,143,6
STK-20251025-BR005-SKU016256PI,20251025,BR005,SKU016256PI,154,146,8
STK-20251025-BR005-SKU017128BL,20251025,BR005,SKU017128BL,253,218,35
STK-20251025-BR005-SKU017128SI,20251025,BR005,SKU017128SI,222,204,18
STK-20251025-BR005-SKU017128PI,20251025,BR005,SKU017128PI,247,223,24
STK-20251025-BR005-SKU017256BL,20251025,BR005,SKU017256BL,215,211,4
STK-20251025-BR005-SKU017256SI,20251025,BR005,SKU017256SI,215,200,15
STK-20251025-BR005-SKU017256PI,20251025,BR005,SKU017256PI,235,222,13
STK-20251026-BR000-SKU015128BL,20251026,BR000,SKU015128BL,644,0,644
STK-20251026-BR000-SKU015128SI,20251026,BR000,SKU015128SI,795,0,795
STK-20251026-BR000-SKU015128PI,20251026,BR000,SKU015128PI,930,0,930
STK-20251026-BR000-SKU015256BL,20251026,BR000,SKU015256BL,712,0,712
STK-20251026-BR000-SKU015256SI,20251026,BR000,SKU015256SI,744,0,744
STK-20251026-BR000-SKU015256PI,20251026,BR000,SKU015256PI,985,0,985
STK-20251026-BR000-SKU016128BL,20251026,BR000,SKU016128BL,632,0,632
STK-20251026-BR000-SKU016128SI,20251026,BR000,SKU016128SI,857,0,857
STK-20251026-BR000-SKU016128PI,20251026,BR000,SKU016128PI,686,0,686
STK-20251026-BR000-SKU016256BL,20251026,BR000,SKU016256BL,548,0,548
STK-20251026-BR000-SKU016256SI,20251026,BR000,SKU016256SI,855,0,855
STK-20251026-BR000-SKU016256PI,20251026,BR000,SKU016256PI,881,0,881
STK-20251026-BR000-SKU017128BL,20251026,BR000,SKU017128BL,658,0,658
STK-20251026-BR000-SKU017128SI,20251026,BR000,SKU017128SI,661,0,661
STK-20251026-BR000-SKU017128PI,20251026,BR000,SKU017128PI,617,0,617
STK-20251026-BR000-SKU017256BL,20251026,BR000,SKU017256BL,731,0,731
STK-20251026-BR000-SKU017256SI,20251026,BR000,SKU017256SI,682,0,682
STK-20251026-BR000-SKU017256PI,20251026,BR000,SKU017256PI,891,0,891
STK-20251026-BR001-SKU015128BL,20251026,BR001,SKU015128BL,197,87,110
STK-20251026-BR001-SKU015128SI,20251026,BR001,SKU015128SI,227,90,137
STK-20251026-BR001-SKU015128PI,20251026,BR001,SKU015128PI,201,88,113
STK-20251026-BR001-SKU015256BL,20251026,BR001,SKU015256BL,232,84,148
STK-20251026-BR001-SKU015256SI,20251026,BR001,SKU015256SI,188,82,106
STK-20251026-BR001-SKU015256PI,20251026,BR001,SKU015256PI,191,81,110
STK-20251026-BR001-SKU016128BL,20251026,BR001,SKU016128BL,199,160,39
STK-20251026-BR001-SKU016128SI,20251026,BR001,SKU016128SI,178,152,26
STK-20251026-BR001-SKU016128PI,20251026,BR001,SKU016128PI,170,152,18
STK-20251026-BR001-SKU016256BL,20251026,BR001,SKU016256BL,176,161,15
STK-20251026-BR001-SKU016256SI,20251026,BR001,SKU016256SI,154,153,1
STK-20251026-BR001-SKU016256PI,20251026,BR001,SKU016256PI,180,144,36
STK-20251026-BR001-SKU017128BL,20251026,BR001,SKU017128BL,231,197,34
STK-20251026-BR001-SKU017128SI,20251026,BR001,SKU017128SI,233,227,6
STK-20251026-BR001-SKU017128PI,20251026,BR001,SKU017128PI,224,221,3
STK-20251026-BR001-SKU017256BL,20251026,BR001,SKU017256BL,245,226,19
STK-20251026-BR001-SKU017256SI,20251026,BR001,SKU017256SI,235,222,13
STK-20251026-BR001-SKU017256PI,20251026,BR001,SKU017256PI,211,193,18
STK-20251026-BR002-SKU015128BL,20251026,BR002,SKU015128BL,241,93,148
STK-20251026-BR002-SKU015128SI,20251026,BR002,SKU015128SI,202,88,114
STK-20251026-BR002-SKU015128PI,20251026,BR002,SKU015128PI,210,95,115
STK-20251026-BR002-SKU015256BL,20251026,BR002,SKU015256BL,273,79,194
STK-20251026-BR002-SKU015256SI,20251026,BR002,SKU015256SI,168,89,79
STK-20251026-BR002-SKU015256PI,20251026,BR002,SKU015256PI,262,92,170
STK-20251026-BR002-SKU016128BL,20251026,BR002,SKU016128BL,181,144,37
STK-20251026-BR002-SKU016128SI,20251026,BR002,SKU016128SI,200,152,48
STK-20251026-BR002-SKU016128PI,20251026,BR002,SKU016128PI,149,135,14
STK-20251026-BR002-SKU016256BL,20251026,BR002,SKU016256BL,180,159,21
STK-20251026-BR002-SKU016256SI,20251026,BR002,SKU016256SI,184,150,34
STK-20251026-BR002-SKU016256PI,20251026,BR002,SKU016256PI,172,153,19
STK-20251026-BR002-SKU017128BL,20251026,BR002,SKU017128BL,222,204,18
STK-20251026-BR002-SKU017128SI,20251026,BR002,SKU017128SI,228,223,5
STK-20251026-BR002-SKU017128PI,20251026,BR002,SKU017128PI,238,220,18
STK-20251026-BR002-SKU017256BL,20251026,BR002,SKU017256BL,223,218,5
STK-20251026-BR002-SKU017256SI,20251026,BR002,SKU017256SI,239,207,32
STK-20251026-BR002-SKU017256PI,20251026,BR002,SKU017256PI,219,207,12
STK-20251026-BR003-SKU015128BL,20251026,BR003,SKU015128BL,211,90,121
STK-20251026-BR003-SKU015128SI,20251026,BR003,SKU015128SI,253,89,164
STK-20251026-BR003-SKU015128PI,20251026,BR003,SKU015128PI,200,95,105
STK-20251026-BR003-SKU015256BL,20251026,BR003,SKU015256BL,237,82,155
STK-20251026-BR003-SKU015256SI,20251026,BR003,SKU015256SI,255,102,153
STK-20251026-BR003-SKU015256PI,20251026,BR003,SKU015256PI,206,93,113
STK-20251026-BR003-SKU016128BL,20251026,BR003,SKU016128BL,169,141,28
STK-20251026-BR003-SKU016128SI,20251026,BR003,SKU016128SI,173,136,37
STK-20251026-BR003-SKU016128PI,20251026,BR003,SKU016128PI,180,160,20
STK-20251026-BR003-SKU016256BL,20251026,BR003,SKU016256BL,174,142,32
STK-20251026-BR003-SKU016256SI,20251026,BR003,SKU016256SI,169,165,4
STK-20251026-BR003-SKU016256PI,20251026,BR003,SKU016256PI,178,146,32
STK-20251026-BR003-SKU017128BL,20251026,BR003,SKU017128BL,219,208,11
STK-20251026-BR003-SKU017128SI,20251026,BR003,SKU017128SI,244,213,31
STK-20251026-BR003-SKU017128PI,20251026,BR003,SKU017128PI,249,225,24
STK-20251026-BR003-SKU017256BL,20251026,BR003,SKU017256BL,207,204,3
STK-20251026-BR003-SKU017256SI,20251026,BR003,SKU017256SI,263,248,15
STK-20251026-BR003-SKU017256PI,20251026,BR003,SKU017256PI,253,237,16
STK-20251026-BR004-SKU015128BL,20251026,BR004,SKU015128BL,181,81,100
STK-20251026-BR004-SKU015128SI,20251026,BR004,SKU015128SI,248,84,164
STK-20251026-BR004-SKU015128PI,20251026,BR004,SKU015128PI,244,80,164
STK-20251026-BR004-SKU015256BL,20251026,BR004,SKU015256BL,190,84,106
STK-20251026-BR004-SKU015256SI,20251026,BR004,SKU015256SI,193,83,110
STK-20251026-BR004-SKU015256PI,20251026,BR004,SKU015256PI,216,90,126
STK-20251026-BR004-SKU016128BL,20251026,BR004,SKU016128BL,165,150,15
STK-20251026-BR004-SKU016128SI,20251026,BR004,SKU016128SI,186,150,36
STK-20251026-BR004-SKU016128PI,20251026,BR004,SKU016128PI,169,144,25
STK-20251026-BR004-SKU016256BL,20251026,BR004,SKU016256BL,168,152,16
STK-20251026-BR004-SKU016256SI,20251026,BR004,SKU016256SI,159,141,18
STK-20251026-BR004-SKU016256PI,20251026,BR004,SKU016256PI,185,145,40
STK-20251026-BR004-SKU017128BL,20251026,BR004,SKU017128BL,248,234,14
STK-20251026-BR004-SKU017128SI,20251026,BR004,SKU017128SI,216,207,9
STK-20251026-BR004-SKU017128PI,20251026,BR004,SKU017128PI,272,239,33
STK-20251026-BR004-SKU017256BL,20251026,BR004,SKU017256BL,225,222,3
STK-20251026-BR004-SKU017256SI,20251026,BR004,SKU017256SI,224,222,2
STK-20251026-BR004-SKU017256PI,20251026,BR004,SKU017256PI,235,215,20
STK-20251026-BR005-SKU015128BL,20251026,BR005,SKU015128BL,193,79,114
STK-20251026-BR005-SKU015128SI,20251026,BR005,SKU015128SI,195,87,108
STK-20251026-BR005-SKU015128PI,20251026,BR005,SKU015128PI,241,87,154
STK-20251026-BR005-SKU015256BL,20251026,BR005,SKU015256BL,235,79,156
STK-20251026-BR005-SKU015256SI,20251026,BR005,SKU015256SI,259,80,179
STK-20251026-BR005-SKU015256PI,20251026,BR005,SKU015256PI,242,94,148
STK-20251026-BR005-SKU016128BL,20251026,BR005,SKU016128BL,169,136,33
STK-20251026-BR005-SKU016128SI,20251026,BR005,SKU016128SI,184,156,28
STK-20251026-BR005-SKU016128PI,20251026,BR005,SKU016128PI,185,141,44
STK-20251026-BR005-SKU016256BL,20251026,BR005,SKU016256BL,195,157,38
STK-20251026-BR005-SKU016256SI,20251026,BR005,SKU016256SI,147,146,1
STK-20251026-BR005-SKU016256PI,20251026,BR005,SKU016256PI,146,144,2
STK-20251026-BR005-SKU017128BL,20251026,BR005,SKU017128BL,249,218,31
STK-20251026-BR005-SKU017128SI,20251026,BR005,SKU017128SI,215,206,9
STK-20251026-BR005-SKU017128PI,20251026,BR005,SKU017128PI,241,224,17
STK-20251026-BR005-SKU017256BL,20251026,BR005,SKU017256BL,251,218,33
STK-20251026-BR005-SKU017256SI,20251026,BR005,SKU017256SI,209,205,4
STK-20251026-BR005-SKU017256PI,20251026,BR005,SKU017256PI,219,217,2
STK-20251027-BR000-SKU015128BL,20251027,BR000,SKU015128BL,644,0,644
STK-20251027-BR000-SKU015128SI,20251027,BR000,SKU015128SI,795,0,795
STK-20251027-BR000-SKU015128PI,20251027,BR000,SKU015128PI,930,0,930
STK-20251027-BR000-SKU015256BL,20251027,BR000,SKU015256BL,712,0,712
STK-20251027-BR000-SKU015256SI,20251027,BR000,SKU015256SI,744,0,744
STK-20251027-BR000-SKU015256PI,20251027,BR000,SKU015256PI,985,0,985
STK-20251027-BR000-SKU016128BL,20251027,BR000,SKU016128BL,632,0,632
STK-20251027-BR000-SKU016128SI,20251027,BR000,SKU016128SI,857,0,857
STK-20251027-BR000-SKU016128PI,20251027,BR000,SKU016128PI,686,0,686
STK-20251027-BR000-SKU016256BL,20251027,BR000,SKU016256BL,548,0,548
STK-20251027-BR000-SKU016256SI,20251027,BR000,SKU016256SI,855,0,855
STK-20251027-BR000-SKU016256PI,20251027,BR000,SKU016256PI,881,0,881
STK-20251027-BR000-SKU017128BL,20251027,BR000,SKU017128BL,658,0,658
STK-20251027-BR000-SKU017128SI,20251027,BR000,SKU017128SI,661,0,661
STK-20251027-BR000-SKU017128PI,20251027,BR000,SKU017128PI,617,0,617
STK-20251027-BR000-SKU017256BL,20251027,BR000,SKU017256BL,731,0,731
STK-20251027-BR000-SKU017256SI,20251027,BR000,SKU017256SI,682,0,682
STK-20251027-BR000-SKU017256PI,20251027,BR000,SKU017256PI,891,0,891
STK-20251027-BR001-SKU015128BL,20251027,BR001,SKU015128BL,197,90,107
STK-20251027-BR001-SKU015128SI,20251027,BR001,SKU015128SI,227,91,136
STK-20251027-BR001-SKU015128PI,20251027,BR001,SKU015128PI,197,85,112
STK-20251027-BR001-SKU015256BL,20251027,BR001,SKU015256BL,232,86,146
STK-20251027-BR001-SKU015256SI,20251027,BR001,SKU015256SI,187,82,105
STK-20251027-BR001-SKU015256PI,20251027,BR001,SKU015256PI,191,82,109
STK-20251027-BR001-SKU016128BL,20251027,BR001,SKU016128BL,196,165,31
STK-20251027-BR001-SKU016128SI,20251027,BR001,SKU016128SI,178,158,20
STK-20251027-BR001-SKU016128PI,20251027,BR001,SKU016128PI,167,156,11
STK-20251027-BR001-SKU016256BL,20251027,BR001,SKU016256BL,172,162,10
STK-20251027-BR001-SKU016256SI,20251027,BR001,SKU016256SI,187,150,37
STK-20251027-BR001-SKU016256PI,20251027,BR001,SKU016256PI,180,149,31
STK-20251027-BR001-SKU017128BL,20251027,BR001,SKU017128BL,228,203,25
STK-20251027-BR001-SKU017128SI,20251027,BR001,SKU017128SI,229,229,0
STK-20251027-BR001-SKU017128PI,20251027,BR001,SKU017128PI,257,228,29
STK-20251027-BR001-SKU017256BL,20251027,BR001,SKU017256BL,245,234,11
STK-20251027-BR001-SKU017256SI,20251027,BR001,SKU017256SI,227,224,3
STK-20251027-BR001-SKU017256PI,20251027,BR001,SKU017256PI,211,203,8
STK-20251027-BR002-SKU015128BL,20251027,BR002,SKU015128BL,241,94,147
STK-20251027-BR002-SKU015128SI,20251027,BR002,SKU015128SI,202,89,113
STK-20251027-BR002-SKU015128PI,20251027,BR002,SKU015128PI,208,94,114
STK-20251027-BR002-SKU015256BL,20251027,BR002,SKU015256BL,271,79,192
STK-20251027-BR002-SKU015256SI,20251027,BR002,SKU015256SI,162,85,77
STK-20251027-BR002-SKU015256PI,20251027,BR002,SKU015256PI,258,91,167
STK-20251027-BR002-SKU016128BL,20251027,BR002,SKU016128BL,181,149,32
STK-20251027-BR002-SKU016128SI,20251027,BR002,SKU016128SI,194,148,46
STK-20251027-BR002-SKU016128PI,20251027,BR002,SKU016128PI,145,135,10
STK-20251027-BR002-SKU016256BL,20251027,BR002,SKU016256BL,171,158,13
STK-20251027-BR002-SKU016256SI,20251027,BR002,SKU016256SI,184,154,30
STK-20251027-BR002-SKU016256PI,20251027,BR002,SKU016256PI,172,157,15
STK-20251027-BR002-SKU017128BL,20251027,BR002,SKU017128BL,218,212,6
STK-20251027-BR002-SKU017128SI,20251027,BR002,SKU017128SI,255,218,37
STK-20251027-BR002-SKU017128PI,20251027,BR002,SKU017128PI,238,229,9
STK-20251027-BR002-SKU017256BL,20251027,BR002,SKU017256BL,240,219,21
STK-20251027-BR002-SKU017256SI,20251027,BR002,SKU017256SI,232,209,23
STK-20251027-BR002-SKU017256PI,20251027,BR002,SKU017256PI,207,204,3
STK-20251027-BR003-SKU015128BL,20251027,BR003,SKU015128BL,211,93,118
STK-20251027-BR003-SKU015128SI,20251027,BR003,SKU015128SI,251,88,163
STK-20251027-BR003-SKU015128PI,20251027,BR003,SKU015128PI,197,93,104
STK-20251027-BR003-SKU015256BL,20251027,BR003,SKU015256BL,236,82,154
STK-20251027-BR003-SKU015256SI,20251027,BR003,SKU015256SI,253,102,151
STK-20251027-BR003-SKU015256PI,20251027,BR003,SKU015256PI,206,97,109
STK-20251027-BR003-SKU016128BL,20251027,BR003,SKU016128BL,169,148,21
STK-20251027-BR003-SKU016128SI,20251027,BR003,SKU016128SI,173,140,33
STK-20251027-BR003-SKU016128PI,20251027,BR003,SKU016128PI,172,156,16
STK-20251027-BR003-SKU016256BL,20251027,BR003,SKU016256BL,174,148,26
STK-20251027-BR003-SKU016256SI,20251027,BR003,SKU016256SI,193,167,26
STK-20251027-BR003-SKU016256PI,20251027,BR003,SKU016256PI,177,146,31
STK-20251027-BR003-SKU017128BL,20251027,BR003,SKU017128BL,213,209,4
STK-20251027-BR003-SKU017128SI,20251027,BR003,SKU017128SI,244,220,24
STK-20251027-BR003-SKU017128PI,20251027,BR003,SKU017128PI,249,235,14
STK-20251027-BR003-SKU017256BL,20251027,BR003,SKU017256BL,232,209,23
STK-20251027-BR003-SKU017256SI,20251027,BR003,SKU017256SI,251,244,7
STK-20251027-BR003-SKU017256PI,20251027,BR003,SKU017256PI,253,246,7
STK-20251027-BR004-SKU015128BL,20251027,BR004,SKU015128BL,181,82,99
STK-20251027-BR004-SKU015128SI,20251027,BR004,SKU015128SI,247,84,163
STK-20251027-BR004-SKU015128PI,20251027,BR004,SKU015128PI,243,80,163
STK-20251027-BR004-SKU015256BL,20251027,BR004,SKU015256BL,190,86,104
STK-20251027-BR004-SKU015256SI,20251027,BR004,SKU015256SI,193,86,107
STK-20251027-BR004-SKU015256PI,20251027,BR004,SKU015256PI,214,91,123
STK-20251027-BR004-SKU016128BL,20251027,BR004,SKU016128BL,163,157,6
STK-20251027-BR004-SKU016128SI,20251027,BR004,SKU016128SI,183,153,30
STK-20251027-BR004-SKU016128PI,20251027,BR004,SKU016128PI,169,151,18
STK-20251027-BR004-SKU016256BL,20251027,BR004,SKU016256BL,161,147,14
STK-20251027-BR004-SKU016256SI,20251027,BR004,SKU016256SI,157,144,13
STK-20251027-BR004-SKU016256PI,20251027,BR004,SKU016256PI,185,152,33
STK-20251027-BR004-SKU017128BL,20251027,BR004,SKU017128BL,248,244,4
STK-20251027-BR004-SKU017128SI,20251027,BR004,SKU017128SI,250,217,33
STK-20251027-BR004-SKU017128PI,20251027,BR004,SKU017128PI,255,231,24
STK-20251027-BR004-SKU017256BL,20251027,BR004,SKU017256BL,261,235,26
STK-20251027-BR004-SKU017256SI,20251027,BR004,SKU017256SI,253,221,32
STK-20251027-BR004-SKU017256PI,20251027,BR004,SKU017256PI,228,216,12
STK-20251027-BR005-SKU015128BL,20251027,BR005,SKU015128BL,193,80,113
STK-20251027-BR005-SKU015128SI,20251027,BR005,SKU015128SI,191,84,107
STK-20251027-BR005-SKU015128PI,20251027,BR005,SKU015128PI,241,92,149
STK-20251027-BR005-SKU015256BL,20251027,BR005,SKU015256BL,234,79,155
STK-20251027-BR005-SKU015256SI,20251027,BR005,SKU015256SI,257,84,173
STK-20251027-BR005-SKU015256PI,20251027,BR005,SKU015256PI,241,99,142
STK-20251027-BR005-SKU016128BL,20251027,BR005,SKU016128BL,169,143,26
STK-20251027-BR005-SKU016128SI,20251027,BR005,SKU016128SI,184,163,21
STK-20251027-BR005-SKU016128PI,20251027,BR005,SKU016128PI,176,135,41
STK-20251027-BR005-SKU016256BL,20251027,BR005,SKU016256BL,193,157,36
STK-20251027-BR005-SKU016256SI,20251027,BR005,SKU016256SI,184,149,35
STK-20251027-BR005-SKU016256PI,20251027,BR005,SKU016256PI,183,147,36
STK-20251027-BR005-SKU017128BL,20251027,BR005,SKU017128BL,244,227,17
STK-20251027-BR005-SKU017128SI,20251027,BR005,SKU017128SI,208,208,0
STK-20251027-BR005-SKU017128PI,20251027,BR005,SKU017128PI,230,221,9
STK-20251027-BR005-SKU017256BL,20251027,BR005,SKU017256BL,236,214,22
STK-20251027-BR005-SKU017256SI,20251027,BR005,SKU017256SI,232,210,22
STK-20251027-BR005-SKU017256PI,20251027,BR005,SKU017256PI,250,216,34
STK-20251028-BR000-SKU015128BL,20251028,BR000,SKU015128BL,644,0,644
STK-20251028-BR000-SKU015128SI,20251028,BR000,SKU015128SI,795,0,795
STK-20251028-BR000-SKU015128PI,20251028,BR000,SKU015128PI,930,0,930
STK-20251028-BR000-SKU015256BL,20251028,BR000,SKU015256BL,712,0,712
STK-20251028-BR000-SKU015256SI,20251028,BR000,SKU015256SI,744,0,744
STK-20251028-BR000-SKU015256PI,20251028,BR000,SKU015256PI,985,0,985
STK-20251028-BR000-SKU016128BL,20251028,BR000,SKU016128BL,632,0,632
STK-20251028-BR000-SKU016128SI,20251028,BR000,SKU016128SI,857,0,857
STK-20251028-BR000-SKU016128PI,20251028,BR000,SKU016128PI,686,0,686
STK-20251028-BR000-SKU016256BL,20251028,BR000,SKU016256BL,548,0,548
STK-20251028-BR000-SKU016256SI,20251028,BR000,SKU016256SI,855,0,855
STK-20251028-BR000-SKU016256PI,20251028,BR000,SKU016256PI,881,0,881
STK-20251028-BR000-SKU017128BL,20251028,BR000,SKU017128BL,658,0,658
STK-20251028-BR000-SKU017128SI,20251028,BR000,SKU017128SI,661,0,661
STK-20251028-BR000-SKU017128PI,20251028,BR000,SKU017128PI,617,0,617
STK-20251028-BR000-SKU017256BL,20251028,BR000,SKU017256BL,731,0,731
STK-20251028-BR000-SKU017256SI,20251028,BR000,SKU017256SI,682,0,682
STK-20251028-BR000-SKU017256PI,20251028,BR000,SKU017256PI,891,0,891
STK-20251028-BR001-SKU015128BL,20251028,BR001,SKU015128BL,194,89,105
STK-20251028-BR001-SKU015128SI,20251028,BR001,SKU015128SI,224,89,135
STK-20251028-BR001-SKU015128PI,20251028,BR001,SKU015128PI,197,87,110
STK-20251028-BR001-SKU015256BL,20251028,BR001,SKU015256BL,232,87,145
STK-20251028-BR001-SKU015256SI,20251028,BR001,SKU015256SI,187,83,104
STK-20251028-BR001-SKU015256PI,20251028,BR001,SKU015256PI,191,83,108
STK-20251028-BR001-SKU016128BL,20251028,BR001,SKU016128BL,196,173,23
STK-20251028-BR001-SKU016128SI,20251028,BR001,SKU016128SI,176,166,10
STK-20251028-BR001-SKU016128PI,20251028,BR001,SKU016128PI,154,148,6
STK-20251028-BR001-SKU016256BL,20251028,BR001,SKU016256BL,167,162,5
STK-20251028-BR001-SKU016256SI,20251028,BR001,SKU016256SI,187,154,33
STK-20251028-BR001-SKU016256PI,20251028,BR001,SKU016256PI,177,154,23
STK-20251028-BR001-SKU017128BL,20251028,BR001,SKU017128BL,228,212,16
STK-20251028-BR001-SKU017128SI,20251028,BR001,SKU017128SI,262,232,30
STK-20251028-BR001-SKU017128PI,20251028,BR001,SKU017128PI,251,231,20
STK-20251028-BR001-SKU017256BL,20251028,BR001,SKU017256BL,242,239,3
STK-20251028-BR001-SKU017256SI,20251028,BR001,SKU017256SI,251,227,24
STK-20251028-BR001-SKU017256PI,20251028,BR001,SKU017256PI,208,207,1
STK-20251028-BR002-SKU015128BL,20251028,BR002,SKU015128BL,239,97,142
STK-20251028-BR002-SKU015128SI,20251028,BR002,SKU015128SI,199,89,110
STK-20251028-BR002-SKU015128PI,20251028,BR002,SKU015128PI,207,95,112
STK-20251028-BR002-SKU015256BL,20251028,BR002,SKU015256BL,270,80,190
STK-20251028-BR002-SKU015256SI,20251028,BR002,SKU015256SI,162,88,74
STK-20251028-BR002-SKU015256PI,20251028,BR002,SKU015256PI,255,91,164
STK-20251028-BR002-SKU016128BL,20251028,BR002,SKU016128BL,177,154,23
STK-20251028-BR002-SKU016128SI,20251028,BR002,SKU016128SI,194,152,42
STK-20251028-BR002-SKU016128PI,20251028,BR002,SKU016128PI,145,139,6
STK-20251028-BR002-SKU016256BL,20251028,BR002,SKU016256BL,171,163,8
STK-20251028-BR002-SKU016256SI,20251028,BR002,SKU016256SI,184,159,25
STK-20251028-BR002-SKU016256PI,20251028,BR002,SKU016256PI,168,156,12
STK-20251028-BR002-SKU017128BL,20251028,BR002,SKU017128BL,246,218,28
STK-20251028-BR002-SKU017128SI,20251028,BR002,SKU017128SI,255,225,30
STK-20251028-BR002-SKU017128PI,20251028,BR002,SKU017128PI,238,237,1
STK-20251028-BR002-SKU017256BL,20251028,BR002,SKU017256BL,236,223,13
STK-20251028-BR002-SKU017256SI,20251028,BR002,SKU017256SI,232,215,17
STK-20251028-BR002-SKU017256PI,20251028,BR002,SKU017256PI,249,209,40
STK-20251028-BR003-SKU015128BL,20251028,BR003,SKU015128BL,211,96,115
STK-20251028-BR003-SKU015128SI,20251028,BR003,SKU015128SI,249,91,158
STK-20251028-BR003-SKU015128PI,20251028,BR003,SKU015128PI,197,96,101
STK-20251028-BR003-SKU015256BL,20251028,BR003,SKU015256BL,236,83,153
STK-20251028-BR003-SKU015256SI,20251028,BR003,SKU015256SI,252,103,149
STK-20251028-BR003-SKU015256PI,20251028,BR003,SKU015256PI,204,97,107
STK-20251028-BR003-SKU016128BL,20251028,BR003,SKU016128BL,166,146,20
STK-20251028-BR003-SKU016128SI,20251028,BR003,SKU016128SI,173,146,27
STK-20251028-BR003-SKU016128PI,20251028,BR003,SKU016128PI,169,156,13
STK-20251028-BR003-SKU016256BL,20251028,BR003,SKU016256BL,173,150,23
STK-20251028-BR003-SKU016256SI,20251028,BR003,SKU016256SI,193,173,20
STK-20251028-BR003-SKU016256PI,20251028,BR003,SKU016256PI,177,147,30
STK-20251028-BR003-SKU017128BL,20251028,BR003,SKU017128BL,254,217,37
STK-20251028-BR003-SKU017128SI,20251028,BR003,SKU017128SI,236,220,16
STK-20251028-BR003-SKU017128PI,20251028,BR003,SKU017128PI,241,234,7
STK-20251028-BR003-SKU017256BL,20251028,BR003,SKU017256BL,227,218,9
STK-20251028-BR003-SKU017256SI,20251028,BR003,SKU017256SI,271,249,22
STK-20251028-BR003-SKU017256PI,20251028,BR003,SKU017256PI,278,251,27
STK-20251028-BR004-SKU015128BL,20251028,BR004,SKU015128BL,181,85,96
STK-20251028-BR004-SKU015128SI,20251028,BR004,SKU015128SI,247,85,162
STK-20251028-BR004-SKU015128PI,20251028,BR004,SKU015128PI,243,85,158
STK-20251028-BR004-SKU015256BL,20251028,BR004,SKU015256BL,188,85,103
STK-20251028-BR004-SKU015256SI,20251028,BR004,SKU015256SI,193,87,106
STK-20251028-BR004-SKU015256PI,20251028,BR004,SKU015256PI,214,92,122
STK-20251028-BR004-SKU016128BL,20251028,BR004,SKU016128BL,193,163,30
STK-20251028-BR004-SKU016128SI,20251028,BR004,SKU016128SI,174,146,28
STK-20251028-BR004-SKU016128PI,20251028,BR004,SKU016128PI,166,150,16
STK-20251028-BR004-SKU016256BL,20251028,BR004,SKU016256BL,157,148,9
STK-20251028-BR004-SKU016256SI,20251028,BR004,SKU016256SI,154,146,8
STK-20251028-BR004-SKU016256PI,20251028,BR004,SKU016256PI,181,153,28
STK-20251028-BR004-SKU017128BL,20251028,BR004,SKU017128BL,274,247,27
STK-20251028-BR004-SKU017128SI,20251028,BR004,SKU017128SI,248,222,26
STK-20251028-BR004-SKU017128PI,20251028,BR004,SKU017128PI,255,236,19
STK-20251028-BR004-SKU017256BL,20251028,BR004,SKU017256BL,252,232,20
STK-20251028-BR004-SKU017256SI,20251028,BR004,SKU017256SI,253,230,23
STK-20251028-BR004-SKU017256PI,20251028,BR004,SKU017256PI,228,224,4
STK-20251028-BR005-SKU015128BL,20251028,BR005,SKU015128BL,193,81,112
STK-20251028-BR005-SKU015128SI,20251028,BR005,SKU015128SI,189,83,106
STK-20251028-BR005-SKU015128PI,20251028,BR005,SKU015128PI,238,92,146
STK-20251028-BR005-SKU015256BL,20251028,BR005,SKU015256BL,234,80,154
STK-20251028-BR005-SKU015256SI,20251028,BR005,SKU015256SI,257,90,167
STK-20251028-BR005-SKU015256PI,20251028,BR005,SKU015256PI,241,104,137
STK-20251028-BR005-SKU016128BL,20251028,BR005,SKU016128BL,169,148,21
STK-20251028-BR005-SKU016128SI,20251028,BR005,SKU016128SI,184,167,17
STK-20251028-BR005-SKU016128PI,20251028,BR005,SKU016128PI,176,142,34
STK-20251028-BR005-SKU016256BL,20251028,BR005,SKU016256BL,193,160,33
STK-20251028-BR005-SKU016256SI,20251028,BR005,SKU016256SI,174,145,29
STK-20251028-BR005-SKU016256PI,20251028,BR005,SKU016256PI,183,155,28
STK-20251028-BR005-SKU017128BL,20251028,BR005,SKU017128BL,240,230,10
STK-20251028-BR005-SKU017128SI,20251028,BR005,SKU017128SI,247,212,35
STK-20251028-BR005-SKU017128PI,20251028,BR005,SKU017128PI,222,220,2
STK-20251028-BR005-SKU017256BL,20251028,BR005,SKU017256BL,234,220,14
STK-20251028-BR005-SKU017256SI,20251028,BR005,SKU017256SI,232,223,9
STK-20251028-BR005-SKU017256PI,20251028,BR005,SKU017256PI,243,213,30
STK-20251029-BR000-SKU015128BL,20251029,BR000,SKU015128BL,644,0,644
STK-20251029-BR000-SKU015128SI,20251029,BR000,SKU015128SI,795,0,795
STK-20251029-BR000-SKU015128PI,20251029,BR000,SKU015128PI,930,0,930
STK-20251029-BR000-SKU015256BL,20251029,BR000,SKU015256BL,712,0,712
STK-20251029-BR000-SKU015256SI,20251029,BR000,SKU015256SI,744,0,744
STK-20251029-BR000-SKU015256PI,20251029,BR000,SKU015256PI,985,0,985
STK-20251029-BR000-SKU016128BL,20251029,BR000,SKU016128BL,632,0,632
STK-20251029-BR000-SKU016128SI,20251029,BR000,SKU016128SI,857,0,857
STK-20251029-BR000-SKU016128PI,20251029,BR000,SKU016128PI,686,0,686
STK-20251029-BR000-SKU016256BL,20251029,BR000,SKU016256BL,548,0,548
STK-20251029-BR000-SKU016256SI,20251029,BR000,SKU016256SI,855,0,855
STK-20251029-BR000-SKU016256PI,20251029,BR000,SKU016256PI,881,0,881
STK-20251029-BR000-SKU017128BL,20251029,BR000,SKU017128BL,658,0,658
STK-20251029-BR000-SKU017128SI,20251029,BR000,SKU017128SI,661,0,661
STK-20251029-BR000-SKU017128PI,20251029,BR000,SKU017128PI,617,0,617
STK-20251029-BR000-SKU017256BL,20251029,BR000,SKU017256BL,731,0,731
STK-20251029-BR000-SKU017256SI,20251029,BR000,SKU017256SI,682,0,682
STK-20251029-BR000-SKU017256PI,20251029,BR000,SKU017256PI,891,0,891
STK-20251029-BR001-SKU015128BL,20251029,BR001,SKU015128BL,194,93,101
STK-20251029-BR001-SKU015128SI,20251029,BR001,SKU015128SI,224,90,134
STK-20251029-BR001-SKU015128PI,20251029,BR001,SKU015128PI,196,88,108
STK-20251029-BR001-SKU015256BL,20251029,BR001,SKU015256BL,231,89,142
STK-20251029-BR001-SKU015256SI,20251029,BR001,SKU015256SI,187,86,101
STK-20251029-BR001-SKU015256PI,20251029,BR001,SKU015256PI,191,88,103
STK-20251029-BR001-SKU016128BL,20251029,BR001,SKU016128BL,196,180,16
STK-20251029-BR001-SKU016128SI,20251029,BR001,SKU016128SI,176,173,3
STK-20251029-BR001-SKU016128PI,20251029,BR001,SKU016128PI,147,144,3
STK-20251029-BR001-SKU016256BL,20251029,BR001,SKU016256BL,201,169,32
STK-20251029-BR001-SKU016256SI,20251029,BR001,SKU016256SI,181,156,25
STK-20251029-BR001-SKU016256PI,20251029,BR001,SKU016256PI,174,160,14
STK-20251029-BR001-SKU017128BL,20251029,BR001,SKU017128BL,225,223,2
STK-20251029-BR001-SKU017128SI,20251029,BR001,SKU017128SI,257,236,21
STK-20251029-BR001-SKU017128PI,20251029,BR001,SKU017128PI,244,232,12
STK-20251029-BR001-SKU017256BL,20251029,BR001,SKU017256BL,261,233,28
STK-20251029-BR001-SKU017256SI,20251029,BR001,SKU017256SI,247,229,18
STK-20251029-BR001-SKU017256PI,20251029,BR001,SKU017256PI,231,206,25
STK-20251029-BR002-SKU015128BL,20251029,BR002,SKU015128BL,239,98,141
STK-20251029-BR002-SKU015128SI,20251029,BR002,SKU015128SI,197,88,109
STK-20251029-BR002-SKU015128PI,20251029,BR002,SKU015128PI,204,95,109
STK-20251029-BR002-SKU015256BL,20251029,BR002,SKU015256BL,270,81,189
STK-20251029-BR002-SKU015256SI,20251029,BR002,SKU015256SI,162,91,71
STK-20251029-BR002-SKU015256PI,20251029,BR002,SKU015256PI,255,93,162
STK-20251029-BR002-SKU016128BL,20251029,BR002,SKU016128BL,176,158,18
STK-20251029-BR002-SKU016128SI,20251029,BR002,SKU016128SI,192,158,34
STK-20251029-BR002-SKU016128PI,20251029,BR002,SKU016128PI,143,140,3
STK-20251029-BR002-SKU016256BL,20251029,BR002,SKU016256BL,162,156,6
STK-20251029-BR002-SKU016256SI,20251029,BR002,SKU016256SI,175,157,18
STK-20251029-BR002-SKU016256PI,20251029,BR002,SKU016256PI,166,156,10
STK-20251029-BR002-SKU017128BL,20251029,BR002,SKU017128BL,244,225,19
STK-20251029-BR002-SKU017128SI,20251029,BR002,SKU017128SI,243,224,19
STK-20251029-BR002-SKU017128PI,20251029,BR002,SKU017128PI,279,240,39
STK-20251029-BR002-SKU017256BL,20251029,BR002,SKU017256BL,228,222,6
STK-20251029-BR002-SKU017256SI,20251029,BR002,SKU017256SI,229,217,12
STK-20251029-BR002-SKU017256PI,20251029,BR002,SKU017256PI,249,216,33
STK-20251029-BR003-SKU015128BL,20251029,BR003,SKU015128BL,207,93,114
STK-20251029-BR003-SKU015128SI,20251029,BR003,SKU015128SI,248,91,157
STK-20251029-BR003-SKU015128PI,20251029,BR003,SKU015128PI,197,99,98
STK-20251029-BR003-SKU015256BL,20251029,BR003,SKU015256BL,233,83,150
STK-20251029-BR003-SKU015256SI,20251029,BR003,SKU015256SI,246,100,146
STK-20251029-BR003-SKU015256PI,20251029,BR003,SKU015256PI,204,101,103
STK-20251029-BR003-SKU016128BL,20251029,BR003,SKU016128BL,165,153,12
STK-20251029-BR003-SKU016128SI,20251029,BR003,SKU016128SI,171,151,20
STK-20251029-BR003-SKU016128PI,20251029,BR003,SKU016128PI,165,160,5
STK-20251029-BR003-SKU016256BL,20251029,BR003,SKU016256BL,172,153,19
STK-20251029-BR003-SKU016256SI,20251029,BR003,SKU016256SI,192,175,17
STK-20251029-BR003-SKU016256PI,20251029,BR003,SKU016256PI,173,145,28
STK-20251029-BR003-SKU017128BL,20251029,BR003,SKU017128BL,250,220,30
STK-20251029-BR003-SKU017128SI,20251029,BR003,SKU017128SI,236,229,7
STK-20251029-BR003-SKU017128PI,20251029,BR003,SKU017128PI,236,234,2
STK-20251029-BR003-SKU017256BL,20251029,BR003,SKU017256BL,257,221,36
STK-20251029-BR003-SKU017256SI,20251029,BR003,SKU017256SI,263,255,8
STK-20251029-BR003-SKU017256PI,20251029,BR003,SKU017256PI,278,262,16
STK-20251029-BR004-SKU015128BL,20251029,BR004,SKU015128BL,181,87,94
STK-20251029-BR004-SKU015128SI,20251029,BR004,SKU015128SI,247,88,159
STK-20251029-BR004-SKU015128PI,20251029,BR004,SKU015128PI,243,86,157
STK-20251029-BR004-SKU015256BL,20251029,BR004,SKU015256BL,186,86,100
STK-20251029-BR004-SKU015256SI,20251029,BR004,SKU015256SI,191,88,103
STK-20251029-BR004-SKU015256PI,20251029,BR004,SKU015256PI,214,93,121
STK-20251029-BR004-SKU016128BL,20251029,BR004,SKU016128BL,188,163,25
STK-20251029-BR004-SKU016128SI,20251029,BR004,SKU016128SI,174,156,18
STK-20251029-BR004-SKU016128PI,20251029,BR004,SKU016128PI,162,151,11
STK-20251029-BR004-SKU016256BL,20251029,BR004,SKU016256BL,155,155,0
STK-20251029-BR004-SKU016256SI,20251029,BR004,SKU016256SI,154,152,2
STK-20251029-BR004-SKU016256PI,20251029,BR004,SKU016256PI,177,158,19
STK-20251029-BR004-SKU017128BL,20251029,BR004,SKU017128BL,258,241,17
STK-20251029-BR004-SKU017128SI,20251029,BR004,SKU017128SI,233,212,21
STK-20251029-BR004-SKU017128PI,20251029,BR004,SKU017128PI,255,246,9
STK-20251029-BR004-SKU017256BL,20251029,BR004,SKU017256BL,248,235,13
STK-20251029-BR004-SKU017256SI,20251029,BR004,SKU017256SI,247,228,19
STK-20251029-BR004-SKU017256PI,20251029,BR004,SKU017256PI,241,214,27
STK-20251029-BR005-SKU015128BL,20251029,BR005,SKU015128BL,193,82,111
STK-20251029-BR005-SKU015128SI,20251029,BR005,SKU015128SI,189,85,104
STK-20251029-BR005-SKU015128PI,20251029,BR005,SKU015128PI,238,96,142
STK-20251029-BR005-SKU015256BL,20251029,BR005,SKU015256BL,231,78,153
STK-20251029-BR005-SKU015256SI,20251029,BR005,SKU015256SI,257,94,163
STK-20251029-BR005-SKU015256PI,20251029,BR005,SKU015256PI,235,99,136
STK-20251029-BR005-SKU016128BL,20251029,BR005,SKU016128BL,165,150,15
STK-20251029-BR005-SKU016128SI,20251029,BR005,SKU016128SI,170,155,15
STK-20251029-BR005-SKU016128PI,20251029,BR005,SKU016128PI,176,146,30
STK-20251029-BR005-SKU016256BL,20251029,BR005,SKU016256BL,187,159,28
STK-20251029-BR005-SKU016256SI,20251029,BR005,SKU016256SI,174,150,24
STK-20251029-BR005-SKU016256PI,20251029,BR005,SKU016256PI,181,161,20
STK-20251029-BR005-SKU017128BL,20251029,BR005,SKU017128BL,234,227,7
STK-20251029-BR005-SKU017128SI,20251029,BR005,SKU017128SI,245,218,27
STK-20251029-BR005-SKU017128PI,20251029,BR005,SKU017128PI,266,227,39
STK-20251029-BR005-SKU017256BL,20251029,BR005,SKU017256BL,227,223,4
STK-20251029-BR005-SKU017256SI,20251029,BR005,SKU017256SI,254,227,27
STK-20251029-BR005-SKU017256PI,20251029,BR005,SKU017256PI,239,217,22
STK-20251030-BR000-SKU015128BL,20251030,BR000,SKU015128BL,644,0,644
STK-20251030-BR000-SKU015128SI,20251030,BR000,SKU015128SI,795,0,795
STK-20251030-BR000-SKU015128PI,20251030,BR000,SKU015128PI,930,0,930
STK-20251030-BR000-SKU015256BL,20251030,BR000,SKU015256BL,712,0,712
STK-20251030-BR000-SKU015256SI,20251030,BR000,SKU015256SI,744,0,744
STK-20251030-BR000-SKU015256PI,20251030,BR000,SKU015256PI,985,0,985
STK-20251030-BR000-SKU016128BL,20251030,BR000,SKU016128BL,632,0,632
STK-20251030-BR000-SKU016128SI,20251030,BR000,SKU016128SI,857,0,857
STK-20251030-BR000-SKU016128PI,20251030,BR000,SKU016128PI,686,0,686
STK-20251030-BR000-SKU016256BL,20251030,BR000,SKU016256BL,548,0,548
STK-20251030-BR000-SKU016256SI,20251030,BR000,SKU016256SI,855,0,855
STK-20251030-BR000-SKU016256PI,20251030,BR000,SKU016256PI,881,0,881
STK-20251030-BR000-SKU017128BL,20251030,BR000,SKU017128BL,658,0,658
STK-20251030-BR000-SKU017128SI,20251030,BR000,SKU017128SI,661,0,661
STK-20251030-BR000-SKU017128PI,20251030,BR000,SKU017128PI,617,0,617
STK-20251030-BR000-SKU017256BL,20251030,BR000,SKU017256BL,731,0,731
STK-20251030-BR000-SKU017256SI,20251030,BR000,SKU017256SI,682,0,682
STK-20251030-BR000-SKU017256PI,20251030,BR000,SKU017256PI,891,0,891
STK-20251030-BR001-SKU015128BL,20251030,BR001,SKU015128BL,220,93,127
STK-20251030-BR001-SKU015128SI,20251030,BR001,SKU015128SI,260,91,169
STK-20251030-BR001-SKU015128PI,20251030,BR001,SKU015128PI,256,92,164
STK-20251030-BR001-SKU015256BL,20251030,BR001,SKU015256BL,280,92,188
STK-20251030-BR001-SKU015256SI,20251030,BR001,SKU015256SI,239,85,154
STK-20251030-BR001-SKU015256PI,20251030,BR001,SKU015256PI,232,93,139
STK-20251030-BR001-SKU016128BL,20251030,BR001,SKU016128BL,228,180,48
STK-20251030-BR001-SKU016128SI,20251030,BR001,SKU016128SI,225,177,48
STK-20251030-BR001-SKU016128PI,20251030,BR001,SKU016128PI,186,147,39
STK-20251030-BR001-SKU016256BL,20251030,BR001,SKU016256BL,235,170,65
STK-20251030-BR001-SKU016256SI,20251030,BR001,SKU016256SI,234,163,71
STK-20251030-BR001-SKU016256PI,20251030,BR001,SKU016256PI,225,162,63
STK-20251030-BR001-SKU017128BL,20251030,BR001,SKU017128BL,277,226,51
STK-20251030-BR001-SKU017128SI,20251030,BR001,SKU017128SI,314,247,67
STK-20251030-BR001-SKU017128PI,20251030,BR001,SKU017128PI,283,236,47
STK-20251030-BR001-SKU017256BL,20251030,BR001,SKU017256BL,275,225,50
STK-20251030-BR001-SKU017256SI,20251030,BR001,SKU017256SI,282,227,55
STK-20251030-BR001-SKU017256PI,20251030,BR001,SKU017256PI,281,216,65
STK-20251030-BR002-SKU015128BL,20251030,BR002,SKU015128BL,286,102,184
STK-20251030-BR002-SKU015128SI,20251030,BR002,SKU015128SI,236,87,149
STK-20251030-BR002-SKU015128PI,20251030,BR002,SKU015128PI,240,97,143
STK-20251030-BR002-SKU015256BL,20251030,BR002,SKU015256BL,305,82,223
STK-20251030-BR002-SKU015256SI,20251030,BR002,SKU015256SI,211,96,115
STK-20251030-BR002-SKU015256PI,20251030,BR002,SKU015256PI,309,94,215
STK-20251030-BR002-SKU016128BL,20251030,BR002,SKU016128BL,223,162,61
STK-20251030-BR002-SKU016128SI,20251030,BR002,SKU016128SI,243,157,86
STK-20251030-BR002-SKU016128PI,20251030,BR002,SKU016128PI,185,142,43
STK-20251030-BR002-SKU016256BL,20251030,BR002,SKU016256BL,220,159,61
STK-20251030-BR002-SKU016256SI,20251030,BR002,SKU016256SI,212,164,48
STK-20251030-BR002-SKU016256PI,20251030,BR002,SKU016256PI,201,155,46
STK-20251030-BR002-SKU017128BL,20251030,BR002,SKU017128BL,289,223,66
STK-20251030-BR002-SKU017128SI,20251030,BR002,SKU017128SI,290,226,64
STK-20251030-BR002-SKU017128PI,20251030,BR002,SKU017128PI,299,242,57
STK-20251030-BR002-SKU017256BL,20251030,BR002,SKU017256BL,260,233,27
STK-20251030-BR002-SKU017256SI,20251030,BR002,SKU017256SI,258,222,36
STK-20251030-BR002-SKU017256PI,20251030,BR002,SKU017256PI,278,217,61
STK-20251030-BR003-SKU015128BL,20251030,BR003,SKU015128BL,256,96,160
STK-20251030-BR003-SKU015128SI,20251030,BR003,SKU015128SI,303,96,207
STK-20251030-BR003-SKU015128PI,20251030,BR003,SKU015128PI,246,102,144
STK-20251030-BR003-SKU015256BL,20251030,BR003,SKU015256BL,278,88,190
STK-20251030-BR003-SKU015256SI,20251030,BR003,SKU015256SI,302,103,199
STK-20251030-BR003-SKU015256PI,20251030,BR003,SKU015256PI,257,103,154
STK-20251030-BR003-SKU016128BL,20251030,BR003,SKU016128BL,199,156,43
STK-20251030-BR003-SKU016128SI,20251030,BR003,SKU016128SI,214,153,61
STK-20251030-BR003-SKU016128PI,20251030,BR003,SKU016128PI,205,165,40
STK-20251030-BR003-SKU016256BL,20251030,BR003,SKU016256BL,205,155,50
STK-20251030-BR003-SKU016256SI,20251030,BR003,SKU016256SI,242,182,60
STK-20251030-BR003-SKU016256PI,20251030,BR003,SKU016256PI,218,147,71
STK-20251030-BR003-SKU017128BL,20251030,BR003,SKU017128BL,282,222,60
STK-20251030-BR003-SKU017128SI,20251030,BR003,SKU017128SI,276,228,48
STK-20251030-BR003-SKU017128PI,20251030,BR003,SKU017128PI,284,234,50
STK-20251030-BR003-SKU017256BL,20251030,BR003,SKU017256BL,307,230,77
STK-20251030-BR003-SKU017256SI,20251030,BR003,SKU017256SI,294,252,42
STK-20251030-BR003-SKU017256PI,20251030,BR003,SKU017256PI,328,266,62
STK-20251030-BR004-SKU015128BL,20251030,BR004,SKU015128BL,224,92,132
STK-20251030-BR004-SKU015128SI,20251030,BR004,SKU015128SI,277,89,188
STK-20251030-BR004-SKU015128PI,20251030,BR004,SKU015128PI,281,87,194
STK-20251030-BR004-SKU015256BL,20251030,BR004,SKU015256BL,240,88,152
STK-20251030-BR004-SKU015256SI,20251030,BR004,SKU015256SI,236,88,148
STK-20251030-BR004-SKU015256PI,20251030,BR004,SKU015256PI,274,97,177
STK-20251030-BR004-SKU016128BL,20251030,BR004,SKU016128BL,227,156,71
STK-20251030-BR004-SKU016128SI,20251030,BR004,SKU016128SI,192,150,42
STK-20251030-BR004-SKU016128PI,20251030,BR004,SKU016128PI,206,152,54
STK-20251030-BR004-SKU016256BL,20251030,BR004,SKU016256BL,188,154,34
STK-20251030-BR004-SKU016256SI,20251030,BR004,SKU016256SI,190,147,43
STK-20251030-BR004-SKU016256PI,20251030,BR004,SKU016256PI,221,159,62
STK-20251030-BR004-SKU017128BL,20251030,BR004,SKU017128BL,278,237,41
STK-20251030-BR004-SKU017128SI,20251030,BR004,SKU017128SI,279,215,64
STK-20251030-BR004-SKU017128PI,20251030,BR004,SKU017128PI,289,253,36
STK-20251030-BR004-SKU017256BL,20251030,BR004,SKU017256BL,285,238,47
STK-20251030-BR004-SKU017256SI,20251030,BR004,SKU017256SI,301,235,66
STK-20251030-BR004-SKU017256PI,20251030,BR004,SKU017256PI,296,225,71
STK-20251030-BR005-SKU015128BL,20251030,BR005,SKU015128BL,233,83,150
STK-20251030-BR005-SKU015128SI,20251030,BR005,SKU015128SI,245,85,160
STK-20251030-BR005-SKU015128PI,20251030,BR005,SKU015128PI,275,95,180
STK-20251030-BR005-SKU015256BL,20251030,BR005,SKU015256BL,278,80,198
STK-20251030-BR005-SKU015256SI,20251030,BR005,SKU015256SI,299,92,207
STK-20251030-BR005-SKU015256PI,20251030,BR005,SKU015256PI,295,100,195
STK-20251030-BR005-SKU016128BL,20251030,BR005,SKU016128BL,201,148,53
STK-20251030-BR005-SKU016128SI,20251030,BR005,SKU016128SI,205,156,49
STK-20251030-BR005-SKU016128PI,20251030,BR005,SKU016128PI,224,154,70
STK-20251030-BR005-SKU016256BL,20251030,BR005,SKU016256BL,224,162,62
STK-20251030-BR005-SKU016256SI,20251030,BR005,SKU016256SI,207,154,53
STK-20251030-BR005-SKU016256PI,20251030,BR005,SKU016256PI,229,157,72
STK-20251030-BR005-SKU017128BL,20251030,BR005,SKU017128BL,293,234,59
STK-20251030-BR005-SKU017128SI,20251030,BR005,SKU017128SI,273,225,48
STK-20251030-BR005-SKU017128PI,20251030,BR005,SKU017128PI,317,233,84
STK-20251030-BR005-SKU017256BL,20251030,BR005,SKU017256BL,258,229,29
STK-20251030-BR005-SKU017256SI,20251030,BR005,SKU017256SI,308,240,68
STK-20251030-BR005-SKU017256PI,20251030,BR005,SKU017256PI,288,223,65
STK-20251031-BR000-SKU015128BL,20251031,BR000,SKU015128BL,644,0,644
STK-20251031-BR000-SKU015128SI,20251031,BR000,SKU015128SI,795,0,795
STK-20251031-BR000-SKU015128PI,20251031,BR000,SKU015128PI,930,0,930
STK-20251031-BR000-SKU015256BL,20251031,BR000,SKU015256BL,712,0,712
STK-20251031-BR000-SKU015256SI,20251031,BR000,SKU015256SI,744,0,744
STK-20251031-BR000-SKU015256PI,20251031,BR000,SKU015256PI,985,0,985
STK-20251031-BR000-SKU016128BL,20251031,BR000,SKU016128BL,632,0,632
STK-20251031-BR000-SKU016128SI,20251031,BR000,SKU016128SI,857,0,857
STK-20251031-BR000-SKU016128PI,20251031,BR000,SKU016128PI,686,0,686
STK-20251031-BR000-SKU016256BL,20251031,BR000,SKU016256BL,548,0,548
STK-20251031-BR000-SKU016256SI,20251031,BR000,SKU016256SI,855,0,855
STK-20251031-BR000-SKU016256PI,20251031,BR000,SKU016256PI,881,0,881
STK-20251031-BR000-SKU017128BL,20251031,BR000,SKU017128BL,658,0,658
STK-20251031-BR000-SKU017128SI,20251031,BR000,SKU017128SI,661,0,661
STK-20251031-BR000-SKU017128PI,20251031,BR000,SKU017128PI,617,0,617
STK-20251031-BR000-SKU017256BL,20251031,BR000,SKU017256BL,731,0,731
STK-20251031-BR000-SKU017256SI,20251031,BR000,SKU017256SI,682,0,682
STK-20251031-BR000-SKU017256PI,20251031,BR000,SKU017256PI,891,0,891
STK-20251031-BR001-SKU015128BL,20251031,BR001,SKU015128BL,219,97,122
STK-20251031-BR001-SKU015128SI,20251031,BR001,SKU015128SI,260,93,167
STK-20251031-BR001-SKU015128PI,20251031,BR001,SKU015128PI,254,91,163
STK-20251031-BR001-SKU015256BL,20251031,BR001,SKU015256BL,277,91,186
STK-20251031-BR001-SKU015256SI,20251031,BR001,SKU015256SI,239,86,153
STK-20251031-BR001-SKU015256PI,20251031,BR001,SKU015256PI,229,93,136
STK-20251031-BR001-SKU016128BL,20251031,BR001,SKU016128BL,225,182,43
STK-20251031-BR001-SKU016128SI,20251031,BR001,SKU016128SI,221,176,45
STK-20251031-BR001-SKU016128PI,20251031,BR001,SKU016128PI,186,156,30
STK-20251031-BR001-SKU016256BL,20251031,BR001,SKU016256BL,226,168,58
STK-20251031-BR001-SKU016256SI,20251031,BR001,SKU016256SI,227,162,65
STK-20251031-BR001-SKU016256PI,20251031,BR001,SKU016256PI,225,167,58
STK-20251031-BR001-SKU017128BL,20251031,BR001,SKU017128BL,272,235,37
STK-20251031-BR001-SKU017128SI,20251031,BR001,SKU017128SI,292,229,63
STK-20251031-BR001-SKU017128PI,20251031,BR001,SKU017128PI,283,243,40
STK-20251031-BR001-SKU017256BL,20251031,BR001,SKU017256BL,267,230,37
STK-20251031-BR001-SKU017256SI,20251031,BR001,SKU017256SI,279,233,46
STK-20251031-BR001-SKU017256PI,20251031,BR001,SKU017256PI,275,220,55
STK-20251031-BR002-SKU015128BL,20251031,BR002,SKU015128BL,284,102,182
STK-20251031-BR002-SKU015128SI,20251031,BR002,SKU015128SI,235,90,145
STK-20251031-BR002-SKU015128PI,20251031,BR002,SKU015128PI,240,98,142
STK-20251031-BR002-SKU015256BL,20251031,BR002,SKU015256BL,302,80,222
STK-20251031-BR002-SKU015256SI,20251031,BR002,SKU015256SI,211,99,112
STK-20251031-BR002-SKU015256PI,20251031,BR002,SKU015256PI,306,93,213
STK-20251031-BR002-SKU016128BL,20251031,BR002,SKU016128BL,220,168,52
STK-20251031-BR002-SKU016128SI,20251031,BR002,SKU016128SI,242,163,79
STK-20251031-BR002-SKU016128PI,20251031,BR002,SKU016128PI,183,145,38
STK-20251031-BR002-SKU016256BL,20251031,BR002,SKU016256BL,220,167,53
STK-20251031-BR002-SKU016256SI,20251031,BR002,SKU016256SI,210,169,41
STK-20251031-BR002-SKU016256PI,20251031,BR002,SKU016256PI,199,155,44
STK-20251031-BR002-SKU017128BL,20251031,BR002,SKU017128BL,283,230,53
STK-20251031-BR002-SKU017128SI,20251031,BR002,SKU017128SI,290,235,55
STK-20251031-BR002-SKU017128PI,20251031,BR002,SKU017128PI,293,245,48
STK-20251031-BR002-SKU017256BL,20251031,BR002,SKU017256BL,260,245,15
STK-20251031-BR002-SKU017256SI,20251031,BR002,SKU017256SI,248,222,26
STK-20251031-BR002-SKU017256PI,20251031,BR002,SKU017256PI,275,225,50
STK-20251031-BR003-SKU015128BL,20251031,BR003,SKU015128BL,255,96,159
STK-20251031-BR003-SKU015128SI,20251031,BR003,SKU015128SI,301,95,206
STK-20251031-BR003-SKU015128PI,20251031,BR003,SKU015128PI,246,105,141
STK-20251031-BR003-SKU015256BL,20251031,BR003,SKU015256BL,278,90,188
STK-20251031-BR003-SKU015256SI,20251031,BR003,SKU015256SI,302,109,193
STK-20251031-BR003-SKU015256PI,20251031,BR003,SKU015256PI,256,104,152
STK-20251031-BR003-SKU016128BL,20251031,BR003,SKU016128BL,195,161,34
STK-20251031-BR003-SKU016128SI,20251031,BR003,SKU016128SI,214,156,58
STK-20251031-BR003-SKU016128PI,20251031,BR003,SKU016128PI,205,170,35
STK-20251031-BR003-SKU016256BL,20251031,BR003,SKU016256BL,200,155,45
STK-20251031-BR003-SKU016256SI,20251031,BR003,SKU016256SI,242,190,52
STK-20251031-BR003-SKU016256PI,20251031,BR003,SKU016256PI,216,147,69
STK-20251031-BR003-SKU017128BL,20251031,BR003,SKU017128BL,277,227,50
STK-20251031-BR003-SKU017128SI,20251031,BR003,SKU017128SI,270,233,37
STK-20251031-BR003-SKU017128PI,20251031,BR003,SKU017128PI,278,240,38
STK-20251031-BR003-SKU017256BL,20251031,BR003,SKU017256BL,307,235,72
STK-20251031-BR003-SKU017256SI,20251031,BR003,SKU017256SI,283,251,32
STK-20251031-BR003-SKU017256PI,20251031,BR003,SKU017256PI,313,260,53
STK-20251031-BR004-SKU015128BL,20251031,BR004,SKU015128BL,223,94,129
STK-20251031-BR004-SKU015128SI,20251031,BR004,SKU015128SI,276,91,185
STK-20251031-BR004-SKU015128PI,20251031,BR004,SKU015128PI,278,86,192
STK-20251031-BR004-SKU015256BL,20251031,BR004,SKU015256BL,238,87,151
STK-20251031-BR004-SKU015256SI,20251031,BR004,SKU015256SI,236,89,147
STK-20251031-BR004-SKU015256PI,20251031,BR004,SKU015256PI,273,101,172
STK-20251031-BR004-SKU016128BL,20251031,BR004,SKU016128BL,223,162,61
STK-20251031-BR004-SKU016128SI,20251031,BR004,SKU016128SI,188,151,37
STK-20251031-BR004-SKU016128PI,20251031,BR004,SKU016128PI,206,158,48
STK-20251031-BR004-SKU016256BL,20251031,BR004,SKU016256BL,188,159,29
STK-20251031-BR004-SKU016256SI,20251031,BR004,SKU016256SI,187,152,35
STK-20251031-BR004-SKU016256PI,20251031,BR004,SKU016256PI,221,165,56
STK-20251031-BR004-SKU017128BL,20251031,BR004,SKU017128BL,278,246,32
STK-20251031-BR004-SKU017128SI,20251031,BR004,SKU017128SI,279,225,54
STK-20251031-BR004-SKU017128PI,20251031,BR004,SKU017128PI,277,251,26
STK-20251031-BR004-SKU017256BL,20251031,BR004,SKU017256BL,282,246,36
STK-20251031-BR004-SKU017256SI,20251031,BR004,SKU017256SI,290,232,58
STK-20251031-BR004-SKU017256PI,20251031,BR004,SKU017256PI,288,223,65
STK-20251031-BR005-SKU015128BL,20251031,BR005,SKU015128BL,233,87,146
STK-20251031-BR005-SKU015128SI,20251031,BR005,SKU015128SI,244,87,157
STK-20251031-BR005-SKU015128PI,20251031,BR005,SKU015128PI,274,98,176
STK-20251031-BR005-SKU015256BL,20251031,BR005,SKU015256BL,277,81,196
STK-20251031-BR005-SKU015256SI,20251031,BR005,SKU015256SI,297,91,206
STK-20251031-BR005-SKU015256PI,20251031,BR005,SKU015256PI,295,101,194
STK-20251031-BR005-SKU016128BL,20251031,BR005,SKU016128BL,198,149,49
STK-20251031-BR005-SKU016128SI,20251031,BR005,SKU016128SI,195,156,39
STK-20251031-BR005-SKU016128PI,20251031,BR005,SKU016128PI,223,155,68
STK-20251031-BR005-SKU016256BL,20251031,BR005,SKU016256BL,217,164,53
STK-20251031-BR005-SKU016256SI,20251031,BR005,SKU016256SI,203,155,48
STK-20251031-BR005-SKU016256PI,20251031,BR005,SKU016256PI,229,161,68
STK-20251031-BR005-SKU017128BL,20251031,BR005,SKU017128BL,282,231,51
STK-20251031-BR005-SKU017128SI,20251031,BR005,SKU017128SI,273,234,39
STK-20251031-BR005-SKU017128PI,20251031,BR005,SKU017128PI,314,237,77
STK-20251031-BR005-SKU017256BL,20251031,BR005,SKU017256BL,258,237,21
STK-20251031-BR005-SKU017256SI,20251031,BR005,SKU017256SI,305,246,59
STK-20251031-BR005-SKU017256PI,20251031,BR005,SKU017256PI,288,230,58
STK-20251101-BR000-SKU015128BL,20251101,BR000,SKU015128BL,644,0,644
STK-20251101-BR000-SKU015128SI,20251101,BR000,SKU015128SI,795,0,795
STK-20251101-BR000-SKU015128PI,20251101,BR000,SKU015128PI,930,0,930
STK-20251101-BR000-SKU015256BL,20251101,BR000,SKU015256BL,712,0,712
STK-20251101-BR000-SKU015256SI,20251101,BR000,SKU015256SI,744,0,744
STK-20251101-BR000-SKU015256PI,20251101,BR000,SKU015256PI,985,0,985
STK-20251101-BR000-SKU016128BL,20251101,BR000,SKU016128BL,632,0,632
STK-20251101-BR000-SKU016128SI,20251101,BR000,SKU016128SI,857,0,857
STK-20251101-BR000-SKU016128PI,20251101,BR000,SKU016128PI,686,0,686
STK-20251101-BR000-SKU016256BL,20251101,BR000,SKU016256BL,548,0,548
STK-20251101-BR000-SKU016256SI,20251101,BR000,SKU016256SI,855,0,855
STK-20251101-BR000-SKU016256PI,20251101,BR000,SKU016256PI,881,0,881
STK-20251101-BR000-SKU017128BL,20251101,BR000,SKU017128BL,658,0,658
STK-20251101-BR000-SKU017128SI,20251101,BR000,SKU017128SI,661,0,661
STK-20251101-BR000-SKU017128PI,20251101,BR000,SKU017128PI,617,0,617
STK-20251101-BR000-SKU017256BL,20251101,BR000,SKU017256BL,731,0,731
STK-20251101-BR000-SKU017256SI,20251101,BR000,SKU017256SI,682,0,682
STK-20251101-BR000-SKU017256PI,20251101,BR000,SKU017256PI,891,0,891
STK-20251101-BR001-SKU015128BL,20251101,BR001,SKU015128BL,219,98,121
STK-20251101-BR001-SKU015128SI,20251101,BR001,SKU015128SI,259,93,166
STK-20251101-BR001-SKU015128PI,20251101,BR001,SKU015128PI,254,92,162
STK-20251101-BR001-SKU015256BL,20251101,BR001,SKU015256BL,272,92,180
STK-20251101-BR001-SKU015256SI,20251101,BR001,SKU015256SI,239,87,152
STK-20251101-BR001-SKU015256PI,20251101,BR001,SKU015256PI,227,93,134
STK-20251101-BR001-SKU016128BL,20251101,BR001,SKU016128BL,221,182,39
STK-20251101-BR001-SKU016128SI,20251101,BR001,SKU016128SI,211,167,44
STK-20251101-BR001-SKU016128PI,20251101,BR001,SKU016128PI,186,162,24
STK-20251101-BR001-SKU016256BL,20251101,BR001,SKU016256BL,223,170,53
STK-20251101-BR001-SKU016256SI,20251101,BR001,SKU016256SI,227,166,61
STK-20251101-BR001-SKU016256PI,20251101,BR001,SKU016256PI,224,170,54
STK-20251101-BR001-SKU017128BL,20251101,BR001,SKU017128BL,272,242,30
STK-20251101-BR001-SKU017128SI,20251101,BR001,SKU017128SI,290,232,58
STK-20251101-BR001-SKU017128PI,20251101,BR001,SKU017128PI,279,251,28
STK-20251101-BR001-SKU017256BL,20251101,BR001,SKU017256BL,258,232,26
STK-20251101-BR001-SKU017256SI,20251101,BR001,SKU017256SI,279,239,40
STK-20251101-BR001-SKU017256PI,20251101,BR001,SKU017256PI,270,222,48
STK-20251101-BR002-SKU015128BL,20251101,BR002,SKU015128BL,281,103,178
STK-20251101-BR002-SKU015128SI,20251101,BR002,SKU015128SI,235,91,144
STK-20251101-BR002-SKU015128PI,20251101,BR002,SKU015128PI,239,100,139
STK-20251101-BR002-SKU015256BL,20251101,BR002,SKU015256BL,302,86,216
STK-20251101-BR002-SKU015256SI,20251101,BR002,SKU015256SI,210,99,111
STK-20251101-BR002-SKU015256PI,20251101,BR002,SKU015256PI,306,94,212
STK-20251101-BR002-SKU016128BL,20251101,BR002,SKU016128BL,220,174,46
STK-20251101-BR002-SKU016128SI,20251101,BR002,SKU016128SI,239,165,74
STK-20251101-BR002-SKU016128PI,20251101,BR002,SKU016128PI,183,150,33
STK-20251101-BR002-SKU016256BL,20251101,BR002,SKU016256BL,215,168,47
STK-20251101-BR002-SKU016256SI,20251101,BR002,SKU016256SI,210,173,37
STK-20251101-BR002-SKU016256PI,20251101,BR002,SKU016256PI,198,156,42
STK-20251101-BR002-SKU017128BL,20251101,BR002,SKU017128BL,276,228,48
STK-20251101-BR002-SKU017128SI,20251101,BR002,SKU017128SI,283,234,49
STK-20251101-BR002-SKU017128PI,20251101,BR002,SKU017128PI,285,242,43
STK-20251101-BR002-SKU017256BL,20251101,BR002,SKU017256BL,260,254,6
STK-20251101-BR002-SKU017256SI,20251101,BR002,SKU017256SI,248,233,15
STK-20251101-BR002-SKU017256PI,20251101,BR002,SKU017256PI,268,224,44
STK-20251101-BR003-SKU015128BL,20251101,BR003,SKU015128BL,254,99,155
STK-20251101-BR003-SKU015128SI,20251101,BR003,SKU015128SI,301,100,201
STK-20251101-BR003-SKU015128PI,20251101,BR003,SKU015128PI,244,106,138
STK-20251101-BR003-SKU015256BL,20251101,BR003,SKU015256BL,276,90,186
STK-20251101-BR003-SKU015256SI,20251101,BR003,SKU015256SI,301,110,191
STK-20251101-BR003-SKU015256PI,20251101,BR003,SKU015256PI,255,105,150
STK-20251101-BR003-SKU016128BL,20251101,BR003,SKU016128BL,190,165,25
STK-20251101-BR003-SKU016128SI,20251101,BR003,SKU016128SI,207,153,54
STK-20251101-BR003-SKU016128PI,20251101,BR003,SKU016128PI,205,175,30
STK-20251101-BR003-SKU016256BL,20251101,BR003,SKU016256BL,200,162,38
STK-20251101-BR003-SKU016256SI,20251101,BR003,SKU016256SI,230,186,44
STK-20251101-BR003-SKU016256PI,20251101,BR003,SKU016256PI,215,154,61
STK-20251101-BR003-SKU017128BL,20251101,BR003,SKU017128BL,277,239,38
STK-20251101-BR003-SKU017128SI,20251101,BR003,SKU017128SI,266,237,29
STK-20251101-BR003-SKU017128PI,20251101,BR003,SKU017128PI,278,252,26
STK-20251101-BR003-SKU017256BL,20251101,BR003,SKU017256BL,290,228,62
STK-20251101-BR003-SKU017256SI,20251101,BR003,SKU017256SI,283,261,22
STK-20251101-BR003-SKU017256PI,20251101,BR003,SKU017256PI,294,248,46
STK-20251101-BR004-SKU015128BL,20251101,BR004,SKU015128BL,223,95,128
STK-20251101-BR004-SKU015128SI,20251101,BR004,SKU015128SI,275,95,180
STK-20251101-BR004-SKU015128PI,20251101,BR004,SKU015128PI,278,90,188
STK-20251101-BR004-SKU015256BL,20251101,BR004,SKU015256BL,237,90,147
STK-20251101-BR004-SKU015256SI,20251101,BR004,SKU015256SI,234,88,146
STK-20251101-BR004-SKU015256PI,20251101,BR004,SKU015256PI,271,101,170
STK-20251101-BR004-SKU016128BL,20251101,BR004,SKU016128BL,221,165,56
STK-20251101-BR004-SKU016128SI,20251101,BR004,SKU016128SI,188,155,33
STK-20251101-BR004-SKU016128PI,20251101,BR004,SKU016128PI,199,153,46
STK-20251101-BR004-SKU016256BL,20251101,BR004,SKU016256BL,179,158,21
STK-20251101-BR004-SKU016256SI,20251101,BR004,SKU016256SI,186,155,31
STK-20251101-BR004-SKU016256PI,20251101,BR004,SKU016256PI,215,162,53
STK-20251101-BR004-SKU017128BL,20251101,BR004,SKU017128BL,270,243,27
STK-20251101-BR004-SKU017128SI,20251101,BR004,SKU017128SI,279,230,49
STK-20251101-BR004-SKU017128PI,20251101,BR004,SKU017128PI,277,260,17
STK-20251101-BR004-SKU017256BL,20251101,BR004,SKU017256BL,282,255,27
STK-20251101-BR004-SKU017256SI,20251101,BR004,SKU017256SI,290,239,51
STK-20251101-BR004-SKU017256PI,20251101,BR004,SKU017256PI,278,224,54
STK-20251101-BR005-SKU015128BL,20251101,BR005,SKU015128BL,233,91,142
STK-20251101-BR005-SKU015128SI,20251101,BR005,SKU015128SI,244,88,156
STK-20251101-BR005-SKU015128PI,20251101,BR005,SKU015128PI,271,100,171
STK-20251101-BR005-SKU015256BL,20251101,BR005,SKU015256BL,277,84,193
STK-20251101-BR005-SKU015256SI,20251101,BR005,SKU015256SI,293,92,201
STK-20251101-BR005-SKU015256PI,20251101,BR005,SKU015256PI,291,100,191
STK-20251101-BR005-SKU016128BL,20251101,BR005,SKU016128BL,198,152,46
STK-20251101-BR005-SKU016128SI,20251101,BR005,SKU016128SI,193,158,35
STK-20251101-BR005-SKU016128PI,20251101,BR005,SKU016128PI,223,159,64
STK-20251101-BR005-SKU016256BL,20251101,BR005,SKU016256BL,215,168,47
STK-20251101-BR005-SKU016256SI,20251101,BR005,SKU016256SI,200,153,47
STK-20251101-BR005-SKU016256PI,20251101,BR005,SKU016256PI,229,166,63
STK-20251101-BR005-SKU017128BL,20251101,BR005,SKU017128BL,269,230,39
STK-20251101-BR005-SKU017128SI,20251101,BR005,SKU017128SI,273,244,29
STK-20251101-BR005-SKU017128PI,20251101,BR005,SKU017128PI,305,233,72
STK-20251101-BR005-SKU017256BL,20251101,BR005,SKU017256BL,258,244,14
STK-20251101-BR005-SKU017256SI,20251101,BR005,SKU017256SI,296,243,53
STK-20251101-BR005-SKU017256PI,20251101,BR005,SKU017256PI,282,232,50
STK-20251102-BR000-SKU015128BL,20251102,BR000,SKU015128BL,644,0,644
STK-20251102-BR000-SKU015128SI,20251102,BR000,SKU015128SI,795,0,795
STK-20251102-BR000-SKU015128PI,20251102,BR000,SKU015128PI,930,0,930
STK-20251102-BR000-SKU015256BL,20251102,BR000,SKU015256BL,712,0,712
STK-20251102-BR000-SKU015256SI,20251102,BR000,SKU015256SI,744,0,744
STK-20251102-BR000-SKU015256PI,20251102,BR000,SKU015256PI,985,0,985
STK-20251102-BR000-SKU016128BL,20251102,BR000,SKU016128BL,632,0,632
STK-20251102-BR000-SKU016128SI,20251102,BR000,SKU016128SI,857,0,857
STK-20251102-BR000-SKU016128PI,20251102,BR000,SKU016128PI,686,0,686
STK-20251102-BR000-SKU016256BL,20251102,BR000,SKU016256BL,548,0,548
STK-20251102-BR000-SKU016256SI,20251102,BR000,SKU016256SI,855,0,855
STK-20251102-BR000-SKU016256PI,20251102,BR000,SKU016256PI,881,0,881
STK-20251102-BR000-SKU017128BL,20251102,BR000,SKU017128BL,658,0,658
STK-20251102-BR000-SKU017128SI,20251102,BR000,SKU017128SI,661,0,661
STK-20251102-BR000-SKU017128PI,20251102,BR000,SKU017128PI,617,0,617
STK-20251102-BR000-SKU017256BL,20251102,BR000,SKU017256BL,731,0,731
STK-20251102-BR000-SKU017256SI,20251102,BR000,SKU017256SI,682,0,682
STK-20251102-BR000-SKU017256PI,20251102,BR000,SKU017256PI,891,0,891
STK-20251102-BR001-SKU015128BL,20251102,BR001,SKU015128BL,219,100,119
STK-20251102-BR001-SKU015128SI,20251102,BR001,SKU015128SI,256,91,165
STK-20251102-BR001-SKU015128PI,20251102,BR001,SKU015128PI,254,93,161
STK-20251102-BR001-SKU015256BL,20251102,BR001,SKU015256BL,266,88,178
STK-20251102-BR001-SKU015256SI,20251102,BR001,SKU015256SI,239,91,148
STK-20251102-BR001-SKU015256PI,20251102,BR001,SKU015256PI,225,94,131
STK-20251102-BR001-SKU016128BL,20251102,BR001,SKU016128BL,216,183,33
STK-20251102-BR001-SKU016128SI,20251102,BR001,SKU016128SI,208,169,39
STK-20251102-BR001-SKU016128PI,20251102,BR001,SKU016128PI,178,160,18
STK-20251102-BR001-SKU016256BL,20251102,BR001,SKU016256BL,218,170,48
STK-20251102-BR001-SKU016256SI,20251102,BR001,SKU016256SI,215,160,55
STK-20251102-BR001-SKU016256PI,20251102,BR001,SKU016256PI,219,174,45
STK-20251102-BR001-SKU017128BL,20251102,BR001,SKU017128BL,269,249,20
STK-20251102-BR001-SKU017128SI,20251102,BR001,SKU017128SI,288,242,46
STK-20251102-BR001-SKU017128PI,20251102,BR001,SKU017128PI,269,245,24
STK-20251102-BR001-SKU017256BL,20251102,BR001,SKU017256BL,253,233,20
STK-20251102-BR001-SKU017256SI,20251102,BR001,SKU017256SI,265,229,36
STK-20251102-BR001-SKU017256PI,20251102,BR001,SKU017256PI,266,224,42
STK-20251102-BR002-SKU015128BL,20251102,BR002,SKU015128BL,279,104,175
STK-20251102-BR002-SKU015128SI,20251102,BR002,SKU015128SI,235,92,143
STK-20251102-BR002-SKU015128PI,20251102,BR002,SKU015128PI,236,99,137
STK-20251102-BR002-SKU015256BL,20251102,BR002,SKU015256BL,298,83,215
STK-20251102-BR002-SKU015256SI,20251102,BR002,SKU015256SI,207,97,110
STK-20251102-BR002-SKU015256PI,20251102,BR002,SKU015256PI,306,95,211
STK-20251102-BR002-SKU016128BL,20251102,BR002,SKU016128BL,207,164,43
STK-20251102-BR002-SKU016128SI,20251102,BR002,SKU016128SI,239,170,69
STK-20251102-BR002-SKU016128PI,20251102,BR002,SKU016128PI,179,156,23
STK-20251102-BR002-SKU016256BL,20251102,BR002,SKU016256BL,214,173,41
STK-20251102-BR002-SKU016256SI,20251102,BR002,SKU016256SI,208,178,30
STK-20251102-BR002-SKU016256PI,20251102,BR002,SKU016256PI,192,156,36
STK-20251102-BR002-SKU017128BL,20251102,BR002,SKU017128BL,273,235,38
STK-20251102-BR002-SKU017128SI,20251102,BR002,SKU017128SI,263,221,42
STK-20251102-BR002-SKU017128PI,20251102,BR002,SKU017128PI,285,251,34
STK-20251102-BR002-SKU017256BL,20251102,BR002,SKU017256BL,287,259,28
STK-20251102-BR002-SKU017256SI,20251102,BR002,SKU017256SI,242,235,7
STK-20251102-BR002-SKU017256PI,20251102,BR002,SKU017256PI,263,229,34
STK-20251102-BR003-SKU015128BL,20251102,BR003,SKU015128BL,251,101,150
STK-20251102-BR003-SKU015128SI,20251102,BR003,SKU015128SI,301,103,198
STK-20251102-BR003-SKU015128PI,20251102,BR003,SKU015128PI,243,108,135
STK-20251102-BR003-SKU015256BL,20251102,BR003,SKU015256BL,276,91,185
STK-20251102-BR003-SKU015256SI,20251102,BR003,SKU015256SI,296,106,190
STK-20251102-BR003-SKU015256PI,20251102,BR003,SKU015256PI,253,108,145
STK-20251102-BR003-SKU016128BL,20251102,BR003,SKU016128BL,190,168,22
STK-20251102-BR003-SKU016128SI,20251102,BR003,SKU016128SI,207,159,48
STK-20251102-BR003-SKU016128PI,20251102,BR003,SKU016128PI,202,176,26
STK-20251102-BR003-SKU016256BL,20251102,BR003,SKU016256BL,200,164,36
STK-20251102-BR003-SKU016256SI,20251102,BR003,SKU016256SI,230,188,42
STK-20251102-BR003-SKU016256PI,20251102,BR003,SKU016256PI,215,161,54
STK-20251102-BR003-SKU017128BL,20251102,BR003,SKU017128BL,271,242,29
STK-20251102-BR003-SKU017128SI,20251102,BR003,SKU017128SI,261,238,23
STK-20251102-BR003-SKU017128PI,20251102,BR003,SKU017128PI,272,256,16
STK-20251102-BR003-SKU017256BL,20251102,BR003,SKU017256BL,290,238,52
STK-20251102-BR003-SKU017256SI,20251102,BR003,SKU017256SI,283,272,11
STK-20251102-BR003-SKU017256PI,20251102,BR003,SKU017256PI,294,253,41
STK-20251102-BR004-SKU015128BL,20251102,BR004,SKU015128BL,222,96,126
STK-20251102-BR004-SKU015128SI,20251102,BR004,SKU015128SI,275,100,175
STK-20251102-BR004-SKU015128PI,20251102,BR004,SKU015128PI,278,93,185
STK-20251102-BR004-SKU015256BL,20251102,BR004,SKU015256BL,236,90,146
STK-20251102-BR004-SKU015256SI,20251102,BR004,SKU015256SI,234,92,142
STK-20251102-BR004-SKU015256PI,20251102,BR004,SKU015256PI,271,103,168
STK-20251102-BR004-SKU016128BL,20251102,BR004,SKU016128BL,215,164,51
STK-20251102-BR004-SKU016128SI,20251102,BR004,SKU016128SI,185,157,28
STK-20251102-BR004-SKU016128PI,20251102,BR004,SKU016128PI,199,154,45
STK-20251102-BR004-SKU016256BL,20251102,BR004,SKU016256BL,175,156,19
STK-20251102-BR004-SKU016256SI,20251102,BR004,SKU016256SI,181,155,26
STK-20251102-BR004-SKU016256PI,20251102,BR004,SKU016256PI,207,157,50
STK-20251102-BR004-SKU017128BL,20251102,BR004,SKU017128BL,266,253,13
STK-20251102-BR004-SKU017128SI,20251102,BR004,SKU017128SI,279,242,37
STK-20251102-BR004-SKU017128PI,20251102,BR004,SKU017128PI,277,267,10
STK-20251102-BR004-SKU017256BL,20251102,BR004,SKU017256BL,270,249,21
STK-20251102-BR004-SKU017256SI,20251102,BR004,SKU017256SI,271,230,41
STK-20251102-BR004-SKU017256PI,20251102,BR004,SKU017256PI,278,232,46
STK-20251102-BR005-SKU015128BL,20251102,BR005,SKU015128BL,233,97,136
STK-20251102-BR005-SKU015128SI,20251102,BR005,SKU015128SI,244,89,155
STK-20251102-BR005-SKU015128PI,20251102,BR005,SKU015128PI,267,100,167
STK-20251102-BR005-SKU015256BL,20251102,BR005,SKU015256BL,275,83,192
STK-20251102-BR005-SKU015256SI,20251102,BR005,SKU015256SI,293,94,199
STK-20251102-BR005-SKU015256PI,20251102,BR005,SKU015256PI,288,100,188
STK-20251102-BR005-SKU016128BL,20251102,BR005,SKU016128BL,193,151,42
STK-20251102-BR005-SKU016128SI,20251102,BR005,SKU016128SI,193,163,30
STK-20251102-BR005-SKU016128PI,20251102,BR005,SKU016128PI,223,166,57
STK-20251102-BR005-SKU016256BL,20251102,BR005,SKU016256BL,210,172,38
STK-20251102-BR005-SKU016256SI,20251102,BR005,SKU016256SI,200,161,39
STK-20251102-BR005-SKU016256PI,20251102,BR005,SKU016256PI,223,164,59
STK-20251102-BR005-SKU017128BL,20251102,BR005,SKU017128BL,263,228,35
STK-20251102-BR005-SKU017128SI,20251102,BR005,SKU017128SI,268,244,24
STK-20251102-BR005-SKU017128PI,20251102,BR005,SKU017128PI,296,228,68
STK-20251102-BR005-SKU017256BL,20251102,BR005,SKU017256BL,244,237,7
STK-20251102-BR005-SKU017256SI,20251102,BR005,SKU017256SI,287,242,45
STK-20251102-BR005-SKU017256PI,20251102,BR005,SKU017256PI,272,230,42
STK-20251103-BR000-SKU015128BL,20251103,BR000,SKU015128BL,644,0,644
STK-20251103-BR000-SKU015128SI,20251103,BR000,SKU015128SI,795,0,795
STK-20251103-BR000-SKU015128PI,20251103,BR000,SKU015128PI,930,0,930
STK-20251103-BR000-SKU015256BL,20251103,BR000,SKU015256BL,712,0,712
STK-20251103-BR000-SKU015256SI,20251103,BR000,SKU015256SI,744,0,744
STK-20251103-BR000-SKU015256PI,20251103,BR000,SKU015256PI,985,0,985
STK-20251103-BR000-SKU016128BL,20251103,BR000,SKU016128BL,632,0,632
STK-20251103-BR000-SKU016128SI,20251103,BR000,SKU016128SI,857,0,857
STK-20251103-BR000-SKU016128PI,20251103,BR000,SKU016128PI,686,0,686
STK-20251103-BR000-SKU016256BL,20251103,BR000,SKU016256BL,548,0,548
STK-20251103-BR000-SKU016256SI,20251103,BR000,SKU016256SI,855,0,855
STK-20251103-BR000-SKU016256PI,20251103,BR000,SKU016256PI,881,0,881
STK-20251103-BR000-SKU017128BL,20251103,BR000,SKU017128BL,658,0,658
STK-20251103-BR000-SKU017128SI,20251103,BR000,SKU017128SI,661,0,661
STK-20251103-BR000-SKU017128PI,20251103,BR000,SKU017128PI,617,0,617
STK-20251103-BR000-SKU017256BL,20251103,BR000,SKU017256BL,731,0,731
STK-20251103-BR000-SKU017256SI,20251103,BR000,SKU017256SI,682,0,682
STK-20251103-BR000-SKU017256PI,20251103,BR000,SKU017256PI,891,0,891
STK-20251103-BR001-SKU015128BL,20251103,BR001,SKU015128BL,214,96,118
STK-20251103-BR001-SKU015128SI,20251103,BR001,SKU015128SI,256,95,161
STK-20251103-BR001-SKU015128PI,20251103,BR001,SKU015128PI,254,98,156
STK-20251103-BR001-SKU015256BL,20251103,BR001,SKU015256BL,266,90,176
STK-20251103-BR001-SKU015256SI,20251103,BR001,SKU015256SI,239,93,146
STK-20251103-BR001-SKU015256PI,20251103,BR001,SKU015256PI,225,97,128
STK-20251103-BR001-SKU016128BL,20251103,BR001,SKU016128BL,216,186,30
STK-20251103-BR001-SKU016128SI,20251103,BR001,SKU016128SI,208,174,34
STK-20251103-BR001-SKU016128PI,20251103,BR001,SKU016128PI,174,166,8
STK-20251103-BR001-SKU016256BL,20251103,BR001,SKU016256BL,212,167,45
STK-20251103-BR001-SKU016256SI,20251103,BR001,SKU016256SI,215,162,53
STK-20251103-BR001-SKU016256PI,20251103,BR001,SKU016256PI,216,180,36
STK-20251103-BR001-SKU017128BL,20251103,BR001,SKU017128BL,265,257,8
STK-20251103-BR001-SKU017128SI,20251103,BR001,SKU017128SI,285,246,39
STK-20251103-BR001-SKU017128PI,20251103,BR001,SKU017128PI,269,253,16
STK-20251103-BR001-SKU017256BL,20251103,BR001,SKU017256BL,253,239,14
STK-20251103-BR001-SKU017256SI,20251103,BR001,SKU017256SI,259,234,25
STK-20251103-BR001-SKU017256PI,20251103,BR001,SKU017256PI,260,223,37
STK-20251103-BR002-SKU015128BL,20251103,BR002,SKU015128BL,277,107,170
STK-20251103-BR002-SKU015128SI,20251103,BR002,SKU015128SI,233,91,142
STK-20251103-BR002-SKU015128PI,20251103,BR002,SKU015128PI,235,100,135
STK-20251103-BR002-SKU015256BL,20251103,BR002,SKU015256BL,298,84,214
STK-20251103-BR002-SKU015256SI,20251103,BR002,SKU015256SI,205,98,107
STK-20251103-BR002-SKU015256PI,20251103,BR002,SKU015256PI,305,98,207
STK-20251103-BR002-SKU016128BL,20251103,BR002,SKU016128BL,207,169,38
STK-20251103-BR002-SKU016128SI,20251103,BR002,SKU016128SI,239,175,64
STK-20251103-BR002-SKU016128PI,20251103,BR002,SKU016128PI,179,160,19
STK-20251103-BR002-SKU016256BL,20251103,BR002,SKU016256BL,206,166,40
STK-20251103-BR002-SKU016256SI,20251103,BR002,SKU016256SI,204,181,23
STK-20251103-BR002-SKU016256PI,20251103,BR002,SKU016256PI,188,158,30
STK-20251103-BR002-SKU017128BL,20251103,BR002,SKU017128BL,261,229,32
STK-20251103-BR002-SKU017128SI,20251103,BR002,SKU017128SI,263,225,38
STK-20251103-BR002-SKU017128PI,20251103,BR002,SKU017128PI,278,253,25
STK-20251103-BR002-SKU017256BL,20251103,BR002,SKU017256BL,279,264,15
STK-20251103-BR002-SKU017256SI,20251103,BR002,SKU017256SI,261,241,20
STK-20251103-BR002-SKU017256PI,20251103,BR002,SKU017256PI,263,239,24
STK-20251103-BR003-SKU015128BL,20251103,BR003,SKU015128BL,251,104,147
STK-20251103-BR003-SKU015128SI,20251103,BR003,SKU015128SI,301,105,196
STK-20251103-BR003-SKU015128PI,20251103,BR003,SKU015128PI,243,111,132
STK-20251103-BR003-SKU015256BL,20251103,BR003,SKU015256BL,276,96,180
STK-20251103-BR003-SKU015256SI,20251103,BR003,SKU015256SI,295,107,188
STK-20251103-BR003-SKU015256PI,20251103,BR003,SKU015256PI,252,112,140
STK-20251103-BR003-SKU016128BL,20251103,BR003,SKU016128BL,184,168,16
STK-20251103-BR003-SKU016128SI,20251103,BR003,SKU016128SI,203,160,43
STK-20251103-BR003-SKU016128PI,20251103,BR003,SKU016128PI,197,174,23
STK-20251103-BR003-SKU016256BL,20251103,BR003,SKU016256BL,191,161,30
STK-20251103-BR003-SKU016256SI,20251103,BR003,SKU016256SI,230,190,40
STK-20251103-BR003-SKU016256PI,20251103,BR003,SKU016256PI,214,168,46
STK-20251103-BR003-SKU017128BL,20251103,BR003,SKU017128BL,264,244,20
STK-20251103-BR003-SKU017128SI,20251103,BR003,SKU017128SI,257,239,18
STK-20251103-BR003-SKU017128PI,20251103,BR003,SKU017128PI,272,265,7
STK-20251103-BR003-SKU017256BL,20251103,BR003,SKU017256BL,279,238,41
STK-20251103-BR003-SKU017256SI,20251103,BR003,SKU017256SI,316,286,30
STK-20251103-BR003-SKU017256PI,20251103,BR003,SKU017256PI,279,245,34
STK-20251103-BR004-SKU015128BL,20251103,BR004,SKU015128BL,218,95,123
STK-20251103-BR004-SKU015128SI,20251103,BR004,SKU015128SI,274,105,169
STK-20251103-BR004-SKU015128PI,20251103,BR004,SKU015128PI,278,97,181
STK-20251103-BR004-SKU015256BL,20251103,BR004,SKU015256BL,236,92,144
STK-20251103-BR004-SKU015256SI,20251103,BR004,SKU015256SI,232,93,139
STK-20251103-BR004-SKU015256PI,20251103,BR004,SKU015256PI,271,108,163
STK-20251103-BR004-SKU016128BL,20251103,BR004,SKU016128BL,215,168,47
STK-20251103-BR004-SKU016128SI,20251103,BR004,SKU016128SI,184,164,20
STK-20251103-BR004-SKU016128PI,20251103,BR004,SKU016128PI,198,158,40
STK-20251103-BR004-SKU016256BL,20251103,BR004,SKU016256BL,175,157,18
STK-20251103-BR004-SKU016256SI,20251103,BR004,SKU016256SI,181,160,21
STK-20251103-BR004-SKU016256PI,20251103,BR004,SKU016256PI,202,157,45
STK-20251103-BR004-SKU017128BL,20251103,BR004,SKU017128BL,266,264,2
STK-20251103-BR004-SKU017128SI,20251103,BR004,SKU017128SI,273,243,30
STK-20251103-BR004-SKU017128PI,20251103,BR004,SKU017128PI,299,264,35
STK-20251103-BR004-SKU017256BL,20251103,BR004,SKU017256BL,262,247,15
STK-20251103-BR004-SKU017256SI,20251103,BR004,SKU017256SI,271,236,35
STK-20251103-BR004-SKU017256PI,20251103,BR004,SKU017256PI,275,233,42
STK-20251103-BR005-SKU015128BL,20251103,BR005,SKU015128BL,233,102,131
STK-20251103-BR005-SKU015128SI,20251103,BR005,SKU015128SI,244,90,154
STK-20251103-BR005-SKU015128PI,20251103,BR005,SKU015128PI,267,104,163
STK-20251103-BR005-SKU015256BL,20251103,BR005,SKU015256BL,275,85,190
STK-20251103-BR005-SKU015256SI,20251103,BR005,SKU015256SI,293,95,198
STK-20251103-BR005-SKU015256PI,20251103,BR005,SKU015256PI,288,101,187
STK-20251103-BR005-SKU016128BL,20251103,BR005,SKU016128BL,193,155,38
STK-20251103-BR005-SKU016128SI,20251103,BR005,SKU016128SI,193,170,23
STK-20251103-BR005-SKU016128PI,20251103,BR005,SKU016128PI,223,176,47
STK-20251103-BR005-SKU016256BL,20251103,BR005,SKU016256BL,210,174,36
STK-20251103-BR005-SKU016256SI,20251103,BR005,SKU016256SI,197,166,31
STK-20251103-BR005-SKU016256PI,20251103,BR005,SKU016256PI,220,164,56
STK-20251103-BR005-SKU017128BL,20251103,BR005,SKU017128BL,263,241,22
STK-20251103-BR005-SKU017128SI,20251103,BR005,SKU017128SI,268,250,18
STK-20251103-BR005-SKU017128PI,20251103,BR005,SKU017128PI,296,234,62
STK-20251103-BR005-SKU017256BL,20251103,BR005,SKU017256BL,275,249,26
STK-20251103-BR005-SKU017256SI,20251103,BR005,SKU017256SI,273,237,36
STK-20251103-BR005-SKU017256PI,20251103,BR005,SKU017256PI,268,238,30
STK-20251104-BR000-SKU015128BL,20251104,BR000,SKU015128BL,644,0,644
STK-20251104-BR000-SKU015128SI,20251104,BR000,SKU015128SI,795,0,795
STK-20251104-BR000-SKU015128PI,20251104,BR000,SKU015128PI,930,0,930
STK-20251104-BR000-SKU015256BL,20251104,BR000,SKU015256BL,712,0,712
STK-20251104-BR000-SKU015256SI,20251104,BR000,SKU015256SI,744,0,744
STK-20251104-BR000-SKU015256PI,20251104,BR000,SKU015256PI,985,0,985
STK-20251104-BR000-SKU016128BL,20251104,BR000,SKU016128BL,632,0,632
STK-20251104-BR000-SKU016128SI,20251104,BR000,SKU016128SI,857,0,857
STK-20251104-BR000-SKU016128PI,20251104,BR000,SKU016128PI,686,0,686
STK-20251104-BR000-SKU016256BL,20251104,BR000,SKU016256BL,548,0,548
STK-20251104-BR000-SKU016256SI,20251104,BR000,SKU016256SI,855,0,855
STK-20251104-BR000-SKU016256PI,20251104,BR000,SKU016256PI,881,0,881
STK-20251104-BR000-SKU017128BL,20251104,BR000,SKU017128BL,658,0,658
STK-20251104-BR000-SKU017128SI,20251104,BR000,SKU017128SI,661,0,661
STK-20251104-BR000-SKU017128PI,20251104,BR000,SKU017128PI,617,0,617
STK-20251104-BR000-SKU017256BL,20251104,BR000,SKU017256BL,731,0,731
STK-20251104-BR000-SKU017256SI,20251104,BR000,SKU017256SI,682,0,682
STK-20251104-BR000-SKU017256PI,20251104,BR000,SKU017256PI,891,0,891
STK-20251104-BR001-SKU015128BL,20251104,BR001,SKU015128BL,214,97,117
STK-20251104-BR001-SKU015128SI,20251104,BR001,SKU015128SI,256,100,156
STK-20251104-BR001-SKU015128PI,20251104,BR001,SKU015128PI,253,99,154
STK-20251104-BR001-SKU015256BL,20251104,BR001,SKU015256BL,265,93,172
STK-20251104-BR001-SKU015256SI,20251104,BR001,SKU015256SI,239,94,145
STK-20251104-BR001-SKU015256PI,20251104,BR001,SKU015256PI,225,99,126
STK-20251104-BR001-SKU016128BL,20251104,BR001,SKU016128BL,209,187,22
STK-20251104-BR001-SKU016128SI,20251104,BR001,SKU016128SI,206,176,30
STK-20251104-BR001-SKU016128PI,20251104,BR001,SKU016128PI,164,159,5
STK-20251104-BR001-SKU016256BL,20251104,BR001,SKU016256BL,210,172,38
STK-20251104-BR001-SKU016256SI,20251104,BR001,SKU016256SI,213,169,44
STK-20251104-BR001-SKU016256PI,20251104,BR001,SKU016256PI,207,177,30
STK-20251104-BR001-SKU017128BL,20251104,BR001,SKU017128BL,296,264,32
STK-20251104-BR001-SKU017128SI,20251104,BR001,SKU017128SI,277,243,34
STK-20251104-BR001-SKU017128PI,20251104,BR001,SKU017128PI,262,258,4
STK-20251104-BR001-SKU017256BL,20251104,BR001,SKU017256BL,249,246,3
STK-20251104-BR001-SKU017256SI,20251104,BR001,SKU017256SI,255,241,14
STK-20251104-BR001-SKU017256PI,20251104,BR001,SKU017256PI,257,233,24
STK-20251104-BR002-SKU015128BL,20251104,BR002,SKU015128BL,277,112,165
STK-20251104-BR002-SKU015128SI,20251104,BR002,SKU015128SI,232,93,139
STK-20251104-BR002-SKU015128PI,20251104,BR002,SKU015128PI,234,101,133
STK-20251104-BR002-SKU015256BL,20251104,BR002,SKU015256BL,298,85,213
STK-20251104-BR002-SKU015256SI,20251104,BR002,SKU015256SI,204,99,105
STK-20251104-BR002-SKU015256PI,20251104,BR002,SKU015256PI,303,98,205
STK-20251104-BR002-SKU016128BL,20251104,BR002,SKU016128BL,204,175,29
STK-20251104-BR002-SKU016128SI,20251104,BR002,SKU016128SI,239,182,57
STK-20251104-BR002-SKU016128PI,20251104,BR002,SKU016128PI,172,157,15
STK-20251104-BR002-SKU016256BL,20251104,BR002,SKU016256BL,203,168,35
STK-20251104-BR002-SKU016256SI,20251104,BR002,SKU016256SI,200,183,17
STK-20251104-BR002-SKU016256PI,20251104,BR002,SKU016256PI,184,162,22
STK-20251104-BR002-SKU017128BL,20251104,BR002,SKU017128BL,261,239,22
STK-20251104-BR002-SKU017128SI,20251104,BR002,SKU017128SI,263,229,34
STK-20251104-BR002-SKU017128PI,20251104,BR002,SKU017128PI,270,252,18
STK-20251104-BR002-SKU017256BL,20251104,BR002,SKU017256BL,268,265,3
STK-20251104-BR002-SKU017256SI,20251104,BR002,SKU017256SI,261,247,14
STK-20251104-BR002-SKU017256PI,20251104,BR002,SKU017256PI,246,234,12
STK-20251104-BR003-SKU015128BL,20251104,BR003,SKU015128BL,250,104,146
STK-20251104-BR003-SKU015128SI,20251104,BR003,SKU015128SI,300,105,195
STK-20251104-BR003-SKU015128PI,20251104,BR003,SKU015128PI,239,111,128
STK-20251104-BR003-SKU015256BL,20251104,BR003,SKU015256BL,276,99,177
STK-20251104-BR003-SKU015256SI,20251104,BR003,SKU015256SI,294,107,187
STK-20251104-BR003-SKU015256PI,20251104,BR003,SKU015256PI,246,109,137
STK-20251104-BR003-SKU016128BL,20251104,BR003,SKU016128BL,181,171,10
STK-20251104-BR003-SKU016128SI,20251104,BR003,SKU016128SI,203,168,35
STK-20251104-BR003-SKU016128PI,20251104,BR003,SKU016128PI,197,181,16
STK-20251104-BR003-SKU016256BL,20251104,BR003,SKU016256BL,191,162,29
STK-20251104-BR003-SKU016256SI,20251104,BR003,SKU016256SI,222,184,38
STK-20251104-BR003-SKU016256PI,20251104,BR003,SKU016256PI,208,167,41
STK-20251104-BR003-SKU017128BL,20251104,BR003,SKU017128BL,264,249,15
STK-20251104-BR003-SKU017128SI,20251104,BR003,SKU017128SI,246,234,12
STK-20251104-BR003-SKU017128PI,20251104,BR003,SKU017128PI,298,261,37
STK-20251104-BR003-SKU017256BL,20251104,BR003,SKU017256BL,279,251,28
STK-20251104-BR003-SKU017256SI,20251104,BR003,SKU017256SI,309,282,27
STK-20251104-BR003-SKU017256PI,20251104,BR003,SKU017256PI,272,248,24
STK-20251104-BR004-SKU015128BL,20251104,BR004,SKU015128BL,217,97,120
STK-20251104-BR004-SKU015128SI,20251104,BR004,SKU015128SI,274,109,165
STK-20251104-BR004-SKU015128PI,20251104,BR004,SKU015128PI,278,102,176
STK-20251104-BR004-SKU015256BL,20251104,BR004,SKU015256BL,234,96,138
STK-20251104-BR004-SKU015256SI,20251104,BR004,SKU015256SI,230,93,137
STK-20251104-BR004-SKU015256PI,20251104,BR004,SKU015256PI,270,108,162
STK-20251104-BR004-SKU016128BL,20251104,BR004,SKU016128BL,215,171,44
STK-20251104-BR004-SKU016128SI,20251104,BR004,SKU016128SI,184,171,13
STK-20251104-BR004-SKU016128PI,20251104,BR004,SKU016128PI,198,164,34
STK-20251104-BR004-SKU016256BL,20251104,BR004,SKU016256BL,175,167,8
STK-20251104-BR004-SKU016256SI,20251104,BR004,SKU016256SI,178,162,16
STK-20251104-BR004-SKU016256PI,20251104,BR004,SKU016256PI,201,162,39
STK-20251104-BR004-SKU017128BL,20251104,BR004,SKU017128BL,302,264,38
STK-20251104-BR004-SKU017128SI,20251104,BR004,SKU017128SI,269,251,18
STK-20251104-BR004-SKU017128PI,20251104,BR004,SKU017128PI,299,274,25
STK-20251104-BR004-SKU017256BL,20251104,BR004,SKU017256BL,262,256,6
STK-20251104-BR004-SKU017256SI,20251104,BR004,SKU017256SI,267,245,22
STK-20251104-BR004-SKU017256PI,20251104,BR004,SKU017256PI,275,243,32
STK-20251104-BR005-SKU015128BL,20251104,BR005,SKU015128BL,233,103,130
STK-20251104-BR005-SKU015128SI,20251104,BR005,SKU015128SI,244,92,152
STK-20251104-BR005-SKU015128PI,20251104,BR005,SKU015128PI,267,106,161
STK-20251104-BR005-SKU015256BL,20251104,BR005,SKU015256BL,275,86,189
STK-20251104-BR005-SKU015256SI,20251104,BR005,SKU015256SI,292,96,196
STK-20251104-BR005-SKU015256PI,20251104,BR005,SKU015256PI,288,103,185
STK-20251104-BR005-SKU016128BL,20251104,BR005,SKU016128BL,193,162,31
STK-20251104-BR005-SKU016128SI,20251104,BR005,SKU016128SI,193,173,20
STK-20251104-BR005-SKU016128PI,20251104,BR005,SKU016128PI,215,172,43
STK-20251104-BR005-SKU016256BL,20251104,BR005,SKU016256BL,210,183,27
STK-20251104-BR005-SKU016256SI,20251104,BR005,SKU016256SI,189,162,27
STK-20251104-BR005-SKU016256PI,20251104,BR005,SKU016256PI,219,173,46
STK-20251104-BR005-SKU017128BL,20251104,BR005,SKU017128BL,263,254,9
STK-20251104-BR005-SKU017128SI,20251104,BR005,SKU017128SI,258,245,13
STK-20251104-BR005-SKU017128PI,20251104,BR005,SKU017128PI,294,239,55
STK-20251104-BR005-SKU017256BL,20251104,BR005,SKU017256BL,263,248,15
STK-20251104-BR005-SKU017256SI,20251104,BR005,SKU017256SI,273,244,29
STK-20251104-BR005-SKU017256PI,20251104,BR005,SKU017256PI,261,241,20
STK-20251105-BR000-SKU015128BL,20251105,BR000,SKU015128BL,644,0,644
STK-20251105-BR000-SKU015128SI,20251105,BR000,SKU015128SI,795,0,795
STK-20251105-BR000-SKU015128PI,20251105,BR000,SKU015128PI,930,0,930
STK-20251105-BR000-SKU015256BL,20251105,BR000,SKU015256BL,712,0,712
STK-20251105-BR000-SKU015256SI,20251105,BR000,SKU015256SI,744,0,744
STK-20251105-BR000-SKU015256PI,20251105,BR000,SKU015256PI,985,0,985
STK-20251105-BR000-SKU016128BL,20251105,BR000,SKU016128BL,632,0,632
STK-20251105-BR000-SKU016128SI,20251105,BR000,SKU016128SI,857,0,857
STK-20251105-BR000-SKU016128PI,20251105,BR000,SKU016128PI,686,0,686
STK-20251105-BR000-SKU016256BL,20251105,BR000,SKU016256BL,548,0,548
STK-20251105-BR000-SKU016256SI,20251105,BR000,SKU016256SI,855,0,855
STK-20251105-BR000-SKU016256PI,20251105,BR000,SKU016256PI,881,0,881
STK-20251105-BR000-SKU017128BL,20251105,BR000,SKU017128BL,658,0,658
STK-20251105-BR000-SKU017128SI,20251105,BR000,SKU017128SI,661,0,661
STK-20251105-BR000-SKU017128PI,20251105,BR000,SKU017128PI,617,0,617
STK-20251105-BR000-SKU017256BL,20251105,BR000,SKU017256BL,731,0,731
STK-20251105-BR000-SKU017256SI,20251105,BR000,SKU017256SI,682,0,682
STK-20251105-BR000-SKU017256PI,20251105,BR000,SKU017256PI,891,0,891
STK-20251105-BR001-SKU015128BL,20251105,BR001,SKU015128BL,214,99,115
STK-20251105-BR001-SKU015128SI,20251105,BR001,SKU015128SI,256,105,151
STK-20251105-BR001-SKU015128PI,20251105,BR001,SKU015128PI,253,103,150
STK-20251105-BR001-SKU015256BL,20251105,BR001,SKU015256BL,264,94,170
STK-20251105-BR001-SKU015256SI,20251105,BR001,SKU015256SI,239,99,140
STK-20251105-BR001-SKU015256PI,20251105,BR001,SKU015256PI,224,103,121
STK-20251105-BR001-SKU016128BL,20251105,BR001,SKU016128BL,204,190,14
STK-20251105-BR001-SKU016128SI,20251105,BR001,SKU016128SI,201,172,29
STK-20251105-BR001-SKU016128PI,20251105,BR001,SKU016128PI,161,158,3
STK-20251105-BR001-SKU016256BL,20251105,BR001,SKU016256BL,206,170,36
STK-20251105-BR001-SKU016256SI,20251105,BR001,SKU016256SI,209,171,38
STK-20251105-BR001-SKU016256PI,20251105,BR001,SKU016256PI,202,179,23
STK-20251105-BR001-SKU017128BL,20251105,BR001,SKU017128BL,280,257,23
STK-20251105-BR001-SKU017128SI,20251105,BR001,SKU017128SI,277,249,28
STK-20251105-BR001-SKU017128PI,20251105,BR001,SKU017128PI,281,258,23
STK-20251105-BR001-SKU017256BL,20251105,BR001,SKU017256BL,276,255,21
STK-20251105-BR001-SKU017256SI,20251105,BR001,SKU017256SI,253,246,7
STK-20251105-BR001-SKU017256PI,20251105,BR001,SKU017256PI,257,240,17
STK-20251105-BR002-SKU015128BL,20251105,BR002,SKU015128BL,277,113,164
STK-20251105-BR002-SKU015128SI,20251105,BR002,SKU015128SI,232,97,135
STK-20251105-BR002-SKU015128PI,20251105,BR002,SKU015128PI,232,100,132
STK-20251105-BR002-SKU015256BL,20251105,BR002,SKU015256BL,298,86,212
STK-20251105-BR002-SKU015256SI,20251105,BR002,SKU015256SI,204,104,100
STK-20251105-BR002-SKU015256PI,20251105,BR002,SKU015256PI,302,101,201
STK-20251105-BR002-SKU016128BL,20251105,BR002,SKU016128BL,204,181,23
STK-20251105-BR002-SKU016128SI,20251105,BR002,SKU016128SI,229,176,53
STK-20251105-BR002-SKU016128PI,20251105,BR002,SKU016128PI,172,164,8
STK-20251105-BR002-SKU016256BL,20251105,BR002,SKU016256BL,203,176,27
STK-20251105-BR002-SKU016256SI,20251105,BR002,SKU016256SI,190,176,14
STK-20251105-BR002-SKU016256PI,20251105,BR002,SKU016256PI,184,169,15
STK-20251105-BR002-SKU017128BL,20251105,BR002,SKU017128BL,261,252,9
STK-20251105-BR002-SKU017128SI,20251105,BR002,SKU017128SI,261,233,28
STK-20251105-BR002-SKU017128PI,20251105,BR002,SKU017128PI,270,255,15
STK-20251105-BR002-SKU017256BL,20251105,BR002,SKU017256BL,301,265,36
STK-20251105-BR002-SKU017256SI,20251105,BR002,SKU017256SI,249,240,9
STK-20251105-BR002-SKU017256PI,20251105,BR002,SKU017256PI,238,237,1
STK-20251105-BR003-SKU015128BL,20251105,BR003,SKU015128BL,248,103,145
STK-20251105-BR003-SKU015128SI,20251105,BR003,SKU015128SI,297,106,191
STK-20251105-BR003-SKU015128PI,20251105,BR003,SKU015128PI,235,110,125
STK-20251105-BR003-SKU015256BL,20251105,BR003,SKU015256BL,276,103,173
STK-20251105-BR003-SKU015256SI,20251105,BR003,SKU015256SI,294,113,181
STK-20251105-BR003-SKU015256PI,20251105,BR003,SKU015256PI,245,111,134
STK-20251105-BR003-SKU016128BL,20251105,BR003,SKU016128BL,175,174,1
STK-20251105-BR003-SKU016128SI,20251105,BR003,SKU016128SI,197,164,33
STK-20251105-BR003-SKU016128PI,20251105,BR003,SKU016128PI,188,179,9
STK-20251105-BR003-SKU016256BL,20251105,BR003,SKU016256BL,191,171,20
STK-20251105-BR003-SKU016256SI,20251105,BR003,SKU016256SI,222,189,33
STK-20251105-BR003-SKU016256PI,20251105,BR003,SKU016256PI,204,165,39
STK-20251105-BR003-SKU017128BL,20251105,BR003,SKU017128BL,253,245,8
STK-20251105-BR003-SKU017128SI,20251105,BR003,SKU017128SI,246,241,5
STK-20251105-BR003-SKU017128PI,20251105,BR003,SKU017128PI,292,261,31
STK-20251105-BR003-SKU017256BL,20251105,BR003,SKU017256BL,274,254,20
STK-20251105-BR003-SKU017256SI,20251105,BR003,SKU017256SI,295,276,19
STK-20251105-BR003-SKU017256PI,20251105,BR003,SKU017256PI,272,258,14
STK-20251105-BR004-SKU015128BL,20251105,BR004,SKU015128BL,215,96,119
STK-20251105-BR004-SKU015128SI,20251105,BR004,SKU015128SI,271,108,163
STK-20251105-BR004-SKU015128PI,20251105,BR004,SKU015128PI,274,101,173
STK-20251105-BR004-SKU015256BL,20251105,BR004,SKU015256BL,234,100,134
STK-20251105-BR004-SKU015256SI,20251105,BR004,SKU015256SI,228,95,133
STK-20251105-BR004-SKU015256PI,20251105,BR004,SKU015256PI,267,108,159
STK-20251105-BR004-SKU016128BL,20251105,BR004,SKU016128BL,212,174,38
STK-20251105-BR004-SKU016128SI,20251105,BR004,SKU016128SI,184,179,5
STK-20251105-BR004-SKU016128PI,20251105,BR004,SKU016128PI,196,165,31
STK-20251105-BR004-SKU016256BL,20251105,BR004,SKU016256BL,175,170,5
STK-20251105-BR004-SKU016256SI,20251105,BR004,SKU016256SI,176,166,10
STK-20251105-BR004-SKU016256PI,20251105,BR004,SKU016256PI,199,164,35
STK-20251105-BR004-SKU017128BL,20251105,BR004,SKU017128BL,284,250,34
STK-20251105-BR004-SKU017128SI,20251105,BR004,SKU017128SI,258,250,8
STK-20251105-BR004-SKU017128PI,20251105,BR004,SKU017128PI,291,274,17
STK-20251105-BR004-SKU017256BL,20251105,BR004,SKU017256BL,285,265,20
STK-20251105-BR004-SKU017256SI,20251105,BR004,SKU017256SI,261,247,14
STK-20251105-BR004-SKU017256PI,20251105,BR004,SKU017256PI,263,236,27
STK-20251105-BR005-SKU015128BL,20251105,BR005,SKU015128BL,228,100,128
STK-20251105-BR005-SKU015128SI,20251105,BR005,SKU015128SI,244,95,149
STK-20251105-BR005-SKU015128PI,20251105,BR005,SKU015128PI,263,105,158
STK-20251105-BR005-SKU015256BL,20251105,BR005,SKU015256BL,275,87,188
STK-20251105-BR005-SKU015256SI,20251105,BR005,SKU015256SI,290,95,195
STK-20251105-BR005-SKU015256PI,20251105,BR005,SKU015256PI,288,109,179
STK-20251105-BR005-SKU016128BL,20251105,BR005,SKU016128BL,191,164,27
STK-20251105-BR005-SKU016128SI,20251105,BR005,SKU016128SI,186,173,13
STK-20251105-BR005-SKU016128PI,20251105,BR005,SKU016128PI,212,173,39
STK-20251105-BR005-SKU016256BL,20251105,BR005,SKU016256BL,210,184,26
STK-20251105-BR005-SKU016256SI,20251105,BR005,SKU016256SI,189,164,25
STK-20251105-BR005-SKU016256PI,20251105,BR005,SKU016256PI,206,169,37
STK-20251105-BR005-SKU017128BL,20251105,BR005,SKU017128BL,263,263,0
STK-20251105-BR005-SKU017128SI,20251105,BR005,SKU017128SI,245,242,3
STK-20251105-BR005-SKU017128PI,20251105,BR005,SKU017128PI,287,244,43
STK-20251105-BR005-SKU017256BL,20251105,BR005,SKU017256BL,263,256,7
STK-20251105-BR005-SKU017256SI,20251105,BR005,SKU017256SI,273,257,16
STK-20251105-BR005-SKU017256PI,20251105,BR005,SKU017256PI,261,246,15
STK-20251106-BR000-SKU015128BL,20251106,BR000,SKU015128BL,644,0,644
STK-20251106-BR000-SKU015128SI,20251106,BR000,SKU015128SI,795,0,795
STK-20251106-BR000-SKU015128PI,20251106,BR000,SKU015128PI,930,0,930
STK-20251106-BR000-SKU015256BL,20251106,BR000,SKU015256BL,712,0,712
STK-20251106-BR000-SKU015256SI,20251106,BR000,SKU015256SI,744,0,744
STK-20251106-BR000-SKU015256PI,20251106,BR000,SKU015256PI,985,0,985
STK-20251106-BR000-SKU016128BL,20251106,BR000,SKU016128BL,632,0,632
STK-20251106-BR000-SKU016128SI,20251106,BR000,SKU016128SI,857,0,857
STK-20251106-BR000-SKU016128PI,20251106,BR000,SKU016128PI,686,0,686
STK-20251106-BR000-SKU016256BL,20251106,BR000,SKU016256BL,548,0,548
STK-20251106-BR000-SKU016256SI,20251106,BR000,SKU016256SI,855,0,855
STK-20251106-BR000-SKU016256PI,20251106,BR000,SKU016256PI,881,0,881
STK-20251106-BR000-SKU017128BL,20251106,BR000,SKU017128BL,658,0,658
STK-20251106-BR000-SKU017128SI,20251106,BR000,SKU017128SI,661,0,661
STK-20251106-BR000-SKU017128PI,20251106,BR000,SKU017128PI,617,0,617
STK-20251106-BR000-SKU017256BL,20251106,BR000,SKU017256BL,731,0,731
STK-20251106-BR000-SKU017256SI,20251106,BR000,SKU017256SI,682,0,682
STK-20251106-BR000-SKU017256PI,20251106,BR000,SKU017256PI,891,0,891
STK-20251106-BR001-SKU015128BL,20251106,BR001,SKU015128BL,214,101,113
STK-20251106-BR001-SKU015128SI,20251106,BR001,SKU015128SI,256,108,148
STK-20251106-BR001-SKU015128PI,20251106,BR001,SKU015128PI,250,102,148
STK-20251106-BR001-SKU015256BL,20251106,BR001,SKU015256BL,264,96,168
STK-20251106-BR001-SKU015256SI,20251106,BR001,SKU015256SI,234,95,139
STK-20251106-BR001-SKU015256PI,20251106,BR001,SKU015256PI,224,106,118
STK-20251106-BR001-SKU016128BL,20251106,BR001,SKU016128BL,200,188,12
STK-20251106-BR001-SKU016128SI,20251106,BR001,SKU016128SI,201,180,21
STK-20251106-BR001-SKU016128PI,20251106,BR001,SKU016128PI,192,163,29
STK-20251106-BR001-SKU016256BL,20251106,BR001,SKU016256BL,206,172,34
STK-20251106-BR001-SKU016256SI,20251106,BR001,SKU016256SI,209,172,37
STK-20251106-BR001-SKU016256PI,20251106,BR001,SKU016256PI,202,181,21
STK-20251106-BR001-SKU017128BL,20251106,BR001,SKU017128BL,273,261,12
STK-20251106-BR001-SKU017128SI,20251106,BR001,SKU017128SI,277,256,21
STK-20251106-BR001-SKU017128PI,20251106,BR001,SKU017128PI,277,264,13
STK-20251106-BR001-SKU017256BL,20251106,BR001,SKU017256BL,267,254,13
STK-20251106-BR001-SKU017256SI,20251106,BR001,SKU017256SI,278,255,23
STK-20251106-BR001-SKU017256PI,20251106,BR001,SKU017256PI,252,247,5
STK-20251106-BR002-SKU015128BL,20251106,BR002,SKU015128BL,276,113,163
STK-20251106-BR002-SKU015128SI,20251106,BR002,SKU015128SI,230,96,134
STK-20251106-BR002-SKU015128PI,20251106,BR002,SKU015128PI,232,103,129
STK-20251106-BR002-SKU015256BL,20251106,BR002,SKU015256BL,298,88,210
STK-20251106-BR002-SKU015256SI,20251106,BR002,SKU015256SI,204,108,96
STK-20251106-BR002-SKU015256PI,20251106,BR002,SKU015256PI,302,106,196
STK-20251106-BR002-SKU016128BL,20251106,BR002,SKU016128BL,201,182,19
STK-20251106-BR002-SKU016128SI,20251106,BR002,SKU016128SI,226,180,46
STK-20251106-BR002-SKU016128PI,20251106,BR002,SKU016128PI,170,169,1
STK-20251106-BR002-SKU016256BL,20251106,BR002,SKU016256BL,200,178,22
STK-20251106-BR002-SKU016256SI,20251106,BR002,SKU016256SI,190,179,11
STK-20251106-BR002-SKU016256PI,20251106,BR002,SKU016256PI,184,177,7
STK-20251106-BR002-SKU017128BL,20251106,BR002,SKU017128BL,294,259,35
STK-20251106-BR002-SKU017128SI,20251106,BR002,SKU017128SI,257,234,23
STK-20251106-BR002-SKU017128PI,20251106,BR002,SKU017128PI,270,264,6
STK-20251106-BR002-SKU017256BL,20251106,BR002,SKU017256BL,301,273,28
STK-20251106-BR002-SKU017256SI,20251106,BR002,SKU017256SI,249,246,3
STK-20251106-BR002-SKU017256PI,20251106,BR002,SKU017256PI,276,246,30
STK-20251106-BR003-SKU015128BL,20251106,BR003,SKU015128BL,248,104,144
STK-20251106-BR003-SKU015128SI,20251106,BR003,SKU015128SI,295,109,186
STK-20251106-BR003-SKU015128PI,20251106,BR003,SKU015128PI,235,111,124
STK-20251106-BR003-SKU015256BL,20251106,BR003,SKU015256BL,272,101,171
STK-20251106-BR003-SKU015256SI,20251106,BR003,SKU015256SI,293,115,178
STK-20251106-BR003-SKU015256PI,20251106,BR003,SKU015256PI,242,112,130
STK-20251106-BR003-SKU016128BL,20251106,BR003,SKU016128BL,175,175,0
STK-20251106-BR003-SKU016128SI,20251106,BR003,SKU016128SI,194,168,26
STK-20251106-BR003-SKU016128PI,20251106,BR003,SKU016128PI,186,184,2
STK-20251106-BR003-SKU016256BL,20251106,BR003,SKU016256BL,191,175,16
STK-20251106-BR003-SKU016256SI,20251106,BR003,SKU016256SI,222,196,26
STK-20251106-BR003-SKU016256PI,20251106,BR003,SKU016256PI,203,166,37
STK-20251106-BR003-SKU017128BL,20251106,BR003,SKU017128BL,283,250,33
STK-20251106-BR003-SKU017128SI,20251106,BR003,SKU017128SI,283,244,39
STK-20251106-BR003-SKU017128PI,20251106,BR003,SKU017128PI,286,260,26
STK-20251106-BR003-SKU017256BL,20251106,BR003,SKU017256BL,263,250,13
STK-20251106-BR003-SKU017256SI,20251106,BR003,SKU017256SI,289,278,11
STK-20251106-BR003-SKU017256PI,20251106,BR003,SKU017256PI,272,268,4
STK-20251106-BR004-SKU015128BL,20251106,BR004,SKU015128BL,215,97,118
STK-20251106-BR004-SKU015128SI,20251106,BR004,SKU015128SI,269,111,158
STK-20251106-BR004-SKU015128PI,20251106,BR004,SKU015128PI,269,101,168
STK-20251106-BR004-SKU015256BL,20251106,BR004,SKU015256BL,232,99,133
STK-20251106-BR004-SKU015256SI,20251106,BR004,SKU015256SI,228,99,129
STK-20251106-BR004-SKU015256PI,20251106,BR004,SKU015256PI,267,113,154
STK-20251106-BR004-SKU016128BL,20251106,BR004,SKU016128BL,212,183,29
STK-20251106-BR004-SKU016128SI,20251106,BR004,SKU016128SI,217,177,40
STK-20251106-BR004-SKU016128PI,20251106,BR004,SKU016128PI,192,166,26
STK-20251106-BR004-SKU016256BL,20251106,BR004,SKU016256BL,171,171,0
STK-20251106-BR004-SKU016256SI,20251106,BR004,SKU016256SI,175,167,8
STK-20251106-BR004-SKU016256PI,20251106,BR004,SKU016256PI,195,165,30
STK-20251106-BR004-SKU017128BL,20251106,BR004,SKU017128BL,284,255,29
STK-20251106-BR004-SKU017128SI,20251106,BR004,SKU017128SI,279,251,28
STK-20251106-BR004-SKU017128PI,20251106,BR004,SKU017128PI,274,266,8
STK-20251106-BR004-SKU017256BL,20251106,BR004,SKU017256BL,265,254,11
STK-20251106-BR004-SKU017256SI,20251106,BR004,SKU017256SI,261,256,5
STK-20251106-BR004-SKU017256PI,20251106,BR004,SKU017256PI,263,239,24
STK-20251106-BR005-SKU015128BL,20251106,BR005,SKU015128BL,224,101,123
STK-20251106-BR005-SKU015128SI,20251106,BR005,SKU015128SI,242,96,146
STK-20251106-BR005-SKU015128PI,20251106,BR005,SKU015128PI,261,106,155
STK-20251106-BR005-SKU015256BL,20251106,BR005,SKU015256BL,275,89,186
STK-20251106-BR005-SKU015256SI,20251106,BR005,SKU015256SI,287,94,193
STK-20251106-BR005-SKU015256PI,20251106,BR005,SKU015256PI,285,108,177
STK-20251106-BR005-SKU016128BL,20251106,BR005,SKU016128BL,191,170,21
STK-20251106-BR005-SKU016128SI,20251106,BR005,SKU016128SI,186,183,3
STK-20251106-BR005-SKU016128PI,20251106,BR005,SKU016128PI,210,176,34
STK-20251106-BR005-SKU016256BL,20251106,BR005,SKU016256BL,200,179,21
STK-20251106-BR005-SKU016256SI,20251106,BR005,SKU016256SI,187,165,22
STK-20251106-BR005-SKU016256PI,20251106,BR005,SKU016256PI,206,178,28
STK-20251106-BR005-SKU017128BL,20251106,BR005,SKU017128BL,291,265,26
STK-20251106-BR005-SKU017128SI,20251106,BR005,SKU017128SI,274,253,21
STK-20251106-BR005-SKU017128PI,20251106,BR005,SKU017128PI,280,246,34
STK-20251106-BR005-SKU017256BL,20251106,BR005,SKU017256BL,288,253,35
STK-20251106-BR005-SKU017256SI,20251106,BR005,SKU017256SI,268,258,10
STK-20251106-BR005-SKU017256PI,20251106,BR005,SKU017256PI,251,242,9
STK-20251107-BR000-SKU015128BL,20251107,BR000,SKU015128BL,644,0,644
STK-20251107-BR000-SKU015128SI,20251107,BR000,SKU015128SI,795,0,795
STK-20251107-BR000-SKU015128PI,20251107,BR000,SKU015128PI,930,0,930
STK-20251107-BR000-SKU015256BL,20251107,BR000,SKU015256BL,712,0,712
STK-20251107-BR000-SKU015256SI,20251107,BR000,SKU015256SI,744,0,744
STK-20251107-BR000-SKU015256PI,20251107,BR000,SKU015256PI,985,0,985
STK-20251107-BR000-SKU016128BL,20251107,BR000,SKU016128BL,632,0,632
STK-20251107-BR000-SKU016128SI,20251107,BR000,SKU016128SI,857,0,857
STK-20251107-BR000-SKU016128PI,20251107,BR000,SKU016128PI,686,0,686
STK-20251107-BR000-SKU016256BL,20251107,BR000,SKU016256BL,548,0,548
STK-20251107-BR000-SKU016256SI,20251107,BR000,SKU016256SI,855,0,855
STK-20251107-BR000-SKU016256PI,20251107,BR000,SKU016256PI,881,0,881
STK-20251107-BR000-SKU017128BL,20251107,BR000,SKU017128BL,658,0,658
STK-20251107-BR000-SKU017128SI,20251107,BR000,SKU017128SI,661,0,661
STK-20251107-BR000-SKU017128PI,20251107,BR000,SKU017128PI,617,0,617
STK-20251107-BR000-SKU017256BL,20251107,BR000,SKU017256BL,731,0,731
STK-20251107-BR000-SKU017256SI,20251107,BR000,SKU017256SI,682,0,682
STK-20251107-BR000-SKU017256PI,20251107,BR000,SKU017256PI,891,0,891
STK-20251107-BR001-SKU015128BL,20251107,BR001,SKU015128BL,213,101,112
STK-20251107-BR001-SKU015128SI,20251107,BR001,SKU015128SI,256,109,147
STK-20251107-BR001-SKU015128PI,20251107,BR001,SKU015128PI,250,106,144
STK-20251107-BR001-SKU015256BL,20251107,BR001,SKU015256BL,264,102,162
STK-20251107-BR001-SKU015256SI,20251107,BR001,SKU015256SI,234,96,138
STK-20251107-BR001-SKU015256PI,20251107,BR001,SKU015256PI,222,105,117
STK-20251107-BR001-SKU016128BL,20251107,BR001,SKU016128BL,198,194,4
STK-20251107-BR001-SKU016128SI,20251107,BR001,SKU016128SI,199,181,18
STK-20251107-BR001-SKU016128PI,20251107,BR001,SKU016128PI,192,171,21
STK-20251107-BR001-SKU016256BL,20251107,BR001,SKU016256BL,206,177,29
STK-20251107-BR001-SKU016256SI,20251107,BR001,SKU016256SI,200,169,31
STK-20251107-BR001-SKU016256PI,20251107,BR001,SKU016256PI,195,177,18
STK-20251107-BR001-SKU017128BL,20251107,BR001,SKU017128BL,259,255,4
STK-20251107-BR001-SKU017128SI,20251107,BR001,SKU017128SI,273,262,11
STK-20251107-BR001-SKU017128PI,20251107,BR001,SKU017128PI,277,269,8
STK-20251107-BR001-SKU017256BL,20251107,BR001,SKU017256BL,261,256,5
STK-20251107-BR001-SKU017256SI,20251107,BR001,SKU017256SI,267,255,12
STK-20251107-BR001-SKU017256PI,20251107,BR001,SKU017256PI,263,238,25
STK-20251107-BR002-SKU015128BL,20251107,BR002,SKU015128BL,276,115,161
STK-20251107-BR002-SKU015128SI,20251107,BR002,SKU015128SI,230,97,133
STK-20251107-BR002-SKU015128PI,20251107,BR002,SKU015128PI,230,104,126
STK-20251107-BR002-SKU015256BL,20251107,BR002,SKU015256BL,298,92,206
STK-20251107-BR002-SKU015256SI,20251107,BR002,SKU015256SI,204,112,92
STK-20251107-BR002-SKU015256PI,20251107,BR002,SKU015256PI,300,105,195
STK-20251107-BR002-SKU016128BL,20251107,BR002,SKU016128BL,201,185,16
STK-20251107-BR002-SKU016128SI,20251107,BR002,SKU016128SI,222,180,42
STK-20251107-BR002-SKU016128PI,20251107,BR002,SKU016128PI,190,167,23
STK-20251107-BR002-SKU016256BL,20251107,BR002,SKU016256BL,200,183,17
STK-20251107-BR002-SKU016256SI,20251107,BR002,SKU016256SI,186,179,7
STK-20251107-BR002-SKU016256PI,20251107,BR002,SKU016256PI,217,181,36
STK-20251107-BR002-SKU017128BL,20251107,BR002,SKU017128BL,294,268,26
STK-20251107-BR002-SKU017128SI,20251107,BR002,SKU017128SI,257,247,10
STK-20251107-BR002-SKU017128PI,20251107,BR002,SKU017128PI,270,268,2
STK-20251107-BR002-SKU017256BL,20251107,BR002,SKU017256BL,297,278,19
STK-20251107-BR002-SKU017256SI,20251107,BR002,SKU017256SI,278,242,36
STK-20251107-BR002-SKU017256PI,20251107,BR002,SKU017256PI,269,252,17
STK-20251107-BR003-SKU015128BL,20251107,BR003,SKU015128BL,248,107,141
STK-20251107-BR003-SKU015128SI,20251107,BR003,SKU015128SI,290,107,183
STK-20251107-BR003-SKU015128PI,20251107,BR003,SKU015128PI,232,114,118
STK-20251107-BR003-SKU015256BL,20251107,BR003,SKU015256BL,268,101,167
STK-20251107-BR003-SKU015256SI,20251107,BR003,SKU015256SI,293,117,176
STK-20251107-BR003-SKU015256PI,20251107,BR003,SKU015256PI,241,113,128
STK-20251107-BR003-SKU016128BL,20251107,BR003,SKU016128BL,213,179,34
STK-20251107-BR003-SKU016128SI,20251107,BR003,SKU016128SI,194,172,22
STK-20251107-BR003-SKU016128PI,20251107,BR003,SKU016128PI,224,190,34
STK-20251107-BR003-SKU016256BL,20251107,BR003,SKU016256BL,183,173,10
STK-20251107-BR003-SKU016256SI,20251107,BR003,SKU016256SI,221,202,19
STK-20251107-BR003-SKU016256PI,20251107,BR003,SKU016256PI,199,169,30
STK-20251107-BR003-SKU017128BL,20251107,BR003,SKU017128BL,283,258,25
STK-20251107-BR003-SKU017128SI,20251107,BR003,SKU017128SI,279,252,27
STK-20251107-BR003-SKU017128PI,20251107,BR003,SKU017128PI,281,261,20
STK-20251107-BR003-SKU017256BL,20251107,BR003,SKU017256BL,286,264,22
STK-20251107-BR003-SKU017256SI,20251107,BR003,SKU017256SI,280,278,2
STK-20251107-BR003-SKU017256PI,20251107,BR003,SKU017256PI,311,278,33
STK-20251107-BR004-SKU015128BL,20251107,BR004,SKU015128BL,215,101,114
STK-20251107-BR004-SKU015128SI,20251107,BR004,SKU015128SI,260,105,155
STK-20251107-BR004-SKU015128PI,20251107,BR004,SKU015128PI,269,105,164
STK-20251107-BR004-SKU015256BL,20251107,BR004,SKU015256BL,229,99,130
STK-20251107-BR004-SKU015256SI,20251107,BR004,SKU015256SI,228,102,126
STK-20251107-BR004-SKU015256PI,20251107,BR004,SKU015256PI,263,110,153
STK-20251107-BR004-SKU016128BL,20251107,BR004,SKU016128BL,212,190,22
STK-20251107-BR004-SKU016128SI,20251107,BR004,SKU016128SI,212,178,34
STK-20251107-BR004-SKU016128PI,20251107,BR004,SKU016128PI,192,174,18
STK-20251107-BR004-SKU016256BL,20251107,BR004,SKU016256BL,208,170,38
STK-20251107-BR004-SKU016256SI,20251107,BR004,SKU016256SI,172,169,3
STK-20251107-BR004-SKU016256PI,20251107,BR004,SKU016256PI,195,167,28
STK-20251107-BR004-SKU017128BL,20251107,BR004,SKU017128BL,279,257,22
STK-20251107-BR004-SKU017128SI,20251107,BR004,SKU017128SI,279,262,17
STK-20251107-BR004-SKU017128PI,20251107,BR004,SKU017128PI,314,276,38
STK-20251107-BR004-SKU017256BL,20251107,BR004,SKU017256BL,265,259,6
STK-20251107-BR004-SKU017256SI,20251107,BR004,SKU017256SI,285,262,23
STK-20251107-BR004-SKU017256PI,20251107,BR004,SKU017256PI,263,244,19
STK-20251107-BR005-SKU015128BL,20251107,BR005,SKU015128BL,220,101,119
STK-20251107-BR005-SKU015128SI,20251107,BR005,SKU015128SI,240,99,141
STK-20251107-BR005-SKU015128PI,20251107,BR005,SKU015128PI,261,108,153
STK-20251107-BR005-SKU015256BL,20251107,BR005,SKU015256BL,275,95,180
STK-20251107-BR005-SKU015256SI,20251107,BR005,SKU015256SI,287,96,191
STK-20251107-BR005-SKU015256PI,20251107,BR005,SKU015256PI,285,109,176
STK-20251107-BR005-SKU016128BL,20251107,BR005,SKU016128BL,189,175,14
STK-20251107-BR005-SKU016128SI,20251107,BR005,SKU016128SI,217,185,32
STK-20251107-BR005-SKU016128PI,20251107,BR005,SKU016128PI,205,172,33
STK-20251107-BR005-SKU016256BL,20251107,BR005,SKU016256BL,194,176,18
STK-20251107-BR005-SKU016256SI,20251107,BR005,SKU016256SI,181,166,15
STK-20251107-BR005-SKU016256PI,20251107,BR005,SKU016256PI,206,187,19
STK-20251107-BR005-SKU017128BL,20251107,BR005,SKU017128BL,291,276,15
STK-20251107-BR005-SKU017128SI,20251107,BR005,SKU017128SI,271,261,10
STK-20251107-BR005-SKU017128PI,20251107,BR005,SKU017128PI,280,255,25
STK-20251107-BR005-SKU017256BL,20251107,BR005,SKU017256BL,288,258,30
STK-20251107-BR005-SKU017256SI,20251107,BR005,SKU017256SI,268,265,3
STK-20251107-BR005-SKU017256PI,20251107,BR005,SKU017256PI,279,249,30
STK-20251108-BR000-SKU015128BL,20251108,BR000,SKU015128BL,644,0,644
STK-20251108-BR000-SKU015128SI,20251108,BR000,SKU015128SI,795,0,795
STK-20251108-BR000-SKU015128PI,20251108,BR000,SKU015128PI,930,0,930
STK-20251108-BR000-SKU015256BL,20251108,BR000,SKU015256BL,712,0,712
STK-20251108-BR000-SKU015256SI,20251108,BR000,SKU015256SI,744,0,744
STK-20251108-BR000-SKU015256PI,20251108,BR000,SKU015256PI,985,0,985
STK-20251108-BR000-SKU016128BL,20251108,BR000,SKU016128BL,632,0,632
STK-20251108-BR000-SKU016128SI,20251108,BR000,SKU016128SI,857,0,857
STK-20251108-BR000-SKU016128PI,20251108,BR000,SKU016128PI,686,0,686
STK-20251108-BR000-SKU016256BL,20251108,BR000,SKU016256BL,548,0,548
STK-20251108-BR000-SKU016256SI,20251108,BR000,SKU016256SI,855,0,855
STK-20251108-BR000-SKU016256PI,20251108,BR000,SKU016256PI,881,0,881
STK-20251108-BR000-SKU017128BL,20251108,BR000,SKU017128BL,658,0,658
STK-20251108-BR000-SKU017128SI,20251108,BR000,SKU017128SI,661,0,661
STK-20251108-BR000-SKU017128PI,20251108,BR000,SKU017128PI,617,0,617
STK-20251108-BR000-SKU017256BL,20251108,BR000,SKU017256BL,731,0,731
STK-20251108-BR000-SKU017256SI,20251108,BR000,SKU017256SI,682,0,682
STK-20251108-BR000-SKU017256PI,20251108,BR000,SKU017256PI,891,0,891
STK-20251108-BR001-SKU015128BL,20251108,BR001,SKU015128BL,212,104,108
STK-20251108-BR001-SKU015128SI,20251108,BR001,SKU015128SI,256,112,144
STK-20251108-BR001-SKU015128PI,20251108,BR001,SKU015128PI,246,103,143
STK-20251108-BR001-SKU015256BL,20251108,BR001,SKU015256BL,263,103,160
STK-20251108-BR001-SKU015256SI,20251108,BR001,SKU015256SI,233,99,134
STK-20251108-BR001-SKU015256PI,20251108,BR001,SKU015256PI,222,108,114
STK-20251108-BR001-SKU016128BL,20251108,BR001,SKU016128BL,239,203,36
STK-20251108-BR001-SKU016128SI,20251108,BR001,SKU016128SI,199,190,9
STK-20251108-BR001-SKU016128PI,20251108,BR001,SKU016128PI,192,177,15
STK-20251108-BR001-SKU016256BL,20251108,BR001,SKU016256BL,205,182,23
STK-20251108-BR001-SKU016256SI,20251108,BR001,SKU016256SI,197,170,27
STK-20251108-BR001-SKU016256PI,20251108,BR001,SKU016256PI,191,175,16
STK-20251108-BR001-SKU017128BL,20251108,BR001,SKU017128BL,287,253,34
STK-20251108-BR001-SKU017128SI,20251108,BR001,SKU017128SI,273,273,0
STK-20251108-BR001-SKU017128PI,20251108,BR001,SKU017128PI,269,269,0
STK-20251108-BR001-SKU017256BL,20251108,BR001,SKU017256BL,291,266,25
STK-20251108-BR001-SKU017256SI,20251108,BR001,SKU017256SI,260,253,7
STK-20251108-BR001-SKU017256PI,20251108,BR001,SKU017256PI,256,240,16
STK-20251108-BR002-SKU015128BL,20251108,BR002,SKU015128BL,272,116,156
STK-20251108-BR002-SKU015128SI,20251108,BR002,SKU015128SI,230,98,132
STK-20251108-BR002-SKU015128PI,20251108,BR002,SKU015128PI,229,106,123
STK-20251108-BR002-SKU015256BL,20251108,BR002,SKU015256BL,298,93,205
STK-20251108-BR002-SKU015256SI,20251108,BR002,SKU015256SI,202,112,90
STK-20251108-BR002-SKU015256PI,20251108,BR002,SKU015256PI,297,103,194
STK-20251108-BR002-SKU016128BL,20251108,BR002,SKU016128BL,191,184,7
STK-20251108-BR002-SKU016128SI,20251108,BR002,SKU016128SI,222,182,40
STK-20251108-BR002-SKU016128PI,20251108,BR002,SKU016128PI,183,165,18
STK-20251108-BR002-SKU016256BL,20251108,BR002,SKU016256BL,196,188,8
STK-20251108-BR002-SKU016256SI,20251108,BR002,SKU016256SI,184,179,5
STK-20251108-BR002-SKU016256PI,20251108,BR002,SKU016256PI,203,171,32
STK-20251108-BR002-SKU017128BL,20251108,BR002,SKU017128BL,294,277,17
STK-20251108-BR002-SKU017128SI,20251108,BR002,SKU017128SI,285,258,27
STK-20251108-BR002-SKU017128PI,20251108,BR002,SKU017128PI,308,275,33
STK-20251108-BR002-SKU017256BL,20251108,BR002,SKU017256BL,284,273,11
STK-20251108-BR002-SKU017256SI,20251108,BR002,SKU017256SI,275,246,29
STK-20251108-BR002-SKU017256PI,20251108,BR002,SKU017256PI,269,259,10
STK-20251108-BR003-SKU015128BL,20251108,BR003,SKU015128BL,248,112,136
STK-20251108-BR003-SKU015128SI,20251108,BR003,SKU015128SI,290,108,182
STK-20251108-BR003-SKU015128PI,20251108,BR003,SKU015128PI,229,113,116
STK-20251108-BR003-SKU015256BL,20251108,BR003,SKU015256BL,265,99,166
STK-20251108-BR003-SKU015256SI,20251108,BR003,SKU015256SI,293,118,175
STK-20251108-BR003-SKU015256PI,20251108,BR003,SKU015256PI,241,114,127
STK-20251108-BR003-SKU016128BL,20251108,BR003,SKU016128BL,212,184,28
STK-20251108-BR003-SKU016128SI,20251108,BR003,SKU016128SI,192,175,17
STK-20251108-BR003-SKU016128PI,20251108,BR003,SKU016128PI,220,194,26
STK-20251108-BR003-SKU016256BL,20251108,BR003,SKU016256BL,183,179,4
STK-20251108-BR003-SKU016256SI,20251108,BR003,SKU016256SI,215,204,11
STK-20251108-BR003-SKU016256PI,20251108,BR003,SKU016256PI,195,169,26
STK-20251108-BR003-SKU017128BL,20251108,BR003,SKU017128BL,278,261,17
STK-20251108-BR003-SKU017128SI,20251108,BR003,SKU017128SI,271,253,18
STK-20251108-BR003-SKU017128PI,20251108,BR003,SKU017128PI,275,258,17
STK-20251108-BR003-SKU017256BL,20251108,BR003,SKU017256BL,286,271,15
STK-20251108-BR003-SKU017256SI,20251108,BR003,SKU017256SI,307,280,27
STK-20251108-BR003-SKU017256PI,20251108,BR003,SKU017256PI,311,286,25
STK-20251108-BR004-SKU015128BL,20251108,BR004,SKU015128BL,213,102,111
STK-20251108-BR004-SKU015128SI,20251108,BR004,SKU015128SI,259,107,152
STK-20251108-BR004-SKU015128PI,20251108,BR004,SKU015128PI,269,109,160
STK-20251108-BR004-SKU015256BL,20251108,BR004,SKU015256BL,229,100,129
STK-20251108-BR004-SKU015256SI,20251108,BR004,SKU015256SI,228,105,123
STK-20251108-BR004-SKU015256PI,20251108,BR004,SKU015256PI,261,109,152
STK-20251108-BR004-SKU016128BL,20251108,BR004,SKU016128BL,208,190,18
STK-20251108-BR004-SKU016128SI,20251108,BR004,SKU016128SI,212,186,26
STK-20251108-BR004-SKU016128PI,20251108,BR004,SKU016128PI,188,176,12
STK-20251108-BR004-SKU016256BL,20251108,BR004,SKU016256BL,208,177,31
STK-20251108-BR004-SKU016256SI,20251108,BR004,SKU016256SI,199,170,29
STK-20251108-BR004-SKU016256PI,20251108,BR004,SKU016256PI,190,170,20
STK-20251108-BR004-SKU017128BL,20251108,BR004,SKU017128BL,277,268,9
STK-20251108-BR004-SKU017128SI,20251108,BR004,SKU017128SI,279,270,9
STK-20251108-BR004-SKU017128PI,20251108,BR004,SKU017128PI,314,290,24
STK-20251108-BR004-SKU017256BL,20251108,BR004,SKU017256BL,288,266,22
STK-20251108-BR004-SKU017256SI,20251108,BR004,SKU017256SI,281,266,15
STK-20251108-BR004-SKU017256PI,20251108,BR004,SKU017256PI,254,248,6
STK-20251108-BR005-SKU015128BL,20251108,BR005,SKU015128BL,218,105,113
STK-20251108-BR005-SKU015128SI,20251108,BR005,SKU015128SI,239,103,136
STK-20251108-BR005-SKU015128PI,20251108,BR005,SKU015128PI,260,111,149
STK-20251108-BR005-SKU015256BL,20251108,BR005,SKU015256BL,275,96,179
STK-20251108-BR005-SKU015256SI,20251108,BR005,SKU015256SI,286,96,190
STK-20251108-BR005-SKU015256PI,20251108,BR005,SKU015256PI,284,113,171
STK-20251108-BR005-SKU016128BL,20251108,BR005,SKU016128BL,189,179,10
STK-20251108-BR005-SKU016128SI,20251108,BR005,SKU016128SI,215,192,23
STK-20251108-BR005-SKU016128PI,20251108,BR005,SKU016128PI,198,167,31
STK-20251108-BR005-SKU016256BL,20251108,BR005,SKU016256BL,194,182,12
STK-20251108-BR005-SKU016256SI,20251108,BR005,SKU016256SI,181,172,9
STK-20251108-BR005-SKU016256PI,20251108,BR005,SKU016256PI,199,186,13
STK-20251108-BR005-SKU017128BL,20251108,BR005,SKU017128BL,281,274,7
STK-20251108-BR005-SKU017128SI,20251108,BR005,SKU017128SI,291,268,23
STK-20251108-BR005-SKU017128PI,20251108,BR005,SKU017128PI,280,265,15
STK-20251108-BR005-SKU017256BL,20251108,BR005,SKU017256BL,288,263,25
STK-20251108-BR005-SKU017256SI,20251108,BR005,SKU017256SI,289,268,21
STK-20251108-BR005-SKU017256PI,20251108,BR005,SKU017256PI,273,252,21
STK-20251109-BR000-SKU015128BL,20251109,BR000,SKU015128BL,644,0,644
STK-20251109-BR000-SKU015128SI,20251109,BR000,SKU015128SI,795,0,795
STK-20251109-BR000-SKU015128PI,20251109,BR000,SKU015128PI,930,0,930
STK-20251109-BR000-SKU015256BL,20251109,BR000,SKU015256BL,712,0,712
STK-20251109-BR000-SKU015256SI,20251109,BR000,SKU015256SI,744,0,744
STK-20251109-BR000-SKU015256PI,20251109,BR000,SKU015256PI,985,0,985
STK-20251109-BR000-SKU016128BL,20251109,BR000,SKU016128BL,632,0,632
STK-20251109-BR000-SKU016128SI,20251109,BR000,SKU016128SI,857,0,857
STK-20251109-BR000-SKU016128PI,20251109,BR000,SKU016128PI,686,0,686
STK-20251109-BR000-SKU016256BL,20251109,BR000,SKU016256BL,548,0,548
STK-20251109-BR000-SKU016256SI,20251109,BR000,SKU016256SI,855,0,855
STK-20251109-BR000-SKU016256PI,20251109,BR000,SKU016256PI,881,0,881
STK-20251109-BR000-SKU017128BL,20251109,BR000,SKU017128BL,658,0,658
STK-20251109-BR000-SKU017128SI,20251109,BR000,SKU017128SI,661,0,661
STK-20251109-BR000-SKU017128PI,20251109,BR000,SKU017128PI,617,0,617
STK-20251109-BR000-SKU017256BL,20251109,BR000,SKU017256BL,731,0,731
STK-20251109-BR000-SKU017256SI,20251109,BR000,SKU017256SI,682,0,682
STK-20251109-BR000-SKU017256PI,20251109,BR000,SKU017256PI,891,0,891
STK-20251109-BR001-SKU015128BL,20251109,BR001,SKU015128BL,212,107,105
STK-20251109-BR001-SKU015128SI,20251109,BR001,SKU015128SI,253,112,141
STK-20251109-BR001-SKU015128PI,20251109,BR001,SKU015128PI,246,107,139
STK-20251109-BR001-SKU015256BL,20251109,BR001,SKU015256BL,263,108,155
STK-20251109-BR001-SKU015256SI,20251109,BR001,SKU015256SI,233,104,129
STK-20251109-BR001-SKU015256PI,20251109,BR001,SKU015256PI,220,107,113
STK-20251109-BR001-SKU016128BL,20251109,BR001,SKU016128BL,235,205,30
STK-20251109-BR001-SKU016128SI,20251109,BR001,SKU016128SI,196,194,2
STK-20251109-BR001-SKU016128PI,20251109,BR001,SKU016128PI,192,180,12
STK-20251109-BR001-SKU016256BL,20251109,BR001,SKU016256BL,201,184,17
STK-20251109-BR001-SKU016256SI,20251109,BR001,SKU016256SI,194,172,22
STK-20251109-BR001-SKU016256PI,20251109,BR001,SKU016256PI,191,181,10
STK-20251109-BR001-SKU017128BL,20251109,BR001,SKU017128BL,287,259,28
STK-20251109-BR001-SKU017128SI,20251109,BR001,SKU017128SI,298,270,28
STK-20251109-BR001-SKU017128PI,20251109,BR001,SKU017128PI,309,272,37
STK-20251109-BR001-SKU017256BL,20251109,BR001,SKU017256BL,286,270,16
STK-20251109-BR001-SKU017256SI,20251109,BR001,SKU017256SI,293,263,30
STK-20251109-BR001-SKU017256PI,20251109,BR001,SKU017256PI,256,244,12
STK-20251109-BR002-SKU015128BL,20251109,BR002,SKU015128BL,270,116,154
STK-20251109-BR002-SKU015128SI,20251109,BR002,SKU015128SI,228,97,131
STK-20251109-BR002-SKU015128PI,20251109,BR002,SKU015128PI,229,109,120
STK-20251109-BR002-SKU015256BL,20251109,BR002,SKU015256BL,297,94,203
STK-20251109-BR002-SKU015256SI,20251109,BR002,SKU015256SI,200,113,87
STK-20251109-BR002-SKU015256PI,20251109,BR002,SKU015256PI,297,106,191
STK-20251109-BR002-SKU016128BL,20251109,BR002,SKU016128BL,184,183,1
STK-20251109-BR002-SKU016128SI,20251109,BR002,SKU016128SI,222,183,39
STK-20251109-BR002-SKU016128PI,20251109,BR002,SKU016128PI,183,170,13
STK-20251109-BR002-SKU016256BL,20251109,BR002,SKU016256BL,186,183,3
STK-20251109-BR002-SKU016256SI,20251109,BR002,SKU016256SI,220,186,34
STK-20251109-BR002-SKU016256PI,20251109,BR002,SKU016256PI,203,173,30
STK-20251109-BR002-SKU017128BL,20251109,BR002,SKU017128BL,288,280,8
STK-20251109-BR002-SKU017128SI,20251109,BR002,SKU017128SI,279,256,23
STK-20251109-BR002-SKU017128PI,20251109,BR002,SKU017128PI,301,274,27
STK-20251109-BR002-SKU017256BL,20251109,BR002,SKU017256BL,276,272,4
STK-20251109-BR002-SKU017256SI,20251109,BR002,SKU017256SI,275,258,17
STK-20251109-BR002-SKU017256PI,20251109,BR002,SKU017256PI,262,259,3
STK-20251109-BR003-SKU015128BL,20251109,BR003,SKU015128BL,248,113,135
STK-20251109-BR003-SKU015128SI,20251109,BR003,SKU015128SI,288,109,179
STK-20251109-BR003-SKU015128PI,20251109,BR003,SKU015128PI,229,115,114
STK-20251109-BR003-SKU015256BL,20251109,BR003,SKU015256BL,265,102,163
STK-20251109-BR003-SKU015256SI,20251109,BR003,SKU015256SI,289,115,174
STK-20251109-BR003-SKU015256PI,20251109,BR003,SKU015256PI,239,115,124
STK-20251109-BR003-SKU016128BL,20251109,BR003,SKU016128BL,207,186,21
STK-20251109-BR003-SKU016128SI,20251109,BR003,SKU016128SI,187,176,11
STK-20251109-BR003-SKU016128PI,20251109,BR003,SKU016128PI,210,189,21
STK-20251109-BR003-SKU016256BL,20251109,BR003,SKU016256BL,221,184,37
STK-20251109-BR003-SKU016256SI,20251109,BR003,SKU016256SI,215,209,6
STK-20251109-BR003-SKU016256PI,20251109,BR003,SKU016256PI,192,169,23
STK-20251109-BR003-SKU017128BL,20251109,BR003,SKU017128BL,262,258,4
STK-20251109-BR003-SKU017128SI,20251109,BR003,SKU017128SI,263,255,8
STK-20251109-BR003-SKU017128PI,20251109,BR003,SKU017128PI,266,254,12
STK-20251109-BR003-SKU017256BL,20251109,BR003,SKU017256BL,268,266,2
STK-20251109-BR003-SKU017256SI,20251109,BR003,SKU017256SI,307,290,17
STK-20251109-BR003-SKU017256PI,20251109,BR003,SKU017256PI,311,297,14
STK-20251109-BR004-SKU015128BL,20251109,BR004,SKU015128BL,212,104,108
STK-20251109-BR004-SKU015128SI,20251109,BR004,SKU015128SI,259,109,150
STK-20251109-BR004-SKU015128PI,20251109,BR004,SKU015128PI,269,113,156
STK-20251109-BR004-SKU015256BL,20251109,BR004,SKU015256BL,229,102,127
STK-20251109-BR004-SKU015256SI,20251109,BR004,SKU015256SI,225,106,119
STK-20251109-BR004-SKU015256PI,20251109,BR004,SKU015256PI,261,111,150
STK-20251109-BR004-SKU016128BL,20251109,BR004,SKU016128BL,205,192,13
STK-20251109-BR004-SKU016128SI,20251109,BR004,SKU016128SI,212,192,20
STK-20251109-BR004-SKU016128PI,20251109,BR004,SKU016128PI,185,178,7
STK-20251109-BR004-SKU016256BL,20251109,BR004,SKU016256BL,207,184,23
STK-20251109-BR004-SKU016256SI,20251109,BR004,SKU016256SI,195,170,25
STK-20251109-BR004-SKU016256PI,20251109,BR004,SKU016256PI,187,173,14
STK-20251109-BR004-SKU017128BL,20251109,BR004,SKU017128BL,277,276,1
STK-20251109-BR004-SKU017128SI,20251109,BR004,SKU017128SI,259,256,3
STK-20251109-BR004-SKU017128PI,20251109,BR004,SKU017128PI,309,299,10
STK-20251109-BR004-SKU017256BL,20251109,BR004,SKU017256BL,288,272,16
STK-20251109-BR004-SKU017256SI,20251109,BR004,SKU017256SI,267,260,7
STK-20251109-BR004-SKU017256PI,20251109,BR004,SKU017256PI,295,262,33
STK-20251109-BR005-SKU015128BL,20251109,BR005,SKU015128BL,218,106,112
STK-20251109-BR005-SKU015128SI,20251109,BR005,SKU015128SI,239,107,132
STK-20251109-BR005-SKU015128PI,20251109,BR005,SKU015128PI,259,114,145
STK-20251109-BR005-SKU015256BL,20251109,BR005,SKU015256BL,274,97,177
STK-20251109-BR005-SKU015256SI,20251109,BR005,SKU015256SI,286,97,189
STK-20251109-BR005-SKU015256PI,20251109,BR005,SKU015256PI,281,112,169
STK-20251109-BR005-SKU016128BL,20251109,BR005,SKU016128BL,184,178,6
STK-20251109-BR005-SKU016128SI,20251109,BR005,SKU016128SI,204,189,15
STK-20251109-BR005-SKU016128PI,20251109,BR005,SKU016128PI,198,175,23
STK-20251109-BR005-SKU016256BL,20251109,BR005,SKU016256BL,190,182,8
STK-20251109-BR005-SKU016256SI,20251109,BR005,SKU016256SI,181,178,3
STK-20251109-BR005-SKU016256PI,20251109,BR005,SKU016256PI,193,189,4
STK-20251109-BR005-SKU017128BL,20251109,BR005,SKU017128BL,274,271,3
STK-20251109-BR005-SKU017128SI,20251109,BR005,SKU017128SI,280,266,14
STK-20251109-BR005-SKU017128PI,20251109,BR005,SKU017128PI,274,269,5
STK-20251109-BR005-SKU017256BL,20251109,BR005,SKU017256BL,279,258,21
STK-20251109-BR005-SKU017256SI,20251109,BR005,SKU017256SI,279,263,16
STK-20251109-BR005-SKU017256PI,20251109,BR005,SKU017256PI,271,259,12
STK-20251110-BR000-SKU015128BL,20251110,BR000,SKU015128BL,644,0,644
STK-20251110-BR000-SKU015128SI,20251110,BR000,SKU015128SI,795,0,795
STK-20251110-BR000-SKU015128PI,20251110,BR000,SKU015128PI,930,0,930
STK-20251110-BR000-SKU015256BL,20251110,BR000,SKU015256BL,712,0,712
STK-20251110-BR000-SKU015256SI,20251110,BR000,SKU015256SI,744,0,744
STK-20251110-BR000-SKU015256PI,20251110,BR000,SKU015256PI,985,0,985
STK-20251110-BR000-SKU016128BL,20251110,BR000,SKU016128BL,632,0,632
STK-20251110-BR000-SKU016128SI,20251110,BR000,SKU016128SI,857,0,857
STK-20251110-BR000-SKU016128PI,20251110,BR000,SKU016128PI,686,0,686
STK-20251110-BR000-SKU016256BL,20251110,BR000,SKU016256BL,548,0,548
STK-20251110-BR000-SKU016256SI,20251110,BR000,SKU016256SI,855,0,855
STK-20251110-BR000-SKU016256PI,20251110,BR000,SKU016256PI,881,0,881
STK-20251110-BR000-SKU017128BL,20251110,BR000,SKU017128BL,658,0,658
STK-20251110-BR000-SKU017128SI,20251110,BR000,SKU017128SI,661,0,661
STK-20251110-BR000-SKU017128PI,20251110,BR000,SKU017128PI,617,0,617
STK-20251110-BR000-SKU017256BL,20251110,BR000,SKU017256BL,731,0,731
STK-20251110-BR000-SKU017256SI,20251110,BR000,SKU017256SI,682,0,682
STK-20251110-BR000-SKU017256PI,20251110,BR000,SKU017256PI,891,0,891
STK-20251110-BR001-SKU015128BL,20251110,BR001,SKU015128BL,256,108,148
STK-20251110-BR001-SKU015128SI,20251110,BR001,SKU015128SI,308,113,195
STK-20251110-BR001-SKU015128PI,20251110,BR001,SKU015128PI,305,111,194
STK-20251110-BR001-SKU015256BL,20251110,BR001,SKU015256BL,293,108,185
STK-20251110-BR001-SKU015256SI,20251110,BR001,SKU015256SI,293,109,184
STK-20251110-BR001-SKU015256PI,20251110,BR001,SKU015256PI,252,106,146
STK-20251110-BR001-SKU016128BL,20251110,BR001,SKU016128BL,273,205,68
STK-20251110-BR001-SKU016128SI,20251110,BR001,SKU016128SI,228,191,37
STK-20251110-BR001-SKU016128PI,20251110,BR001,SKU016128PI,245,185,60
STK-20251110-BR001-SKU016256BL,20251110,BR001,SKU016256BL,246,191,55
STK-20251110-BR001-SKU016256SI,20251110,BR001,SKU016256SI,246,178,68
STK-20251110-BR001-SKU016256PI,20251110,BR001,SKU016256PI,222,181,41
STK-20251110-BR001-SKU017128BL,20251110,BR001,SKU017128BL,328,263,65
STK-20251110-BR001-SKU017128SI,20251110,BR001,SKU017128SI,341,269,72
STK-20251110-BR001-SKU017128PI,20251110,BR001,SKU017128PI,339,280,59
STK-20251110-BR001-SKU017256BL,20251110,BR001,SKU017256BL,333,281,52
STK-20251110-BR001-SKU017256SI,20251110,BR001,SKU017256SI,320,265,55
STK-20251110-BR001-SKU017256PI,20251110,BR001,SKU017256PI,312,253,59
STK-20251110-BR002-SKU015128BL,20251110,BR002,SKU015128BL,324,118,206
STK-20251110-BR002-SKU015128SI,20251110,BR002,SKU015128SI,276,101,175
STK-20251110-BR002-SKU015128PI,20251110,BR002,SKU015128PI,285,110,175
STK-20251110-BR002-SKU015256BL,20251110,BR002,SKU015256BL,330,96,234
STK-20251110-BR002-SKU015256SI,20251110,BR002,SKU015256SI,235,114,121
STK-20251110-BR002-SKU015256PI,20251110,BR002,SKU015256PI,353,106,247
STK-20251110-BR002-SKU016128BL,20251110,BR002,SKU016128BL,229,189,40
STK-20251110-BR002-SKU016128SI,20251110,BR002,SKU016128SI,270,185,85
STK-20251110-BR002-SKU016128PI,20251110,BR002,SKU016128PI,227,170,57
STK-20251110-BR002-SKU016256BL,20251110,BR002,SKU016256BL,233,186,47
STK-20251110-BR002-SKU016256SI,20251110,BR002,SKU016256SI,270,194,76
STK-20251110-BR002-SKU016256PI,20251110,BR002,SKU016256PI,260,175,85
STK-20251110-BR002-SKU017128BL,20251110,BR002,SKU017128BL,332,289,43
STK-20251110-BR002-SKU017128SI,20251110,BR002,SKU017128SI,323,262,61
STK-20251110-BR002-SKU017128PI,20251110,BR002,SKU017128PI,339,275,64
STK-20251110-BR002-SKU017256BL,20251110,BR002,SKU017256BL,331,277,54
STK-20251110-BR002-SKU017256SI,20251110,BR002,SKU017256SI,318,264,54
STK-20251110-BR002-SKU017256PI,20251110,BR002,SKU017256PI,285,256,29
STK-20251110-BR003-SKU015128BL,20251110,BR003,SKU015128BL,286,117,169
STK-20251110-BR003-SKU015128SI,20251110,BR003,SKU015128SI,334,108,226
STK-20251110-BR003-SKU015128PI,20251110,BR003,SKU015128PI,286,113,173
STK-20251110-BR003-SKU015256BL,20251110,BR003,SKU015256BL,316,104,212
STK-20251110-BR003-SKU015256SI,20251110,BR003,SKU015256SI,337,117,220
STK-20251110-BR003-SKU015256PI,20251110,BR003,SKU015256PI,270,115,155
STK-20251110-BR003-SKU016128BL,20251110,BR003,SKU016128BL,252,191,61
STK-20251110-BR003-SKU016128SI,20251110,BR003,SKU016128SI,241,181,60
STK-20251110-BR003-SKU016128PI,20251110,BR003,SKU016128PI,247,191,56
STK-20251110-BR003-SKU016256BL,20251110,BR003,SKU016256BL,248,190,58
STK-20251110-BR003-SKU016256SI,20251110,BR003,SKU016256SI,260,211,49
STK-20251110-BR003-SKU016256PI,20251110,BR003,SKU016256PI,237,177,60
STK-20251110-BR003-SKU017128BL,20251110,BR003,SKU017128BL,296,260,36
STK-20251110-BR003-SKU017128SI,20251110,BR003,SKU017128SI,296,259,37
STK-20251110-BR003-SKU017128PI,20251110,BR003,SKU017128PI,316,257,59
STK-20251110-BR003-SKU017256BL,20251110,BR003,SKU017256BL,320,272,48
STK-20251110-BR003-SKU017256SI,20251110,BR003,SKU017256SI,347,297,50
STK-20251110-BR003-SKU017256PI,20251110,BR003,SKU017256PI,346,286,60
STK-20251110-BR004-SKU015128BL,20251110,BR004,SKU015128BL,259,105,154
STK-20251110-BR004-SKU015128SI,20251110,BR004,SKU015128SI,313,113,200
STK-20251110-BR004-SKU015128PI,20251110,BR004,SKU015128PI,307,116,191
STK-20251110-BR004-SKU015256BL,20251110,BR004,SKU015256BL,287,106,181
STK-20251110-BR004-SKU015256SI,20251110,BR004,SKU015256SI,260,105,155
STK-20251110-BR004-SKU015256PI,20251110,BR004,SKU015256PI,297,112,185
STK-20251110-BR004-SKU016128BL,20251110,BR004,SKU016128BL,249,200,49
STK-20251110-BR004-SKU016128SI,20251110,BR004,SKU016128SI,261,196,65
STK-20251110-BR004-SKU016128PI,20251110,BR004,SKU016128PI,222,187,35
STK-20251110-BR004-SKU016256BL,20251110,BR004,SKU016256BL,229,180,49
STK-20251110-BR004-SKU016256SI,20251110,BR004,SKU016256SI,244,174,70
STK-20251110-BR004-SKU016256PI,20251110,BR004,SKU016256PI,242,178,64
STK-20251110-BR004-SKU017128BL,20251110,BR004,SKU017128BL,308,276,32
STK-20251110-BR004-SKU017128SI,20251110,BR004,SKU017128SI,292,261,31
STK-20251110-BR004-SKU017128PI,20251110,BR004,SKU017128PI,353,312,41
STK-20251110-BR004-SKU017256BL,20251110,BR004,SKU017256BL,339,278,61
STK-20251110-BR004-SKU017256SI,20251110,BR004,SKU017256SI,305,262,43
STK-20251110-BR004-SKU017256PI,20251110,BR004,SKU017256PI,320,262,58
STK-20251110-BR005-SKU015128BL,20251110,BR005,SKU015128BL,248,104,144
STK-20251110-BR005-SKU015128SI,20251110,BR005,SKU015128SI,282,108,174
STK-20251110-BR005-SKU015128PI,20251110,BR005,SKU015128PI,296,115,181
STK-20251110-BR005-SKU015256BL,20251110,BR005,SKU015256BL,314,100,214
STK-20251110-BR005-SKU015256SI,20251110,BR005,SKU015256SI,334,100,234
STK-20251110-BR005-SKU015256PI,20251110,BR005,SKU015256PI,322,113,209
STK-20251110-BR005-SKU016128BL,20251110,BR005,SKU016128BL,227,182,45
STK-20251110-BR005-SKU016128SI,20251110,BR005,SKU016128SI,233,193,40
STK-20251110-BR005-SKU016128PI,20251110,BR005,SKU016128PI,243,182,61
STK-20251110-BR005-SKU016256BL,20251110,BR005,SKU016256BL,244,182,62
STK-20251110-BR005-SKU016256SI,20251110,BR005,SKU016256SI,208,179,29
STK-20251110-BR005-SKU016256PI,20251110,BR005,SKU016256PI,230,186,44
STK-20251110-BR005-SKU017128BL,20251110,BR005,SKU017128BL,328,281,47
STK-20251110-BR005-SKU017128SI,20251110,BR005,SKU017128SI,329,273,56
STK-20251110-BR005-SKU017128PI,20251110,BR005,SKU017128PI,322,268,54
STK-20251110-BR005-SKU017256BL,20251110,BR005,SKU017256BL,301,252,49
STK-20251110-BR005-SKU017256SI,20251110,BR005,SKU017256SI,313,268,45
STK-20251110-BR005-SKU017256PI,20251110,BR005,SKU017256PI,318,268,50
STK-20251111-BR000-SKU015128BL,20251111,BR000,SKU015128BL,644,0,644
STK-20251111-BR000-SKU015128SI,20251111,BR000,SKU015128SI,795,0,795
STK-20251111-BR000-SKU015128PI,20251111,BR000,SKU015128PI,930,0,930
STK-20251111-BR000-SKU015256BL,20251111,BR000,SKU015256BL,712,0,712
STK-20251111-BR000-SKU015256SI,20251111,BR000,SKU015256SI,744,0,744
STK-20251111-BR000-SKU015256PI,20251111,BR000,SKU015256PI,985,0,985
STK-20251111-BR000-SKU016128BL,20251111,BR000,SKU016128BL,632,0,632
STK-20251111-BR000-SKU016128SI,20251111,BR000,SKU016128SI,857,0,857
STK-20251111-BR000-SKU016128PI,20251111,BR000,SKU016128PI,686,0,686
STK-20251111-BR000-SKU016256BL,20251111,BR000,SKU016256BL,548,0,548
STK-20251111-BR000-SKU016256SI,20251111,BR000,SKU016256SI,855,0,855
STK-20251111-BR000-SKU016256PI,20251111,BR000,SKU016256PI,881,0,881
STK-20251111-BR000-SKU017128BL,20251111,BR000,SKU017128BL,658,0,658
STK-20251111-BR000-SKU017128SI,20251111,BR000,SKU017128SI,661,0,661
STK-20251111-BR000-SKU017128PI,20251111,BR000,SKU017128PI,617,0,617
STK-20251111-BR000-SKU017256BL,20251111,BR000,SKU017256BL,731,0,731
STK-20251111-BR000-SKU017256SI,20251111,BR000,SKU017256SI,682,0,682
STK-20251111-BR000-SKU017256PI,20251111,BR000,SKU017256PI,891,0,891
STK-20251111-BR001-SKU015128BL,20251111,BR001,SKU015128BL,256,111,145
STK-20251111-BR001-SKU015128SI,20251111,BR001,SKU015128SI,306,113,193
STK-20251111-BR001-SKU015128PI,20251111,BR001,SKU015128PI,303,114,189
STK-20251111-BR001-SKU015256BL,20251111,BR001,SKU015256BL,291,109,182
STK-20251111-BR001-SKU015256SI,20251111,BR001,SKU015256SI,293,110,183
STK-20251111-BR001-SKU015256PI,20251111,BR001,SKU015256PI,252,107,145
STK-20251111-BR001-SKU016128BL,20251111,BR001,SKU016128BL,271,209,62
STK-20251111-BR001-SKU016128SI,20251111,BR001,SKU016128SI,228,198,30
STK-20251111-BR001-SKU016128PI,20251111,BR001,SKU016128PI,245,187,58
STK-20251111-BR001-SKU016256BL,20251111,BR001,SKU016256BL,239,188,51
STK-20251111-BR001-SKU016256SI,20251111,BR001,SKU016256SI,244,180,64
STK-20251111-BR001-SKU016256PI,20251111,BR001,SKU016256PI,221,186,35
STK-20251111-BR001-SKU017128BL,20251111,BR001,SKU017128BL,328,271,57
STK-20251111-BR001-SKU017128SI,20251111,BR001,SKU017128SI,338,274,64
STK-20251111-BR001-SKU017128PI,20251111,BR001,SKU017128PI,334,280,54
STK-20251111-BR001-SKU017256BL,20251111,BR001,SKU017256BL,326,283,43
STK-20251111-BR001-SKU017256SI,20251111,BR001,SKU017256SI,306,263,43
STK-20251111-BR001-SKU017256PI,20251111,BR001,SKU017256PI,308,255,53
STK-20251111-BR002-SKU015128BL,20251111,BR002,SKU015128BL,321,117,204
STK-20251111-BR002-SKU015128SI,20251111,BR002,SKU015128SI,276,102,174
STK-20251111-BR002-SKU015128PI,20251111,BR002,SKU015128PI,284,111,173
STK-20251111-BR002-SKU015256BL,20251111,BR002,SKU015256BL,330,97,233
STK-20251111-BR002-SKU015256SI,20251111,BR002,SKU015256SI,234,115,119
STK-20251111-BR002-SKU015256PI,20251111,BR002,SKU015256PI,353,111,242
STK-20251111-BR002-SKU016128BL,20251111,BR002,SKU016128BL,229,195,34
STK-20251111-BR002-SKU016128SI,20251111,BR002,SKU016128SI,268,188,80
STK-20251111-BR002-SKU016128PI,20251111,BR002,SKU016128PI,227,176,51
STK-20251111-BR002-SKU016256BL,20251111,BR002,SKU016256BL,230,188,42
STK-20251111-BR002-SKU016256SI,20251111,BR002,SKU016256SI,262,193,69
STK-20251111-BR002-SKU016256PI,20251111,BR002,SKU016256PI,259,177,82
STK-20251111-BR002-SKU017128BL,20251111,BR002,SKU017128BL,310,281,29
STK-20251111-BR002-SKU017128SI,20251111,BR002,SKU017128SI,308,255,53
STK-20251111-BR002-SKU017128PI,20251111,BR002,SKU017128PI,337,283,54
STK-20251111-BR002-SKU017256BL,20251111,BR002,SKU017256BL,325,275,50
STK-20251111-BR002-SKU017256SI,20251111,BR002,SKU017256SI,318,269,49
STK-20251111-BR002-SKU017256PI,20251111,BR002,SKU017256PI,281,259,22
STK-20251111-BR003-SKU015128BL,20251111,BR003,SKU015128BL,286,118,168
STK-20251111-BR003-SKU015128SI,20251111,BR003,SKU015128SI,334,109,225
STK-20251111-BR003-SKU015128PI,20251111,BR003,SKU015128PI,286,117,169
STK-20251111-BR003-SKU015256BL,20251111,BR003,SKU015256BL,312,101,211
STK-20251111-BR003-SKU015256SI,20251111,BR003,SKU015256SI,335,117,218
STK-20251111-BR003-SKU015256PI,20251111,BR003,SKU015256PI,267,114,153
STK-20251111-BR003-SKU016128BL,20251111,BR003,SKU016128BL,247,190,57
STK-20251111-BR003-SKU016128SI,20251111,BR003,SKU016128SI,240,188,52
STK-20251111-BR003-SKU016128PI,20251111,BR003,SKU016128PI,247,195,52
STK-20251111-BR003-SKU016256BL,20251111,BR003,SKU016256BL,248,196,52
STK-20251111-BR003-SKU016256SI,20251111,BR003,SKU016256SI,260,217,43
STK-20251111-BR003-SKU016256PI,20251111,BR003,SKU016256PI,237,180,57
STK-20251111-BR003-SKU017128BL,20251111,BR003,SKU017128BL,294,266,28
STK-20251111-BR003-SKU017128SI,20251111,BR003,SKU017128SI,293,263,30
STK-20251111-BR003-SKU017128PI,20251111,BR003,SKU017128PI,316,267,49
STK-20251111-BR003-SKU017256BL,20251111,BR003,SKU017256BL,312,271,41
STK-20251111-BR003-SKU017256SI,20251111,BR003,SKU017256SI,337,299,38
STK-20251111-BR003-SKU017256PI,20251111,BR003,SKU017256PI,339,289,50
STK-20251111-BR004-SKU015128BL,20251111,BR004,SKU015128BL,257,106,151
STK-20251111-BR004-SKU015128SI,20251111,BR004,SKU015128SI,312,115,197
STK-20251111-BR004-SKU015128PI,20251111,BR004,SKU015128PI,298,110,188
STK-20251111-BR004-SKU015256BL,20251111,BR004,SKU015256BL,287,109,178
STK-20251111-BR004-SKU015256SI,20251111,BR004,SKU015256SI,258,106,152
STK-20251111-BR004-SKU015256PI,20251111,BR004,SKU015256PI,296,113,183
STK-20251111-BR004-SKU016128BL,20251111,BR004,SKU016128BL,246,207,39
STK-20251111-BR004-SKU016128SI,20251111,BR004,SKU016128SI,252,194,58
STK-20251111-BR004-SKU016128PI,20251111,BR004,SKU016128PI,219,189,30
STK-20251111-BR004-SKU016256BL,20251111,BR004,SKU016256BL,224,179,45
STK-20251111-BR004-SKU016256SI,20251111,BR004,SKU016256SI,237,172,65
STK-20251111-BR004-SKU016256PI,20251111,BR004,SKU016256PI,235,174,61
STK-20251111-BR004-SKU017128BL,20251111,BR004,SKU017128BL,308,284,24
STK-20251111-BR004-SKU017128SI,20251111,BR004,SKU017128SI,287,264,23
STK-20251111-BR004-SKU017128PI,20251111,BR004,SKU017128PI,326,293,33
STK-20251111-BR004-SKU017256BL,20251111,BR004,SKU017256BL,335,284,51
STK-20251111-BR004-SKU017256SI,20251111,BR004,SKU017256SI,291,261,30
STK-20251111-BR004-SKU017256PI,20251111,BR004,SKU017256PI,320,267,53
STK-20251111-BR005-SKU015128BL,20251111,BR005,SKU015128BL,248,105,143
STK-20251111-BR005-SKU015128SI,20251111,BR005,SKU015128SI,280,107,173
STK-20251111-BR005-SKU015128PI,20251111,BR005,SKU015128PI,296,120,176
STK-20251111-BR005-SKU015256BL,20251111,BR005,SKU015256BL,311,100,211
STK-20251111-BR005-SKU015256SI,20251111,BR005,SKU015256SI,333,100,233
STK-20251111-BR005-SKU015256PI,20251111,BR005,SKU015256PI,319,113,206
STK-20251111-BR005-SKU016128BL,20251111,BR005,SKU016128BL,217,177,40
STK-20251111-BR005-SKU016128SI,20251111,BR005,SKU016128SI,226,192,34
STK-20251111-BR005-SKU016128PI,20251111,BR005,SKU016128PI,234,177,57
STK-20251111-BR005-SKU016256BL,20251111,BR005,SKU016256BL,244,190,54
STK-20251111-BR005-SKU016256SI,20251111,BR005,SKU016256SI,200,180,20
STK-20251111-BR005-SKU016256PI,20251111,BR005,SKU016256PI,230,195,35
STK-20251111-BR005-SKU017128BL,20251111,BR005,SKU017128BL,317,282,35
STK-20251111-BR005-SKU017128SI,20251111,BR005,SKU017128SI,329,281,48
STK-20251111-BR005-SKU017128PI,20251111,BR005,SKU017128PI,309,267,42
STK-20251111-BR005-SKU017256BL,20251111,BR005,SKU017256BL,301,263,38
STK-20251111-BR005-SKU017256SI,20251111,BR005,SKU017256SI,304,270,34
STK-20251111-BR005-SKU017256PI,20251111,BR005,SKU017256PI,318,272,46
STK-20251112-BR000-SKU015128BL,20251112,BR000,SKU015128BL,644,0,644
STK-20251112-BR000-SKU015128SI,20251112,BR000,SKU015128SI,795,0,795
STK-20251112-BR000-SKU015128PI,20251112,BR000,SKU015128PI,930,0,930
STK-20251112-BR000-SKU015256BL,20251112,BR000,SKU015256BL,712,0,712
STK-20251112-BR000-SKU015256SI,20251112,BR000,SKU015256SI,744,0,744
STK-20251112-BR000-SKU015256PI,20251112,BR000,SKU015256PI,985,0,985
STK-20251112-BR000-SKU016128BL,20251112,BR000,SKU016128BL,632,0,632
STK-20251112-BR000-SKU016128SI,20251112,BR000,SKU016128SI,857,0,857
STK-20251112-BR000-SKU016128PI,20251112,BR000,SKU016128PI,686,0,686
STK-20251112-BR000-SKU016256BL,20251112,BR000,SKU016256BL,548,0,548
STK-20251112-BR000-SKU016256SI,20251112,BR000,SKU016256SI,855,0,855
STK-20251112-BR000-SKU016256PI,20251112,BR000,SKU016256PI,881,0,881
STK-20251112-BR000-SKU017128BL,20251112,BR000,SKU017128BL,658,0,658
STK-20251112-BR000-SKU017128SI,20251112,BR000,SKU017128SI,661,0,661
STK-20251112-BR000-SKU017128PI,20251112,BR000,SKU017128PI,617,0,617
STK-20251112-BR000-SKU017256BL,20251112,BR000,SKU017256BL,731,0,731
STK-20251112-BR000-SKU017256SI,20251112,BR000,SKU017256SI,682,0,682
STK-20251112-BR000-SKU017256PI,20251112,BR000,SKU017256PI,891,0,891
STK-20251112-BR001-SKU015128BL,20251112,BR001,SKU015128BL,254,111,143
STK-20251112-BR001-SKU015128SI,20251112,BR001,SKU015128SI,306,117,189
STK-20251112-BR001-SKU015128PI,20251112,BR001,SKU015128PI,303,120,183
STK-20251112-BR001-SKU015256BL,20251112,BR001,SKU015256BL,288,107,181
STK-20251112-BR001-SKU015256SI,20251112,BR001,SKU015256SI,293,112,181
STK-20251112-BR001-SKU015256PI,20251112,BR001,SKU015256PI,252,111,141
STK-20251112-BR001-SKU016128BL,20251112,BR001,SKU016128BL,266,207,59
STK-20251112-BR001-SKU016128SI,20251112,BR001,SKU016128SI,228,206,22
STK-20251112-BR001-SKU016128PI,20251112,BR001,SKU016128PI,242,185,57
STK-20251112-BR001-SKU016256BL,20251112,BR001,SKU016256BL,234,187,47
STK-20251112-BR001-SKU016256SI,20251112,BR001,SKU016256SI,244,186,58
STK-20251112-BR001-SKU016256PI,20251112,BR001,SKU016256PI,220,190,30
STK-20251112-BR001-SKU017128BL,20251112,BR001,SKU017128BL,324,277,47
STK-20251112-BR001-SKU017128SI,20251112,BR001,SKU017128SI,330,272,58
STK-20251112-BR001-SKU017128PI,20251112,BR001,SKU017128PI,322,275,47
STK-20251112-BR001-SKU017256BL,20251112,BR001,SKU017256BL,315,279,36
STK-20251112-BR001-SKU017256SI,20251112,BR001,SKU017256SI,298,261,37
STK-20251112-BR001-SKU017256PI,20251112,BR001,SKU017256PI,306,262,44
STK-20251112-BR002-SKU015128BL,20251112,BR002,SKU015128BL,320,117,203
STK-20251112-BR002-SKU015128SI,20251112,BR002,SKU015128SI,276,106,170
STK-20251112-BR002-SKU015128PI,20251112,BR002,SKU015128PI,283,111,172
STK-20251112-BR002-SKU015256BL,20251112,BR002,SKU015256BL,330,100,230
STK-20251112-BR002-SKU015256SI,20251112,BR002,SKU015256SI,230,112,118
STK-20251112-BR002-SKU015256PI,20251112,BR002,SKU015256PI,353,117,236
STK-20251112-BR002-SKU016128BL,20251112,BR002,SKU016128BL,229,204,25
STK-20251112-BR002-SKU016128SI,20251112,BR002,SKU016128SI,268,195,73
STK-20251112-BR002-SKU016128PI,20251112,BR002,SKU016128PI,221,177,44
STK-20251112-BR002-SKU016256BL,20251112,BR002,SKU016256BL,227,190,37
STK-20251112-BR002-SKU016256SI,20251112,BR002,SKU016256SI,255,190,65
STK-20251112-BR002-SKU016256PI,20251112,BR002,SKU016256PI,259,181,78
STK-20251112-BR002-SKU017128BL,20251112,BR002,SKU017128BL,302,281,21
STK-20251112-BR002-SKU017128SI,20251112,BR002,SKU017128SI,301,258,43
STK-20251112-BR002-SKU017128PI,20251112,BR002,SKU017128PI,331,290,41
STK-20251112-BR002-SKU017256BL,20251112,BR002,SKU017256BL,320,283,37
STK-20251112-BR002-SKU017256SI,20251112,BR002,SKU017256SI,310,267,43
STK-20251112-BR002-SKU017256PI,20251112,BR002,SKU017256PI,281,273,8
STK-20251112-BR003-SKU015128BL,20251112,BR003,SKU015128BL,281,114,167
STK-20251112-BR003-SKU015128SI,20251112,BR003,SKU015128SI,334,110,224
STK-20251112-BR003-SKU015128PI,20251112,BR003,SKU015128PI,286,120,166
STK-20251112-BR003-SKU015256BL,20251112,BR003,SKU015256BL,312,106,206
STK-20251112-BR003-SKU015256SI,20251112,BR003,SKU015256SI,334,119,215
STK-20251112-BR003-SKU015256PI,20251112,BR003,SKU015256PI,267,116,151
STK-20251112-BR003-SKU016128BL,20251112,BR003,SKU016128BL,247,197,50
STK-20251112-BR003-SKU016128SI,20251112,BR003,SKU016128SI,234,187,47
STK-20251112-BR003-SKU016128PI,20251112,BR003,SKU016128PI,244,194,50
STK-20251112-BR003-SKU016256BL,20251112,BR003,SKU016256BL,248,200,48
STK-20251112-BR003-SKU016256SI,20251112,BR003,SKU016256SI,251,212,39
STK-20251112-BR003-SKU016256PI,20251112,BR003,SKU016256PI,237,186,51
STK-20251112-BR003-SKU017128BL,20251112,BR003,SKU017128BL,289,269,20
STK-20251112-BR003-SKU017128SI,20251112,BR003,SKU017128SI,293,270,23
STK-20251112-BR003-SKU017128PI,20251112,BR003,SKU017128PI,311,272,39
STK-20251112-BR003-SKU017256BL,20251112,BR003,SKU017256BL,308,277,31
STK-20251112-BR003-SKU017256SI,20251112,BR003,SKU017256SI,337,309,28
STK-20251112-BR003-SKU017256PI,20251112,BR003,SKU017256PI,327,283,44
STK-20251112-BR004-SKU015128BL,20251112,BR004,SKU015128BL,257,112,145
STK-20251112-BR004-SKU015128SI,20251112,BR004,SKU015128SI,311,116,195
STK-20251112-BR004-SKU015128PI,20251112,BR004,SKU015128PI,295,108,187
STK-20251112-BR004-SKU015256BL,20251112,BR004,SKU015256BL,285,109,176
STK-20251112-BR004-SKU015256SI,20251112,BR004,SKU015256SI,258,107,151
STK-20251112-BR004-SKU015256PI,20251112,BR004,SKU015256PI,294,113,181
STK-20251112-BR004-SKU016128BL,20251112,BR004,SKU016128BL,237,207,30
STK-20251112-BR004-SKU016128SI,20251112,BR004,SKU016128SI,252,201,51
STK-20251112-BR004-SKU016128PI,20251112,BR004,SKU016128PI,216,190,26
STK-20251112-BR004-SKU016256BL,20251112,BR004,SKU016256BL,222,186,36
STK-20251112-BR004-SKU016256SI,20251112,BR004,SKU016256SI,235,174,61
STK-20251112-BR004-SKU016256PI,20251112,BR004,SKU016256PI,235,180,55
STK-20251112-BR004-SKU017128BL,20251112,BR004,SKU017128BL,301,284,17
STK-20251112-BR004-SKU017128SI,20251112,BR004,SKU017128SI,287,278,9
STK-20251112-BR004-SKU017128PI,20251112,BR004,SKU017128PI,314,292,22
STK-20251112-BR004-SKU017256BL,20251112,BR004,SKU017256BL,335,296,39
STK-20251112-BR004-SKU017256SI,20251112,BR004,SKU017256SI,291,269,22
STK-20251112-BR004-SKU017256PI,20251112,BR004,SKU017256PI,320,275,45
STK-20251112-BR005-SKU015128BL,20251112,BR005,SKU015128BL,246,105,141
STK-20251112-BR005-SKU015128SI,20251112,BR005,SKU015128SI,280,108,172
STK-20251112-BR005-SKU015128PI,20251112,BR005,SKU015128PI,294,123,171
STK-20251112-BR005-SKU015256BL,20251112,BR005,SKU015256BL,311,102,209
STK-20251112-BR005-SKU015256SI,20251112,BR005,SKU015256SI,332,104,228
STK-20251112-BR005-SKU015256PI,20251112,BR005,SKU015256PI,317,113,204
STK-20251112-BR005-SKU016128BL,20251112,BR005,SKU016128BL,217,180,37
STK-20251112-BR005-SKU016128SI,20251112,BR005,SKU016128SI,226,196,30
STK-20251112-BR005-SKU016128PI,20251112,BR005,SKU016128PI,233,182,51
STK-20251112-BR005-SKU016256BL,20251112,BR005,SKU016256BL,244,195,49
STK-20251112-BR005-SKU016256SI,20251112,BR005,SKU016256SI,198,186,12
STK-20251112-BR005-SKU016256PI,20251112,BR005,SKU016256PI,221,192,29
STK-20251112-BR005-SKU017128BL,20251112,BR005,SKU017128BL,306,281,25
STK-20251112-BR005-SKU017128SI,20251112,BR005,SKU017128SI,316,275,41
STK-20251112-BR005-SKU017128PI,20251112,BR005,SKU017128PI,309,275,34
STK-20251112-BR005-SKU017256BL,20251112,BR005,SKU017256BL,301,272,29
STK-20251112-BR005-SKU017256SI,20251112,BR005,SKU017256SI,301,276,25
STK-20251112-BR005-SKU017256PI,20251112,BR005,SKU017256PI,314,280,34
STK-20251113-BR000-SKU015128BL,20251113,BR000,SKU015128BL,644,0,644
STK-20251113-BR000-SKU015128SI,20251113,BR000,SKU015128SI,795,0,795
STK-20251113-BR000-SKU015128PI,20251113,BR000,SKU015128PI,930,0,930
STK-20251113-BR000-SKU015256BL,20251113,BR000,SKU015256BL,712,0,712
STK-20251113-BR000-SKU015256SI,20251113,BR000,SKU015256SI,744,0,744
STK-20251113-BR000-SKU015256PI,20251113,BR000,SKU015256PI,985,0,985
STK-20251113-BR000-SKU016128BL,20251113,BR000,SKU016128BL,632,0,632
STK-20251113-BR000-SKU016128SI,20251113,BR000,SKU016128SI,857,0,857
STK-20251113-BR000-SKU016128PI,20251113,BR000,SKU016128PI,686,0,686
STK-20251113-BR000-SKU016256BL,20251113,BR000,SKU016256BL,548,0,548
STK-20251113-BR000-SKU016256SI,20251113,BR000,SKU016256SI,855,0,855
STK-20251113-BR000-SKU016256PI,20251113,BR000,SKU016256PI,881,0,881
STK-20251113-BR000-SKU017128BL,20251113,BR000,SKU017128BL,658,0,658
STK-20251113-BR000-SKU017128SI,20251113,BR000,SKU017128SI,661,0,661
STK-20251113-BR000-SKU017128PI,20251113,BR000,SKU017128PI,617,0,617
STK-20251113-BR000-SKU017256BL,20251113,BR000,SKU017256BL,731,0,731
STK-20251113-BR000-SKU017256SI,20251113,BR000,SKU017256SI,682,0,682
STK-20251113-BR000-SKU017256PI,20251113,BR000,SKU017256PI,891,0,891
STK-20251113-BR001-SKU015128BL,20251113,BR001,SKU015128BL,253,111,142
STK-20251113-BR001-SKU015128SI,20251113,BR001,SKU015128SI,301,113,188
STK-20251113-BR001-SKU015128PI,20251113,BR001,SKU015128PI,303,123,180
STK-20251113-BR001-SKU015256BL,20251113,BR001,SKU015256BL,288,110,178
STK-20251113-BR001-SKU015256SI,20251113,BR001,SKU015256SI,292,112,180
STK-20251113-BR001-SKU015256PI,20251113,BR001,SKU015256PI,250,110,140
STK-20251113-BR001-SKU016128BL,20251113,BR001,SKU016128BL,262,210,52
STK-20251113-BR001-SKU016128SI,20251113,BR001,SKU016128SI,228,215,13
STK-20251113-BR001-SKU016128PI,20251113,BR001,SKU016128PI,236,185,51
STK-20251113-BR001-SKU016256BL,20251113,BR001,SKU016256BL,234,193,41
STK-20251113-BR001-SKU016256SI,20251113,BR001,SKU016256SI,240,192,48
STK-20251113-BR001-SKU016256PI,20251113,BR001,SKU016256PI,219,195,24
STK-20251113-BR001-SKU017128BL,20251113,BR001,SKU017128BL,324,287,37
STK-20251113-BR001-SKU017128SI,20251113,BR001,SKU017128SI,330,278,52
STK-20251113-BR001-SKU017128PI,20251113,BR001,SKU017128PI,322,283,39
STK-20251113-BR001-SKU017256BL,20251113,BR001,SKU017256BL,315,288,27
STK-20251113-BR001-SKU017256SI,20251113,BR001,SKU017256SI,298,268,30
STK-20251113-BR001-SKU017256PI,20251113,BR001,SKU017256PI,300,262,38
STK-20251113-BR002-SKU015128BL,20251113,BR002,SKU015128BL,317,118,199
STK-20251113-BR002-SKU015128SI,20251113,BR002,SKU015128SI,276,108,168
STK-20251113-BR002-SKU015128PI,20251113,BR002,SKU015128PI,283,113,170
STK-20251113-BR002-SKU015256BL,20251113,BR002,SKU015256BL,328,100,228
STK-20251113-BR002-SKU015256SI,20251113,BR002,SKU015256SI,227,110,117
STK-20251113-BR002-SKU015256PI,20251113,BR002,SKU015256PI,352,119,233
STK-20251113-BR002-SKU016128BL,20251113,BR002,SKU016128BL,224,208,16
STK-20251113-BR002-SKU016128SI,20251113,BR002,SKU016128SI,263,196,67
STK-20251113-BR002-SKU016128PI,20251113,BR002,SKU016128PI,218,180,38
STK-20251113-BR002-SKU016256BL,20251113,BR002,SKU016256BL,224,194,30
STK-20251113-BR002-SKU016256SI,20251113,BR002,SKU016256SI,254,194,60
STK-20251113-BR002-SKU016256PI,20251113,BR002,SKU016256PI,256,184,72
STK-20251113-BR002-SKU017128BL,20251113,BR002,SKU017128BL,302,288,14
STK-20251113-BR002-SKU017128SI,20251113,BR002,SKU017128SI,301,265,36
STK-20251113-BR002-SKU017128PI,20251113,BR002,SKU017128PI,331,300,31
STK-20251113-BR002-SKU017256BL,20251113,BR002,SKU017256BL,320,292,28
STK-20251113-BR002-SKU017256SI,20251113,BR002,SKU017256SI,307,270,37
STK-20251113-BR002-SKU017256PI,20251113,BR002,SKU017256PI,273,271,2
STK-20251113-BR003-SKU015128BL,20251113,BR003,SKU015128BL,279,115,164
STK-20251113-BR003-SKU015128SI,20251113,BR003,SKU015128SI,334,113,221
STK-20251113-BR003-SKU015128PI,20251113,BR003,SKU015128PI,286,126,160
STK-20251113-BR003-SKU015256BL,20251113,BR003,SKU015256BL,311,106,205
STK-20251113-BR003-SKU015256SI,20251113,BR003,SKU015256SI,334,120,214
STK-20251113-BR003-SKU015256PI,20251113,BR003,SKU015256PI,266,116,150
STK-20251113-BR003-SKU016128BL,20251113,BR003,SKU016128BL,247,199,48
STK-20251113-BR003-SKU016128SI,20251113,BR003,SKU016128SI,234,194,40
STK-20251113-BR003-SKU016128PI,20251113,BR003,SKU016128PI,244,204,40
STK-20251113-BR003-SKU016256BL,20251113,BR003,SKU016256BL,243,203,40
STK-20251113-BR003-SKU016256SI,20251113,BR003,SKU016256SI,251,220,31
STK-20251113-BR003-SKU016256PI,20251113,BR003,SKU016256PI,235,191,44
STK-20251113-BR003-SKU017128BL,20251113,BR003,SKU017128BL,276,268,8
STK-20251113-BR003-SKU017128SI,20251113,BR003,SKU017128SI,285,267,18
STK-20251113-BR003-SKU017128PI,20251113,BR003,SKU017128PI,311,282,29
STK-20251113-BR003-SKU017256BL,20251113,BR003,SKU017256BL,304,284,20
STK-20251113-BR003-SKU017256SI,20251113,BR003,SKU017256SI,327,307,20
STK-20251113-BR003-SKU017256PI,20251113,BR003,SKU017256PI,327,294,33
STK-20251113-BR004-SKU015128BL,20251113,BR004,SKU015128BL,257,115,142
STK-20251113-BR004-SKU015128SI,20251113,BR004,SKU015128SI,309,118,191
STK-20251113-BR004-SKU015128PI,20251113,BR004,SKU015128PI,295,111,184
STK-20251113-BR004-SKU015256BL,20251113,BR004,SKU015256BL,283,109,174
STK-20251113-BR004-SKU015256SI,20251113,BR004,SKU015256SI,256,106,150
STK-20251113-BR004-SKU015256PI,20251113,BR004,SKU015256PI,294,117,177
STK-20251113-BR004-SKU016128BL,20251113,BR004,SKU016128BL,237,212,25
STK-20251113-BR004-SKU016128SI,20251113,BR004,SKU016128SI,248,202,46
STK-20251113-BR004-SKU016128PI,20251113,BR004,SKU016128PI,212,193,19
STK-20251113-BR004-SKU016256BL,20251113,BR004,SKU016256BL,219,185,34
STK-20251113-BR004-SKU016256SI,20251113,BR004,SKU016256SI,233,181,52
STK-20251113-BR004-SKU016256PI,20251113,BR004,SKU016256PI,231,182,49
STK-20251113-BR004-SKU017128BL,20251113,BR004,SKU017128BL,298,293,5
STK-20251113-BR004-SKU017128SI,20251113,BR004,SKU017128SI,313,290,23
STK-20251113-BR004-SKU017128PI,20251113,BR004,SKU017128PI,314,297,17
STK-20251113-BR004-SKU017256BL,20251113,BR004,SKU017256BL,322,294,28
STK-20251113-BR004-SKU017256SI,20251113,BR004,SKU017256SI,287,278,9
STK-20251113-BR004-SKU017256PI,20251113,BR004,SKU017256PI,313,276,37
STK-20251113-BR005-SKU015128BL,20251113,BR005,SKU015128BL,246,106,140
STK-20251113-BR005-SKU015128SI,20251113,BR005,SKU015128SI,280,111,169
STK-20251113-BR005-SKU015128PI,20251113,BR005,SKU015128PI,291,121,170
STK-20251113-BR005-SKU015256BL,20251113,BR005,SKU015256BL,311,104,207
STK-20251113-BR005-SKU015256SI,20251113,BR005,SKU015256SI,332,107,225
STK-20251113-BR005-SKU015256PI,20251113,BR005,SKU015256PI,317,117,200
STK-20251113-BR005-SKU016128BL,20251113,BR005,SKU016128BL,217,185,32
STK-20251113-BR005-SKU016128SI,20251113,BR005,SKU016128SI,210,187,23
STK-20251113-BR005-SKU016128PI,20251113,BR005,SKU016128PI,229,183,46
STK-20251113-BR005-SKU016256BL,20251113,BR005,SKU016256BL,242,199,43
STK-20251113-BR005-SKU016256SI,20251113,BR005,SKU016256SI,198,194,4
STK-20251113-BR005-SKU016256PI,20251113,BR005,SKU016256PI,216,196,20
STK-20251113-BR005-SKU017128BL,20251113,BR005,SKU017128BL,306,291,15
STK-20251113-BR005-SKU017128SI,20251113,BR005,SKU017128SI,311,282,29
STK-20251113-BR005-SKU017128PI,20251113,BR005,SKU017128PI,304,282,22
STK-20251113-BR005-SKU017256BL,20251113,BR005,SKU017256BL,289,271,18
STK-20251113-BR005-SKU017256SI,20251113,BR005,SKU017256SI,296,279,17
STK-20251113-BR005-SKU017256PI,20251113,BR005,SKU017256PI,314,287,27
STK-20251114-BR000-SKU015128BL,20251114,BR000,SKU015128BL,644,0,644
STK-20251114-BR000-SKU015128SI,20251114,BR000,SKU015128SI,795,0,795
STK-20251114-BR000-SKU015128PI,20251114,BR000,SKU015128PI,930,0,930
STK-20251114-BR000-SKU015256BL,20251114,BR000,SKU015256BL,712,0,712
STK-20251114-BR000-SKU015256SI,20251114,BR000,SKU015256SI,744,0,744
STK-20251114-BR000-SKU015256PI,20251114,BR000,SKU015256PI,985,0,985
STK-20251114-BR000-SKU016128BL,20251114,BR000,SKU016128BL,632,0,632
STK-20251114-BR000-SKU016128SI,20251114,BR000,SKU016128SI,857,0,857
STK-20251114-BR000-SKU016128PI,20251114,BR000,SKU016128PI,686,0,686
STK-20251114-BR000-SKU016256BL,20251114,BR000,SKU016256BL,548,0,548
STK-20251114-BR000-SKU016256SI,20251114,BR000,SKU016256SI,855,0,855
STK-20251114-BR000-SKU016256PI,20251114,BR000,SKU016256PI,881,0,881
STK-20251114-BR000-SKU017128BL,20251114,BR000,SKU017128BL,658,0,658
STK-20251114-BR000-SKU017128SI,20251114,BR000,SKU017128SI,661,0,661
STK-20251114-BR000-SKU017128PI,20251114,BR000,SKU017128PI,617,0,617
STK-20251114-BR000-SKU017256BL,20251114,BR000,SKU017256BL,731,0,731
STK-20251114-BR000-SKU017256SI,20251114,BR000,SKU017256SI,682,0,682
STK-20251114-BR000-SKU017256PI,20251114,BR000,SKU017256PI,891,0,891
STK-20251114-BR001-SKU015128BL,20251114,BR001,SKU015128BL,253,115,138
STK-20251114-BR001-SKU015128SI,20251114,BR001,SKU015128SI,300,113,187
STK-20251114-BR001-SKU015128PI,20251114,BR001,SKU015128PI,301,127,174
STK-20251114-BR001-SKU015256BL,20251114,BR001,SKU015256BL,288,115,173
STK-20251114-BR001-SKU015256SI,20251114,BR001,SKU015256SI,290,113,177
STK-20251114-BR001-SKU015256PI,20251114,BR001,SKU015256PI,248,111,137
STK-20251114-BR001-SKU016128BL,20251114,BR001,SKU016128BL,259,210,49
STK-20251114-BR001-SKU016128SI,20251114,BR001,SKU016128SI,219,215,4
STK-20251114-BR001-SKU016128PI,20251114,BR001,SKU016128PI,236,190,46
STK-20251114-BR001-SKU016256BL,20251114,BR001,SKU016256BL,231,199,32
STK-20251114-BR001-SKU016256SI,20251114,BR001,SKU016256SI,240,201,39
STK-20251114-BR001-SKU016256PI,20251114,BR001,SKU016256PI,211,190,21
STK-20251114-BR001-SKU017128BL,20251114,BR001,SKU017128BL,319,289,30
STK-20251114-BR001-SKU017128SI,20251114,BR001,SKU017128SI,322,280,42
STK-20251114-BR001-SKU017128PI,20251114,BR001,SKU017128PI,322,291,31
STK-20251114-BR001-SKU017256BL,20251114,BR001,SKU017256BL,303,289,14
STK-20251114-BR001-SKU017256SI,20251114,BR001,SKU017256SI,292,269,23
STK-20251114-BR001-SKU017256PI,20251114,BR001,SKU017256PI,293,267,26
STK-20251114-BR002-SKU015128BL,20251114,BR002,SKU015128BL,316,118,198
STK-20251114-BR002-SKU015128SI,20251114,BR002,SKU015128SI,274,109,165
STK-20251114-BR002-SKU015128PI,20251114,BR002,SKU015128PI,282,114,168
STK-20251114-BR002-SKU015256BL,20251114,BR002,SKU015256BL,326,99,227
STK-20251114-BR002-SKU015256SI,20251114,BR002,SKU015256SI,227,111,116
STK-20251114-BR002-SKU015256PI,20251114,BR002,SKU015256PI,352,124,228
STK-20251114-BR002-SKU016128BL,20251114,BR002,SKU016128BL,206,196,10
STK-20251114-BR002-SKU016128SI,20251114,BR002,SKU016128SI,262,200,62
STK-20251114-BR002-SKU016128PI,20251114,BR002,SKU016128PI,218,185,33
STK-20251114-BR002-SKU016256BL,20251114,BR002,SKU016256BL,224,199,25
STK-20251114-BR002-SKU016256SI,20251114,BR002,SKU016256SI,250,197,53
STK-20251114-BR002-SKU016256PI,20251114,BR002,SKU016256PI,256,187,69
STK-20251114-BR002-SKU017128BL,20251114,BR002,SKU017128BL,291,287,4
STK-20251114-BR002-SKU017128SI,20251114,BR002,SKU017128SI,301,268,33
STK-20251114-BR002-SKU017128PI,20251114,BR002,SKU017128PI,331,313,18
STK-20251114-BR002-SKU017256BL,20251114,BR002,SKU017256BL,316,301,15
STK-20251114-BR002-SKU017256SI,20251114,BR002,SKU017256SI,299,269,30
STK-20251114-BR002-SKU017256PI,20251114,BR002,SKU017256PI,305,277,28
STK-20251114-BR003-SKU015128BL,20251114,BR003,SKU015128BL,279,118,161
STK-20251114-BR003-SKU015128SI,20251114,BR003,SKU015128SI,334,115,219
STK-20251114-BR003-SKU015128PI,20251114,BR003,SKU015128PI,286,128,158
STK-20251114-BR003-SKU015256BL,20251114,BR003,SKU015256BL,310,109,201
STK-20251114-BR003-SKU015256SI,20251114,BR003,SKU015256SI,333,120,213
STK-20251114-BR003-SKU015256PI,20251114,BR003,SKU015256PI,265,121,144
STK-20251114-BR003-SKU016128BL,20251114,BR003,SKU016128BL,241,202,39
STK-20251114-BR003-SKU016128SI,20251114,BR003,SKU016128SI,227,191,36
STK-20251114-BR003-SKU016128PI,20251114,BR003,SKU016128PI,244,206,38
STK-20251114-BR003-SKU016256BL,20251114,BR003,SKU016256BL,234,201,33
STK-20251114-BR003-SKU016256SI,20251114,BR003,SKU016256SI,244,215,29
STK-20251114-BR003-SKU016256PI,20251114,BR003,SKU016256PI,230,192,38
STK-20251114-BR003-SKU017128BL,20251114,BR003,SKU017128BL,306,277,29
STK-20251114-BR003-SKU017128SI,20251114,BR003,SKU017128SI,283,274,9
STK-20251114-BR003-SKU017128PI,20251114,BR003,SKU017128PI,311,290,21
STK-20251114-BR003-SKU017256BL,20251114,BR003,SKU017256BL,296,282,14
STK-20251114-BR003-SKU017256SI,20251114,BR003,SKU017256SI,321,308,13
STK-20251114-BR003-SKU017256PI,20251114,BR003,SKU017256PI,321,299,22
STK-20251114-BR004-SKU015128BL,20251114,BR004,SKU015128BL,255,116,139
STK-20251114-BR004-SKU015128SI,20251114,BR004,SKU015128SI,308,121,187
STK-20251114-BR004-SKU015128PI,20251114,BR004,SKU015128PI,295,115,180
STK-20251114-BR004-SKU015256BL,20251114,BR004,SKU015256BL,283,114,169
STK-20251114-BR004-SKU015256SI,20251114,BR004,SKU015256SI,256,111,145
STK-20251114-BR004-SKU015256PI,20251114,BR004,SKU015256PI,293,117,176
STK-20251114-BR004-SKU016128BL,20251114,BR004,SKU016128BL,228,209,19
STK-20251114-BR004-SKU016128SI,20251114,BR004,SKU016128SI,240,197,43
STK-20251114-BR004-SKU016128PI,20251114,BR004,SKU016128PI,208,193,15
STK-20251114-BR004-SKU016256BL,20251114,BR004,SKU016256BL,219,192,27
STK-20251114-BR004-SKU016256SI,20251114,BR004,SKU016256SI,231,187,44
STK-20251114-BR004-SKU016256PI,20251114,BR004,SKU016256PI,224,179,45
STK-20251114-BR004-SKU017128BL,20251114,BR004,SKU017128BL,310,290,20
STK-20251114-BR004-SKU017128SI,20251114,BR004,SKU017128SI,294,283,11
STK-20251114-BR004-SKU017128PI,20251114,BR004,SKU017128PI,314,303,11
STK-20251114-BR004-SKU017256BL,20251114,BR004,SKU017256BL,319,300,19
STK-20251114-BR004-SKU017256SI,20251114,BR004,SKU017256SI,308,288,20
STK-20251114-BR004-SKU017256PI,20251114,BR004,SKU017256PI,293,264,29
STK-20251114-BR005-SKU015128BL,20251114,BR005,SKU015128BL,246,107,139
STK-20251114-BR005-SKU015128SI,20251114,BR005,SKU015128SI,275,108,167
STK-20251114-BR005-SKU015128PI,20251114,BR005,SKU015128PI,289,120,169
STK-20251114-BR005-SKU015256BL,20251114,BR005,SKU015256BL,309,107,202
STK-20251114-BR005-SKU015256SI,20251114,BR005,SKU015256SI,330,110,220
STK-20251114-BR005-SKU015256PI,20251114,BR005,SKU015256PI,317,119,198
STK-20251114-BR005-SKU016128BL,20251114,BR005,SKU016128BL,209,184,25
STK-20251114-BR005-SKU016128SI,20251114,BR005,SKU016128SI,210,196,14
STK-20251114-BR005-SKU016128PI,20251114,BR005,SKU016128PI,224,185,39
STK-20251114-BR005-SKU016256BL,20251114,BR005,SKU016256BL,240,203,37
STK-20251114-BR005-SKU016256SI,20251114,BR005,SKU016256SI,217,196,21
STK-20251114-BR005-SKU016256PI,20251114,BR005,SKU016256PI,215,203,12
STK-20251114-BR005-SKU017128BL,20251114,BR005,SKU017128BL,299,292,7
STK-20251114-BR005-SKU017128SI,20251114,BR005,SKU017128SI,304,284,20
STK-20251114-BR005-SKU017128PI,20251114,BR005,SKU017128PI,304,288,16
STK-20251114-BR005-SKU017256BL,20251114,BR005,SKU017256BL,289,279,10
STK-20251114-BR005-SKU017256SI,20251114,BR005,SKU017256SI,296,286,10
STK-20251114-BR005-SKU017256PI,20251114,BR005,SKU017256PI,309,289,20
STK-20251115-BR000-SKU015128BL,20251115,BR000,SKU015128BL,644,0,644
STK-20251115-BR000-SKU015128SI,20251115,BR000,SKU015128SI,795,0,795
STK-20251115-BR000-SKU015128PI,20251115,BR000,SKU015128PI,930,0,930
STK-20251115-BR000-SKU015256BL,20251115,BR000,SKU015256BL,712,0,712
STK-20251115-BR000-SKU015256SI,20251115,BR000,SKU015256SI,744,0,744
STK-20251115-BR000-SKU015256PI,20251115,BR000,SKU015256PI,985,0,985
STK-20251115-BR000-SKU016128BL,20251115,BR000,SKU016128BL,632,0,632
STK-20251115-BR000-SKU016128SI,20251115,BR000,SKU016128SI,857,0,857
STK-20251115-BR000-SKU016128PI,20251115,BR000,SKU016128PI,686,0,686
STK-20251115-BR000-SKU016256BL,20251115,BR000,SKU016256BL,548,0,548
STK-20251115-BR000-SKU016256SI,20251115,BR000,SKU016256SI,855,0,855
STK-20251115-BR000-SKU016256PI,20251115,BR000,SKU016256PI,881,0,881
STK-20251115-BR000-SKU017128BL,20251115,BR000,SKU017128BL,658,0,658
STK-20251115-BR000-SKU017128SI,20251115,BR000,SKU017128SI,661,0,661
STK-20251115-BR000-SKU017128PI,20251115,BR000,SKU017128PI,617,0,617
STK-20251115-BR000-SKU017256BL,20251115,BR000,SKU017256BL,731,0,731
STK-20251115-BR000-SKU017256SI,20251115,BR000,SKU017256SI,682,0,682
STK-20251115-BR000-SKU017256PI,20251115,BR000,SKU017256PI,891,0,891
STK-20251115-BR001-SKU015128BL,20251115,BR001,SKU015128BL,253,116,137
STK-20251115-BR001-SKU015128SI,20251115,BR001,SKU015128SI,300,117,183
STK-20251115-BR001-SKU015128PI,20251115,BR001,SKU015128PI,299,131,168
STK-20251115-BR001-SKU015256BL,20251115,BR001,SKU015256BL,280,110,170
STK-20251115-BR001-SKU015256SI,20251115,BR001,SKU015256SI,288,112,176
STK-20251115-BR001-SKU015256PI,20251115,BR001,SKU015256PI,246,110,136
STK-20251115-BR001-SKU016128BL,20251115,BR001,SKU016128BL,256,211,45
STK-20251115-BR001-SKU016128SI,20251115,BR001,SKU016128SI,245,217,28
STK-20251115-BR001-SKU016128PI,20251115,BR001,SKU016128PI,231,188,43
STK-20251115-BR001-SKU016256BL,20251115,BR001,SKU016256BL,226,203,23
STK-20251115-BR001-SKU016256SI,20251115,BR001,SKU016256SI,231,202,29
STK-20251115-BR001-SKU016256PI,20251115,BR001,SKU016256PI,211,191,20
STK-20251115-BR001-SKU017128BL,20251115,BR001,SKU017128BL,315,299,16
STK-20251115-BR001-SKU017128SI,20251115,BR001,SKU017128SI,322,287,35
STK-20251115-BR001-SKU017128PI,20251115,BR001,SKU017128PI,312,289,23
STK-20251115-BR001-SKU017256BL,20251115,BR001,SKU017256BL,299,292,7
STK-20251115-BR001-SKU017256SI,20251115,BR001,SKU017256SI,292,280,12
STK-20251115-BR001-SKU017256PI,20251115,BR001,SKU017256PI,282,263,19
STK-20251115-BR002-SKU015128BL,20251115,BR002,SKU015128BL,316,123,193
STK-20251115-BR002-SKU015128SI,20251115,BR002,SKU015128SI,274,110,164
STK-20251115-BR002-SKU015128PI,20251115,BR002,SKU015128PI,281,114,167
STK-20251115-BR002-SKU015256BL,20251115,BR002,SKU015256BL,326,103,223
STK-20251115-BR002-SKU015256SI,20251115,BR002,SKU015256SI,227,112,115
STK-20251115-BR002-SKU015256PI,20251115,BR002,SKU015256PI,348,121,227
STK-20251115-BR002-SKU016128BL,20251115,BR002,SKU016128BL,206,202,4
STK-20251115-BR002-SKU016128SI,20251115,BR002,SKU016128SI,258,204,54
STK-20251115-BR002-SKU016128PI,20251115,BR002,SKU016128PI,214,185,29
STK-20251115-BR002-SKU016256BL,20251115,BR002,SKU016256BL,221,201,20
STK-20251115-BR002-SKU016256SI,20251115,BR002,SKU016256SI,250,200,50
STK-20251115-BR002-SKU016256PI,20251115,BR002,SKU016256PI,255,191,64
STK-20251115-BR002-SKU017128BL,20251115,BR002,SKU017128BL,311,290,21
STK-20251115-BR002-SKU017128SI,20251115,BR002,SKU017128SI,291,265,26
STK-20251115-BR002-SKU017128PI,20251115,BR002,SKU017128PI,304,292,12
STK-20251115-BR002-SKU017256BL,20251115,BR002,SKU017256BL,316,311,5
STK-20251115-BR002-SKU017256SI,20251115,BR002,SKU017256SI,292,274,18
STK-20251115-BR002-SKU017256PI,20251115,BR002,SKU017256PI,301,280,21
STK-20251115-BR003-SKU015128BL,20251115,BR003,SKU015128BL,279,120,159
STK-20251115-BR003-SKU015128SI,20251115,BR003,SKU015128SI,333,117,216
STK-20251115-BR003-SKU015128PI,20251115,BR003,SKU015128PI,284,128,156
STK-20251115-BR003-SKU015256BL,20251115,BR003,SKU015256BL,310,113,197
STK-20251115-BR003-SKU015256SI,20251115,BR003,SKU015256SI,333,124,209
STK-20251115-BR003-SKU015256PI,20251115,BR003,SKU015256PI,265,123,142
STK-20251115-BR003-SKU016128BL,20251115,BR003,SKU016128BL,236,205,31
STK-20251115-BR003-SKU016128SI,20251115,BR003,SKU016128SI,227,198,29
STK-20251115-BR003-SKU016128PI,20251115,BR003,SKU016128PI,238,208,30
STK-20251115-BR003-SKU016256BL,20251115,BR003,SKU016256BL,230,204,26
STK-20251115-BR003-SKU016256SI,20251115,BR003,SKU016256SI,237,212,25
STK-20251115-BR003-SKU016256PI,20251115,BR003,SKU016256PI,222,191,31
STK-20251115-BR003-SKU017128BL,20251115,BR003,SKU017128BL,300,281,19
STK-20251115-BR003-SKU017128SI,20251115,BR003,SKU017128SI,276,272,4
STK-20251115-BR003-SKU017128PI,20251115,BR003,SKU017128PI,305,294,11
STK-20251115-BR003-SKU017256BL,20251115,BR003,SKU017256BL,290,288,2
STK-20251115-BR003-SKU017256SI,20251115,BR003,SKU017256SI,321,321,0
STK-20251115-BR003-SKU017256PI,20251115,BR003,SKU017256PI,321,305,16
STK-20251115-BR004-SKU015128BL,20251115,BR004,SKU015128BL,255,118,137
STK-20251115-BR004-SKU015128SI,20251115,BR004,SKU015128SI,308,122,186
STK-20251115-BR004-SKU015128PI,20251115,BR004,SKU015128PI,295,119,176
STK-20251115-BR004-SKU015256BL,20251115,BR004,SKU015256BL,280,112,168
STK-20251115-BR004-SKU015256SI,20251115,BR004,SKU015256SI,254,110,144
STK-20251115-BR004-SKU015256PI,20251115,BR004,SKU015256PI,293,119,174
STK-20251115-BR004-SKU016128BL,20251115,BR004,SKU016128BL,223,211,12
STK-20251115-BR004-SKU016128SI,20251115,BR004,SKU016128SI,232,196,36
STK-20251115-BR004-SKU016128PI,20251115,BR004,SKU016128PI,203,192,11
STK-20251115-BR004-SKU016256BL,20251115,BR004,SKU016256BL,219,200,19
STK-20251115-BR004-SKU016256SI,20251115,BR004,SKU016256SI,231,193,38
STK-20251115-BR004-SKU016256PI,20251115,BR004,SKU016256PI,222,183,39
STK-20251115-BR004-SKU017128BL,20251115,BR004,SKU017128BL,310,299,11
STK-20251115-BR004-SKU017128SI,20251115,BR004,SKU017128SI,294,292,2
STK-20251115-BR004-SKU017128PI,20251115,BR004,SKU017128PI,307,302,5
STK-20251115-BR004-SKU017256BL,20251115,BR004,SKU017256BL,319,307,12
STK-20251115-BR004-SKU017256SI,20251115,BR004,SKU017256SI,308,302,6
STK-20251115-BR004-SKU017256PI,20251115,BR004,SKU017256PI,288,270,18
STK-20251115-BR005-SKU015128BL,20251115,BR005,SKU015128BL,246,109,137
STK-20251115-BR005-SKU015128SI,20251115,BR005,SKU015128SI,275,112,163
STK-20251115-BR005-SKU015128PI,20251115,BR005,SKU015128PI,285,118,167
STK-20251115-BR005-SKU015256BL,20251115,BR005,SKU015256BL,305,106,199
STK-20251115-BR005-SKU015256SI,20251115,BR005,SKU015256SI,324,107,217
STK-20251115-BR005-SKU015256PI,20251115,BR005,SKU015256PI,317,123,194
STK-20251115-BR005-SKU016128BL,20251115,BR005,SKU016128BL,203,186,17
STK-20251115-BR005-SKU016128SI,20251115,BR005,SKU016128SI,210,203,7
STK-20251115-BR005-SKU016128PI,20251115,BR005,SKU016128PI,224,189,35
STK-20251115-BR005-SKU016256BL,20251115,BR005,SKU016256BL,240,207,33
STK-20251115-BR005-SKU016256SI,20251115,BR005,SKU016256SI,217,200,17
STK-20251115-BR005-SKU016256PI,20251115,BR005,SKU016256PI,215,209,6
STK-20251115-BR005-SKU017128BL,20251115,BR005,SKU017128BL,299,296,3
STK-20251115-BR005-SKU017128SI,20251115,BR005,SKU017128SI,299,287,12
STK-20251115-BR005-SKU017128PI,20251115,BR005,SKU017128PI,291,284,7
STK-20251115-BR005-SKU017256BL,20251115,BR005,SKU017256BL,286,281,5
STK-20251115-BR005-SKU017256SI,20251115,BR005,SKU017256SI,332,298,34
STK-20251115-BR005-SKU017256PI,20251115,BR005,SKU017256PI,285,277,8
STK-20251116-BR000-SKU015128BL,20251116,BR000,SKU015128BL,644,0,644
STK-20251116-BR000-SKU015128SI,20251116,BR000,SKU015128SI,795,0,795
STK-20251116-BR000-SKU015128PI,20251116,BR000,SKU015128PI,930,0,930
STK-20251116-BR000-SKU015256BL,20251116,BR000,SKU015256BL,712,0,712
STK-20251116-BR000-SKU015256SI,20251116,BR000,SKU015256SI,744,0,744
STK-20251116-BR000-SKU015256PI,20251116,BR000,SKU015256PI,985,0,985
STK-20251116-BR000-SKU016128BL,20251116,BR000,SKU016128BL,632,0,632
STK-20251116-BR000-SKU016128SI,20251116,BR000,SKU016128SI,857,0,857
STK-20251116-BR000-SKU016128PI,20251116,BR000,SKU016128PI,686,0,686
STK-20251116-BR000-SKU016256BL,20251116,BR000,SKU016256BL,548,0,548
STK-20251116-BR000-SKU016256SI,20251116,BR000,SKU016256SI,855,0,855
STK-20251116-BR000-SKU016256PI,20251116,BR000,SKU016256PI,881,0,881
STK-20251116-BR000-SKU017128BL,20251116,BR000,SKU017128BL,658,0,658
STK-20251116-BR000-SKU017128SI,20251116,BR000,SKU017128SI,661,0,661
STK-20251116-BR000-SKU017128PI,20251116,BR000,SKU017128PI,617,0,617
STK-20251116-BR000-SKU017256BL,20251116,BR000,SKU017256BL,731,0,731
STK-20251116-BR000-SKU017256SI,20251116,BR000,SKU017256SI,682,0,682
STK-20251116-BR000-SKU017256PI,20251116,BR000,SKU017256PI,891,0,891
STK-20251116-BR001-SKU015128BL,20251116,BR001,SKU015128BL,252,116,136
STK-20251116-BR001-SKU015128SI,20251116,BR001,SKU015128SI,300,121,179
STK-20251116-BR001-SKU015128PI,20251116,BR001,SKU015128PI,292,125,167
STK-20251116-BR001-SKU015256BL,20251116,BR001,SKU015256BL,280,111,169
STK-20251116-BR001-SKU015256SI,20251116,BR001,SKU015256SI,285,113,172
STK-20251116-BR001-SKU015256PI,20251116,BR001,SKU015256PI,246,112,134
STK-20251116-BR001-SKU016128BL,20251116,BR001,SKU016128BL,250,214,36
STK-20251116-BR001-SKU016128SI,20251116,BR001,SKU016128SI,236,217,19
STK-20251116-BR001-SKU016128PI,20251116,BR001,SKU016128PI,231,192,39
STK-20251116-BR001-SKU016256BL,20251116,BR001,SKU016256BL,226,212,14
STK-20251116-BR001-SKU016256SI,20251116,BR001,SKU016256SI,231,206,25
STK-20251116-BR001-SKU016256PI,20251116,BR001,SKU016256PI,206,187,19
STK-20251116-BR001-SKU017128BL,20251116,BR001,SKU017128BL,315,309,6
STK-20251116-BR001-SKU017128SI,20251116,BR001,SKU017128SI,318,294,24
STK-20251116-BR001-SKU017128PI,20251116,BR001,SKU017128PI,302,286,16
STK-20251116-BR001-SKU017256BL,20251116,BR001,SKU017256BL,334,303,31
STK-20251116-BR001-SKU017256SI,20251116,BR001,SKU017256SI,280,274,6
STK-20251116-BR001-SKU017256PI,20251116,BR001,SKU017256PI,277,268,9
STK-20251116-BR002-SKU015128BL,20251116,BR002,SKU015128BL,314,125,189
STK-20251116-BR002-SKU015128SI,20251116,BR002,SKU015128SI,272,113,159
STK-20251116-BR002-SKU015128PI,20251116,BR002,SKU015128PI,281,118,163
STK-20251116-BR002-SKU015256BL,20251116,BR002,SKU015256BL,325,104,221
STK-20251116-BR002-SKU015256SI,20251116,BR002,SKU015256SI,227,114,113
STK-20251116-BR002-SKU015256PI,20251116,BR002,SKU015256PI,348,126,222
STK-20251116-BR002-SKU016128BL,20251116,BR002,SKU016128BL,239,206,33
STK-20251116-BR002-SKU016128SI,20251116,BR002,SKU016128SI,255,207,48
STK-20251116-BR002-SKU016128PI,20251116,BR002,SKU016128PI,207,180,27
STK-20251116-BR002-SKU016256BL,20251116,BR002,SKU016256BL,221,209,12
STK-20251116-BR002-SKU016256SI,20251116,BR002,SKU016256SI,246,202,44
STK-20251116-BR002-SKU016256PI,20251116,BR002,SKU016256PI,251,194,57
STK-20251116-BR002-SKU017128BL,20251116,BR002,SKU017128BL,300,286,14
STK-20251116-BR002-SKU017128SI,20251116,BR002,SKU017128SI,291,276,15
STK-20251116-BR002-SKU017128PI,20251116,BR002,SKU017128PI,299,299,0
STK-20251116-BR002-SKU017256BL,20251116,BR002,SKU017256BL,326,305,21
STK-20251116-BR002-SKU017256SI,20251116,BR002,SKU017256SI,285,276,9
STK-20251116-BR002-SKU017256PI,20251116,BR002,SKU017256PI,301,284,17
STK-20251116-BR003-SKU015128BL,20251116,BR003,SKU015128BL,278,121,157
STK-20251116-BR003-SKU015128SI,20251116,BR003,SKU015128SI,333,122,211
STK-20251116-BR003-SKU015128PI,20251116,BR003,SKU015128PI,283,129,154
STK-20251116-BR003-SKU015256BL,20251116,BR003,SKU015256BL,310,116,194
STK-20251116-BR003-SKU015256SI,20251116,BR003,SKU015256SI,331,123,208
STK-20251116-BR003-SKU015256PI,20251116,BR003,SKU015256PI,264,124,140
STK-20251116-BR003-SKU016128BL,20251116,BR003,SKU016128BL,236,212,24
STK-20251116-BR003-SKU016128SI,20251116,BR003,SKU016128SI,227,206,21
STK-20251116-BR003-SKU016128PI,20251116,BR003,SKU016128PI,232,209,23
STK-20251116-BR003-SKU016256BL,20251116,BR003,SKU016256BL,226,203,23
STK-20251116-BR003-SKU016256SI,20251116,BR003,SKU016256SI,233,214,19
STK-20251116-BR003-SKU016256PI,20251116,BR003,SKU016256PI,222,196,26
STK-20251116-BR003-SKU017128BL,20251116,BR003,SKU017128BL,290,279,11
STK-20251116-BR003-SKU017128SI,20251116,BR003,SKU017128SI,298,274,24
STK-20251116-BR003-SKU017128PI,20251116,BR003,SKU017128PI,299,296,3
STK-20251116-BR003-SKU017256BL,20251116,BR003,SKU017256BL,322,295,27
STK-20251116-BR003-SKU017256SI,20251116,BR003,SKU017256SI,337,314,23
STK-20251116-BR003-SKU017256PI,20251116,BR003,SKU017256PI,319,314,5
STK-20251116-BR004-SKU015128BL,20251116,BR004,SKU015128BL,251,119,132
STK-20251116-BR004-SKU015128SI,20251116,BR004,SKU015128SI,306,122,184
STK-20251116-BR004-SKU015128PI,20251116,BR004,SKU015128PI,295,120,175
STK-20251116-BR004-SKU015256BL,20251116,BR004,SKU015256BL,279,115,164
STK-20251116-BR004-SKU015256SI,20251116,BR004,SKU015256SI,254,112,142
STK-20251116-BR004-SKU015256PI,20251116,BR004,SKU015256PI,293,125,168
STK-20251116-BR004-SKU016128BL,20251116,BR004,SKU016128BL,220,211,9
STK-20251116-BR004-SKU016128SI,20251116,BR004,SKU016128SI,232,204,28
STK-20251116-BR004-SKU016128PI,20251116,BR004,SKU016128PI,200,190,10
STK-20251116-BR004-SKU016256BL,20251116,BR004,SKU016256BL,217,202,15
STK-20251116-BR004-SKU016256SI,20251116,BR004,SKU016256SI,231,198,33
STK-20251116-BR004-SKU016256PI,20251116,BR004,SKU016256PI,220,185,35
STK-20251116-BR004-SKU017128BL,20251116,BR004,SKU017128BL,332,311,21
STK-20251116-BR004-SKU017128SI,20251116,BR004,SKU017128SI,324,291,33
STK-20251116-BR004-SKU017128PI,20251116,BR004,SKU017128PI,339,310,29
STK-20251116-BR004-SKU017256BL,20251116,BR004,SKU017256BL,305,299,6
STK-20251116-BR004-SKU017256SI,20251116,BR004,SKU017256SI,297,297,0
STK-20251116-BR004-SKU017256PI,20251116,BR004,SKU017256PI,282,272,10
STK-20251116-BR005-SKU015128BL,20251116,BR005,SKU015128BL,246,110,136
STK-20251116-BR005-SKU015128SI,20251116,BR005,SKU015128SI,272,110,162
STK-20251116-BR005-SKU015128PI,20251116,BR005,SKU015128PI,284,118,166
STK-20251116-BR005-SKU015256BL,20251116,BR005,SKU015256BL,302,106,196
STK-20251116-BR005-SKU015256SI,20251116,BR005,SKU015256SI,323,107,216
STK-20251116-BR005-SKU015256PI,20251116,BR005,SKU015256PI,314,122,192
STK-20251116-BR005-SKU016128BL,20251116,BR005,SKU016128BL,201,189,12
STK-20251116-BR005-SKU016128SI,20251116,BR005,SKU016128SI,210,207,3
STK-20251116-BR005-SKU016128PI,20251116,BR005,SKU016128PI,224,193,31
STK-20251116-BR005-SKU016256BL,20251116,BR005,SKU016256BL,231,200,31
STK-20251116-BR005-SKU016256SI,20251116,BR005,SKU016256SI,212,199,13
STK-20251116-BR005-SKU016256PI,20251116,BR005,SKU016256PI,211,209,2
STK-20251116-BR005-SKU017128BL,20251116,BR005,SKU017128BL,324,303,21
STK-20251116-BR005-SKU017128SI,20251116,BR005,SKU017128SI,295,292,3
STK-20251116-BR005-SKU017128PI,20251116,BR005,SKU017128PI,327,293,34
STK-20251116-BR005-SKU017256BL,20251116,BR005,SKU017256BL,324,285,39
STK-20251116-BR005-SKU017256SI,20251116,BR005,SKU017256SI,332,307,25
STK-20251116-BR005-SKU017256PI,20251116,BR005,SKU017256PI,283,279,4
STK-20251117-BR000-SKU015128BL,20251117,BR000,SKU015128BL,644,0,644
STK-20251117-BR000-SKU015128SI,20251117,BR000,SKU015128SI,795,0,795
STK-20251117-BR000-SKU015128PI,20251117,BR000,SKU015128PI,930,0,930
STK-20251117-BR000-SKU015256BL,20251117,BR000,SKU015256BL,712,0,712
STK-20251117-BR000-SKU015256SI,20251117,BR000,SKU015256SI,744,0,744
STK-20251117-BR000-SKU015256PI,20251117,BR000,SKU015256PI,985,0,985
STK-20251117-BR000-SKU016128BL,20251117,BR000,SKU016128BL,632,0,632
STK-20251117-BR000-SKU016128SI,20251117,BR000,SKU016128SI,857,0,857
STK-20251117-BR000-SKU016128PI,20251117,BR000,SKU016128PI,686,0,686
STK-20251117-BR000-SKU016256BL,20251117,BR000,SKU016256BL,548,0,548
STK-20251117-BR000-SKU016256SI,20251117,BR000,SKU016256SI,855,0,855
STK-20251117-BR000-SKU016256PI,20251117,BR000,SKU016256PI,881,0,881
STK-20251117-BR000-SKU017128BL,20251117,BR000,SKU017128BL,658,0,658
STK-20251117-BR000-SKU017128SI,20251117,BR000,SKU017128SI,661,0,661
STK-20251117-BR000-SKU017128PI,20251117,BR000,SKU017128PI,617,0,617
STK-20251117-BR000-SKU017256BL,20251117,BR000,SKU017256BL,731,0,731
STK-20251117-BR000-SKU017256SI,20251117,BR000,SKU017256SI,682,0,682
STK-20251117-BR000-SKU017256PI,20251117,BR000,SKU017256PI,891,0,891
STK-20251117-BR001-SKU015128BL,20251117,BR001,SKU015128BL,251,119,132
STK-20251117-BR001-SKU015128SI,20251117,BR001,SKU015128SI,297,119,178
STK-20251117-BR001-SKU015128PI,20251117,BR001,SKU015128PI,285,119,166
STK-20251117-BR001-SKU015256BL,20251117,BR001,SKU015256BL,279,116,163
STK-20251117-BR001-SKU015256SI,20251117,BR001,SKU015256SI,284,115,169
STK-20251117-BR001-SKU015256PI,20251117,BR001,SKU015256PI,245,114,131
STK-20251117-BR001-SKU016128BL,20251117,BR001,SKU016128BL,245,211,34
STK-20251117-BR001-SKU016128SI,20251117,BR001,SKU016128SI,236,224,12
STK-20251117-BR001-SKU016128PI,20251117,BR001,SKU016128PI,225,192,33
STK-20251117-BR001-SKU016256BL,20251117,BR001,SKU016256BL,224,215,9
STK-20251117-BR001-SKU016256SI,20251117,BR001,SKU016256SI,224,203,21
STK-20251117-BR001-SKU016256PI,20251117,BR001,SKU016256PI,206,191,15
STK-20251117-BR001-SKU017128BL,20251117,BR001,SKU017128BL,334,299,35
STK-20251117-BR001-SKU017128SI,20251117,BR001,SKU017128SI,318,300,18
STK-20251117-BR001-SKU017128PI,20251117,BR001,SKU017128PI,299,293,6
STK-20251117-BR001-SKU017256BL,20251117,BR001,SKU017256BL,324,300,24
STK-20251117-BR001-SKU017256SI,20251117,BR001,SKU017256SI,307,282,25
STK-20251117-BR001-SKU017256PI,20251117,BR001,SKU017256PI,269,267,2
STK-20251117-BR002-SKU015128BL,20251117,BR002,SKU015128BL,313,126,187
STK-20251117-BR002-SKU015128SI,20251117,BR002,SKU015128SI,272,116,156
STK-20251117-BR002-SKU015128PI,20251117,BR002,SKU015128PI,279,117,162
STK-20251117-BR002-SKU015256BL,20251117,BR002,SKU015256BL,324,104,220
STK-20251117-BR002-SKU015256SI,20251117,BR002,SKU015256SI,227,115,112
STK-20251117-BR002-SKU015256PI,20251117,BR002,SKU015256PI,341,120,221
STK-20251117-BR002-SKU016128BL,20251117,BR002,SKU016128BL,239,215,24
STK-20251117-BR002-SKU016128SI,20251117,BR002,SKU016128SI,255,208,47
STK-20251117-BR002-SKU016128PI,20251117,BR002,SKU016128PI,207,186,21
STK-20251117-BR002-SKU016256BL,20251117,BR002,SKU016256BL,215,211,4
STK-20251117-BR002-SKU016256SI,20251117,BR002,SKU016256SI,241,204,37
STK-20251117-BR002-SKU016256PI,20251117,BR002,SKU016256PI,249,197,52
STK-20251117-BR002-SKU017128BL,20251117,BR002,SKU017128BL,300,296,4
STK-20251117-BR002-SKU017128SI,20251117,BR002,SKU017128SI,284,278,6
STK-20251117-BR002-SKU017128PI,20251117,BR002,SKU017128PI,343,305,38
STK-20251117-BR002-SKU017256BL,20251117,BR002,SKU017256BL,320,307,13
STK-20251117-BR002-SKU017256SI,20251117,BR002,SKU017256SI,282,278,4
STK-20251117-BR002-SKU017256PI,20251117,BR002,SKU017256PI,298,292,6
STK-20251117-BR003-SKU015128BL,20251117,BR003,SKU015128BL,275,122,153
STK-20251117-BR003-SKU015128SI,20251117,BR003,SKU015128SI,329,121,208
STK-20251117-BR003-SKU015128PI,20251117,BR003,SKU015128PI,281,128,153
STK-20251117-BR003-SKU015256BL,20251117,BR003,SKU015256BL,308,115,193
STK-20251117-BR003-SKU015256SI,20251117,BR003,SKU015256SI,331,125,206
STK-20251117-BR003-SKU015256PI,20251117,BR003,SKU015256PI,264,125,139
STK-20251117-BR003-SKU016128BL,20251117,BR003,SKU016128BL,227,207,20
STK-20251117-BR003-SKU016128SI,20251117,BR003,SKU016128SI,223,210,13
STK-20251117-BR003-SKU016128PI,20251117,BR003,SKU016128PI,229,215,14
STK-20251117-BR003-SKU016256BL,20251117,BR003,SKU016256BL,222,202,20
STK-20251117-BR003-SKU016256SI,20251117,BR003,SKU016256SI,233,215,18
STK-20251117-BR003-SKU016256PI,20251117,BR003,SKU016256PI,217,195,22
STK-20251117-BR003-SKU017128BL,20251117,BR003,SKU017128BL,290,286,4
STK-20251117-BR003-SKU017128SI,20251117,BR003,SKU017128SI,298,278,20
STK-20251117-BR003-SKU017128PI,20251117,BR003,SKU017128PI,336,303,33
STK-20251117-BR003-SKU017256BL,20251117,BR003,SKU017256BL,318,304,14
STK-20251117-BR003-SKU017256SI,20251117,BR003,SKU017256SI,337,325,12
STK-20251117-BR003-SKU017256PI,20251117,BR003,SKU017256PI,312,312,0
STK-20251117-BR004-SKU015128BL,20251117,BR004,SKU015128BL,249,122,127
STK-20251117-BR004-SKU015128SI,20251117,BR004,SKU015128SI,302,120,182
STK-20251117-BR004-SKU015128PI,20251117,BR004,SKU015128PI,292,122,170
STK-20251117-BR004-SKU015256BL,20251117,BR004,SKU015256BL,277,118,159
STK-20251117-BR004-SKU015256SI,20251117,BR004,SKU015256SI,251,111,140
STK-20251117-BR004-SKU015256PI,20251117,BR004,SKU015256PI,292,130,162
STK-20251117-BR004-SKU016128BL,20251117,BR004,SKU016128BL,220,214,6
STK-20251117-BR004-SKU016128SI,20251117,BR004,SKU016128SI,232,210,22
STK-20251117-BR004-SKU016128PI,20251117,BR004,SKU016128PI,200,193,7
STK-20251117-BR004-SKU016256BL,20251117,BR004,SKU016256BL,204,191,13
STK-20251117-BR004-SKU016256SI,20251117,BR004,SKU016256SI,228,201,27
STK-20251117-BR004-SKU016256PI,20251117,BR004,SKU016256PI,217,191,26
STK-20251117-BR004-SKU017128BL,20251117,BR004,SKU017128BL,328,318,10
STK-20251117-BR004-SKU017128SI,20251117,BR004,SKU017128SI,318,290,28
STK-20251117-BR004-SKU017128PI,20251117,BR004,SKU017128PI,332,311,21
STK-20251117-BR004-SKU017256BL,20251117,BR004,SKU017256BL,342,306,36
STK-20251117-BR004-SKU017256SI,20251117,BR004,SKU017256SI,325,300,25
STK-20251117-BR004-SKU017256PI,20251117,BR004,SKU017256PI,277,275,2
STK-20251117-BR005-SKU015128BL,20251117,BR005,SKU015128BL,246,114,132
STK-20251117-BR005-SKU015128SI,20251117,BR005,SKU015128SI,272,112,160
STK-20251117-BR005-SKU015128PI,20251117,BR005,SKU015128PI,284,120,164
STK-20251117-BR005-SKU015256BL,20251117,BR005,SKU015256BL,302,107,195
STK-20251117-BR005-SKU015256SI,20251117,BR005,SKU015256SI,323,108,215
STK-20251117-BR005-SKU015256PI,20251117,BR005,SKU015256PI,311,120,191
STK-20251117-BR005-SKU016128BL,20251117,BR005,SKU016128BL,201,192,9
STK-20251117-BR005-SKU016128SI,20251117,BR005,SKU016128SI,238,213,25
STK-20251117-BR005-SKU016128PI,20251117,BR005,SKU016128PI,218,192,26
STK-20251117-BR005-SKU016256BL,20251117,BR005,SKU016256BL,222,198,24
STK-20251117-BR005-SKU016256SI,20251117,BR005,SKU016256SI,210,201,9
STK-20251117-BR005-SKU016256PI,20251117,BR005,SKU016256PI,243,206,37
STK-20251117-BR005-SKU017128BL,20251117,BR005,SKU017128BL,315,306,9
STK-20251117-BR005-SKU017128SI,20251117,BR005,SKU017128SI,332,296,36
STK-20251117-BR005-SKU017128PI,20251117,BR005,SKU017128PI,327,304,23
STK-20251117-BR005-SKU017256BL,20251117,BR005,SKU017256BL,324,295,29
STK-20251117-BR005-SKU017256SI,20251117,BR005,SKU017256SI,323,309,14
STK-20251117-BR005-SKU017256PI,20251117,BR005,SKU017256PI,312,282,30
STK-20251118-BR000-SKU015128BL,20251118,BR000,SKU015128BL,644,0,644
STK-20251118-BR000-SKU015128SI,20251118,BR000,SKU015128SI,795,0,795
STK-20251118-BR000-SKU015128PI,20251118,BR000,SKU015128PI,930,0,930
STK-20251118-BR000-SKU015256BL,20251118,BR000,SKU015256BL,712,0,712
STK-20251118-BR000-SKU015256SI,20251118,BR000,SKU015256SI,744,0,744
STK-20251118-BR000-SKU015256PI,20251118,BR000,SKU015256PI,985,0,985
STK-20251118-BR000-SKU016128BL,20251118,BR000,SKU016128BL,632,0,632
STK-20251118-BR000-SKU016128SI,20251118,BR000,SKU016128SI,857,0,857
STK-20251118-BR000-SKU016128PI,20251118,BR000,SKU016128PI,686,0,686
STK-20251118-BR000-SKU016256BL,20251118,BR000,SKU016256BL,548,0,548
STK-20251118-BR000-SKU016256SI,20251118,BR000,SKU016256SI,855,0,855
STK-20251118-BR000-SKU016256PI,20251118,BR000,SKU016256PI,881,0,881
STK-20251118-BR000-SKU017128BL,20251118,BR000,SKU017128BL,658,0,658
STK-20251118-BR000-SKU017128SI,20251118,BR000,SKU017128SI,661,0,661
STK-20251118-BR000-SKU017128PI,20251118,BR000,SKU017128PI,617,0,617
STK-20251118-BR000-SKU017256BL,20251118,BR000,SKU017256BL,731,0,731
STK-20251118-BR000-SKU017256SI,20251118,BR000,SKU017256SI,682,0,682
STK-20251118-BR000-SKU017256PI,20251118,BR000,SKU017256PI,891,0,891
STK-20251118-BR001-SKU015128BL,20251118,BR001,SKU015128BL,249,119,130
STK-20251118-BR001-SKU015128SI,20251118,BR001,SKU015128SI,297,123,174
STK-20251118-BR001-SKU015128PI,20251118,BR001,SKU015128PI,285,121,164
STK-20251118-BR001-SKU015256BL,20251118,BR001,SKU015256BL,279,121,158
STK-20251118-BR001-SKU015256SI,20251118,BR001,SKU015256SI,284,116,168
STK-20251118-BR001-SKU015256PI,20251118,BR001,SKU015256PI,245,118,127
STK-20251118-BR001-SKU016128BL,20251118,BR001,SKU016128BL,242,214,28
STK-20251118-BR001-SKU016128SI,20251118,BR001,SKU016128SI,236,230,6
STK-20251118-BR001-SKU016128PI,20251118,BR001,SKU016128PI,217,186,31
STK-20251118-BR001-SKU016256BL,20251118,BR001,SKU016256BL,221,216,5
STK-20251118-BR001-SKU016256SI,20251118,BR001,SKU016256SI,224,208,16
STK-20251118-BR001-SKU016256PI,20251118,BR001,SKU016256PI,202,195,7
STK-20251118-BR001-SKU017128BL,20251118,BR001,SKU017128BL,321,293,28
STK-20251118-BR001-SKU017128SI,20251118,BR001,SKU017128SI,314,306,8
STK-20251118-BR001-SKU017128PI,20251118,BR001,SKU017128PI,335,306,29
STK-20251118-BR001-SKU017256BL,20251118,BR001,SKU017256BL,310,294,16
STK-20251118-BR001-SKU017256SI,20251118,BR001,SKU017256SI,296,279,17
STK-20251118-BR001-SKU017256PI,20251118,BR001,SKU017256PI,294,270,24
STK-20251118-BR002-SKU015128BL,20251118,BR002,SKU015128BL,311,125,186
STK-20251118-BR002-SKU015128SI,20251118,BR002,SKU015128SI,271,117,154
STK-20251118-BR002-SKU015128PI,20251118,BR002,SKU015128PI,279,121,158
STK-20251118-BR002-SKU015256BL,20251118,BR002,SKU015256BL,324,107,217
STK-20251118-BR002-SKU015256SI,20251118,BR002,SKU015256SI,227,120,107
STK-20251118-BR002-SKU015256PI,20251118,BR002,SKU015256PI,339,122,217
STK-20251118-BR002-SKU016128BL,20251118,BR002,SKU016128BL,239,219,20
STK-20251118-BR002-SKU016128SI,20251118,BR002,SKU016128SI,250,205,45
STK-20251118-BR002-SKU016128PI,20251118,BR002,SKU016128PI,207,193,14
STK-20251118-BR002-SKU016256BL,20251118,BR002,SKU016256BL,248,214,34
STK-20251118-BR002-SKU016256SI,20251118,BR002,SKU016256SI,239,205,34
STK-20251118-BR002-SKU016256PI,20251118,BR002,SKU016256PI,249,206,43
STK-20251118-BR002-SKU017128BL,20251118,BR002,SKU017128BL,324,298,26
STK-20251118-BR002-SKU017128SI,20251118,BR002,SKU017128SI,308,280,28
STK-20251118-BR002-SKU017128PI,20251118,BR002,SKU017128PI,343,316,27
STK-20251118-BR002-SKU017256BL,20251118,BR002,SKU017256BL,318,318,0
STK-20251118-BR002-SKU017256SI,20251118,BR002,SKU017256SI,310,282,28
STK-20251118-BR002-SKU017256PI,20251118,BR002,SKU017256PI,338,300,38
STK-20251118-BR003-SKU015128BL,20251118,BR003,SKU015128BL,275,124,151
STK-20251118-BR003-SKU015128SI,20251118,BR003,SKU015128SI,329,122,207
STK-20251118-BR003-SKU015128PI,20251118,BR003,SKU015128PI,275,127,148
STK-20251118-BR003-SKU015256BL,20251118,BR003,SKU015256BL,304,113,191
STK-20251118-BR003-SKU015256SI,20251118,BR003,SKU015256SI,331,126,205
STK-20251118-BR003-SKU015256PI,20251118,BR003,SKU015256PI,264,128,136
STK-20251118-BR003-SKU016128BL,20251118,BR003,SKU016128BL,220,205,15
STK-20251118-BR003-SKU016128SI,20251118,BR003,SKU016128SI,216,206,10
STK-20251118-BR003-SKU016128PI,20251118,BR003,SKU016128PI,227,218,9
STK-20251118-BR003-SKU016256BL,20251118,BR003,SKU016256BL,216,205,11
STK-20251118-BR003-SKU016256SI,20251118,BR003,SKU016256SI,232,222,10
STK-20251118-BR003-SKU016256PI,20251118,BR003,SKU016256PI,217,198,19
STK-20251118-BR003-SKU017128BL,20251118,BR003,SKU017128BL,329,294,35
STK-20251118-BR003-SKU017128SI,20251118,BR003,SKU017128SI,292,280,12
STK-20251118-BR003-SKU017128PI,20251118,BR003,SKU017128PI,332,307,25
STK-20251118-BR003-SKU017256BL,20251118,BR003,SKU017256BL,306,300,6
STK-20251118-BR003-SKU017256SI,20251118,BR003,SKU017256SI,337,331,6
STK-20251118-BR003-SKU017256PI,20251118,BR003,SKU017256PI,361,323,38
STK-20251118-BR004-SKU015128BL,20251118,BR004,SKU015128BL,245,121,124
STK-20251118-BR004-SKU015128SI,20251118,BR004,SKU015128SI,302,121,181
STK-20251118-BR004-SKU015128PI,20251118,BR004,SKU015128PI,290,125,165
STK-20251118-BR004-SKU015256BL,20251118,BR004,SKU015256BL,277,121,156
STK-20251118-BR004-SKU015256SI,20251118,BR004,SKU015256SI,251,114,137
STK-20251118-BR004-SKU015256PI,20251118,BR004,SKU015256PI,291,133,158
STK-20251118-BR004-SKU016128BL,20251118,BR004,SKU016128BL,219,218,1
STK-20251118-BR004-SKU016128SI,20251118,BR004,SKU016128SI,228,216,12
STK-20251118-BR004-SKU016128PI,20251118,BR004,SKU016128PI,198,196,2
STK-20251118-BR004-SKU016256BL,20251118,BR004,SKU016256BL,201,191,10
STK-20251118-BR004-SKU016256SI,20251118,BR004,SKU016256SI,216,192,24
STK-20251118-BR004-SKU016256PI,20251118,BR004,SKU016256PI,217,197,20
STK-20251118-BR004-SKU017128BL,20251118,BR004,SKU017128BL,321,318,3
STK-20251118-BR004-SKU017128SI,20251118,BR004,SKU017128SI,318,303,15
STK-20251118-BR004-SKU017128PI,20251118,BR004,SKU017128PI,332,319,13
STK-20251118-BR004-SKU017256BL,20251118,BR004,SKU017256BL,328,300,28
STK-20251118-BR004-SKU017256SI,20251118,BR004,SKU017256SI,322,301,21
STK-20251118-BR004-SKU017256PI,20251118,BR004,SKU017256PI,323,284,39
STK-20251118-BR005-SKU015128BL,20251118,BR005,SKU015128BL,245,118,127
STK-20251118-BR005-SKU015128SI,20251118,BR005,SKU015128SI,272,114,158
STK-20251118-BR005-SKU015128PI,20251118,BR005,SKU015128PI,284,121,163
STK-20251118-BR005-SKU015256BL,20251118,BR005,SKU015256BL,301,109,192
STK-20251118-BR005-SKU015256SI,20251118,BR005,SKU015256SI,323,112,211
STK-20251118-BR005-SKU015256PI,20251118,BR005,SKU015256PI,311,123,188
STK-20251118-BR005-SKU016128BL,20251118,BR005,SKU016128BL,201,193,8
STK-20251118-BR005-SKU016128SI,20251118,BR005,SKU016128SI,238,217,21
STK-20251118-BR005-SKU016128PI,20251118,BR005,SKU016128PI,214,194,20
STK-20251118-BR005-SKU016256BL,20251118,BR005,SKU016256BL,222,203,19
STK-20251118-BR005-SKU016256SI,20251118,BR005,SKU016256SI,202,201,1
STK-20251118-BR005-SKU016256PI,20251118,BR005,SKU016256PI,243,214,29
STK-20251118-BR005-SKU017128BL,20251118,BR005,SKU017128BL,303,301,2
STK-20251118-BR005-SKU017128SI,20251118,BR005,SKU017128SI,332,309,23
STK-20251118-BR005-SKU017128PI,20251118,BR005,SKU017128PI,311,297,14
STK-20251118-BR005-SKU017256BL,20251118,BR005,SKU017256BL,324,303,21
STK-20251118-BR005-SKU017256SI,20251118,BR005,SKU017256SI,306,300,6
STK-20251118-BR005-SKU017256PI,20251118,BR005,SKU017256PI,312,286,26
STK-20251119-BR000-SKU015128BL,20251119,BR000,SKU015128BL,644,0,644
STK-20251119-BR000-SKU015128SI,20251119,BR000,SKU015128SI,795,0,795
STK-20251119-BR000-SKU015128PI,20251119,BR000,SKU015128PI,930,0,930
STK-20251119-BR000-SKU015256BL,20251119,BR000,SKU015256BL,712,0,712
STK-20251119-BR000-SKU015256SI,20251119,BR000,SKU015256SI,744,0,744
STK-20251119-BR000-SKU015256PI,20251119,BR000,SKU015256PI,985,0,985
STK-20251119-BR000-SKU016128BL,20251119,BR000,SKU016128BL,632,0,632
STK-20251119-BR000-SKU016128SI,20251119,BR000,SKU016128SI,857,0,857
STK-20251119-BR000-SKU016128PI,20251119,BR000,SKU016128PI,686,0,686
STK-20251119-BR000-SKU016256BL,20251119,BR000,SKU016256BL,548,0,548
STK-20251119-BR000-SKU016256SI,20251119,BR000,SKU016256SI,855,0,855
STK-20251119-BR000-SKU016256PI,20251119,BR000,SKU016256PI,881,0,881
STK-20251119-BR000-SKU017128BL,20251119,BR000,SKU017128BL,658,0,658
STK-20251119-BR000-SKU017128SI,20251119,BR000,SKU017128SI,661,0,661
STK-20251119-BR000-SKU017128PI,20251119,BR000,SKU017128PI,617,0,617
STK-20251119-BR000-SKU017256BL,20251119,BR000,SKU017256BL,731,0,731
STK-20251119-BR000-SKU017256SI,20251119,BR000,SKU017256SI,682,0,682
STK-20251119-BR000-SKU017256PI,20251119,BR000,SKU017256PI,891,0,891
STK-20251119-BR001-SKU015128BL,20251119,BR001,SKU015128BL,248,120,128
STK-20251119-BR001-SKU015128SI,20251119,BR001,SKU015128SI,295,126,169
STK-20251119-BR001-SKU015128PI,20251119,BR001,SKU015128PI,285,122,163
STK-20251119-BR001-SKU015256BL,20251119,BR001,SKU015256BL,276,123,153
STK-20251119-BR001-SKU015256SI,20251119,BR001,SKU015256SI,284,118,166
STK-20251119-BR001-SKU015256PI,20251119,BR001,SKU015256PI,244,119,125
STK-20251119-BR001-SKU016128BL,20251119,BR001,SKU016128BL,240,218,22
STK-20251119-BR001-SKU016128SI,20251119,BR001,SKU016128SI,236,232,4
STK-20251119-BR001-SKU016128PI,20251119,BR001,SKU016128PI,217,194,23
STK-20251119-BR001-SKU016256BL,20251119,BR001,SKU016256BL,221,219,2
STK-20251119-BR001-SKU016256SI,20251119,BR001,SKU016256SI,224,212,12
STK-20251119-BR001-SKU016256PI,20251119,BR001,SKU016256PI,227,203,24
STK-20251119-BR001-SKU017128BL,20251119,BR001,SKU017128BL,321,302,19
STK-20251119-BR001-SKU017128SI,20251119,BR001,SKU017128SI,347,316,31
STK-20251119-BR001-SKU017128PI,20251119,BR001,SKU017128PI,335,314,21
STK-20251119-BR001-SKU017256BL,20251119,BR001,SKU017256BL,305,299,6
STK-20251119-BR001-SKU017256SI,20251119,BR001,SKU017256SI,288,282,6
STK-20251119-BR001-SKU017256PI,20251119,BR001,SKU017256PI,285,269,16
STK-20251119-BR002-SKU015128BL,20251119,BR002,SKU015128BL,311,129,182
STK-20251119-BR002-SKU015128SI,20251119,BR002,SKU015128SI,270,120,150
STK-20251119-BR002-SKU015128PI,20251119,BR002,SKU015128PI,278,122,156
STK-20251119-BR002-SKU015256BL,20251119,BR002,SKU015256BL,322,107,215
STK-20251119-BR002-SKU015256SI,20251119,BR002,SKU015256SI,227,123,104
STK-20251119-BR002-SKU015256PI,20251119,BR002,SKU015256PI,339,124,215
STK-20251119-BR002-SKU016128BL,20251119,BR002,SKU016128BL,230,213,17
STK-20251119-BR002-SKU016128SI,20251119,BR002,SKU016128SI,246,207,39
STK-20251119-BR002-SKU016128PI,20251119,BR002,SKU016128PI,207,202,5
STK-20251119-BR002-SKU016256BL,20251119,BR002,SKU016256BL,243,216,27
STK-20251119-BR002-SKU016256SI,20251119,BR002,SKU016256SI,239,210,29
STK-20251119-BR002-SKU016256PI,20251119,BR002,SKU016256PI,246,208,38
STK-20251119-BR002-SKU017128BL,20251119,BR002,SKU017128BL,324,308,16
STK-20251119-BR002-SKU017128SI,20251119,BR002,SKU017128SI,306,288,18
STK-20251119-BR002-SKU017128PI,20251119,BR002,SKU017128PI,343,328,15
STK-20251119-BR002-SKU017256BL,20251119,BR002,SKU017256BL,338,315,23
STK-20251119-BR002-SKU017256SI,20251119,BR002,SKU017256SI,308,288,20
STK-20251119-BR002-SKU017256PI,20251119,BR002,SKU017256PI,332,299,33
STK-20251119-BR003-SKU015128BL,20251119,BR003,SKU015128BL,273,127,146
STK-20251119-BR003-SKU015128SI,20251119,BR003,SKU015128SI,328,126,202
STK-20251119-BR003-SKU015128PI,20251119,BR003,SKU015128PI,275,130,145
STK-20251119-BR003-SKU015256BL,20251119,BR003,SKU015256BL,304,114,190
STK-20251119-BR003-SKU015256SI,20251119,BR003,SKU015256SI,328,124,204
STK-20251119-BR003-SKU015256PI,20251119,BR003,SKU015256PI,264,132,132
STK-20251119-BR003-SKU016128BL,20251119,BR003,SKU016128BL,216,205,11
STK-20251119-BR003-SKU016128SI,20251119,BR003,SKU016128SI,216,213,3
STK-20251119-BR003-SKU016128PI,20251119,BR003,SKU016128PI,223,219,4
STK-20251119-BR003-SKU016256BL,20251119,BR003,SKU016256BL,216,209,7
STK-20251119-BR003-SKU016256SI,20251119,BR003,SKU016256SI,232,230,2
STK-20251119-BR003-SKU016256PI,20251119,BR003,SKU016256PI,214,204,10
STK-20251119-BR003-SKU017128BL,20251119,BR003,SKU017128BL,316,287,29
STK-20251119-BR003-SKU017128SI,20251119,BR003,SKU017128SI,283,280,3
STK-20251119-BR003-SKU017128PI,20251119,BR003,SKU017128PI,332,311,21
STK-20251119-BR003-SKU017256BL,20251119,BR003,SKU017256BL,347,307,40
STK-20251119-BR003-SKU017256SI,20251119,BR003,SKU017256SI,330,330,0
STK-20251119-BR003-SKU017256PI,20251119,BR003,SKU017256PI,358,327,31
STK-20251119-BR004-SKU015128BL,20251119,BR004,SKU015128BL,241,118,123
STK-20251119-BR004-SKU015128SI,20251119,BR004,SKU015128SI,301,123,178
STK-20251119-BR004-SKU015128PI,20251119,BR004,SKU015128PI,290,126,164
STK-20251119-BR004-SKU015256BL,20251119,BR004,SKU015256BL,273,119,154
STK-20251119-BR004-SKU015256SI,20251119,BR004,SKU015256SI,251,117,134
STK-20251119-BR004-SKU015256PI,20251119,BR004,SKU015256PI,291,138,153
STK-20251119-BR004-SKU016128BL,20251119,BR004,SKU016128BL,256,217,39
STK-20251119-BR004-SKU016128SI,20251119,BR004,SKU016128SI,222,219,3
STK-20251119-BR004-SKU016128PI,20251119,BR004,SKU016128PI,233,198,35
STK-20251119-BR004-SKU016256BL,20251119,BR004,SKU016256BL,201,197,4
STK-20251119-BR004-SKU016256SI,20251119,BR004,SKU016256SI,215,199,16
STK-20251119-BR004-SKU016256PI,20251119,BR004,SKU016256PI,214,204,10
STK-20251119-BR004-SKU017128BL,20251119,BR004,SKU017128BL,349,323,26
STK-20251119-BR004-SKU017128SI,20251119,BR004,SKU017128SI,308,303,5
STK-20251119-BR004-SKU017128PI,20251119,BR004,SKU017128PI,332,330,2
STK-20251119-BR004-SKU017256BL,20251119,BR004,SKU017256BL,324,305,19
STK-20251119-BR004-SKU017256SI,20251119,BR004,SKU017256SI,322,313,9
STK-20251119-BR004-SKU017256PI,20251119,BR004,SKU017256PI,323,292,31
STK-20251119-BR005-SKU015128BL,20251119,BR005,SKU015128BL,245,120,125
STK-20251119-BR005-SKU015128SI,20251119,BR005,SKU015128SI,272,118,154
STK-20251119-BR005-SKU015128PI,20251119,BR005,SKU015128PI,284,122,162
STK-20251119-BR005-SKU015256BL,20251119,BR005,SKU015256BL,300,114,186
STK-20251119-BR005-SKU015256SI,20251119,BR005,SKU015256SI,323,113,210
STK-20251119-BR005-SKU015256PI,20251119,BR005,SKU015256PI,309,123,186
STK-20251119-BR005-SKU016128BL,20251119,BR005,SKU016128BL,233,200,33
STK-20251119-BR005-SKU016128SI,20251119,BR005,SKU016128SI,228,212,16
STK-20251119-BR005-SKU016128PI,20251119,BR005,SKU016128PI,214,201,13
STK-20251119-BR005-SKU016256BL,20251119,BR005,SKU016256BL,219,204,15
STK-20251119-BR005-SKU016256SI,20251119,BR005,SKU016256SI,242,209,33
STK-20251119-BR005-SKU016256PI,20251119,BR005,SKU016256PI,243,222,21
STK-20251119-BR005-SKU017128BL,20251119,BR005,SKU017128BL,343,303,40
STK-20251119-BR005-SKU017128SI,20251119,BR005,SKU017128SI,332,314,18
STK-20251119-BR005-SKU017128PI,20251119,BR005,SKU017128PI,311,311,0
STK-20251119-BR005-SKU017256BL,20251119,BR005,SKU017256BL,316,300,16
STK-20251119-BR005-SKU017256SI,20251119,BR005,SKU017256SI,336,306,30
STK-20251119-BR005-SKU017256PI,20251119,BR005,SKU017256PI,305,285,20
STK-20251120-BR000-SKU015128BL,20251120,BR000,SKU015128BL,644,0,644
STK-20251120-BR000-SKU015128SI,20251120,BR000,SKU015128SI,795,0,795
STK-20251120-BR000-SKU015128PI,20251120,BR000,SKU015128PI,930,0,930
STK-20251120-BR000-SKU015256BL,20251120,BR000,SKU015256BL,712,0,712
STK-20251120-BR000-SKU015256SI,20251120,BR000,SKU015256SI,744,0,744
STK-20251120-BR000-SKU015256PI,20251120,BR000,SKU015256PI,985,0,985
STK-20251120-BR000-SKU016128BL,20251120,BR000,SKU016128BL,632,0,632
STK-20251120-BR000-SKU016128SI,20251120,BR000,SKU016128SI,857,0,857
STK-20251120-BR000-SKU016128PI,20251120,BR000,SKU016128PI,686,0,686
STK-20251120-BR000-SKU016256BL,20251120,BR000,SKU016256BL,548,0,548
STK-20251120-BR000-SKU016256SI,20251120,BR000,SKU016256SI,855,0,855
STK-20251120-BR000-SKU016256PI,20251120,BR000,SKU016256PI,881,0,881
STK-20251120-BR000-SKU017128BL,20251120,BR000,SKU017128BL,658,0,658
STK-20251120-BR000-SKU017128SI,20251120,BR000,SKU017128SI,661,0,661
STK-20251120-BR000-SKU017128PI,20251120,BR000,SKU017128PI,617,0,617
STK-20251120-BR000-SKU017256BL,20251120,BR000,SKU017256BL,731,0,731
STK-20251120-BR000-SKU017256SI,20251120,BR000,SKU017256SI,682,0,682
STK-20251120-BR000-SKU017256PI,20251120,BR000,SKU017256PI,891,0,891
STK-20251120-BR001-SKU015128BL,20251120,BR001,SKU015128BL,286,121,165
STK-20251120-BR001-SKU015128SI,20251120,BR001,SKU015128SI,337,125,212
STK-20251120-BR001-SKU015128PI,20251120,BR001,SKU015128PI,337,126,211
STK-20251120-BR001-SKU015256BL,20251120,BR001,SKU015256BL,333,123,210
STK-20251120-BR001-SKU015256SI,20251120,BR001,SKU015256SI,325,121,204
STK-20251120-BR001-SKU015256PI,20251120,BR001,SKU015256PI,289,123,166
STK-20251120-BR001-SKU016128BL,20251120,BR001,SKU016128BL,298,226,72
STK-20251120-BR001-SKU016128SI,20251120,BR001,SKU016128SI,287,231,56
STK-20251120-BR001-SKU016128PI,20251120,BR001,SKU016128PI,259,201,58
STK-20251120-BR001-SKU016256BL,20251120,BR001,SKU016256BL,275,222,53
STK-20251120-BR001-SKU016256SI,20251120,BR001,SKU016256SI,264,214,50
STK-20251120-BR001-SKU016256PI,20251120,BR001,SKU016256PI,279,206,73
STK-20251120-BR001-SKU017128BL,20251120,BR001,SKU017128BL,376,302,74
STK-20251120-BR001-SKU017128SI,20251120,BR001,SKU017128SI,385,307,78
STK-20251120-BR001-SKU017128PI,20251120,BR001,SKU017128PI,383,310,73
STK-20251120-BR001-SKU017256BL,20251120,BR001,SKU017256BL,358,309,49
STK-20251120-BR001-SKU017256SI,20251120,BR001,SKU017256SI,321,285,36
STK-20251120-BR001-SKU017256PI,20251120,BR001,SKU017256PI,345,275,70
STK-20251120-BR002-SKU015128BL,20251120,BR002,SKU015128BL,360,129,231
STK-20251120-BR002-SKU015128SI,20251120,BR002,SKU015128SI,315,121,194
STK-20251120-BR002-SKU015128PI,20251120,BR002,SKU015128PI,337,123,214
STK-20251120-BR002-SKU015256BL,20251120,BR002,SKU015256BL,352,111,241
STK-20251120-BR002-SKU015256SI,20251120,BR002,SKU015256SI,283,125,158
STK-20251120-BR002-SKU015256PI,20251120,BR002,SKU015256PI,370,129,241
STK-20251120-BR002-SKU016128BL,20251120,BR002,SKU016128BL,286,217,69
STK-20251120-BR002-SKU016128SI,20251120,BR002,SKU016128SI,294,205,89
STK-20251120-BR002-SKU016128PI,20251120,BR002,SKU016128PI,234,194,40
STK-20251120-BR002-SKU016256BL,20251120,BR002,SKU016256BL,279,221,58
STK-20251120-BR002-SKU016256SI,20251120,BR002,SKU016256SI,287,216,71
STK-20251120-BR002-SKU016256PI,20251120,BR002,SKU016256PI,299,210,89
STK-20251120-BR002-SKU017128BL,20251120,BR002,SKU017128BL,367,309,58
STK-20251120-BR002-SKU017128SI,20251120,BR002,SKU017128SI,340,295,45
STK-20251120-BR002-SKU017128PI,20251120,BR002,SKU017128PI,378,330,48
STK-20251120-BR002-SKU017256BL,20251120,BR002,SKU017256BL,388,326,62
STK-20251120-BR002-SKU017256SI,20251120,BR002,SKU017256SI,352,288,64
STK-20251120-BR002-SKU017256PI,20251120,BR002,SKU017256PI,378,304,74
STK-20251120-BR003-SKU015128BL,20251120,BR003,SKU015128BL,304,130,174
STK-20251120-BR003-SKU015128SI,20251120,BR003,SKU015128SI,382,126,256
STK-20251120-BR003-SKU015128PI,20251120,BR003,SKU015128PI,317,130,187
STK-20251120-BR003-SKU015256BL,20251120,BR003,SKU015256BL,354,115,239
STK-20251120-BR003-SKU015256SI,20251120,BR003,SKU015256SI,383,125,258
STK-20251120-BR003-SKU015256PI,20251120,BR003,SKU015256PI,309,136,173
STK-20251120-BR003-SKU016128BL,20251120,BR003,SKU016128BL,258,206,52
STK-20251120-BR003-SKU016128SI,20251120,BR003,SKU016128SI,244,217,27
STK-20251120-BR003-SKU016128PI,20251120,BR003,SKU016128PI,267,219,48
STK-20251120-BR003-SKU016256BL,20251120,BR003,SKU016256BL,256,212,44
STK-20251120-BR003-SKU016256SI,20251120,BR003,SKU016256SI,264,236,28
STK-20251120-BR003-SKU016256PI,20251120,BR003,SKU016256PI,266,209,57
STK-20251120-BR003-SKU017128BL,20251120,BR003,SKU017128BL,354,291,63
STK-20251120-BR003-SKU017128SI,20251120,BR003,SKU017128SI,308,280,28
STK-20251120-BR003-SKU017128PI,20251120,BR003,SKU017128PI,374,311,63
STK-20251120-BR003-SKU017256BL,20251120,BR003,SKU017256BL,389,307,82
STK-20251120-BR003-SKU017256SI,20251120,BR003,SKU017256SI,356,332,24
STK-20251120-BR003-SKU017256PI,20251120,BR003,SKU017256PI,389,321,68
STK-20251120-BR004-SKU015128BL,20251120,BR004,SKU015128BL,279,120,159
STK-20251120-BR004-SKU015128SI,20251120,BR004,SKU015128SI,360,126,234
STK-20251120-BR004-SKU015128PI,20251120,BR004,SKU015128PI,325,125,200
STK-20251120-BR004-SKU015256BL,20251120,BR004,SKU015256BL,324,119,205
STK-20251120-BR004-SKU015256SI,20251120,BR004,SKU015256SI,281,119,162
STK-20251120-BR004-SKU015256PI,20251120,BR004,SKU015256PI,323,133,190
STK-20251120-BR004-SKU016128BL,20251120,BR004,SKU016128BL,284,219,65
STK-20251120-BR004-SKU016128SI,20251120,BR004,SKU016128SI,282,225,57
STK-20251120-BR004-SKU016128PI,20251120,BR004,SKU016128PI,290,203,87
STK-20251120-BR004-SKU016256BL,20251120,BR004,SKU016256BL,236,205,31
STK-20251120-BR004-SKU016256SI,20251120,BR004,SKU016256SI,256,206,50
STK-20251120-BR004-SKU016256PI,20251120,BR004,SKU016256PI,256,209,47
STK-20251120-BR004-SKU017128BL,20251120,BR004,SKU017128BL,394,314,80
STK-20251120-BR004-SKU017128SI,20251120,BR004,SKU017128SI,356,304,52
STK-20251120-BR004-SKU017128PI,20251120,BR004,SKU017128PI,360,333,27
STK-20251120-BR004-SKU017256BL,20251120,BR004,SKU017256BL,344,305,39
STK-20251120-BR004-SKU017256SI,20251120,BR004,SKU017256SI,353,314,39
STK-20251120-BR004-SKU017256PI,20251120,BR004,SKU017256PI,356,300,56
STK-20251120-BR005-SKU015128BL,20251120,BR005,SKU015128BL,279,124,155
STK-20251120-BR005-SKU015128SI,20251120,BR005,SKU015128SI,330,121,209
STK-20251120-BR005-SKU015128PI,20251120,BR005,SKU015128PI,317,123,194
STK-20251120-BR005-SKU015256BL,20251120,BR005,SKU015256BL,343,120,223
STK-20251120-BR005-SKU015256SI,20251120,BR005,SKU015256SI,373,114,259
STK-20251120-BR005-SKU015256PI,20251120,BR005,SKU015256PI,351,125,226
STK-20251120-BR005-SKU016128BL,20251120,BR005,SKU016128BL,278,193,85
STK-20251120-BR005-SKU016128SI,20251120,BR005,SKU016128SI,267,212,55
STK-20251120-BR005-SKU016128PI,20251120,BR005,SKU016128PI,253,203,50
STK-20251120-BR005-SKU016256BL,20251120,BR005,SKU016256BL,260,208,52
STK-20251120-BR005-SKU016256SI,20251120,BR005,SKU016256SI,273,210,63
STK-20251120-BR005-SKU016256PI,20251120,BR005,SKU016256PI,288,226,62
STK-20251120-BR005-SKU017128BL,20251120,BR005,SKU017128BL,392,310,82
STK-20251120-BR005-SKU017128SI,20251120,BR005,SKU017128SI,362,328,34
STK-20251120-BR005-SKU017128PI,20251120,BR005,SKU017128PI,347,314,33
STK-20251120-BR005-SKU017256BL,20251120,BR005,SKU017256BL,343,306,37
STK-20251120-BR005-SKU017256SI,20251120,BR005,SKU017256SI,364,307,57
STK-20251120-BR005-SKU017256PI,20251120,BR005,SKU017256PI,363,289,74
STK-20251121-BR000-SKU015128BL,20251121,BR000,SKU015128BL,644,0,644
STK-20251121-BR000-SKU015128SI,20251121,BR000,SKU015128SI,795,0,795
STK-20251121-BR000-SKU015128PI,20251121,BR000,SKU015128PI,930,0,930
STK-20251121-BR000-SKU015256BL,20251121,BR000,SKU015256BL,712,0,712
STK-20251121-BR000-SKU015256SI,20251121,BR000,SKU015256SI,744,0,744
STK-20251121-BR000-SKU015256PI,20251121,BR000,SKU015256PI,985,0,985
STK-20251121-BR000-SKU016128BL,20251121,BR000,SKU016128BL,632,0,632
STK-20251121-BR000-SKU016128SI,20251121,BR000,SKU016128SI,857,0,857
STK-20251121-BR000-SKU016128PI,20251121,BR000,SKU016128PI,686,0,686
STK-20251121-BR000-SKU016256BL,20251121,BR000,SKU016256BL,548,0,548
STK-20251121-BR000-SKU016256SI,20251121,BR000,SKU016256SI,855,0,855
STK-20251121-BR000-SKU016256PI,20251121,BR000,SKU016256PI,881,0,881
STK-20251121-BR000-SKU017128BL,20251121,BR000,SKU017128BL,658,0,658
STK-20251121-BR000-SKU017128SI,20251121,BR000,SKU017128SI,661,0,661
STK-20251121-BR000-SKU017128PI,20251121,BR000,SKU017128PI,617,0,617
STK-20251121-BR000-SKU017256BL,20251121,BR000,SKU017256BL,731,0,731
STK-20251121-BR000-SKU017256SI,20251121,BR000,SKU017256SI,682,0,682
STK-20251121-BR000-SKU017256PI,20251121,BR000,SKU017256PI,891,0,891
STK-20251121-BR001-SKU015128BL,20251121,BR001,SKU015128BL,286,122,164
STK-20251121-BR001-SKU015128SI,20251121,BR001,SKU015128SI,337,127,210
STK-20251121-BR001-SKU015128PI,20251121,BR001,SKU015128PI,337,129,208
STK-20251121-BR001-SKU015256BL,20251121,BR001,SKU015256BL,332,123,209
STK-20251121-BR001-SKU015256SI,20251121,BR001,SKU015256SI,325,125,200
STK-20251121-BR001-SKU015256PI,20251121,BR001,SKU015256PI,289,125,164
STK-20251121-BR001-SKU016128BL,20251121,BR001,SKU016128BL,293,226,67
STK-20251121-BR001-SKU016128SI,20251121,BR001,SKU016128SI,280,233,47
STK-20251121-BR001-SKU016128PI,20251121,BR001,SKU016128PI,259,211,48
STK-20251121-BR001-SKU016256BL,20251121,BR001,SKU016256BL,266,219,47
STK-20251121-BR001-SKU016256SI,20251121,BR001,SKU016256SI,256,213,43
STK-20251121-BR001-SKU016256PI,20251121,BR001,SKU016256PI,275,208,67
STK-20251121-BR001-SKU017128BL,20251121,BR001,SKU017128BL,368,300,68
STK-20251121-BR001-SKU017128SI,20251121,BR001,SKU017128SI,385,318,67
STK-20251121-BR001-SKU017128PI,20251121,BR001,SKU017128PI,373,308,65
STK-20251121-BR001-SKU017256BL,20251121,BR001,SKU017256BL,358,314,44
STK-20251121-BR001-SKU017256SI,20251121,BR001,SKU017256SI,321,296,25
STK-20251121-BR001-SKU017256PI,20251121,BR001,SKU017256PI,345,278,67
STK-20251121-BR002-SKU015128BL,20251121,BR002,SKU015128BL,359,131,228
STK-20251121-BR002-SKU015128SI,20251121,BR002,SKU015128SI,309,116,193
STK-20251121-BR002-SKU015128PI,20251121,BR002,SKU015128PI,335,122,213
STK-20251121-BR002-SKU015256BL,20251121,BR002,SKU015256BL,352,113,239
STK-20251121-BR002-SKU015256SI,20251121,BR002,SKU015256SI,283,128,155
STK-20251121-BR002-SKU015256PI,20251121,BR002,SKU015256PI,368,131,237
STK-20251121-BR002-SKU016128BL,20251121,BR002,SKU016128BL,282,215,67
STK-20251121-BR002-SKU016128SI,20251121,BR002,SKU016128SI,291,208,83
STK-20251121-BR002-SKU016128PI,20251121,BR002,SKU016128PI,230,196,34
STK-20251121-BR002-SKU016256BL,20251121,BR002,SKU016256BL,274,224,50
STK-20251121-BR002-SKU016256SI,20251121,BR002,SKU016256SI,287,224,63
STK-20251121-BR002-SKU016256PI,20251121,BR002,SKU016256PI,299,218,81
STK-20251121-BR002-SKU017128BL,20251121,BR002,SKU017128BL,367,317,50
STK-20251121-BR002-SKU017128SI,20251121,BR002,SKU017128SI,334,298,36
STK-20251121-BR002-SKU017128PI,20251121,BR002,SKU017128PI,370,334,36
STK-20251121-BR002-SKU017256BL,20251121,BR002,SKU017256BL,371,320,51
STK-20251121-BR002-SKU017256SI,20251121,BR002,SKU017256SI,352,297,55
STK-20251121-BR002-SKU017256PI,20251121,BR002,SKU017256PI,374,311,63
STK-20251121-BR003-SKU015128BL,20251121,BR003,SKU015128BL,304,132,172
STK-20251121-BR003-SKU015128SI,20251121,BR003,SKU015128SI,382,128,254
STK-20251121-BR003-SKU015128PI,20251121,BR003,SKU015128PI,317,131,186
STK-20251121-BR003-SKU015256BL,20251121,BR003,SKU015256BL,354,116,238
STK-20251121-BR003-SKU015256SI,20251121,BR003,SKU015256SI,383,126,257
STK-20251121-BR003-SKU015256PI,20251121,BR003,SKU015256PI,306,135,171
STK-20251121-BR003-SKU016128BL,20251121,BR003,SKU016128BL,258,212,46
STK-20251121-BR003-SKU016128SI,20251121,BR003,SKU016128SI,241,218,23
STK-20251121-BR003-SKU016128PI,20251121,BR003,SKU016128PI,267,227,40
STK-20251121-BR003-SKU016256BL,20251121,BR003,SKU016256BL,254,219,35
STK-20251121-BR003-SKU016256SI,20251121,BR003,SKU016256SI,260,239,21
STK-20251121-BR003-SKU016256PI,20251121,BR003,SKU016256PI,261,209,52
STK-20251121-BR003-SKU017128BL,20251121,BR003,SKU017128BL,354,298,56
STK-20251121-BR003-SKU017128SI,20251121,BR003,SKU017128SI,308,287,21
STK-20251121-BR003-SKU017128PI,20251121,BR003,SKU017128PI,370,313,57
STK-20251121-BR003-SKU017256BL,20251121,BR003,SKU017256BL,389,318,71
STK-20251121-BR003-SKU017256SI,20251121,BR003,SKU017256SI,353,338,15
STK-20251121-BR003-SKU017256PI,20251121,BR003,SKU017256PI,389,327,62
STK-20251121-BR004-SKU015128BL,20251121,BR004,SKU015128BL,279,122,157
STK-20251121-BR004-SKU015128SI,20251121,BR004,SKU015128SI,360,127,233
STK-20251121-BR004-SKU015128PI,20251121,BR004,SKU015128PI,325,127,198
STK-20251121-BR004-SKU015256BL,20251121,BR004,SKU015256BL,324,120,204
STK-20251121-BR004-SKU015256SI,20251121,BR004,SKU015256SI,279,118,161
STK-20251121-BR004-SKU015256PI,20251121,BR004,SKU015256PI,317,133,184
STK-20251121-BR004-SKU016128BL,20251121,BR004,SKU016128BL,281,222,59
STK-20251121-BR004-SKU016128SI,20251121,BR004,SKU016128SI,275,225,50
STK-20251121-BR004-SKU016128PI,20251121,BR004,SKU016128PI,287,208,79
STK-20251121-BR004-SKU016256BL,20251121,BR004,SKU016256BL,236,210,26
STK-20251121-BR004-SKU016256SI,20251121,BR004,SKU016256SI,251,204,47
STK-20251121-BR004-SKU016256PI,20251121,BR004,SKU016256PI,254,215,39
STK-20251121-BR004-SKU017128BL,20251121,BR004,SKU017128BL,384,311,73
STK-20251121-BR004-SKU017128SI,20251121,BR004,SKU017128SI,356,308,48
STK-20251121-BR004-SKU017128PI,20251121,BR004,SKU017128PI,348,331,17
STK-20251121-BR004-SKU017256BL,20251121,BR004,SKU017256BL,344,312,32
STK-20251121-BR004-SKU017256SI,20251121,BR004,SKU017256SI,337,309,28
STK-20251121-BR004-SKU017256PI,20251121,BR004,SKU017256PI,348,298,50
STK-20251121-BR005-SKU015128BL,20251121,BR005,SKU015128BL,278,126,152
STK-20251121-BR005-SKU015128SI,20251121,BR005,SKU015128SI,329,125,204
STK-20251121-BR005-SKU015128PI,20251121,BR005,SKU015128PI,317,124,193
STK-20251121-BR005-SKU015256BL,20251121,BR005,SKU015256BL,342,120,222
STK-20251121-BR005-SKU015256SI,20251121,BR005,SKU015256SI,371,116,255
STK-20251121-BR005-SKU015256PI,20251121,BR005,SKU015256PI,350,126,224
STK-20251121-BR005-SKU016128BL,20251121,BR005,SKU016128BL,278,195,83
STK-20251121-BR005-SKU016128SI,20251121,BR005,SKU016128SI,263,217,46
STK-20251121-BR005-SKU016128PI,20251121,BR005,SKU016128PI,253,210,43
STK-20251121-BR005-SKU016256BL,20251121,BR005,SKU016256BL,260,211,49
STK-20251121-BR005-SKU016256SI,20251121,BR005,SKU016256SI,266,210,56
STK-20251121-BR005-SKU016256PI,20251121,BR005,SKU016256PI,272,211,61
STK-20251121-BR005-SKU017128BL,20251121,BR005,SKU017128BL,392,317,75
STK-20251121-BR005-SKU017128SI,20251121,BR005,SKU017128SI,348,321,27
STK-20251121-BR005-SKU017128PI,20251121,BR005,SKU017128PI,330,304,26
STK-20251121-BR005-SKU017256BL,20251121,BR005,SKU017256BL,338,309,29
STK-20251121-BR005-SKU017256SI,20251121,BR005,SKU017256SI,357,305,52
STK-20251121-BR005-SKU017256PI,20251121,BR005,SKU017256PI,363,295,68
STK-20251122-BR000-SKU015128BL,20251122,BR000,SKU015128BL,644,0,644
STK-20251122-BR000-SKU015128SI,20251122,BR000,SKU015128SI,795,0,795
STK-20251122-BR000-SKU015128PI,20251122,BR000,SKU015128PI,930,0,930
STK-20251122-BR000-SKU015256BL,20251122,BR000,SKU015256BL,712,0,712
STK-20251122-BR000-SKU015256SI,20251122,BR000,SKU015256SI,744,0,744
STK-20251122-BR000-SKU015256PI,20251122,BR000,SKU015256PI,985,0,985
STK-20251122-BR000-SKU016128BL,20251122,BR000,SKU016128BL,632,0,632
STK-20251122-BR000-SKU016128SI,20251122,BR000,SKU016128SI,857,0,857
STK-20251122-BR000-SKU016128PI,20251122,BR000,SKU016128PI,686,0,686
STK-20251122-BR000-SKU016256BL,20251122,BR000,SKU016256BL,548,0,548
STK-20251122-BR000-SKU016256SI,20251122,BR000,SKU016256SI,855,0,855
STK-20251122-BR000-SKU016256PI,20251122,BR000,SKU016256PI,881,0,881
STK-20251122-BR000-SKU017128BL,20251122,BR000,SKU017128BL,658,0,658
STK-20251122-BR000-SKU017128SI,20251122,BR000,SKU017128SI,661,0,661
STK-20251122-BR000-SKU017128PI,20251122,BR000,SKU017128PI,617,0,617
STK-20251122-BR000-SKU017256BL,20251122,BR000,SKU017256BL,731,0,731
STK-20251122-BR000-SKU017256SI,20251122,BR000,SKU017256SI,682,0,682
STK-20251122-BR000-SKU017256PI,20251122,BR000,SKU017256PI,891,0,891
STK-20251122-BR001-SKU015128BL,20251122,BR001,SKU015128BL,286,124,162
STK-20251122-BR001-SKU015128SI,20251122,BR001,SKU015128SI,337,129,208
STK-20251122-BR001-SKU015128PI,20251122,BR001,SKU015128PI,337,130,207
STK-20251122-BR001-SKU015256BL,20251122,BR001,SKU015256BL,327,121,206
STK-20251122-BR001-SKU015256SI,20251122,BR001,SKU015256SI,322,123,199
STK-20251122-BR001-SKU015256PI,20251122,BR001,SKU015256PI,289,131,158
STK-20251122-BR001-SKU016128BL,20251122,BR001,SKU016128BL,293,235,58
STK-20251122-BR001-SKU016128SI,20251122,BR001,SKU016128SI,277,237,40
STK-20251122-BR001-SKU016128PI,20251122,BR001,SKU016128PI,254,213,41
STK-20251122-BR001-SKU016256BL,20251122,BR001,SKU016256BL,266,226,40
STK-20251122-BR001-SKU016256SI,20251122,BR001,SKU016256SI,256,222,34
STK-20251122-BR001-SKU016256PI,20251122,BR001,SKU016256PI,273,213,60
STK-20251122-BR001-SKU017128BL,20251122,BR001,SKU017128BL,362,305,57
STK-20251122-BR001-SKU017128SI,20251122,BR001,SKU017128SI,381,325,56
STK-20251122-BR001-SKU017128PI,20251122,BR001,SKU017128PI,368,317,51
STK-20251122-BR001-SKU017256BL,20251122,BR001,SKU017256BL,358,323,35
STK-20251122-BR001-SKU017256SI,20251122,BR001,SKU017256SI,311,293,18
STK-20251122-BR001-SKU017256PI,20251122,BR001,SKU017256PI,345,286,59
STK-20251122-BR002-SKU015128BL,20251122,BR002,SKU015128BL,355,129,226
STK-20251122-BR002-SKU015128SI,20251122,BR002,SKU015128SI,309,117,192
STK-20251122-BR002-SKU015128PI,20251122,BR002,SKU015128PI,335,126,209
STK-20251122-BR002-SKU015256BL,20251122,BR002,SKU015256BL,348,110,238
STK-20251122-BR002-SKU015256SI,20251122,BR002,SKU015256SI,283,133,150
STK-20251122-BR002-SKU015256PI,20251122,BR002,SKU015256PI,368,134,234
STK-20251122-BR002-SKU016128BL,20251122,BR002,SKU016128BL,277,214,63
STK-20251122-BR002-SKU016128SI,20251122,BR002,SKU016128SI,291,213,78
STK-20251122-BR002-SKU016128PI,20251122,BR002,SKU016128PI,228,201,27
STK-20251122-BR002-SKU016256BL,20251122,BR002,SKU016256BL,274,231,43
STK-20251122-BR002-SKU016256SI,20251122,BR002,SKU016256SI,284,228,56
STK-20251122-BR002-SKU016256PI,20251122,BR002,SKU016256PI,299,224,75
STK-20251122-BR002-SKU017128BL,20251122,BR002,SKU017128BL,359,319,40
STK-20251122-BR002-SKU017128SI,20251122,BR002,SKU017128SI,331,305,26
STK-20251122-BR002-SKU017128PI,20251122,BR002,SKU017128PI,354,325,29
STK-20251122-BR002-SKU017256BL,20251122,BR002,SKU017256BL,364,320,44
STK-20251122-BR002-SKU017256SI,20251122,BR002,SKU017256SI,352,307,45
STK-20251122-BR002-SKU017256PI,20251122,BR002,SKU017256PI,366,314,52
STK-20251122-BR003-SKU015128BL,20251122,BR003,SKU015128BL,302,134,168
STK-20251122-BR003-SKU015128SI,20251122,BR003,SKU015128SI,382,130,252
STK-20251122-BR003-SKU015128PI,20251122,BR003,SKU015128PI,316,133,183
STK-20251122-BR003-SKU015256BL,20251122,BR003,SKU015256BL,353,117,236
STK-20251122-BR003-SKU015256SI,20251122,BR003,SKU015256SI,383,130,253
STK-20251122-BR003-SKU015256PI,20251122,BR003,SKU015256PI,304,135,169
STK-20251122-BR003-SKU016128BL,20251122,BR003,SKU016128BL,256,213,43
STK-20251122-BR003-SKU016128SI,20251122,BR003,SKU016128SI,232,216,16
STK-20251122-BR003-SKU016128PI,20251122,BR003,SKU016128PI,267,232,35
STK-20251122-BR003-SKU016256BL,20251122,BR003,SKU016256BL,250,223,27
STK-20251122-BR003-SKU016256SI,20251122,BR003,SKU016256SI,255,239,16
STK-20251122-BR003-SKU016256PI,20251122,BR003,SKU016256PI,259,209,50
STK-20251122-BR003-SKU017128BL,20251122,BR003,SKU017128BL,349,306,43
STK-20251122-BR003-SKU017128SI,20251122,BR003,SKU017128SI,301,287,14
STK-20251122-BR003-SKU017128PI,20251122,BR003,SKU017128PI,370,321,49
STK-20251122-BR003-SKU017256BL,20251122,BR003,SKU017256BL,377,313,64
STK-20251122-BR003-SKU017256SI,20251122,BR003,SKU017256SI,342,338,4
STK-20251122-BR003-SKU017256PI,20251122,BR003,SKU017256PI,389,338,51
STK-20251122-BR004-SKU015128BL,20251122,BR004,SKU015128BL,276,122,154
STK-20251122-BR004-SKU015128SI,20251122,BR004,SKU015128SI,358,130,228
STK-20251122-BR004-SKU015128PI,20251122,BR004,SKU015128PI,321,124,197
STK-20251122-BR004-SKU015256BL,20251122,BR004,SKU015256BL,321,118,203
STK-20251122-BR004-SKU015256SI,20251122,BR004,SKU015256SI,278,118,160
STK-20251122-BR004-SKU015256PI,20251122,BR004,SKU015256PI,317,134,183
STK-20251122-BR004-SKU016128BL,20251122,BR004,SKU016128BL,272,216,56
STK-20251122-BR004-SKU016128SI,20251122,BR004,SKU016128SI,270,224,46
STK-20251122-BR004-SKU016128PI,20251122,BR004,SKU016128PI,283,211,72
STK-20251122-BR004-SKU016256BL,20251122,BR004,SKU016256BL,236,214,22
STK-20251122-BR004-SKU016256SI,20251122,BR004,SKU016256SI,251,207,44
STK-20251122-BR004-SKU016256PI,20251122,BR004,SKU016256PI,250,218,32
STK-20251122-BR004-SKU017128BL,20251122,BR004,SKU017128BL,380,320,60
STK-20251122-BR004-SKU017128SI,20251122,BR004,SKU017128SI,356,317,39
STK-20251122-BR004-SKU017128PI,20251122,BR004,SKU017128PI,344,336,8
STK-20251122-BR004-SKU017256BL,20251122,BR004,SKU017256BL,337,313,24
STK-20251122-BR004-SKU017256SI,20251122,BR004,SKU017256SI,322,300,22
STK-20251122-BR004-SKU017256PI,20251122,BR004,SKU017256PI,348,306,42
STK-20251122-BR005-SKU015128BL,20251122,BR005,SKU015128BL,277,128,149
STK-20251122-BR005-SKU015128SI,20251122,BR005,SKU015128SI,326,125,201
STK-20251122-BR005-SKU015128PI,20251122,BR005,SKU015128PI,317,128,189
STK-20251122-BR005-SKU015256BL,20251122,BR005,SKU015256BL,338,117,221
STK-20251122-BR005-SKU015256SI,20251122,BR005,SKU015256SI,371,119,252
STK-20251122-BR005-SKU015256PI,20251122,BR005,SKU015256PI,350,127,223
STK-20251122-BR005-SKU016128BL,20251122,BR005,SKU016128BL,275,197,78
STK-20251122-BR005-SKU016128SI,20251122,BR005,SKU016128SI,261,222,39
STK-20251122-BR005-SKU016128PI,20251122,BR005,SKU016128PI,249,211,38
STK-20251122-BR005-SKU016256BL,20251122,BR005,SKU016256BL,259,215,44
STK-20251122-BR005-SKU016256SI,20251122,BR005,SKU016256SI,266,218,48
STK-20251122-BR005-SKU016256PI,20251122,BR005,SKU016256PI,272,219,53
STK-20251122-BR005-SKU017128BL,20251122,BR005,SKU017128BL,392,325,67
STK-20251122-BR005-SKU017128SI,20251122,BR005,SKU017128SI,344,323,21
STK-20251122-BR005-SKU017128PI,20251122,BR005,SKU017128PI,326,310,16
STK-20251122-BR005-SKU017256BL,20251122,BR005,SKU017256BL,319,296,23
STK-20251122-BR005-SKU017256SI,20251122,BR005,SKU017256SI,357,310,47
STK-20251122-BR005-SKU017256PI,20251122,BR005,SKU017256PI,361,302,59
STK-20251123-BR000-SKU015128BL,20251123,BR000,SKU015128BL,644,0,644
STK-20251123-BR000-SKU015128SI,20251123,BR000,SKU015128SI,795,0,795
STK-20251123-BR000-SKU015128PI,20251123,BR000,SKU015128PI,930,0,930
STK-20251123-BR000-SKU015256BL,20251123,BR000,SKU015256BL,712,0,712
STK-20251123-BR000-SKU015256SI,20251123,BR000,SKU015256SI,744,0,744
STK-20251123-BR000-SKU015256PI,20251123,BR000,SKU015256PI,985,0,985
STK-20251123-BR000-SKU016128BL,20251123,BR000,SKU016128BL,632,0,632
STK-20251123-BR000-SKU016128SI,20251123,BR000,SKU016128SI,857,0,857
STK-20251123-BR000-SKU016128PI,20251123,BR000,SKU016128PI,686,0,686
STK-20251123-BR000-SKU016256BL,20251123,BR000,SKU016256BL,548,0,548
STK-20251123-BR000-SKU016256SI,20251123,BR000,SKU016256SI,855,0,855
STK-20251123-BR000-SKU016256PI,20251123,BR000,SKU016256PI,881,0,881
STK-20251123-BR000-SKU017128BL,20251123,BR000,SKU017128BL,658,0,658
STK-20251123-BR000-SKU017128SI,20251123,BR000,SKU017128SI,661,0,661
STK-20251123-BR000-SKU017128PI,20251123,BR000,SKU017128PI,617,0,617
STK-20251123-BR000-SKU017256BL,20251123,BR000,SKU017256BL,731,0,731
STK-20251123-BR000-SKU017256SI,20251123,BR000,SKU017256SI,682,0,682
STK-20251123-BR000-SKU017256PI,20251123,BR000,SKU017256PI,891,0,891
STK-20251123-BR001-SKU015128BL,20251123,BR001,SKU015128BL,286,128,158
STK-20251123-BR001-SKU015128SI,20251123,BR001,SKU015128SI,335,128,207
STK-20251123-BR001-SKU015128PI,20251123,BR001,SKU015128PI,337,132,205
STK-20251123-BR001-SKU015256BL,20251123,BR001,SKU015256BL,327,122,205
STK-20251123-BR001-SKU015256SI,20251123,BR001,SKU015256SI,320,126,194
STK-20251123-BR001-SKU015256PI,20251123,BR001,SKU015256PI,289,133,156
STK-20251123-BR001-SKU016128BL,20251123,BR001,SKU016128BL,289,240,49
STK-20251123-BR001-SKU016128SI,20251123,BR001,SKU016128SI,271,236,35
STK-20251123-BR001-SKU016128PI,20251123,BR001,SKU016128PI,254,218,36
STK-20251123-BR001-SKU016256BL,20251123,BR001,SKU016256BL,260,226,34
STK-20251123-BR001-SKU016256SI,20251123,BR001,SKU016256SI,251,224,27
STK-20251123-BR001-SKU016256PI,20251123,BR001,SKU016256PI,273,217,56
STK-20251123-BR001-SKU017128BL,20251123,BR001,SKU017128BL,350,302,48
STK-20251123-BR001-SKU017128SI,20251123,BR001,SKU017128SI,366,314,52
STK-20251123-BR001-SKU017128PI,20251123,BR001,SKU017128PI,364,322,42
STK-20251123-BR001-SKU017256BL,20251123,BR001,SKU017256BL,348,326,22
STK-20251123-BR001-SKU017256SI,20251123,BR001,SKU017256SI,307,297,10
STK-20251123-BR001-SKU017256PI,20251123,BR001,SKU017256PI,339,290,49
STK-20251123-BR002-SKU015128BL,20251123,BR002,SKU015128BL,354,129,225
STK-20251123-BR002-SKU015128SI,20251123,BR002,SKU015128SI,309,118,191
STK-20251123-BR002-SKU015128PI,20251123,BR002,SKU015128PI,333,127,206
STK-20251123-BR002-SKU015256BL,20251123,BR002,SKU015256BL,348,111,237
STK-20251123-BR002-SKU015256SI,20251123,BR002,SKU015256SI,277,130,147
STK-20251123-BR002-SKU015256PI,20251123,BR002,SKU015256PI,368,139,229
STK-20251123-BR002-SKU016128BL,20251123,BR002,SKU016128BL,275,216,59
STK-20251123-BR002-SKU016128SI,20251123,BR002,SKU016128SI,290,220,70
STK-20251123-BR002-SKU016128PI,20251123,BR002,SKU016128PI,224,206,18
STK-20251123-BR002-SKU016256BL,20251123,BR002,SKU016256BL,266,228,38
STK-20251123-BR002-SKU016256SI,20251123,BR002,SKU016256SI,284,236,48
STK-20251123-BR002-SKU016256PI,20251123,BR002,SKU016256PI,292,223,69
STK-20251123-BR002-SKU017128BL,20251123,BR002,SKU017128BL,359,326,33
STK-20251123-BR002-SKU017128SI,20251123,BR002,SKU017128SI,331,316,15
STK-20251123-BR002-SKU017128PI,20251123,BR002,SKU017128PI,351,331,20
STK-20251123-BR002-SKU017256BL,20251123,BR002,SKU017256BL,359,324,35
STK-20251123-BR002-SKU017256SI,20251123,BR002,SKU017256SI,342,304,38
STK-20251123-BR002-SKU017256PI,20251123,BR002,SKU017256PI,366,320,46
STK-20251123-BR003-SKU015128BL,20251123,BR003,SKU015128BL,295,128,167
STK-20251123-BR003-SKU015128SI,20251123,BR003,SKU015128SI,380,129,251
STK-20251123-BR003-SKU015128PI,20251123,BR003,SKU015128PI,316,134,182
STK-20251123-BR003-SKU015256BL,20251123,BR003,SKU015256BL,353,119,234
STK-20251123-BR003-SKU015256SI,20251123,BR003,SKU015256SI,383,131,252
STK-20251123-BR003-SKU015256PI,20251123,BR003,SKU015256PI,301,133,168
STK-20251123-BR003-SKU016128BL,20251123,BR003,SKU016128BL,254,212,42
STK-20251123-BR003-SKU016128SI,20251123,BR003,SKU016128SI,227,217,10
STK-20251123-BR003-SKU016128PI,20251123,BR003,SKU016128PI,253,226,27
STK-20251123-BR003-SKU016256BL,20251123,BR003,SKU016256BL,244,222,22
STK-20251123-BR003-SKU016256SI,20251123,BR003,SKU016256SI,255,245,10
STK-20251123-BR003-SKU016256PI,20251123,BR003,SKU016256PI,256,215,41
STK-20251123-BR003-SKU017128BL,20251123,BR003,SKU017128BL,346,311,35
STK-20251123-BR003-SKU017128SI,20251123,BR003,SKU017128SI,298,288,10
STK-20251123-BR003-SKU017128PI,20251123,BR003,SKU017128PI,370,327,43
STK-20251123-BR003-SKU017256BL,20251123,BR003,SKU017256BL,371,312,59
STK-20251123-BR003-SKU017256SI,20251123,BR003,SKU017256SI,335,335,0
STK-20251123-BR003-SKU017256PI,20251123,BR003,SKU017256PI,370,325,45
STK-20251123-BR004-SKU015128BL,20251123,BR004,SKU015128BL,276,123,153
STK-20251123-BR004-SKU015128SI,20251123,BR004,SKU015128SI,356,129,227
STK-20251123-BR004-SKU015128PI,20251123,BR004,SKU015128PI,321,128,193
STK-20251123-BR004-SKU015256BL,20251123,BR004,SKU015256BL,319,119,200
STK-20251123-BR004-SKU015256SI,20251123,BR004,SKU015256SI,278,121,157
STK-20251123-BR004-SKU015256PI,20251123,BR004,SKU015256PI,314,134,180
STK-20251123-BR004-SKU016128BL,20251123,BR004,SKU016128BL,268,219,49
STK-20251123-BR004-SKU016128SI,20251123,BR004,SKU016128SI,270,228,42
STK-20251123-BR004-SKU016128PI,20251123,BR004,SKU016128PI,283,217,66
STK-20251123-BR004-SKU016256BL,20251123,BR004,SKU016256BL,236,215,21
STK-20251123-BR004-SKU016256SI,20251123,BR004,SKU016256SI,250,209,41
STK-20251123-BR004-SKU016256PI,20251123,BR004,SKU016256PI,245,217,28
STK-20251123-BR004-SKU017128BL,20251123,BR004,SKU017128BL,377,323,54
STK-20251123-BR004-SKU017128SI,20251123,BR004,SKU017128SI,356,322,34
STK-20251123-BR004-SKU017128PI,20251123,BR004,SKU017128PI,338,337,1
STK-20251123-BR004-SKU017256BL,20251123,BR004,SKU017256BL,337,320,17
STK-20251123-BR004-SKU017256SI,20251123,BR004,SKU017256SI,322,313,9
STK-20251123-BR004-SKU017256PI,20251123,BR004,SKU017256PI,339,308,31
STK-20251123-BR005-SKU015128BL,20251123,BR005,SKU015128BL,276,133,143
STK-20251123-BR005-SKU015128SI,20251123,BR005,SKU015128SI,326,127,199
STK-20251123-BR005-SKU015128PI,20251123,BR005,SKU015128PI,316,131,185
STK-20251123-BR005-SKU015256BL,20251123,BR005,SKU015256BL,338,119,219
STK-20251123-BR005-SKU015256SI,20251123,BR005,SKU015256SI,371,120,251
STK-20251123-BR005-SKU015256PI,20251123,BR005,SKU015256PI,350,129,221
STK-20251123-BR005-SKU016128BL,20251123,BR005,SKU016128BL,275,198,77
STK-20251123-BR005-SKU016128SI,20251123,BR005,SKU016128SI,261,226,35
STK-20251123-BR005-SKU016128PI,20251123,BR005,SKU016128PI,246,211,35
STK-20251123-BR005-SKU016256BL,20251123,BR005,SKU016256BL,256,220,36
STK-20251123-BR005-SKU016256SI,20251123,BR005,SKU016256SI,264,220,44
STK-20251123-BR005-SKU016256PI,20251123,BR005,SKU016256PI,272,220,52
STK-20251123-BR005-SKU017128BL,20251123,BR005,SKU017128BL,379,324,55
STK-20251123-BR005-SKU017128SI,20251123,BR005,SKU017128SI,333,324,9
STK-20251123-BR005-SKU017128PI,20251123,BR005,SKU017128PI,320,312,8
STK-20251123-BR005-SKU017256BL,20251123,BR005,SKU017256BL,314,300,14
STK-20251123-BR005-SKU017256SI,20251123,BR005,SKU017256SI,354,319,35
STK-20251123-BR005-SKU017256PI,20251123,BR005,SKU017256PI,350,303,47
STK-20251124-BR000-SKU015128BL,20251124,BR000,SKU015128BL,644,0,644
STK-20251124-BR000-SKU015128SI,20251124,BR000,SKU015128SI,795,0,795
STK-20251124-BR000-SKU015128PI,20251124,BR000,SKU015128PI,930,0,930
STK-20251124-BR000-SKU015256BL,20251124,BR000,SKU015256BL,712,0,712
STK-20251124-BR000-SKU015256SI,20251124,BR000,SKU015256SI,744,0,744
STK-20251124-BR000-SKU015256PI,20251124,BR000,SKU015256PI,985,0,985
STK-20251124-BR000-SKU016128BL,20251124,BR000,SKU016128BL,632,0,632
STK-20251124-BR000-SKU016128SI,20251124,BR000,SKU016128SI,857,0,857
STK-20251124-BR000-SKU016128PI,20251124,BR000,SKU016128PI,686,0,686
STK-20251124-BR000-SKU016256BL,20251124,BR000,SKU016256BL,548,0,548
STK-20251124-BR000-SKU016256SI,20251124,BR000,SKU016256SI,855,0,855
STK-20251124-BR000-SKU016256PI,20251124,BR000,SKU016256PI,881,0,881
STK-20251124-BR000-SKU017128BL,20251124,BR000,SKU017128BL,658,0,658
STK-20251124-BR000-SKU017128SI,20251124,BR000,SKU017128SI,661,0,661
STK-20251124-BR000-SKU017128PI,20251124,BR000,SKU017128PI,617,0,617
STK-20251124-BR000-SKU017256BL,20251124,BR000,SKU017256BL,731,0,731
STK-20251124-BR000-SKU017256SI,20251124,BR000,SKU017256SI,682,0,682
STK-20251124-BR000-SKU017256PI,20251124,BR000,SKU017256PI,891,0,891
STK-20251124-BR001-SKU015128BL,20251124,BR001,SKU015128BL,282,128,154
STK-20251124-BR001-SKU015128SI,20251124,BR001,SKU015128SI,332,129,203
STK-20251124-BR001-SKU015128PI,20251124,BR001,SKU015128PI,336,132,204
STK-20251124-BR001-SKU015256BL,20251124,BR001,SKU015256BL,326,122,204
STK-20251124-BR001-SKU015256SI,20251124,BR001,SKU015256SI,320,130,190
STK-20251124-BR001-SKU015256PI,20251124,BR001,SKU015256PI,286,135,151
STK-20251124-BR001-SKU016128BL,20251124,BR001,SKU016128BL,282,239,43
STK-20251124-BR001-SKU016128SI,20251124,BR001,SKU016128SI,267,239,28
STK-20251124-BR001-SKU016128PI,20251124,BR001,SKU016128PI,238,207,31
STK-20251124-BR001-SKU016256BL,20251124,BR001,SKU016256BL,256,227,29
STK-20251124-BR001-SKU016256SI,20251124,BR001,SKU016256SI,251,228,23
STK-20251124-BR001-SKU016256PI,20251124,BR001,SKU016256PI,267,215,52
STK-20251124-BR001-SKU017128BL,20251124,BR001,SKU017128BL,350,312,38
STK-20251124-BR001-SKU017128SI,20251124,BR001,SKU017128SI,360,319,41
STK-20251124-BR001-SKU017128PI,20251124,BR001,SKU017128PI,352,316,36
STK-20251124-BR001-SKU017256BL,20251124,BR001,SKU017256BL,343,327,16
STK-20251124-BR001-SKU017256SI,20251124,BR001,SKU017256SI,307,303,4
STK-20251124-BR001-SKU017256PI,20251124,BR001,SKU017256PI,334,289,45
STK-20251124-BR002-SKU015128BL,20251124,BR002,SKU015128BL,354,134,220
STK-20251124-BR002-SKU015128SI,20251124,BR002,SKU015128SI,309,120,189
STK-20251124-BR002-SKU015128PI,20251124,BR002,SKU015128PI,331,127,204
STK-20251124-BR002-SKU015256BL,20251124,BR002,SKU015256BL,347,112,235
STK-20251124-BR002-SKU015256SI,20251124,BR002,SKU015256SI,277,133,144
STK-20251124-BR002-SKU015256PI,20251124,BR002,SKU015256PI,366,142,224
STK-20251124-BR002-SKU016128BL,20251124,BR002,SKU016128BL,275,220,55
STK-20251124-BR002-SKU016128SI,20251124,BR002,SKU016128SI,283,218,65
STK-20251124-BR002-SKU016128PI,20251124,BR002,SKU016128PI,224,214,10
STK-20251124-BR002-SKU016256BL,20251124,BR002,SKU016256BL,266,235,31
STK-20251124-BR002-SKU016256SI,20251124,BR002,SKU016256SI,276,233,43
STK-20251124-BR002-SKU016256PI,20251124,BR002,SKU016256PI,284,221,63
STK-20251124-BR002-SKU017128BL,20251124,BR002,SKU017128BL,354,329,25
STK-20251124-BR002-SKU017128SI,20251124,BR002,SKU017128SI,321,312,9
STK-20251124-BR002-SKU017128PI,20251124,BR002,SKU017128PI,351,345,6
STK-20251124-BR002-SKU017256BL,20251124,BR002,SKU017256BL,353,326,27
STK-20251124-BR002-SKU017256SI,20251124,BR002,SKU017256SI,331,303,28
STK-20251124-BR002-SKU017256PI,20251124,BR002,SKU017256PI,358,323,35
STK-20251124-BR003-SKU015128BL,20251124,BR003,SKU015128BL,295,133,162
STK-20251124-BR003-SKU015128SI,20251124,BR003,SKU015128SI,380,130,250
STK-20251124-BR003-SKU015128PI,20251124,BR003,SKU015128PI,315,135,180
STK-20251124-BR003-SKU015256BL,20251124,BR003,SKU015256BL,353,124,229
STK-20251124-BR003-SKU015256SI,20251124,BR003,SKU015256SI,383,137,246
STK-20251124-BR003-SKU015256PI,20251124,BR003,SKU015256PI,300,135,165
STK-20251124-BR003-SKU016128BL,20251124,BR003,SKU016128BL,254,218,36
STK-20251124-BR003-SKU016128SI,20251124,BR003,SKU016128SI,227,222,5
STK-20251124-BR003-SKU016128PI,20251124,BR003,SKU016128PI,250,231,19
STK-20251124-BR003-SKU016256BL,20251124,BR003,SKU016256BL,236,221,15
STK-20251124-BR003-SKU016256SI,20251124,BR003,SKU016256SI,251,248,3
STK-20251124-BR003-SKU016256PI,20251124,BR003,SKU016256PI,248,211,37
STK-20251124-BR003-SKU017128BL,20251124,BR003,SKU017128BL,341,312,29
STK-20251124-BR003-SKU017128SI,20251124,BR003,SKU017128SI,333,299,34
STK-20251124-BR003-SKU017128PI,20251124,BR003,SKU017128PI,370,334,36
STK-20251124-BR003-SKU017256BL,20251124,BR003,SKU017256BL,361,311,50
STK-20251124-BR003-SKU017256SI,20251124,BR003,SKU017256SI,378,340,38
STK-20251124-BR003-SKU017256PI,20251124,BR003,SKU017256PI,370,336,34
STK-20251124-BR004-SKU015128BL,20251124,BR004,SKU015128BL,276,128,148
STK-20251124-BR004-SKU015128SI,20251124,BR004,SKU015128SI,356,131,225
STK-20251124-BR004-SKU015128PI,20251124,BR004,SKU015128PI,321,130,191
STK-20251124-BR004-SKU015256BL,20251124,BR004,SKU015256BL,319,123,196
STK-20251124-BR004-SKU015256SI,20251124,BR004,SKU015256SI,278,122,156
STK-20251124-BR004-SKU015256PI,20251124,BR004,SKU015256PI,314,140,174
STK-20251124-BR004-SKU016128BL,20251124,BR004,SKU016128BL,268,223,45
STK-20251124-BR004-SKU016128SI,20251124,BR004,SKU016128SI,262,227,35
STK-20251124-BR004-SKU016128PI,20251124,BR004,SKU016128PI,276,214,62
STK-20251124-BR004-SKU016256BL,20251124,BR004,SKU016256BL,232,217,15
STK-20251124-BR004-SKU016256SI,20251124,BR004,SKU016256SI,248,210,38
STK-20251124-BR004-SKU016256PI,20251124,BR004,SKU016256PI,240,220,20
STK-20251124-BR004-SKU017128BL,20251124,BR004,SKU017128BL,377,337,40
STK-20251124-BR004-SKU017128SI,20251124,BR004,SKU017128SI,356,329,27
STK-20251124-BR004-SKU017128PI,20251124,BR004,SKU017128PI,384,350,34
STK-20251124-BR004-SKU017256BL,20251124,BR004,SKU017256BL,333,324,9
STK-20251124-BR004-SKU017256SI,20251124,BR004,SKU017256SI,315,313,2
STK-20251124-BR004-SKU017256PI,20251124,BR004,SKU017256PI,339,314,25
STK-20251124-BR005-SKU015128BL,20251124,BR005,SKU015128BL,272,130,142
STK-20251124-BR005-SKU015128SI,20251124,BR005,SKU015128SI,324,126,198
STK-20251124-BR005-SKU015128PI,20251124,BR005,SKU015128PI,314,134,180
STK-20251124-BR005-SKU015256BL,20251124,BR005,SKU015256BL,334,121,213
STK-20251124-BR005-SKU015256SI,20251124,BR005,SKU015256SI,370,121,249
STK-20251124-BR005-SKU015256PI,20251124,BR005,SKU015256PI,349,132,217
STK-20251124-BR005-SKU016128BL,20251124,BR005,SKU016128BL,275,205,70
STK-20251124-BR005-SKU016128SI,20251124,BR005,SKU016128SI,261,232,29
STK-20251124-BR005-SKU016128PI,20251124,BR005,SKU016128PI,246,218,28
STK-20251124-BR005-SKU016256BL,20251124,BR005,SKU016256BL,252,225,27
STK-20251124-BR005-SKU016256SI,20251124,BR005,SKU016256SI,264,223,41
STK-20251124-BR005-SKU016256PI,20251124,BR005,SKU016256PI,272,226,46
STK-20251124-BR005-SKU017128BL,20251124,BR005,SKU017128BL,371,326,45
STK-20251124-BR005-SKU017128SI,20251124,BR005,SKU017128SI,320,319,1
STK-20251124-BR005-SKU017128PI,20251124,BR005,SKU017128PI,330,307,23
STK-20251124-BR005-SKU017256BL,20251124,BR005,SKU017256BL,314,305,9
STK-20251124-BR005-SKU017256SI,20251124,BR005,SKU017256SI,354,327,27
STK-20251124-BR005-SKU017256PI,20251124,BR005,SKU017256PI,348,308,40
STK-20251125-BR000-SKU015128BL,20251125,BR000,SKU015128BL,644,0,644
STK-20251125-BR000-SKU015128SI,20251125,BR000,SKU015128SI,795,0,795
STK-20251125-BR000-SKU015128PI,20251125,BR000,SKU015128PI,930,0,930
STK-20251125-BR000-SKU015256BL,20251125,BR000,SKU015256BL,712,0,712
STK-20251125-BR000-SKU015256SI,20251125,BR000,SKU015256SI,744,0,744
STK-20251125-BR000-SKU015256PI,20251125,BR000,SKU015256PI,985,0,985
STK-20251125-BR000-SKU016128BL,20251125,BR000,SKU016128BL,632,0,632
STK-20251125-BR000-SKU016128SI,20251125,BR000,SKU016128SI,857,0,857
STK-20251125-BR000-SKU016128PI,20251125,BR000,SKU016128PI,686,0,686
STK-20251125-BR000-SKU016256BL,20251125,BR000,SKU016256BL,548,0,548
STK-20251125-BR000-SKU016256SI,20251125,BR000,SKU016256SI,855,0,855
STK-20251125-BR000-SKU016256PI,20251125,BR000,SKU016256PI,881,0,881
STK-20251125-BR000-SKU017128BL,20251125,BR000,SKU017128BL,658,0,658
STK-20251125-BR000-SKU017128SI,20251125,BR000,SKU017128SI,661,0,661
STK-20251125-BR000-SKU017128PI,20251125,BR000,SKU017128PI,617,0,617
STK-20251125-BR000-SKU017256BL,20251125,BR000,SKU017256BL,731,0,731
STK-20251125-BR000-SKU017256SI,20251125,BR000,SKU017256SI,682,0,682
STK-20251125-BR000-SKU017256PI,20251125,BR000,SKU017256PI,891,0,891
STK-20251125-BR001-SKU015128BL,20251125,BR001,SKU015128BL,281,128,153
STK-20251125-BR001-SKU015128SI,20251125,BR001,SKU015128SI,332,131,201
STK-20251125-BR001-SKU015128PI,20251125,BR001,SKU015128PI,336,136,200
STK-20251125-BR001-SKU015256BL,20251125,BR001,SKU015256BL,326,125,201
STK-20251125-BR001-SKU015256SI,20251125,BR001,SKU015256SI,320,136,184
STK-20251125-BR001-SKU015256PI,20251125,BR001,SKU015256PI,281,134,147
STK-20251125-BR001-SKU016128BL,20251125,BR001,SKU016128BL,282,245,37
STK-20251125-BR001-SKU016128SI,20251125,BR001,SKU016128SI,267,242,25
STK-20251125-BR001-SKU016128PI,20251125,BR001,SKU016128PI,237,212,25
STK-20251125-BR001-SKU016256BL,20251125,BR001,SKU016256BL,256,233,23
STK-20251125-BR001-SKU016256SI,20251125,BR001,SKU016256SI,239,222,17
STK-20251125-BR001-SKU016256PI,20251125,BR001,SKU016256PI,267,221,46
STK-20251125-BR001-SKU017128BL,20251125,BR001,SKU017128BL,344,313,31
STK-20251125-BR001-SKU017128SI,20251125,BR001,SKU017128SI,360,322,38
STK-20251125-BR001-SKU017128PI,20251125,BR001,SKU017128PI,352,321,31
STK-20251125-BR001-SKU017256BL,20251125,BR001,SKU017256BL,334,330,4
STK-20251125-BR001-SKU017256SI,20251125,BR001,SKU017256SI,344,310,34
STK-20251125-BR001-SKU017256PI,20251125,BR001,SKU017256PI,330,298,32
STK-20251125-BR002-SKU015128BL,20251125,BR002,SKU015128BL,352,134,218
STK-20251125-BR002-SKU015128SI,20251125,BR002,SKU015128SI,309,124,185
STK-20251125-BR002-SKU015128PI,20251125,BR002,SKU015128PI,331,129,202
STK-20251125-BR002-SKU015256BL,20251125,BR002,SKU015256BL,347,113,234
STK-20251125-BR002-SKU015256SI,20251125,BR002,SKU015256SI,277,138,139
STK-20251125-BR002-SKU015256PI,20251125,BR002,SKU015256PI,360,139,221
STK-20251125-BR002-SKU016128BL,20251125,BR002,SKU016128BL,272,219,53
STK-20251125-BR002-SKU016128SI,20251125,BR002,SKU016128SI,283,222,61
STK-20251125-BR002-SKU016128PI,20251125,BR002,SKU016128PI,220,212,8
STK-20251125-BR002-SKU016256BL,20251125,BR002,SKU016256BL,261,232,29
STK-20251125-BR002-SKU016256SI,20251125,BR002,SKU016256SI,273,236,37
STK-20251125-BR002-SKU016256PI,20251125,BR002,SKU016256PI,279,223,56
STK-20251125-BR002-SKU017128BL,20251125,BR002,SKU017128BL,332,313,19
STK-20251125-BR002-SKU017128SI,20251125,BR002,SKU017128SI,350,317,33
STK-20251125-BR002-SKU017128PI,20251125,BR002,SKU017128PI,370,344,26
STK-20251125-BR002-SKU017256BL,20251125,BR002,SKU017256BL,341,322,19
STK-20251125-BR002-SKU017256SI,20251125,BR002,SKU017256SI,321,306,15
STK-20251125-BR002-SKU017256PI,20251125,BR002,SKU017256PI,348,320,28
STK-20251125-BR003-SKU015128BL,20251125,BR003,SKU015128BL,295,138,157
STK-20251125-BR003-SKU015128SI,20251125,BR003,SKU015128SI,379,133,246
STK-20251125-BR003-SKU015128PI,20251125,BR003,SKU015128PI,312,133,179
STK-20251125-BR003-SKU015256BL,20251125,BR003,SKU015256BL,353,127,226
STK-20251125-BR003-SKU015256SI,20251125,BR003,SKU015256SI,383,138,245
STK-20251125-BR003-SKU015256PI,20251125,BR003,SKU015256PI,300,136,164
STK-20251125-BR003-SKU016128BL,20251125,BR003,SKU016128BL,254,223,31
STK-20251125-BR003-SKU016128SI,20251125,BR003,SKU016128SI,223,219,4
STK-20251125-BR003-SKU016128PI,20251125,BR003,SKU016128PI,250,238,12
STK-20251125-BR003-SKU016256BL,20251125,BR003,SKU016256BL,236,225,11
STK-20251125-BR003-SKU016256SI,20251125,BR003,SKU016256SI,244,243,1
STK-20251125-BR003-SKU016256PI,20251125,BR003,SKU016256PI,248,214,34
STK-20251125-BR003-SKU017128BL,20251125,BR003,SKU017128BL,338,318,20
STK-20251125-BR003-SKU017128SI,20251125,BR003,SKU017128SI,330,306,24
STK-20251125-BR003-SKU017128PI,20251125,BR003,SKU017128PI,353,329,24
STK-20251125-BR003-SKU017256BL,20251125,BR003,SKU017256BL,357,314,43
STK-20251125-BR003-SKU017256SI,20251125,BR003,SKU017256SI,373,345,28
STK-20251125-BR003-SKU017256PI,20251125,BR003,SKU017256PI,357,329,28
STK-20251125-BR004-SKU015128BL,20251125,BR004,SKU015128BL,276,129,147
STK-20251125-BR004-SKU015128SI,20251125,BR004,SKU015128SI,356,135,221
STK-20251125-BR004-SKU015128PI,20251125,BR004,SKU015128PI,321,131,190
STK-20251125-BR004-SKU015256BL,20251125,BR004,SKU015256BL,319,127,192
STK-20251125-BR004-SKU015256SI,20251125,BR004,SKU015256SI,278,124,154
STK-20251125-BR004-SKU015256PI,20251125,BR004,SKU015256PI,311,138,173
STK-20251125-BR004-SKU016128BL,20251125,BR004,SKU016128BL,264,226,38
STK-20251125-BR004-SKU016128SI,20251125,BR004,SKU016128SI,262,233,29
STK-20251125-BR004-SKU016128PI,20251125,BR004,SKU016128PI,276,219,57
STK-20251125-BR004-SKU016256BL,20251125,BR004,SKU016256BL,220,211,9
STK-20251125-BR004-SKU016256SI,20251125,BR004,SKU016256SI,247,214,33
STK-20251125-BR004-SKU016256PI,20251125,BR004,SKU016256PI,240,225,15
STK-20251125-BR004-SKU017128BL,20251125,BR004,SKU017128BL,377,349,28
STK-20251125-BR004-SKU017128SI,20251125,BR004,SKU017128SI,349,332,17
STK-20251125-BR004-SKU017128PI,20251125,BR004,SKU017128PI,384,360,24
STK-20251125-BR004-SKU017256BL,20251125,BR004,SKU017256BL,333,333,0
STK-20251125-BR004-SKU017256SI,20251125,BR004,SKU017256SI,347,317,30
STK-20251125-BR004-SKU017256PI,20251125,BR004,SKU017256PI,332,317,15
STK-20251125-BR005-SKU015128BL,20251125,BR005,SKU015128BL,269,128,141
STK-20251125-BR005-SKU015128SI,20251125,BR005,SKU015128SI,321,125,196
STK-20251125-BR005-SKU015128PI,20251125,BR005,SKU015128PI,314,140,174
STK-20251125-BR005-SKU015256BL,20251125,BR005,SKU015256BL,334,124,210
STK-20251125-BR005-SKU015256SI,20251125,BR005,SKU015256SI,368,120,248
STK-20251125-BR005-SKU015256PI,20251125,BR005,SKU015256PI,348,133,215
STK-20251125-BR005-SKU016128BL,20251125,BR005,SKU016128BL,275,207,68
STK-20251125-BR005-SKU016128SI,20251125,BR005,SKU016128SI,251,228,23
STK-20251125-BR005-SKU016128PI,20251125,BR005,SKU016128PI,246,226,20
STK-20251125-BR005-SKU016256BL,20251125,BR005,SKU016256BL,244,224,20
STK-20251125-BR005-SKU016256SI,20251125,BR005,SKU016256SI,256,222,34
STK-20251125-BR005-SKU016256PI,20251125,BR005,SKU016256PI,272,232,40
STK-20251125-BR005-SKU017128BL,20251125,BR005,SKU017128BL,365,324,41
STK-20251125-BR005-SKU017128SI,20251125,BR005,SKU017128SI,347,327,20
STK-20251125-BR005-SKU017128PI,20251125,BR005,SKU017128PI,330,312,18
STK-20251125-BR005-SKU017256BL,20251125,BR005,SKU017256BL,314,309,5
STK-20251125-BR005-SKU017256SI,20251125,BR005,SKU017256SI,349,329,20
STK-20251125-BR005-SKU017256PI,20251125,BR005,SKU017256PI,344,313,31
STK-20251126-BR000-SKU015128BL,20251126,BR000,SKU015128BL,644,0,644
STK-20251126-BR000-SKU015128SI,20251126,BR000,SKU015128SI,795,0,795
STK-20251126-BR000-SKU015128PI,20251126,BR000,SKU015128PI,930,0,930
STK-20251126-BR000-SKU015256BL,20251126,BR000,SKU015256BL,712,0,712
STK-20251126-BR000-SKU015256SI,20251126,BR000,SKU015256SI,744,0,744
STK-20251126-BR000-SKU015256PI,20251126,BR000,SKU015256PI,985,0,985
STK-20251126-BR000-SKU016128BL,20251126,BR000,SKU016128BL,632,0,632
STK-20251126-BR000-SKU016128SI,20251126,BR000,SKU016128SI,857,0,857
STK-20251126-BR000-SKU016128PI,20251126,BR000,SKU016128PI,686,0,686
STK-20251126-BR000-SKU016256BL,20251126,BR000,SKU016256BL,548,0,548
STK-20251126-BR000-SKU016256SI,20251126,BR000,SKU016256SI,855,0,855
STK-20251126-BR000-SKU016256PI,20251126,BR000,SKU016256PI,881,0,881
STK-20251126-BR000-SKU017128BL,20251126,BR000,SKU017128BL,658,0,658
STK-20251126-BR000-SKU017128SI,20251126,BR000,SKU017128SI,661,0,661
STK-20251126-BR000-SKU017128PI,20251126,BR000,SKU017128PI,617,0,617
STK-20251126-BR000-SKU017256BL,20251126,BR000,SKU017256BL,731,0,731
STK-20251126-BR000-SKU017256SI,20251126,BR000,SKU017256SI,682,0,682
STK-20251126-BR000-SKU017256PI,20251126,BR000,SKU017256PI,891,0,891
STK-20251126-BR001-SKU015128BL,20251126,BR001,SKU015128BL,279,130,149
STK-20251126-BR001-SKU015128SI,20251126,BR001,SKU015128SI,330,134,196
STK-20251126-BR001-SKU015128PI,20251126,BR001,SKU015128PI,336,139,197
STK-20251126-BR001-SKU015256BL,20251126,BR001,SKU015256BL,326,131,195
STK-20251126-BR001-SKU015256SI,20251126,BR001,SKU015256SI,315,133,182
STK-20251126-BR001-SKU015256PI,20251126,BR001,SKU015256PI,280,136,144
STK-20251126-BR001-SKU016128BL,20251126,BR001,SKU016128BL,277,241,36
STK-20251126-BR001-SKU016128SI,20251126,BR001,SKU016128SI,258,238,20
STK-20251126-BR001-SKU016128PI,20251126,BR001,SKU016128PI,237,213,24
STK-20251126-BR001-SKU016256BL,20251126,BR001,SKU016256BL,253,233,20
STK-20251126-BR001-SKU016256SI,20251126,BR001,SKU016256SI,237,226,11
STK-20251126-BR001-SKU016256PI,20251126,BR001,SKU016256PI,266,228,38
STK-20251126-BR001-SKU017128BL,20251126,BR001,SKU017128BL,344,318,26
STK-20251126-BR001-SKU017128SI,20251126,BR001,SKU017128SI,353,320,33
STK-20251126-BR001-SKU017128PI,20251126,BR001,SKU017128PI,352,328,24
STK-20251126-BR001-SKU017256BL,20251126,BR001,SKU017256BL,374,341,33
STK-20251126-BR001-SKU017256SI,20251126,BR001,SKU017256SI,328,300,28
STK-20251126-BR001-SKU017256PI,20251126,BR001,SKU017256PI,330,307,23
STK-20251126-BR002-SKU015128BL,20251126,BR002,SKU015128BL,352,135,217
STK-20251126-BR002-SKU015128SI,20251126,BR002,SKU015128SI,307,123,184
STK-20251126-BR002-SKU015128PI,20251126,BR002,SKU015128PI,329,129,200
STK-20251126-BR002-SKU015256BL,20251126,BR002,SKU015256BL,346,115,231
STK-20251126-BR002-SKU015256SI,20251126,BR002,SKU015256SI,275,137,138
STK-20251126-BR002-SKU015256PI,20251126,BR002,SKU015256PI,360,142,218
STK-20251126-BR002-SKU016128BL,20251126,BR002,SKU016128BL,270,218,52
STK-20251126-BR002-SKU016128SI,20251126,BR002,SKU016128SI,280,221,59
STK-20251126-BR002-SKU016128PI,20251126,BR002,SKU016128PI,217,217,0
STK-20251126-BR002-SKU016256BL,20251126,BR002,SKU016256BL,257,238,19
STK-20251126-BR002-SKU016256SI,20251126,BR002,SKU016256SI,269,237,32
STK-20251126-BR002-SKU016256PI,20251126,BR002,SKU016256PI,270,219,51
STK-20251126-BR002-SKU017128BL,20251126,BR002,SKU017128BL,325,316,9
STK-20251126-BR002-SKU017128SI,20251126,BR002,SKU017128SI,344,317,27
STK-20251126-BR002-SKU017128PI,20251126,BR002,SKU017128PI,365,346,19
STK-20251126-BR002-SKU017256BL,20251126,BR002,SKU017256BL,341,331,10
STK-20251126-BR002-SKU017256SI,20251126,BR002,SKU017256SI,321,312,9
STK-20251126-BR002-SKU017256PI,20251126,BR002,SKU017256PI,344,328,16
STK-20251126-BR003-SKU015128BL,20251126,BR003,SKU015128BL,295,141,154
STK-20251126-BR003-SKU015128SI,20251126,BR003,SKU015128SI,376,133,243
STK-20251126-BR003-SKU015128PI,20251126,BR003,SKU015128PI,312,134,178
STK-20251126-BR003-SKU015256BL,20251126,BR003,SKU015256BL,352,129,223
STK-20251126-BR003-SKU015256SI,20251126,BR003,SKU015256SI,380,138,242
STK-20251126-BR003-SKU015256PI,20251126,BR003,SKU015256PI,299,136,163
STK-20251126-BR003-SKU016128BL,20251126,BR003,SKU016128BL,253,230,23
STK-20251126-BR003-SKU016128SI,20251126,BR003,SKU016128SI,221,220,1
STK-20251126-BR003-SKU016128PI,20251126,BR003,SKU016128PI,249,246,3
STK-20251126-BR003-SKU016256BL,20251126,BR003,SKU016256BL,230,220,10
STK-20251126-BR003-SKU016256SI,20251126,BR003,SKU016256SI,280,251,29
STK-20251126-BR003-SKU016256PI,20251126,BR003,SKU016256PI,244,218,26
STK-20251126-BR003-SKU017128BL,20251126,BR003,SKU017128BL,338,324,14
STK-20251126-BR003-SKU017128SI,20251126,BR003,SKU017128SI,328,313,15
STK-20251126-BR003-SKU017128PI,20251126,BR003,SKU017128PI,348,332,16
STK-20251126-BR003-SKU017256BL,20251126,BR003,SKU017256BL,352,320,32
STK-20251126-BR003-SKU017256SI,20251126,BR003,SKU017256SI,367,353,14
STK-20251126-BR003-SKU017256PI,20251126,BR003,SKU017256PI,349,328,21
STK-20251126-BR004-SKU015128BL,20251126,BR004,SKU015128BL,276,134,142
STK-20251126-BR004-SKU015128SI,20251126,BR004,SKU015128SI,354,135,219
STK-20251126-BR004-SKU015128PI,20251126,BR004,SKU015128PI,319,133,186
STK-20251126-BR004-SKU015256BL,20251126,BR004,SKU015256BL,319,131,188
STK-20251126-BR004-SKU015256SI,20251126,BR004,SKU015256SI,276,126,150
STK-20251126-BR004-SKU015256PI,20251126,BR004,SKU015256PI,310,141,169
STK-20251126-BR004-SKU016128BL,20251126,BR004,SKU016128BL,261,227,34
STK-20251126-BR004-SKU016128SI,20251126,BR004,SKU016128SI,249,229,20
STK-20251126-BR004-SKU016128PI,20251126,BR004,SKU016128PI,276,229,47
STK-20251126-BR004-SKU016256BL,20251126,BR004,SKU016256BL,220,217,3
STK-20251126-BR004-SKU016256SI,20251126,BR004,SKU016256SI,242,213,29
STK-20251126-BR004-SKU016256PI,20251126,BR004,SKU016256PI,237,229,8
STK-20251126-BR004-SKU017128BL,20251126,BR004,SKU017128BL,370,349,21
STK-20251126-BR004-SKU017128SI,20251126,BR004,SKU017128SI,338,332,6
STK-20251126-BR004-SKU017128PI,20251126,BR004,SKU017128PI,372,362,10
STK-20251126-BR004-SKU017256BL,20251126,BR004,SKU017256BL,351,326,25
STK-20251126-BR004-SKU017256SI,20251126,BR004,SKU017256SI,343,325,18
STK-20251126-BR004-SKU017256PI,20251126,BR004,SKU017256PI,327,321,6
STK-20251126-BR005-SKU015128BL,20251126,BR005,SKU015128BL,269,133,136
STK-20251126-BR005-SKU015128SI,20251126,BR005,SKU015128SI,320,128,192
STK-20251126-BR005-SKU015128PI,20251126,BR005,SKU015128PI,311,138,173
STK-20251126-BR005-SKU015256BL,20251126,BR005,SKU015256BL,334,126,208
STK-20251126-BR005-SKU015256SI,20251126,BR005,SKU015256SI,368,122,246
STK-20251126-BR005-SKU015256PI,20251126,BR005,SKU015256PI,347,135,212
STK-20251126-BR005-SKU016128BL,20251126,BR005,SKU016128BL,274,211,63
STK-20251126-BR005-SKU016128SI,20251126,BR005,SKU016128SI,246,226,20
STK-20251126-BR005-SKU016128PI,20251126,BR005,SKU016128PI,242,228,14
STK-20251126-BR005-SKU016256BL,20251126,BR005,SKU016256BL,242,229,13
STK-20251126-BR005-SKU016256SI,20251126,BR005,SKU016256SI,245,219,26
STK-20251126-BR005-SKU016256PI,20251126,BR005,SKU016256PI,270,234,36
STK-20251126-BR005-SKU017128BL,20251126,BR005,SKU017128BL,354,323,31
STK-20251126-BR005-SKU017128SI,20251126,BR005,SKU017128SI,343,336,7
STK-20251126-BR005-SKU017128PI,20251126,BR005,SKU017128PI,330,322,8
STK-20251126-BR005-SKU017256BL,20251126,BR005,SKU017256BL,349,315,34
STK-20251126-BR005-SKU017256SI,20251126,BR005,SKU017256SI,341,326,15
STK-20251126-BR005-SKU017256PI,20251126,BR005,SKU017256PI,340,320,20
STK-20251127-BR000-SKU015128BL,20251127,BR000,SKU015128BL,644,0,644
STK-20251127-BR000-SKU015128SI,20251127,BR000,SKU015128SI,795,0,795
STK-20251127-BR000-SKU015128PI,20251127,BR000,SKU015128PI,930,0,930
STK-20251127-BR000-SKU015256BL,20251127,BR000,SKU015256BL,712,0,712
STK-20251127-BR000-SKU015256SI,20251127,BR000,SKU015256SI,744,0,744
STK-20251127-BR000-SKU015256PI,20251127,BR000,SKU015256PI,985,0,985
STK-20251127-BR000-SKU016128BL,20251127,BR000,SKU016128BL,632,0,632
STK-20251127-BR000-SKU016128SI,20251127,BR000,SKU016128SI,857,0,857
STK-20251127-BR000-SKU016128PI,20251127,BR000,SKU016128PI,686,0,686
STK-20251127-BR000-SKU016256BL,20251127,BR000,SKU016256BL,548,0,548
STK-20251127-BR000-SKU016256SI,20251127,BR000,SKU016256SI,855,0,855
STK-20251127-BR000-SKU016256PI,20251127,BR000,SKU016256PI,881,0,881
STK-20251127-BR000-SKU017128BL,20251127,BR000,SKU017128BL,658,0,658
STK-20251127-BR000-SKU017128SI,20251127,BR000,SKU017128SI,661,0,661
STK-20251127-BR000-SKU017128PI,20251127,BR000,SKU017128PI,617,0,617
STK-20251127-BR000-SKU017256BL,20251127,BR000,SKU017256BL,731,0,731
STK-20251127-BR000-SKU017256SI,20251127,BR000,SKU017256SI,682,0,682
STK-20251127-BR000-SKU017256PI,20251127,BR000,SKU017256PI,891,0,891
STK-20251127-BR001-SKU015128BL,20251127,BR001,SKU015128BL,279,131,148
STK-20251127-BR001-SKU015128SI,20251127,BR001,SKU015128SI,329,135,194
STK-20251127-BR001-SKU015128PI,20251127,BR001,SKU015128PI,332,136,196
STK-20251127-BR001-SKU015256BL,20251127,BR001,SKU015256BL,326,133,193
STK-20251127-BR001-SKU015256SI,20251127,BR001,SKU015256SI,315,137,178
STK-20251127-BR001-SKU015256PI,20251127,BR001,SKU015256PI,278,138,140
STK-20251127-BR001-SKU016128BL,20251127,BR001,SKU016128BL,277,247,30
STK-20251127-BR001-SKU016128SI,20251127,BR001,SKU016128SI,256,238,18
STK-20251127-BR001-SKU016128PI,20251127,BR001,SKU016128PI,235,212,23
STK-20251127-BR001-SKU016256BL,20251127,BR001,SKU016256BL,250,233,17
STK-20251127-BR001-SKU016256SI,20251127,BR001,SKU016256SI,237,229,8
STK-20251127-BR001-SKU016256PI,20251127,BR001,SKU016256PI,254,222,32
STK-20251127-BR001-SKU017128BL,20251127,BR001,SKU017128BL,337,317,20
STK-20251127-BR001-SKU017128SI,20251127,BR001,SKU017128SI,353,330,23
STK-20251127-BR001-SKU017128PI,20251127,BR001,SKU017128PI,348,335,13
STK-20251127-BR001-SKU017256BL,20251127,BR001,SKU017256BL,367,343,24
STK-20251127-BR001-SKU017256SI,20251127,BR001,SKU017256SI,328,309,19
STK-20251127-BR001-SKU017256PI,20251127,BR001,SKU017256PI,309,297,12
STK-20251127-BR002-SKU015128BL,20251127,BR002,SKU015128BL,352,137,215
STK-20251127-BR002-SKU015128SI,20251127,BR002,SKU015128SI,305,127,178
STK-20251127-BR002-SKU015128PI,20251127,BR002,SKU015128PI,327,133,194
STK-20251127-BR002-SKU015256BL,20251127,BR002,SKU015256BL,345,116,229
STK-20251127-BR002-SKU015256SI,20251127,BR002,SKU015256SI,272,136,136
STK-20251127-BR002-SKU015256PI,20251127,BR002,SKU015256PI,357,142,215
STK-20251127-BR002-SKU016128BL,20251127,BR002,SKU016128BL,267,218,49
STK-20251127-BR002-SKU016128SI,20251127,BR002,SKU016128SI,277,227,50
STK-20251127-BR002-SKU016128PI,20251127,BR002,SKU016128PI,249,224,25
STK-20251127-BR002-SKU016256BL,20251127,BR002,SKU016256BL,257,242,15
STK-20251127-BR002-SKU016256SI,20251127,BR002,SKU016256SI,265,243,22
STK-20251127-BR002-SKU016256PI,20251127,BR002,SKU016256PI,267,223,44
STK-20251127-BR002-SKU017128BL,20251127,BR002,SKU017128BL,360,322,38
STK-20251127-BR002-SKU017128SI,20251127,BR002,SKU017128SI,340,322,18
STK-20251127-BR002-SKU017128PI,20251127,BR002,SKU017128PI,361,352,9
STK-20251127-BR002-SKU017256BL,20251127,BR002,SKU017256BL,382,343,39
STK-20251127-BR002-SKU017256SI,20251127,BR002,SKU017256SI,321,316,5
STK-20251127-BR002-SKU017256PI,20251127,BR002,SKU017256PI,338,328,10
STK-20251127-BR003-SKU015128BL,20251127,BR003,SKU015128BL,294,145,149
STK-20251127-BR003-SKU015128SI,20251127,BR003,SKU015128SI,375,134,241
STK-20251127-BR003-SKU015128PI,20251127,BR003,SKU015128PI,312,136,176
STK-20251127-BR003-SKU015256BL,20251127,BR003,SKU015256BL,349,129,220
STK-20251127-BR003-SKU015256SI,20251127,BR003,SKU015256SI,380,141,239
STK-20251127-BR003-SKU015256PI,20251127,BR003,SKU015256PI,297,136,161
STK-20251127-BR003-SKU016128BL,20251127,BR003,SKU016128BL,250,229,21
STK-20251127-BR003-SKU016128SI,20251127,BR003,SKU016128SI,245,225,20
STK-20251127-BR003-SKU016128PI,20251127,BR003,SKU016128PI,278,249,29
STK-20251127-BR003-SKU016256BL,20251127,BR003,SKU016256BL,230,225,5
STK-20251127-BR003-SKU016256SI,20251127,BR003,SKU016256SI,280,256,24
STK-20251127-BR003-SKU016256PI,20251127,BR003,SKU016256PI,244,225,19
STK-20251127-BR003-SKU017128BL,20251127,BR003,SKU017128BL,331,330,1
STK-20251127-BR003-SKU017128SI,20251127,BR003,SKU017128SI,317,307,10
STK-20251127-BR003-SKU017128PI,20251127,BR003,SKU017128PI,344,336,8
STK-20251127-BR003-SKU017256BL,20251127,BR003,SKU017256BL,352,331,21
STK-20251127-BR003-SKU017256SI,20251127,BR003,SKU017256SI,361,359,2
STK-20251127-BR003-SKU017256PI,20251127,BR003,SKU017256PI,349,333,16
STK-20251127-BR004-SKU015128BL,20251127,BR004,SKU015128BL,272,135,137
STK-20251127-BR004-SKU015128SI,20251127,BR004,SKU015128SI,354,139,215
STK-20251127-BR004-SKU015128PI,20251127,BR004,SKU015128PI,318,133,185
STK-20251127-BR004-SKU015256BL,20251127,BR004,SKU015256BL,319,132,187
STK-20251127-BR004-SKU015256SI,20251127,BR004,SKU015256SI,276,131,145
STK-20251127-BR004-SKU015256PI,20251127,BR004,SKU015256PI,310,142,168
STK-20251127-BR004-SKU016128BL,20251127,BR004,SKU016128BL,257,228,29
STK-20251127-BR004-SKU016128SI,20251127,BR004,SKU016128SI,249,233,16
STK-20251127-BR004-SKU016128PI,20251127,BR004,SKU016128PI,276,233,43
STK-20251127-BR004-SKU016256BL,20251127,BR004,SKU016256BL,244,218,26
STK-20251127-BR004-SKU016256SI,20251127,BR004,SKU016256SI,235,216,19
STK-20251127-BR004-SKU016256PI,20251127,BR004,SKU016256PI,237,234,3
STK-20251127-BR004-SKU017128BL,20251127,BR004,SKU017128BL,353,342,11
STK-20251127-BR004-SKU017128SI,20251127,BR004,SKU017128SI,326,325,1
STK-20251127-BR004-SKU017128PI,20251127,BR004,SKU017128PI,359,355,4
STK-20251127-BR004-SKU017256BL,20251127,BR004,SKU017256BL,351,332,19
STK-20251127-BR004-SKU017256SI,20251127,BR004,SKU017256SI,336,330,6
STK-20251127-BR004-SKU017256PI,20251127,BR004,SKU017256PI,366,330,36
STK-20251127-BR005-SKU015128BL,20251127,BR005,SKU015128BL,269,138,131
STK-20251127-BR005-SKU015128SI,20251127,BR005,SKU015128SI,318,128,190
STK-20251127-BR005-SKU015128PI,20251127,BR005,SKU015128PI,311,140,171
STK-20251127-BR005-SKU015256BL,20251127,BR005,SKU015256BL,333,129,204
STK-20251127-BR005-SKU015256SI,20251127,BR005,SKU015256SI,368,124,244
STK-20251127-BR005-SKU015256PI,20251127,BR005,SKU015256PI,347,136,211
STK-20251127-BR005-SKU016128BL,20251127,BR005,SKU016128BL,268,210,58
STK-20251127-BR005-SKU016128SI,20251127,BR005,SKU016128SI,246,233,13
STK-20251127-BR005-SKU016128PI,20251127,BR005,SKU016128PI,242,234,8
STK-20251127-BR005-SKU016256BL,20251127,BR005,SKU016256BL,242,231,11
STK-20251127-BR005-SKU016256SI,20251127,BR005,SKU016256SI,241,217,24
STK-20251127-BR005-SKU016256PI,20251127,BR005,SKU016256PI,270,239,31
STK-20251127-BR005-SKU017128BL,20251127,BR005,SKU017128BL,354,329,25
STK-20251127-BR005-SKU017128SI,20251127,BR005,SKU017128SI,384,347,37
STK-20251127-BR005-SKU017128PI,20251127,BR005,SKU017128PI,374,334,40
STK-20251127-BR005-SKU017256BL,20251127,BR005,SKU017256BL,342,318,24
STK-20251127-BR005-SKU017256SI,20251127,BR005,SKU017256SI,341,331,10
STK-20251127-BR005-SKU017256PI,20251127,BR005,SKU017256PI,332,321,11
STK-20251128-BR000-SKU015128BL,20251128,BR000,SKU015128BL,644,0,644
STK-20251128-BR000-SKU015128SI,20251128,BR000,SKU015128SI,795,0,795
STK-20251128-BR000-SKU015128PI,20251128,BR000,SKU015128PI,930,0,930
STK-20251128-BR000-SKU015256BL,20251128,BR000,SKU015256BL,712,0,712
STK-20251128-BR000-SKU015256SI,20251128,BR000,SKU015256SI,744,0,744
STK-20251128-BR000-SKU015256PI,20251128,BR000,SKU015256PI,985,0,985
STK-20251128-BR000-SKU016128BL,20251128,BR000,SKU016128BL,632,0,632
STK-20251128-BR000-SKU016128SI,20251128,BR000,SKU016128SI,857,0,857
STK-20251128-BR000-SKU016128PI,20251128,BR000,SKU016128PI,686,0,686
STK-20251128-BR000-SKU016256BL,20251128,BR000,SKU016256BL,548,0,548
STK-20251128-BR000-SKU016256SI,20251128,BR000,SKU016256SI,855,0,855
STK-20251128-BR000-SKU016256PI,20251128,BR000,SKU016256PI,881,0,881
STK-20251128-BR000-SKU017128BL,20251128,BR000,SKU017128BL,658,0,658
STK-20251128-BR000-SKU017128SI,20251128,BR000,SKU017128SI,661,0,661
STK-20251128-BR000-SKU017128PI,20251128,BR000,SKU017128PI,617,0,617
STK-20251128-BR000-SKU017256BL,20251128,BR000,SKU017256BL,731,0,731
STK-20251128-BR000-SKU017256SI,20251128,BR000,SKU017256SI,682,0,682
STK-20251128-BR000-SKU017256PI,20251128,BR000,SKU017256PI,891,0,891
STK-20251128-BR001-SKU015128BL,20251128,BR001,SKU015128BL,279,132,147
STK-20251128-BR001-SKU015128SI,20251128,BR001,SKU015128SI,329,136,193
STK-20251128-BR001-SKU015128PI,20251128,BR001,SKU015128PI,331,137,194
STK-20251128-BR001-SKU015256BL,20251128,BR001,SKU015256BL,326,135,191
STK-20251128-BR001-SKU015256SI,20251128,BR001,SKU015256SI,313,136,177
STK-20251128-BR001-SKU015256PI,20251128,BR001,SKU015256PI,276,137,139
STK-20251128-BR001-SKU016128BL,20251128,BR001,SKU016128BL,277,254,23
STK-20251128-BR001-SKU016128SI,20251128,BR001,SKU016128SI,251,242,9
STK-20251128-BR001-SKU016128PI,20251128,BR001,SKU016128PI,233,213,20
STK-20251128-BR001-SKU016256BL,20251128,BR001,SKU016256BL,243,230,13
STK-20251128-BR001-SKU016256SI,20251128,BR001,SKU016256SI,237,234,3
STK-20251128-BR001-SKU016256PI,20251128,BR001,SKU016256PI,252,223,29
STK-20251128-BR001-SKU017128BL,20251128,BR001,SKU017128BL,337,330,7
STK-20251128-BR001-SKU017128SI,20251128,BR001,SKU017128SI,341,329,12
STK-20251128-BR001-SKU017128PI,20251128,BR001,SKU017128PI,348,340,8
STK-20251128-BR001-SKU017256BL,20251128,BR001,SKU017256BL,358,347,11
STK-20251128-BR001-SKU017256SI,20251128,BR001,SKU017256SI,323,309,14
STK-20251128-BR001-SKU017256PI,20251128,BR001,SKU017256PI,307,304,3
STK-20251128-BR002-SKU015128BL,20251128,BR002,SKU015128BL,351,137,214
STK-20251128-BR002-SKU015128SI,20251128,BR002,SKU015128SI,304,132,172
STK-20251128-BR002-SKU015128PI,20251128,BR002,SKU015128PI,327,136,191
STK-20251128-BR002-SKU015256BL,20251128,BR002,SKU015256BL,344,116,228
STK-20251128-BR002-SKU015256SI,20251128,BR002,SKU015256SI,271,139,132
STK-20251128-BR002-SKU015256PI,20251128,BR002,SKU015256PI,356,143,213
STK-20251128-BR002-SKU016128BL,20251128,BR002,SKU016128BL,267,222,45
STK-20251128-BR002-SKU016128SI,20251128,BR002,SKU016128SI,275,229,46
STK-20251128-BR002-SKU016128PI,20251128,BR002,SKU016128PI,245,226,19
STK-20251128-BR002-SKU016256BL,20251128,BR002,SKU016256BL,249,236,13
STK-20251128-BR002-SKU016256SI,20251128,BR002,SKU016256SI,259,245,14
STK-20251128-BR002-SKU016256PI,20251128,BR002,SKU016256PI,263,226,37
STK-20251128-BR002-SKU017128BL,20251128,BR002,SKU017128BL,353,322,31
STK-20251128-BR002-SKU017128SI,20251128,BR002,SKU017128SI,320,316,4
STK-20251128-BR002-SKU017128PI,20251128,BR002,SKU017128PI,367,344,23
STK-20251128-BR002-SKU017256BL,20251128,BR002,SKU017256BL,371,342,29
STK-20251128-BR002-SKU017256SI,20251128,BR002,SKU017256SI,355,320,35
STK-20251128-BR002-SKU017256PI,20251128,BR002,SKU017256PI,338,335,3
STK-20251128-BR003-SKU015128BL,20251128,BR003,SKU015128BL,288,141,147
STK-20251128-BR003-SKU015128SI,20251128,BR003,SKU015128SI,375,137,238
STK-20251128-BR003-SKU015128PI,20251128,BR003,SKU015128PI,311,136,175
STK-20251128-BR003-SKU015256BL,20251128,BR003,SKU015256BL,348,129,219
STK-20251128-BR003-SKU015256SI,20251128,BR003,SKU015256SI,378,143,235
STK-20251128-BR003-SKU015256PI,20251128,BR003,SKU015256PI,296,139,157
STK-20251128-BR003-SKU016128BL,20251128,BR003,SKU016128BL,247,234,13
STK-20251128-BR003-SKU016128SI,20251128,BR003,SKU016128SI,245,232,13
STK-20251128-BR003-SKU016128PI,20251128,BR003,SKU016128PI,278,256,22
STK-20251128-BR003-SKU016256BL,20251128,BR003,SKU016256BL,262,229,33
STK-20251128-BR003-SKU016256SI,20251128,BR003,SKU016256SI,280,264,16
STK-20251128-BR003-SKU016256PI,20251128,BR003,SKU016256PI,241,230,11
STK-20251128-BR003-SKU017128BL,20251128,BR003,SKU017128BL,363,329,34
STK-20251128-BR003-SKU017128SI,20251128,BR003,SKU017128SI,310,308,2
STK-20251128-BR003-SKU017128PI,20251128,BR003,SKU017128PI,375,343,32
STK-20251128-BR003-SKU017256BL,20251128,BR003,SKU017256BL,346,331,15
STK-20251128-BR003-SKU017256SI,20251128,BR003,SKU017256SI,392,368,24
STK-20251128-BR003-SKU017256PI,20251128,BR003,SKU017256PI,343,338,5
STK-20251128-BR004-SKU015128BL,20251128,BR004,SKU015128BL,272,137,135
STK-20251128-BR004-SKU015128SI,20251128,BR004,SKU015128SI,350,137,213
STK-20251128-BR004-SKU015128PI,20251128,BR004,SKU015128PI,318,135,183
STK-20251128-BR004-SKU015256BL,20251128,BR004,SKU015256BL,315,130,185
STK-20251128-BR004-SKU015256SI,20251128,BR004,SKU015256SI,272,132,140
STK-20251128-BR004-SKU015256PI,20251128,BR004,SKU015256PI,310,146,164
STK-20251128-BR004-SKU016128BL,20251128,BR004,SKU016128BL,257,235,22
STK-20251128-BR004-SKU016128SI,20251128,BR004,SKU016128SI,246,235,11
STK-20251128-BR004-SKU016128PI,20251128,BR004,SKU016128PI,272,235,37
STK-20251128-BR004-SKU016256BL,20251128,BR004,SKU016256BL,239,221,18
STK-20251128-BR004-SKU016256SI,20251128,BR004,SKU016256SI,235,220,15
STK-20251128-BR004-SKU016256PI,20251128,BR004,SKU016256PI,264,239,25
STK-20251128-BR004-SKU017128BL,20251128,BR004,SKU017128BL,349,347,2
STK-20251128-BR004-SKU017128SI,20251128,BR004,SKU017128SI,371,337,34
STK-20251128-BR004-SKU017128PI,20251128,BR004,SKU017128PI,381,360,21
STK-20251128-BR004-SKU017256BL,20251128,BR004,SKU017256BL,342,331,11
STK-20251128-BR004-SKU017256SI,20251128,BR004,SKU017256SI,364,340,24
STK-20251128-BR004-SKU017256PI,20251128,BR004,SKU017256PI,366,339,27
STK-20251128-BR005-SKU015128BL,20251128,BR005,SKU015128BL,268,141,127
STK-20251128-BR005-SKU015128SI,20251128,BR005,SKU015128SI,317,130,187
STK-20251128-BR005-SKU015128PI,20251128,BR005,SKU015128PI,311,144,167
STK-20251128-BR005-SKU015256BL,20251128,BR005,SKU015256BL,333,135,198
STK-20251128-BR005-SKU015256SI,20251128,BR005,SKU015256SI,368,126,242
STK-20251128-BR005-SKU015256PI,20251128,BR005,SKU015256PI,345,139,206
STK-20251128-BR005-SKU016128BL,20251128,BR005,SKU016128BL,268,213,55
STK-20251128-BR005-SKU016128SI,20251128,BR005,SKU016128SI,246,237,9
STK-20251128-BR005-SKU016128PI,20251128,BR005,SKU016128PI,231,231,0
STK-20251128-BR005-SKU016256BL,20251128,BR005,SKU016256BL,241,231,10
STK-20251128-BR005-SKU016256SI,20251128,BR005,SKU016256SI,241,221,20
STK-20251128-BR005-SKU016256PI,20251128,BR005,SKU016256PI,266,242,24
STK-20251128-BR005-SKU017128BL,20251128,BR005,SKU017128BL,354,340,14
STK-20251128-BR005-SKU017128SI,20251128,BR005,SKU017128SI,384,357,27
STK-20251128-BR005-SKU017128PI,20251128,BR005,SKU017128PI,374,341,33
STK-20251128-BR005-SKU017256BL,20251128,BR005,SKU017256BL,342,330,12
STK-20251128-BR005-SKU017256SI,20251128,BR005,SKU017256SI,341,338,3
STK-20251128-BR005-SKU017256PI,20251128,BR005,SKU017256PI,360,329,31
STK-20251129-BR000-SKU015128BL,20251129,BR000,SKU015128BL,644,0,644
STK-20251129-BR000-SKU015128SI,20251129,BR000,SKU015128SI,795,0,795
STK-20251129-BR000-SKU015128PI,20251129,BR000,SKU015128PI,930,0,930
STK-20251129-BR000-SKU015256BL,20251129,BR000,SKU015256BL,712,0,712
STK-20251129-BR000-SKU015256SI,20251129,BR000,SKU015256SI,744,0,744
STK-20251129-BR000-SKU015256PI,20251129,BR000,SKU015256PI,985,0,985
STK-20251129-BR000-SKU016128BL,20251129,BR000,SKU016128BL,632,0,632
STK-20251129-BR000-SKU016128SI,20251129,BR000,SKU016128SI,857,0,857
STK-20251129-BR000-SKU016128PI,20251129,BR000,SKU016128PI,686,0,686
STK-20251129-BR000-SKU016256BL,20251129,BR000,SKU016256BL,548,0,548
STK-20251129-BR000-SKU016256SI,20251129,BR000,SKU016256SI,855,0,855
STK-20251129-BR000-SKU016256PI,20251129,BR000,SKU016256PI,881,0,881
STK-20251129-BR000-SKU017128BL,20251129,BR000,SKU017128BL,658,0,658
STK-20251129-BR000-SKU017128SI,20251129,BR000,SKU017128SI,661,0,661
STK-20251129-BR000-SKU017128PI,20251129,BR000,SKU017128PI,617,0,617
STK-20251129-BR000-SKU017256BL,20251129,BR000,SKU017256BL,731,0,731
STK-20251129-BR000-SKU017256SI,20251129,BR000,SKU017256SI,682,0,682
STK-20251129-BR000-SKU017256PI,20251129,BR000,SKU017256PI,891,0,891
STK-20251129-BR001-SKU015128BL,20251129,BR001,SKU015128BL,279,133,146
STK-20251129-BR001-SKU015128SI,20251129,BR001,SKU015128SI,329,137,192
STK-20251129-BR001-SKU015128PI,20251129,BR001,SKU015128PI,331,138,193
STK-20251129-BR001-SKU015256BL,20251129,BR001,SKU015256BL,325,135,190
STK-20251129-BR001-SKU015256SI,20251129,BR001,SKU015256SI,310,134,176
STK-20251129-BR001-SKU015256PI,20251129,BR001,SKU015256PI,273,137,136
STK-20251129-BR001-SKU016128BL,20251129,BR001,SKU016128BL,265,249,16
STK-20251129-BR001-SKU016128SI,20251129,BR001,SKU016128SI,251,244,7
STK-20251129-BR001-SKU016128PI,20251129,BR001,SKU016128PI,233,222,11
STK-20251129-BR001-SKU016256BL,20251129,BR001,SKU016256BL,238,227,11
STK-20251129-BR001-SKU016256SI,20251129,BR001,SKU016256SI,271,242,29
STK-20251129-BR001-SKU016256PI,20251129,BR001,SKU016256PI,252,224,28
STK-20251129-BR001-SKU017128BL,20251129,BR001,SKU017128BL,330,329,1
STK-20251129-BR001-SKU017128SI,20251129,BR001,SKU017128SI,339,336,3
STK-20251129-BR001-SKU017128PI,20251129,BR001,SKU017128PI,363,336,27
STK-20251129-BR001-SKU017256BL,20251129,BR001,SKU017256BL,350,346,4
STK-20251129-BR001-SKU017256SI,20251129,BR001,SKU017256SI,319,316,3
STK-20251129-BR001-SKU017256PI,20251129,BR001,SKU017256PI,324,302,22
STK-20251129-BR002-SKU015128BL,20251129,BR002,SKU015128BL,351,138,213
STK-20251129-BR002-SKU015128SI,20251129,BR002,SKU015128SI,304,134,170
STK-20251129-BR002-SKU015128PI,20251129,BR002,SKU015128PI,327,139,188
STK-20251129-BR002-SKU015256BL,20251129,BR002,SKU015256BL,344,120,224
STK-20251129-BR002-SKU015256SI,20251129,BR002,SKU015256SI,266,135,131
STK-20251129-BR002-SKU015256PI,20251129,BR002,SKU015256PI,356,146,210
STK-20251129-BR002-SKU016128BL,20251129,BR002,SKU016128BL,265,230,35
STK-20251129-BR002-SKU016128SI,20251129,BR002,SKU016128SI,275,235,40
STK-20251129-BR002-SKU016128PI,20251129,BR002,SKU016128PI,239,221,18
STK-20251129-BR002-SKU016256BL,20251129,BR002,SKU016256BL,241,233,8
STK-20251129-BR002-SKU016256SI,20251129,BR002,SKU016256SI,259,248,11
STK-20251129-BR002-SKU016256PI,20251129,BR002,SKU016256PI,263,234,29
STK-20251129-BR002-SKU017128BL,20251129,BR002,SKU017128BL,353,328,25
STK-20251129-BR002-SKU017128SI,20251129,BR002,SKU017128SI,356,324,32
STK-20251129-BR002-SKU017128PI,20251129,BR002,SKU017128PI,363,344,19
STK-20251129-BR002-SKU017256BL,20251129,BR002,SKU017256BL,366,345,21
STK-20251129-BR002-SKU017256SI,20251129,BR002,SKU017256SI,355,333,22
STK-20251129-BR002-SKU017256PI,20251129,BR002,SKU017256PI,381,341,40
STK-20251129-BR003-SKU015128BL,20251129,BR003,SKU015128BL,288,142,146
STK-20251129-BR003-SKU015128SI,20251129,BR003,SKU015128SI,375,138,237
STK-20251129-BR003-SKU015128PI,20251129,BR003,SKU015128PI,311,141,170
STK-20251129-BR003-SKU015256BL,20251129,BR003,SKU015256BL,347,131,216
STK-20251129-BR003-SKU015256SI,20251129,BR003,SKU015256SI,378,149,229
STK-20251129-BR003-SKU015256PI,20251129,BR003,SKU015256PI,293,138,155
STK-20251129-BR003-SKU016128BL,20251129,BR003,SKU016128BL,241,235,6
STK-20251129-BR003-SKU016128SI,20251129,BR003,SKU016128SI,243,235,8
STK-20251129-BR003-SKU016128PI,20251129,BR003,SKU016128PI,274,260,14
STK-20251129-BR003-SKU016256BL,20251129,BR003,SKU016256BL,260,232,28
STK-20251129-BR003-SKU016256SI,20251129,BR003,SKU016256SI,272,260,12
STK-20251129-BR003-SKU016256PI,20251129,BR003,SKU016256PI,241,239,2
STK-20251129-BR003-SKU017128BL,20251129,BR003,SKU017128BL,363,341,22
STK-20251129-BR003-SKU017128SI,20251129,BR003,SKU017128SI,338,311,27
STK-20251129-BR003-SKU017128PI,20251129,BR003,SKU017128PI,371,344,27
STK-20251129-BR003-SKU017256BL,20251129,BR003,SKU017256BL,346,341,5
STK-20251129-BR003-SKU017256SI,20251129,BR003,SKU017256SI,384,370,14
STK-20251129-BR003-SKU017256PI,20251129,BR003,SKU017256PI,377,339,38
STK-20251129-BR004-SKU015128BL,20251129,BR004,SKU015128BL,272,141,131
STK-20251129-BR004-SKU015128SI,20251129,BR004,SKU015128SI,350,139,211
STK-20251129-BR004-SKU015128PI,20251129,BR004,SKU015128PI,318,137,181
STK-20251129-BR004-SKU015256BL,20251129,BR004,SKU015256BL,313,134,179
STK-20251129-BR004-SKU015256SI,20251129,BR004,SKU015256SI,270,132,138
STK-20251129-BR004-SKU015256PI,20251129,BR004,SKU015256PI,308,145,163
STK-20251129-BR004-SKU016128BL,20251129,BR004,SKU016128BL,257,239,18
STK-20251129-BR004-SKU016128SI,20251129,BR004,SKU016128SI,246,243,3
STK-20251129-BR004-SKU016128PI,20251129,BR004,SKU016128PI,265,233,32
STK-20251129-BR004-SKU016256BL,20251129,BR004,SKU016256BL,239,225,14
STK-20251129-BR004-SKU016256SI,20251129,BR004,SKU016256SI,233,225,8
STK-20251129-BR004-SKU016256PI,20251129,BR004,SKU016256PI,256,240,16
STK-20251129-BR004-SKU017128BL,20251129,BR004,SKU017128BL,378,356,22
STK-20251129-BR004-SKU017128SI,20251129,BR004,SKU017128SI,355,332,23
STK-20251129-BR004-SKU017128PI,20251129,BR004,SKU017128PI,378,366,12
STK-20251129-BR004-SKU017256BL,20251129,BR004,SKU017256BL,342,340,2
STK-20251129-BR004-SKU017256SI,20251129,BR004,SKU017256SI,352,338,14
STK-20251129-BR004-SKU017256PI,20251129,BR004,SKU017256PI,344,323,21
STK-20251129-BR005-SKU015128BL,20251129,BR005,SKU015128BL,261,138,123
STK-20251129-BR005-SKU015128SI,20251129,BR005,SKU015128SI,317,131,186
STK-20251129-BR005-SKU015128PI,20251129,BR005,SKU015128PI,308,145,163
STK-20251129-BR005-SKU015256BL,20251129,BR005,SKU015256BL,332,135,197
STK-20251129-BR005-SKU015256SI,20251129,BR005,SKU015256SI,366,125,241
STK-20251129-BR005-SKU015256PI,20251129,BR005,SKU015256PI,345,142,203
STK-20251129-BR005-SKU016128BL,20251129,BR005,SKU016128BL,264,219,45
STK-20251129-BR005-SKU016128SI,20251129,BR005,SKU016128SI,242,236,6
STK-20251129-BR005-SKU016128PI,20251129,BR005,SKU016128PI,266,236,30
STK-20251129-BR005-SKU016256BL,20251129,BR005,SKU016256BL,237,233,4
STK-20251129-BR005-SKU016256SI,20251129,BR005,SKU016256SI,240,224,16
STK-20251129-BR005-SKU016256PI,20251129,BR005,SKU016256PI,262,243,19
STK-20251129-BR005-SKU017128BL,20251129,BR005,SKU017128BL,350,344,6
STK-20251129-BR005-SKU017128SI,20251129,BR005,SKU017128SI,377,359,18
STK-20251129-BR005-SKU017128PI,20251129,BR005,SKU017128PI,362,337,25
STK-20251129-BR005-SKU017256BL,20251129,BR005,SKU017256BL,339,332,7
STK-20251129-BR005-SKU017256SI,20251129,BR005,SKU017256SI,374,338,36
STK-20251129-BR005-SKU017256PI,20251129,BR005,SKU017256PI,360,336,24
STK-20251130-BR000-SKU015128BL,20251130,BR000,SKU015128BL,644,0,644
STK-20251130-BR000-SKU015128SI,20251130,BR000,SKU015128SI,795,0,795
STK-20251130-BR000-SKU015128PI,20251130,BR000,SKU015128PI,930,0,930
STK-20251130-BR000-SKU015256BL,20251130,BR000,SKU015256BL,712,0,712
STK-20251130-BR000-SKU015256SI,20251130,BR000,SKU015256SI,744,0,744
STK-20251130-BR000-SKU015256PI,20251130,BR000,SKU015256PI,985,0,985
STK-20251130-BR000-SKU016128BL,20251130,BR000,SKU016128BL,632,0,632
STK-20251130-BR000-SKU016128SI,20251130,BR000,SKU016128SI,857,0,857
STK-20251130-BR000-SKU016128PI,20251130,BR000,SKU016128PI,686,0,686
STK-20251130-BR000-SKU016256BL,20251130,BR000,SKU016256BL,548,0,548
STK-20251130-BR000-SKU016256SI,20251130,BR000,SKU016256SI,855,0,855
STK-20251130-BR000-SKU016256PI,20251130,BR000,SKU016256PI,881,0,881
STK-20251130-BR000-SKU017128BL,20251130,BR000,SKU017128BL,658,0,658
STK-20251130-BR000-SKU017128SI,20251130,BR000,SKU017128SI,661,0,661
STK-20251130-BR000-SKU017128PI,20251130,BR000,SKU017128PI,617,0,617
STK-20251130-BR000-SKU017256BL,20251130,BR000,SKU017256BL,731,0,731
STK-20251130-BR000-SKU017256SI,20251130,BR000,SKU017256SI,682,0,682
STK-20251130-BR000-SKU017256PI,20251130,BR000,SKU017256PI,891,0,891
STK-20251130-BR001-SKU015128BL,20251130,BR001,SKU015128BL,316,133,183
STK-20251130-BR001-SKU015128SI,20251130,BR001,SKU015128SI,368,138,230
STK-20251130-BR001-SKU015128PI,20251130,BR001,SKU015128PI,369,139,230
STK-20251130-BR001-SKU015256BL,20251130,BR001,SKU015256BL,380,133,247
STK-20251130-BR001-SKU015256SI,20251130,BR001,SKU015256SI,355,135,220
STK-20251130-BR001-SKU015256PI,20251130,BR001,SKU015256PI,305,136,169
STK-20251130-BR001-SKU016128BL,20251130,BR001,SKU016128BL,301,251,50
STK-20251130-BR001-SKU016128SI,20251130,BR001,SKU016128SI,294,248,46
STK-20251130-BR001-SKU016128PI,20251130,BR001,SKU016128PI,261,226,35
STK-20251130-BR001-SKU016256BL,20251130,BR001,SKU016256BL,293,233,60
STK-20251130-BR001-SKU016256SI,20251130,BR001,SKU016256SI,307,245,62
STK-20251130-BR001-SKU016256PI,20251130,BR001,SKU016256PI,288,221,67
STK-20251130-BR001-SKU017128BL,20251130,BR001,SKU017128BL,385,334,51
STK-20251130-BR001-SKU017128SI,20251130,BR001,SKU017128SI,374,334,40
STK-20251130-BR001-SKU017128PI,20251130,BR001,SKU017128PI,410,332,78
STK-20251130-BR001-SKU017256BL,20251130,BR001,SKU017256BL,390,346,44
STK-20251130-BR001-SKU017256SI,20251130,BR001,SKU017256SI,351,319,32
STK-20251130-BR001-SKU017256PI,20251130,BR001,SKU017256PI,374,308,66
STK-20251130-BR002-SKU015128BL,20251130,BR002,SKU015128BL,382,139,243
STK-20251130-BR002-SKU015128SI,20251130,BR002,SKU015128SI,352,135,217
STK-20251130-BR002-SKU015128PI,20251130,BR002,SKU015128PI,363,144,219
STK-20251130-BR002-SKU015256BL,20251130,BR002,SKU015256BL,387,124,263
STK-20251130-BR002-SKU015256SI,20251130,BR002,SKU015256SI,315,138,177
STK-20251130-BR002-SKU015256PI,20251130,BR002,SKU015256PI,386,147,239
STK-20251130-BR002-SKU016128BL,20251130,BR002,SKU016128BL,307,237,70
STK-20251130-BR002-SKU016128SI,20251130,BR002,SKU016128SI,319,233,86
STK-20251130-BR002-SKU016128PI,20251130,BR002,SKU016128PI,293,217,76
STK-20251130-BR002-SKU016256BL,20251130,BR002,SKU016256BL,268,232,36
STK-20251130-BR002-SKU016256SI,20251130,BR002,SKU016256SI,289,241,48
STK-20251130-BR002-SKU016256PI,20251130,BR002,SKU016256PI,311,238,73
STK-20251130-BR002-SKU017128BL,20251130,BR002,SKU017128BL,405,338,67
STK-20251130-BR002-SKU017128SI,20251130,BR002,SKU017128SI,408,337,71
STK-20251130-BR002-SKU017128PI,20251130,BR002,SKU017128PI,396,350,46
STK-20251130-BR002-SKU017256BL,20251130,BR002,SKU017256BL,397,357,40
STK-20251130-BR002-SKU017256SI,20251130,BR002,SKU017256SI,398,336,62
STK-20251130-BR002-SKU017256PI,20251130,BR002,SKU017256PI,430,344,86
STK-20251130-BR003-SKU015128BL,20251130,BR003,SKU015128BL,323,145,178
STK-20251130-BR003-SKU015128SI,20251130,BR003,SKU015128SI,417,139,278
STK-20251130-BR003-SKU015128PI,20251130,BR003,SKU015128PI,369,143,226
STK-20251130-BR003-SKU015256BL,20251130,BR003,SKU015256BL,379,134,245
STK-20251130-BR003-SKU015256SI,20251130,BR003,SKU015256SI,415,152,263
STK-20251130-BR003-SKU015256PI,20251130,BR003,SKU015256PI,331,143,188
STK-20251130-BR003-SKU016128BL,20251130,BR003,SKU016128BL,271,241,30
STK-20251130-BR003-SKU016128SI,20251130,BR003,SKU016128SI,291,234,57
STK-20251130-BR003-SKU016128PI,20251130,BR003,SKU016128PI,309,252,57
STK-20251130-BR003-SKU016256BL,20251130,BR003,SKU016256BL,317,234,83
STK-20251130-BR003-SKU016256SI,20251130,BR003,SKU016256SI,316,264,52
STK-20251130-BR003-SKU016256PI,20251130,BR003,SKU016256PI,254,222,32
STK-20251130-BR003-SKU017128BL,20251130,BR003,SKU017128BL,392,352,40
STK-20251130-BR003-SKU017128SI,20251130,BR003,SKU017128SI,395,318,77
STK-20251130-BR003-SKU017128PI,20251130,BR003,SKU017128PI,405,354,51
STK-20251130-BR003-SKU017256BL,20251130,BR003,SKU017256BL,370,336,34
STK-20251130-BR003-SKU017256SI,20251130,BR003,SKU017256SI,439,379,60
STK-20251130-BR003-SKU017256PI,20251130,BR003,SKU017256PI,427,345,82
STK-20251130-BR004-SKU015128BL,20251130,BR004,SKU015128BL,321,144,177
STK-20251130-BR004-SKU015128SI,20251130,BR004,SKU015128SI,380,142,238
STK-20251130-BR004-SKU015128PI,20251130,BR004,SKU015128PI,374,140,234
STK-20251130-BR004-SKU015256BL,20251130,BR004,SKU015256BL,369,137,232
STK-20251130-BR004-SKU015256SI,20251130,BR004,SKU015256SI,318,129,189
STK-20251130-BR004-SKU015256PI,20251130,BR004,SKU015256PI,349,144,205
STK-20251130-BR004-SKU016128BL,20251130,BR004,SKU016128BL,286,231,55
STK-20251130-BR004-SKU016128SI,20251130,BR004,SKU016128SI,290,246,44
STK-20251130-BR004-SKU016128PI,20251130,BR004,SKU016128PI,306,238,68
STK-20251130-BR004-SKU016256BL,20251130,BR004,SKU016256BL,275,228,47
STK-20251130-BR004-SKU016256SI,20251130,BR004,SKU016256SI,271,228,43
STK-20251130-BR004-SKU016256PI,20251130,BR004,SKU016256PI,284,234,50
STK-20251130-BR004-SKU017128BL,20251130,BR004,SKU017128BL,424,362,62
STK-20251130-BR004-SKU017128SI,20251130,BR004,SKU017128SI,385,342,43
STK-20251130-BR004-SKU017128PI,20251130,BR004,SKU017128PI,418,376,42
STK-20251130-BR004-SKU017256BL,20251130,BR004,SKU017256BL,374,343,31
STK-20251130-BR004-SKU017256SI,20251130,BR004,SKU017256SI,399,337,62
STK-20251130-BR004-SKU017256PI,20251130,BR004,SKU017256PI,394,328,66
STK-20251130-BR005-SKU015128BL,20251130,BR005,SKU015128BL,296,139,157
STK-20251130-BR005-SKU015128SI,20251130,BR005,SKU015128SI,355,134,221
STK-20251130-BR005-SKU015128PI,20251130,BR005,SKU015128PI,341,147,194
STK-20251130-BR005-SKU015256BL,20251130,BR005,SKU015256BL,379,133,246
STK-20251130-BR005-SKU015256SI,20251130,BR005,SKU015256SI,416,130,286
STK-20251130-BR005-SKU015256PI,20251130,BR005,SKU015256PI,378,147,231
STK-20251130-BR005-SKU016128BL,20251130,BR005,SKU016128BL,310,219,91
STK-20251130-BR005-SKU016128SI,20251130,BR005,SKU016128SI,299,243,56
STK-20251130-BR005-SKU016128PI,20251130,BR005,SKU016128PI,301,233,68
STK-20251130-BR005-SKU016256BL,20251130,BR005,SKU016256BL,285,238,47
STK-20251130-BR005-SKU016256SI,20251130,BR005,SKU016256SI,271,222,49
STK-20251130-BR005-SKU016256PI,20251130,BR005,SKU016256PI,290,241,49
STK-20251130-BR005-SKU017128BL,20251130,BR005,SKU017128BL,384,351,33
STK-20251130-BR005-SKU017128SI,20251130,BR005,SKU017128SI,403,355,48
STK-20251130-BR005-SKU017128PI,20251130,BR005,SKU017128PI,406,334,72
STK-20251130-BR005-SKU017256BL,20251130,BR005,SKU017256BL,368,337,31
STK-20251130-BR005-SKU017256SI,20251130,BR005,SKU017256SI,424,340,84
STK-20251130-BR005-SKU017256PI,20251130,BR005,SKU017256PI,401,323,78
STK-20251201-BR000-SKU015128BL,20251201,BR000,SKU015128BL,644,0,644
STK-20251201-BR000-SKU015128SI,20251201,BR000,SKU015128SI,795,0,795
STK-20251201-BR000-SKU015128PI,20251201,BR000,SKU015128PI,930,0,930
STK-20251201-BR000-SKU015256BL,20251201,BR000,SKU015256BL,712,0,712
STK-20251201-BR000-SKU015256SI,20251201,BR000,SKU015256SI,744,0,744
STK-20251201-BR000-SKU015256PI,20251201,BR000,SKU015256PI,985,0,985
STK-20251201-BR000-SKU016128BL,20251201,BR000,SKU016128BL,632,0,632
STK-20251201-BR000-SKU016128SI,20251201,BR000,SKU016128SI,857,0,857
STK-20251201-BR000-SKU016128PI,20251201,BR000,SKU016128PI,686,0,686
STK-20251201-BR000-SKU016256BL,20251201,BR000,SKU016256BL,548,0,548
STK-20251201-BR000-SKU016256SI,20251201,BR000,SKU016256SI,855,0,855
STK-20251201-BR000-SKU016256PI,20251201,BR000,SKU016256PI,881,0,881
STK-20251201-BR000-SKU017128BL,20251201,BR000,SKU017128BL,658,0,658
STK-20251201-BR000-SKU017128SI,20251201,BR000,SKU017128SI,661,0,661
STK-20251201-BR000-SKU017128PI,20251201,BR000,SKU017128PI,617,0,617
STK-20251201-BR000-SKU017256BL,20251201,BR000,SKU017256BL,731,0,731
STK-20251201-BR000-SKU017256SI,20251201,BR000,SKU017256SI,682,0,682
STK-20251201-BR000-SKU017256PI,20251201,BR000,SKU017256PI,891,0,891
STK-20251201-BR001-SKU015128BL,20251201,BR001,SKU015128BL,314,132,182
STK-20251201-BR001-SKU015128SI,20251201,BR001,SKU015128SI,368,143,225
STK-20251201-BR001-SKU015128PI,20251201,BR001,SKU015128PI,368,142,226
STK-20251201-BR001-SKU015256BL,20251201,BR001,SKU015256BL,380,134,246
STK-20251201-BR001-SKU015256SI,20251201,BR001,SKU015256SI,354,135,219
STK-20251201-BR001-SKU015256PI,20251201,BR001,SKU015256PI,305,137,168
STK-20251201-BR001-SKU016128BL,20251201,BR001,SKU016128BL,295,254,41
STK-20251201-BR001-SKU016128SI,20251201,BR001,SKU016128SI,290,250,40
STK-20251201-BR001-SKU016128PI,20251201,BR001,SKU016128PI,259,230,29
STK-20251201-BR001-SKU016256BL,20251201,BR001,SKU016256BL,287,238,49
STK-20251201-BR001-SKU016256SI,20251201,BR001,SKU016256SI,307,250,57
STK-20251201-BR001-SKU016256PI,20251201,BR001,SKU016256PI,285,219,66
STK-20251201-BR001-SKU017128BL,20251201,BR001,SKU017128BL,383,339,44
STK-20251201-BR001-SKU017128SI,20251201,BR001,SKU017128SI,374,346,28
STK-20251201-BR001-SKU017128PI,20251201,BR001,SKU017128PI,410,338,72
STK-20251201-BR001-SKU017256BL,20251201,BR001,SKU017256BL,377,347,30
STK-20251201-BR001-SKU017256SI,20251201,BR001,SKU017256SI,341,322,19
STK-20251201-BR001-SKU017256PI,20251201,BR001,SKU017256PI,374,316,58
STK-20251201-BR002-SKU015128BL,20251201,BR002,SKU015128BL,379,141,238
STK-20251201-BR002-SKU015128SI,20251201,BR002,SKU015128SI,348,135,213
STK-20251201-BR002-SKU015128PI,20251201,BR002,SKU015128PI,360,146,214
STK-20251201-BR002-SKU015256BL,20251201,BR002,SKU015256BL,385,125,260
STK-20251201-BR002-SKU015256SI,20251201,BR002,SKU015256SI,315,142,173
STK-20251201-BR002-SKU015256PI,20251201,BR002,SKU015256PI,383,149,234
STK-20251201-BR002-SKU016128BL,20251201,BR002,SKU016128BL,306,240,66
STK-20251201-BR002-SKU016128SI,20251201,BR002,SKU016128SI,314,232,82
STK-20251201-BR002-SKU016128PI,20251201,BR002,SKU016128PI,293,224,69
STK-20251201-BR002-SKU016256BL,20251201,BR002,SKU016256BL,266,238,28
STK-20251201-BR002-SKU016256SI,20251201,BR002,SKU016256SI,281,240,41
STK-20251201-BR002-SKU016256PI,20251201,BR002,SKU016256PI,307,245,62
STK-20251201-BR002-SKU017128BL,20251201,BR002,SKU017128BL,405,346,59
STK-20251201-BR002-SKU017128SI,20251201,BR002,SKU017128SI,408,348,60
STK-20251201-BR002-SKU017128PI,20251201,BR002,SKU017128PI,390,350,40
STK-20251201-BR002-SKU017256BL,20251201,BR002,SKU017256BL,392,361,31
STK-20251201-BR002-SKU017256SI,20251201,BR002,SKU017256SI,392,341,51
STK-20251201-BR002-SKU017256PI,20251201,BR002,SKU017256PI,423,344,79
STK-20251201-BR003-SKU015128BL,20251201,BR003,SKU015128BL,322,148,174
STK-20251201-BR003-SKU015128SI,20251201,BR003,SKU015128SI,414,142,272
STK-20251201-BR003-SKU015128PI,20251201,BR003,SKU015128PI,366,143,223
STK-20251201-BR003-SKU015256BL,20251201,BR003,SKU015256BL,374,130,244
STK-20251201-BR003-SKU015256SI,20251201,BR003,SKU015256SI,411,152,259
STK-20251201-BR003-SKU015256PI,20251201,BR003,SKU015256PI,331,146,185
STK-20251201-BR003-SKU016128BL,20251201,BR003,SKU016128BL,267,241,26
STK-20251201-BR003-SKU016128SI,20251201,BR003,SKU016128SI,288,239,49
STK-20251201-BR003-SKU016128PI,20251201,BR003,SKU016128PI,304,253,51
STK-20251201-BR003-SKU016256BL,20251201,BR003,SKU016256BL,306,231,75
STK-20251201-BR003-SKU016256SI,20251201,BR003,SKU016256SI,313,264,49
STK-20251201-BR003-SKU016256PI,20251201,BR003,SKU016256PI,254,226,28
STK-20251201-BR003-SKU017128BL,20251201,BR003,SKU017128BL,378,348,30
STK-20251201-BR003-SKU017128SI,20251201,BR003,SKU017128SI,395,334,61
STK-20251201-BR003-SKU017128PI,20251201,BR003,SKU017128PI,399,364,35
STK-20251201-BR003-SKU017256BL,20251201,BR003,SKU017256BL,370,347,23
STK-20251201-BR003-SKU017256SI,20251201,BR003,SKU017256SI,431,384,47
STK-20251201-BR003-SKU017256PI,20251201,BR003,SKU017256PI,420,348,72
STK-20251201-BR004-SKU015128BL,20251201,BR004,SKU015128BL,315,140,175
STK-20251201-BR004-SKU015128SI,20251201,BR004,SKU015128SI,379,145,234
STK-20251201-BR004-SKU015128PI,20251201,BR004,SKU015128PI,372,143,229
STK-20251201-BR004-SKU015256BL,20251201,BR004,SKU015256BL,369,140,229
STK-20251201-BR004-SKU015256SI,20251201,BR004,SKU015256SI,318,130,188
STK-20251201-BR004-SKU015256PI,20251201,BR004,SKU015256PI,345,141,204
STK-20251201-BR004-SKU016128BL,20251201,BR004,SKU016128BL,283,235,48
STK-20251201-BR004-SKU016128SI,20251201,BR004,SKU016128SI,290,254,36
STK-20251201-BR004-SKU016128PI,20251201,BR004,SKU016128PI,297,231,66
STK-20251201-BR004-SKU016256BL,20251201,BR004,SKU016256BL,275,229,46
STK-20251201-BR004-SKU016256SI,20251201,BR004,SKU016256SI,267,230,37
STK-20251201-BR004-SKU016256PI,20251201,BR004,SKU016256PI,284,236,48
STK-20251201-BR004-SKU017128BL,20251201,BR004,SKU017128BL,424,373,51
STK-20251201-BR004-SKU017128SI,20251201,BR004,SKU017128SI,385,357,28
STK-20251201-BR004-SKU017128PI,20251201,BR004,SKU017128PI,400,363,37
STK-20251201-BR004-SKU017256BL,20251201,BR004,SKU017256BL,374,352,22
STK-20251201-BR004-SKU017256SI,20251201,BR004,SKU017256SI,396,345,51
STK-20251201-BR004-SKU017256PI,20251201,BR004,SKU017256PI,394,336,58
STK-20251201-BR005-SKU015128BL,20251201,BR005,SKU015128BL,296,140,156
STK-20251201-BR005-SKU015128SI,20251201,BR005,SKU015128SI,355,135,220
STK-20251201-BR005-SKU015128PI,20251201,BR005,SKU015128PI,338,147,191
STK-20251201-BR005-SKU015256BL,20251201,BR005,SKU015256BL,379,136,243
STK-20251201-BR005-SKU015256SI,20251201,BR005,SKU015256SI,414,133,281
STK-20251201-BR005-SKU015256PI,20251201,BR005,SKU015256PI,375,149,226
STK-20251201-BR005-SKU016128BL,20251201,BR005,SKU016128BL,306,222,84
STK-20251201-BR005-SKU016128SI,20251201,BR005,SKU016128SI,293,246,47
STK-20251201-BR005-SKU016128PI,20251201,BR005,SKU016128PI,293,228,65
STK-20251201-BR005-SKU016256BL,20251201,BR005,SKU016256BL,274,236,38
STK-20251201-BR005-SKU016256SI,20251201,BR005,SKU016256SI,271,227,44
STK-20251201-BR005-SKU016256PI,20251201,BR005,SKU016256PI,283,246,37
STK-20251201-BR005-SKU017128BL,20251201,BR005,SKU017128BL,384,359,25
STK-20251201-BR005-SKU017128SI,20251201,BR005,SKU017128SI,395,357,38
STK-20251201-BR005-SKU017128PI,20251201,BR005,SKU017128PI,403,338,65
STK-20251201-BR005-SKU017256BL,20251201,BR005,SKU017256BL,353,334,19
STK-20251201-BR005-SKU017256SI,20251201,BR005,SKU017256SI,424,356,68
STK-20251201-BR005-SKU017256PI,20251201,BR005,SKU017256PI,397,334,63
STK-20251202-BR000-SKU015128BL,20251202,BR000,SKU015128BL,644,0,644
STK-20251202-BR000-SKU015128SI,20251202,BR000,SKU015128SI,795,0,795
STK-20251202-BR000-SKU015128PI,20251202,BR000,SKU015128PI,930,0,930
STK-20251202-BR000-SKU015256BL,20251202,BR000,SKU015256BL,712,0,712
STK-20251202-BR000-SKU015256SI,20251202,BR000,SKU015256SI,744,0,744
STK-20251202-BR000-SKU015256PI,20251202,BR000,SKU015256PI,985,0,985
STK-20251202-BR000-SKU016128BL,20251202,BR000,SKU016128BL,632,0,632
STK-20251202-BR000-SKU016128SI,20251202,BR000,SKU016128SI,857,0,857
STK-20251202-BR000-SKU016128PI,20251202,BR000,SKU016128PI,686,0,686
STK-20251202-BR000-SKU016256BL,20251202,BR000,SKU016256BL,548,0,548
STK-20251202-BR000-SKU016256SI,20251202,BR000,SKU016256SI,855,0,855
STK-20251202-BR000-SKU016256PI,20251202,BR000,SKU016256PI,881,0,881
STK-20251202-BR000-SKU017128BL,20251202,BR000,SKU017128BL,658,0,658
STK-20251202-BR000-SKU017128SI,20251202,BR000,SKU017128SI,661,0,661
STK-20251202-BR000-SKU017128PI,20251202,BR000,SKU017128PI,617,0,617
STK-20251202-BR000-SKU017256BL,20251202,BR000,SKU017256BL,731,0,731
STK-20251202-BR000-SKU017256SI,20251202,BR000,SKU017256SI,682,0,682
STK-20251202-BR000-SKU017256PI,20251202,BR000,SKU017256PI,891,0,891
STK-20251202-BR001-SKU015128BL,20251202,BR001,SKU015128BL,313,134,179
STK-20251202-BR001-SKU015128SI,20251202,BR001,SKU015128SI,367,148,219
STK-20251202-BR001-SKU015128PI,20251202,BR001,SKU015128PI,366,142,224
STK-20251202-BR001-SKU015256BL,20251202,BR001,SKU015256BL,379,135,244
STK-20251202-BR001-SKU015256SI,20251202,BR001,SKU015256SI,352,136,216
STK-20251202-BR001-SKU015256PI,20251202,BR001,SKU015256PI,305,138,167
STK-20251202-BR001-SKU016128BL,20251202,BR001,SKU016128BL,295,255,40
STK-20251202-BR001-SKU016128SI,20251202,BR001,SKU016128SI,286,251,35
STK-20251202-BR001-SKU016128PI,20251202,BR001,SKU016128PI,259,232,27
STK-20251202-BR001-SKU016256BL,20251202,BR001,SKU016256BL,286,241,45
STK-20251202-BR001-SKU016256SI,20251202,BR001,SKU016256SI,303,250,53
STK-20251202-BR001-SKU016256PI,20251202,BR001,SKU016256PI,285,227,58
STK-20251202-BR001-SKU017128BL,20251202,BR001,SKU017128BL,379,346,33
STK-20251202-BR001-SKU017128SI,20251202,BR001,SKU017128SI,371,358,13
STK-20251202-BR001-SKU017128PI,20251202,BR001,SKU017128PI,402,341,61
STK-20251202-BR001-SKU017256BL,20251202,BR001,SKU017256BL,374,359,15
STK-20251202-BR001-SKU017256SI,20251202,BR001,SKU017256SI,334,324,10
STK-20251202-BR001-SKU017256PI,20251202,BR001,SKU017256PI,374,326,48
STK-20251202-BR002-SKU015128BL,20251202,BR002,SKU015128BL,379,144,235
STK-20251202-BR002-SKU015128SI,20251202,BR002,SKU015128SI,348,137,211
STK-20251202-BR002-SKU015128PI,20251202,BR002,SKU015128PI,360,150,210
STK-20251202-BR002-SKU015256BL,20251202,BR002,SKU015256BL,384,125,259
STK-20251202-BR002-SKU015256SI,20251202,BR002,SKU015256SI,313,141,172
STK-20251202-BR002-SKU015256PI,20251202,BR002,SKU015256PI,383,153,230
STK-20251202-BR002-SKU016128BL,20251202,BR002,SKU016128BL,306,246,60
STK-20251202-BR002-SKU016128SI,20251202,BR002,SKU016128SI,311,237,74
STK-20251202-BR002-SKU016128PI,20251202,BR002,SKU016128PI,293,234,59
STK-20251202-BR002-SKU016256BL,20251202,BR002,SKU016256BL,266,244,22
STK-20251202-BR002-SKU016256SI,20251202,BR002,SKU016256SI,281,247,34
STK-20251202-BR002-SKU016256PI,20251202,BR002,SKU016256PI,300,248,52
STK-20251202-BR002-SKU017128BL,20251202,BR002,SKU017128BL,405,353,52
STK-20251202-BR002-SKU017128SI,20251202,BR002,SKU017128SI,392,341,51
STK-20251202-BR002-SKU017128PI,20251202,BR002,SKU017128PI,390,362,28
STK-20251202-BR002-SKU017256BL,20251202,BR002,SKU017256BL,386,370,16
STK-20251202-BR002-SKU017256SI,20251202,BR002,SKU017256SI,385,341,44
STK-20251202-BR002-SKU017256PI,20251202,BR002,SKU017256PI,412,341,71
STK-20251202-BR003-SKU015128BL,20251202,BR003,SKU015128BL,320,151,169
STK-20251202-BR003-SKU015128SI,20251202,BR003,SKU015128SI,412,141,271
STK-20251202-BR003-SKU015128PI,20251202,BR003,SKU015128PI,366,146,220
STK-20251202-BR003-SKU015256BL,20251202,BR003,SKU015256BL,373,130,243
STK-20251202-BR003-SKU015256SI,20251202,BR003,SKU015256SI,411,157,254
STK-20251202-BR003-SKU015256PI,20251202,BR003,SKU015256PI,331,149,182
STK-20251202-BR003-SKU016128BL,20251202,BR003,SKU016128BL,262,237,25
STK-20251202-BR003-SKU016128SI,20251202,BR003,SKU016128SI,285,245,40
STK-20251202-BR003-SKU016128PI,20251202,BR003,SKU016128PI,304,257,47
STK-20251202-BR003-SKU016256BL,20251202,BR003,SKU016256BL,298,228,70
STK-20251202-BR003-SKU016256SI,20251202,BR003,SKU016256SI,313,276,37
STK-20251202-BR003-SKU016256PI,20251202,BR003,SKU016256PI,252,232,20
STK-20251202-BR003-SKU017128BL,20251202,BR003,SKU017128BL,369,355,14
STK-20251202-BR003-SKU017128SI,20251202,BR003,SKU017128SI,384,334,50
STK-20251202-BR003-SKU017128PI,20251202,BR003,SKU017128PI,390,362,28
STK-20251202-BR003-SKU017256BL,20251202,BR003,SKU017256BL,367,357,10
STK-20251202-BR003-SKU017256SI,20251202,BR003,SKU017256SI,425,391,34
STK-20251202-BR003-SKU017256PI,20251202,BR003,SKU017256PI,415,354,61
STK-20251202-BR004-SKU015128BL,20251202,BR004,SKU015128BL,311,138,173
STK-20251202-BR004-SKU015128SI,20251202,BR004,SKU015128SI,379,147,232
STK-20251202-BR004-SKU015128PI,20251202,BR004,SKU015128PI,371,148,223
STK-20251202-BR004-SKU015256BL,20251202,BR004,SKU015256BL,369,142,227
STK-20251202-BR004-SKU015256SI,20251202,BR004,SKU015256SI,317,132,185
STK-20251202-BR004-SKU015256PI,20251202,BR004,SKU015256PI,345,144,201
STK-20251202-BR004-SKU016128BL,20251202,BR004,SKU016128BL,280,240,40
STK-20251202-BR004-SKU016128SI,20251202,BR004,SKU016128SI,284,255,29
STK-20251202-BR004-SKU016128PI,20251202,BR004,SKU016128PI,297,238,59
STK-20251202-BR004-SKU016256BL,20251202,BR004,SKU016256BL,275,233,42
STK-20251202-BR004-SKU016256SI,20251202,BR004,SKU016256SI,260,231,29
STK-20251202-BR004-SKU016256PI,20251202,BR004,SKU016256PI,277,231,46
STK-20251202-BR004-SKU017128BL,20251202,BR004,SKU017128BL,406,369,37
STK-20251202-BR004-SKU017128SI,20251202,BR004,SKU017128SI,372,356,16
STK-20251202-BR004-SKU017128PI,20251202,BR004,SKU017128PI,383,358,25
STK-20251202-BR004-SKU017256BL,20251202,BR004,SKU017256BL,368,353,15
STK-20251202-BR004-SKU017256SI,20251202,BR004,SKU017256SI,384,345,39
STK-20251202-BR004-SKU017256PI,20251202,BR004,SKU017256PI,391,346,45
STK-20251202-BR005-SKU015128BL,20251202,BR005,SKU015128BL,296,142,154
STK-20251202-BR005-SKU015128SI,20251202,BR005,SKU015128SI,350,134,216
STK-20251202-BR005-SKU015128PI,20251202,BR005,SKU015128PI,338,148,190
STK-20251202-BR005-SKU015256BL,20251202,BR005,SKU015256BL,374,134,240
STK-20251202-BR005-SKU015256SI,20251202,BR005,SKU015256SI,413,134,279
STK-20251202-BR005-SKU015256PI,20251202,BR005,SKU015256PI,375,150,225
STK-20251202-BR005-SKU016128BL,20251202,BR005,SKU016128BL,306,233,73
STK-20251202-BR005-SKU016128SI,20251202,BR005,SKU016128SI,293,249,44
STK-20251202-BR005-SKU016128PI,20251202,BR005,SKU016128PI,290,234,56
STK-20251202-BR005-SKU016256BL,20251202,BR005,SKU016256BL,274,241,33
STK-20251202-BR005-SKU016256SI,20251202,BR005,SKU016256SI,269,227,42
STK-20251202-BR005-SKU016256PI,20251202,BR005,SKU016256PI,283,256,27
STK-20251202-BR005-SKU017128BL,20251202,BR005,SKU017128BL,376,360,16
STK-20251202-BR005-SKU017128SI,20251202,BR005,SKU017128SI,384,358,26
STK-20251202-BR005-SKU017128PI,20251202,BR005,SKU017128PI,403,348,55
STK-20251202-BR005-SKU017256BL,20251202,BR005,SKU017256BL,351,341,10
STK-20251202-BR005-SKU017256SI,20251202,BR005,SKU017256SI,424,367,57
STK-20251202-BR005-SKU017256PI,20251202,BR005,SKU017256PI,391,339,52
STK-20251203-BR000-SKU015128BL,20251203,BR000,SKU015128BL,644,0,644
STK-20251203-BR000-SKU015128SI,20251203,BR000,SKU015128SI,795,0,795
STK-20251203-BR000-SKU015128PI,20251203,BR000,SKU015128PI,930,0,930
STK-20251203-BR000-SKU015256BL,20251203,BR000,SKU015256BL,712,0,712
STK-20251203-BR000-SKU015256SI,20251203,BR000,SKU015256SI,744,0,744
STK-20251203-BR000-SKU015256PI,20251203,BR000,SKU015256PI,985,0,985
STK-20251203-BR000-SKU016128BL,20251203,BR000,SKU016128BL,632,0,632
STK-20251203-BR000-SKU016128SI,20251203,BR000,SKU016128SI,857,0,857
STK-20251203-BR000-SKU016128PI,20251203,BR000,SKU016128PI,686,0,686
STK-20251203-BR000-SKU016256BL,20251203,BR000,SKU016256BL,548,0,548
STK-20251203-BR000-SKU016256SI,20251203,BR000,SKU016256SI,855,0,855
STK-20251203-BR000-SKU016256PI,20251203,BR000,SKU016256PI,881,0,881
STK-20251203-BR000-SKU017128BL,20251203,BR000,SKU017128BL,658,0,658
STK-20251203-BR000-SKU017128SI,20251203,BR000,SKU017128SI,661,0,661
STK-20251203-BR000-SKU017128PI,20251203,BR000,SKU017128PI,617,0,617
STK-20251203-BR000-SKU017256BL,20251203,BR000,SKU017256BL,731,0,731
STK-20251203-BR000-SKU017256SI,20251203,BR000,SKU017256SI,682,0,682
STK-20251203-BR000-SKU017256PI,20251203,BR000,SKU017256PI,891,0,891
STK-20251203-BR001-SKU015128BL,20251203,BR001,SKU015128BL,313,135,178
STK-20251203-BR001-SKU015128SI,20251203,BR001,SKU015128SI,367,149,218
STK-20251203-BR001-SKU015128PI,20251203,BR001,SKU015128PI,366,143,223
STK-20251203-BR001-SKU015256BL,20251203,BR001,SKU015256BL,379,136,243
STK-20251203-BR001-SKU015256SI,20251203,BR001,SKU015256SI,351,136,215
STK-20251203-BR001-SKU015256PI,20251203,BR001,SKU015256PI,304,142,162
STK-20251203-BR001-SKU016128BL,20251203,BR001,SKU016128BL,292,257,35
STK-20251203-BR001-SKU016128SI,20251203,BR001,SKU016128SI,286,261,25
STK-20251203-BR001-SKU016128PI,20251203,BR001,SKU016128PI,256,236,20
STK-20251203-BR001-SKU016256BL,20251203,BR001,SKU016256BL,286,250,36
STK-20251203-BR001-SKU016256SI,20251203,BR001,SKU016256SI,303,254,49
STK-20251203-BR001-SKU016256PI,20251203,BR001,SKU016256PI,285,231,54
STK-20251203-BR001-SKU017128BL,20251203,BR001,SKU017128BL,371,350,21
STK-20251203-BR001-SKU017128SI,20251203,BR001,SKU017128SI,371,371,0
STK-20251203-BR001-SKU017128PI,20251203,BR001,SKU017128PI,402,350,52
STK-20251203-BR001-SKU017256BL,20251203,BR001,SKU017256BL,370,360,10
STK-20251203-BR001-SKU017256SI,20251203,BR001,SKU017256SI,334,332,2
STK-20251203-BR001-SKU017256PI,20251203,BR001,SKU017256PI,370,334,36
STK-20251203-BR002-SKU015128BL,20251203,BR002,SKU015128BL,379,147,232
STK-20251203-BR002-SKU015128SI,20251203,BR002,SKU015128SI,348,138,210
STK-20251203-BR002-SKU015128PI,20251203,BR002,SKU015128PI,360,154,206
STK-20251203-BR002-SKU015256BL,20251203,BR002,SKU015256BL,384,128,256
STK-20251203-BR002-SKU015256SI,20251203,BR002,SKU015256SI,313,145,168
STK-20251203-BR002-SKU015256PI,20251203,BR002,SKU015256PI,376,147,229
STK-20251203-BR002-SKU016128BL,20251203,BR002,SKU016128BL,306,256,50
STK-20251203-BR002-SKU016128SI,20251203,BR002,SKU016128SI,311,244,67
STK-20251203-BR002-SKU016128PI,20251203,BR002,SKU016128PI,285,235,50
STK-20251203-BR002-SKU016256BL,20251203,BR002,SKU016256BL,260,249,11
STK-20251203-BR002-SKU016256SI,20251203,BR002,SKU016256SI,279,255,24
STK-20251203-BR002-SKU016256PI,20251203,BR002,SKU016256PI,296,251,45
STK-20251203-BR002-SKU017128BL,20251203,BR002,SKU017128BL,393,353,40
STK-20251203-BR002-SKU017128SI,20251203,BR002,SKU017128SI,386,339,47
STK-20251203-BR002-SKU017128PI,20251203,BR002,SKU017128PI,383,369,14
STK-20251203-BR002-SKU017256BL,20251203,BR002,SKU017256BL,379,371,8
STK-20251203-BR002-SKU017256SI,20251203,BR002,SKU017256SI,385,352,33
STK-20251203-BR002-SKU017256PI,20251203,BR002,SKU017256PI,406,348,58
STK-20251203-BR003-SKU015128BL,20251203,BR003,SKU015128BL,317,151,166
STK-20251203-BR003-SKU015128SI,20251203,BR003,SKU015128SI,410,143,267
STK-20251203-BR003-SKU015128PI,20251203,BR003,SKU015128PI,366,147,219
STK-20251203-BR003-SKU015256BL,20251203,BR003,SKU015256BL,373,133,240
STK-20251203-BR003-SKU015256SI,20251203,BR003,SKU015256SI,408,157,251
STK-20251203-BR003-SKU015256PI,20251203,BR003,SKU015256PI,330,151,179
STK-20251203-BR003-SKU016128BL,20251203,BR003,SKU016128BL,262,246,16
STK-20251203-BR003-SKU016128SI,20251203,BR003,SKU016128SI,282,251,31
STK-20251203-BR003-SKU016128PI,20251203,BR003,SKU016128PI,295,253,42
STK-20251203-BR003-SKU016256BL,20251203,BR003,SKU016256BL,298,231,67
STK-20251203-BR003-SKU016256SI,20251203,BR003,SKU016256SI,300,268,32
STK-20251203-BR003-SKU016256PI,20251203,BR003,SKU016256PI,252,242,10
STK-20251203-BR003-SKU017128BL,20251203,BR003,SKU017128BL,364,359,5
STK-20251203-BR003-SKU017128SI,20251203,BR003,SKU017128SI,371,326,45
STK-20251203-BR003-SKU017128PI,20251203,BR003,SKU017128PI,376,358,18
STK-20251203-BR003-SKU017256BL,20251203,BR003,SKU017256BL,405,369,36
STK-20251203-BR003-SKU017256SI,20251203,BR003,SKU017256SI,419,394,25
STK-20251203-BR003-SKU017256PI,20251203,BR003,SKU017256PI,415,368,47
STK-20251203-BR004-SKU015128BL,20251203,BR004,SKU015128BL,311,141,170
STK-20251203-BR004-SKU015128SI,20251203,BR004,SKU015128SI,378,147,231
STK-20251203-BR004-SKU015128PI,20251203,BR004,SKU015128PI,368,150,218
STK-20251203-BR004-SKU015256BL,20251203,BR004,SKU015256BL,367,144,223
STK-20251203-BR004-SKU015256SI,20251203,BR004,SKU015256SI,317,133,184
STK-20251203-BR004-SKU015256PI,20251203,BR004,SKU015256PI,345,147,198
STK-20251203-BR004-SKU016128BL,20251203,BR004,SKU016128BL,275,238,37
STK-20251203-BR004-SKU016128SI,20251203,BR004,SKU016128SI,279,257,22
STK-20251203-BR004-SKU016128PI,20251203,BR004,SKU016128PI,293,245,48
STK-20251203-BR004-SKU016256BL,20251203,BR004,SKU016256BL,266,227,39
STK-20251203-BR004-SKU016256SI,20251203,BR004,SKU016256SI,260,232,28
STK-20251203-BR004-SKU016256PI,20251203,BR004,SKU016256PI,273,233,40
STK-20251203-BR004-SKU017128BL,20251203,BR004,SKU017128BL,400,374,26
STK-20251203-BR004-SKU017128SI,20251203,BR004,SKU017128SI,372,367,5
STK-20251203-BR004-SKU017128PI,20251203,BR004,SKU017128PI,383,370,13
STK-20251203-BR004-SKU017256BL,20251203,BR004,SKU017256BL,364,355,9
STK-20251203-BR004-SKU017256SI,20251203,BR004,SKU017256SI,384,351,33
STK-20251203-BR004-SKU017256PI,20251203,BR004,SKU017256PI,386,354,32
STK-20251203-BR005-SKU015128BL,20251203,BR005,SKU015128BL,291,140,151
STK-20251203-BR005-SKU015128SI,20251203,BR005,SKU015128SI,350,139,211
STK-20251203-BR005-SKU015128PI,20251203,BR005,SKU015128PI,336,147,189
STK-20251203-BR005-SKU015256BL,20251203,BR005,SKU015256BL,374,137,237
STK-20251203-BR005-SKU015256SI,20251203,BR005,SKU015256SI,412,137,275
STK-20251203-BR005-SKU015256PI,20251203,BR005,SKU015256PI,367,143,224
STK-20251203-BR005-SKU016128BL,20251203,BR005,SKU016128BL,300,231,69
STK-20251203-BR005-SKU016128SI,20251203,BR005,SKU016128SI,292,251,41
STK-20251203-BR005-SKU016128PI,20251203,BR005,SKU016128PI,286,235,51
STK-20251203-BR005-SKU016256BL,20251203,BR005,SKU016256BL,271,239,32
STK-20251203-BR005-SKU016256SI,20251203,BR005,SKU016256SI,266,229,37
STK-20251203-BR005-SKU016256PI,20251203,BR005,SKU016256PI,283,263,20
STK-20251203-BR005-SKU017128BL,20251203,BR005,SKU017128BL,367,367,0
STK-20251203-BR005-SKU017128SI,20251203,BR005,SKU017128SI,384,365,19
STK-20251203-BR005-SKU017128PI,20251203,BR005,SKU017128PI,398,354,44
STK-20251203-BR005-SKU017256BL,20251203,BR005,SKU017256BL,351,349,2
STK-20251203-BR005-SKU017256SI,20251203,BR005,SKU017256SI,422,377,45
STK-20251203-BR005-SKU017256PI,20251203,BR005,SKU017256PI,388,347,41
STK-20251204-BR000-SKU015128BL,20251204,BR000,SKU015128BL,644,0,644
STK-20251204-BR000-SKU015128SI,20251204,BR000,SKU015128SI,795,0,795
STK-20251204-BR000-SKU015128PI,20251204,BR000,SKU015128PI,930,0,930
STK-20251204-BR000-SKU015256BL,20251204,BR000,SKU015256BL,712,0,712
STK-20251204-BR000-SKU015256SI,20251204,BR000,SKU015256SI,744,0,744
STK-20251204-BR000-SKU015256PI,20251204,BR000,SKU015256PI,985,0,985
STK-20251204-BR000-SKU016128BL,20251204,BR000,SKU016128BL,632,0,632
STK-20251204-BR000-SKU016128SI,20251204,BR000,SKU016128SI,857,0,857
STK-20251204-BR000-SKU016128PI,20251204,BR000,SKU016128PI,686,0,686
STK-20251204-BR000-SKU016256BL,20251204,BR000,SKU016256BL,548,0,548
STK-20251204-BR000-SKU016256SI,20251204,BR000,SKU016256SI,855,0,855
STK-20251204-BR000-SKU016256PI,20251204,BR000,SKU016256PI,881,0,881
STK-20251204-BR000-SKU017128BL,20251204,BR000,SKU017128BL,658,0,658
STK-20251204-BR000-SKU017128SI,20251204,BR000,SKU017128SI,661,0,661
STK-20251204-BR000-SKU017128PI,20251204,BR000,SKU017128PI,617,0,617
STK-20251204-BR000-SKU017256BL,20251204,BR000,SKU017256BL,731,0,731
STK-20251204-BR000-SKU017256SI,20251204,BR000,SKU017256SI,682,0,682
STK-20251204-BR000-SKU017256PI,20251204,BR000,SKU017256PI,891,0,891
STK-20251204-BR001-SKU015128BL,20251204,BR001,SKU015128BL,313,136,177
STK-20251204-BR001-SKU015128SI,20251204,BR001,SKU015128SI,364,150,214
STK-20251204-BR001-SKU015128PI,20251204,BR001,SKU015128PI,364,142,222
STK-20251204-BR001-SKU015256BL,20251204,BR001,SKU015256BL,378,138,240
STK-20251204-BR001-SKU015256SI,20251204,BR001,SKU015256SI,351,139,212
STK-20251204-BR001-SKU015256PI,20251204,BR001,SKU015256PI,302,145,157
STK-20251204-BR001-SKU016128BL,20251204,BR001,SKU016128BL,292,266,26
STK-20251204-BR001-SKU016128SI,20251204,BR001,SKU016128SI,282,266,16
STK-20251204-BR001-SKU016128PI,20251204,BR001,SKU016128PI,256,239,17
STK-20251204-BR001-SKU016256BL,20251204,BR001,SKU016256BL,286,256,30
STK-20251204-BR001-SKU016256SI,20251204,BR001,SKU016256SI,292,253,39
STK-20251204-BR001-SKU016256PI,20251204,BR001,SKU016256PI,284,237,47
STK-20251204-BR001-SKU017128BL,20251204,BR001,SKU017128BL,368,358,10
STK-20251204-BR001-SKU017128SI,20251204,BR001,SKU017128SI,414,381,33
STK-20251204-BR001-SKU017128PI,20251204,BR001,SKU017128PI,402,366,36
STK-20251204-BR001-SKU017256BL,20251204,BR001,SKU017256BL,393,371,22
STK-20251204-BR001-SKU017256SI,20251204,BR001,SKU017256SI,373,339,34
STK-20251204-BR001-SKU017256PI,20251204,BR001,SKU017256PI,358,330,28
STK-20251204-BR002-SKU015128BL,20251204,BR002,SKU015128BL,378,151,227
STK-20251204-BR002-SKU015128SI,20251204,BR002,SKU015128SI,346,139,207
STK-20251204-BR002-SKU015128PI,20251204,BR002,SKU015128PI,356,152,204
STK-20251204-BR002-SKU015256BL,20251204,BR002,SKU015256BL,384,130,254
STK-20251204-BR002-SKU015256SI,20251204,BR002,SKU015256SI,313,149,164
STK-20251204-BR002-SKU015256PI,20251204,BR002,SKU015256PI,376,151,225
STK-20251204-BR002-SKU016128BL,20251204,BR002,SKU016128BL,304,256,48
STK-20251204-BR002-SKU016128SI,20251204,BR002,SKU016128SI,306,242,64
STK-20251204-BR002-SKU016128PI,20251204,BR002,SKU016128PI,280,234,46
STK-20251204-BR002-SKU016256BL,20251204,BR002,SKU016256BL,260,257,3
STK-20251204-BR002-SKU016256SI,20251204,BR002,SKU016256SI,279,263,16
STK-20251204-BR002-SKU016256PI,20251204,BR002,SKU016256PI,292,258,34
STK-20251204-BR002-SKU017128BL,20251204,BR002,SKU017128BL,389,357,32
STK-20251204-BR002-SKU017128SI,20251204,BR002,SKU017128SI,378,340,38
STK-20251204-BR002-SKU017128PI,20251204,BR002,SKU017128PI,379,370,9
STK-20251204-BR002-SKU017256BL,20251204,BR002,SKU017256BL,364,361,3
STK-20251204-BR002-SKU017256SI,20251204,BR002,SKU017256SI,364,343,21
STK-20251204-BR002-SKU017256PI,20251204,BR002,SKU017256PI,391,345,46
STK-20251204-BR003-SKU015128BL,20251204,BR003,SKU015128BL,317,155,162
STK-20251204-BR003-SKU015128SI,20251204,BR003,SKU015128SI,410,144,266
STK-20251204-BR003-SKU015128PI,20251204,BR003,SKU015128PI,366,150,216
STK-20251204-BR003-SKU015256BL,20251204,BR003,SKU015256BL,373,139,234
STK-20251204-BR003-SKU015256SI,20251204,BR003,SKU015256SI,407,160,247
STK-20251204-BR003-SKU015256PI,20251204,BR003,SKU015256PI,327,149,178
STK-20251204-BR003-SKU016128BL,20251204,BR003,SKU016128BL,262,252,10
STK-20251204-BR003-SKU016128SI,20251204,BR003,SKU016128SI,282,256,26
STK-20251204-BR003-SKU016128PI,20251204,BR003,SKU016128PI,295,262,33
STK-20251204-BR003-SKU016256BL,20251204,BR003,SKU016256BL,298,239,59
STK-20251204-BR003-SKU016256SI,20251204,BR003,SKU016256SI,297,272,25
STK-20251204-BR003-SKU016256PI,20251204,BR003,SKU016256PI,248,241,7
STK-20251204-BR003-SKU017128BL,20251204,BR003,SKU017128BL,394,357,37
STK-20251204-BR003-SKU017128SI,20251204,BR003,SKU017128SI,368,337,31
STK-20251204-BR003-SKU017128PI,20251204,BR003,SKU017128PI,371,357,14
STK-20251204-BR003-SKU017256BL,20251204,BR003,SKU017256BL,395,376,19
STK-20251204-BR003-SKU017256SI,20251204,BR003,SKU017256SI,419,404,15
STK-20251204-BR003-SKU017256PI,20251204,BR003,SKU017256PI,393,358,35
STK-20251204-BR004-SKU015128BL,20251204,BR004,SKU015128BL,309,141,168
STK-20251204-BR004-SKU015128SI,20251204,BR004,SKU015128SI,378,150,228
STK-20251204-BR004-SKU015128PI,20251204,BR004,SKU015128PI,365,150,215
STK-20251204-BR004-SKU015256BL,20251204,BR004,SKU015256BL,366,145,221
STK-20251204-BR004-SKU015256SI,20251204,BR004,SKU015256SI,317,136,181
STK-20251204-BR004-SKU015256PI,20251204,BR004,SKU015256PI,345,152,193
STK-20251204-BR004-SKU016128BL,20251204,BR004,SKU016128BL,273,241,32
STK-20251204-BR004-SKU016128SI,20251204,BR004,SKU016128SI,272,256,16
STK-20251204-BR004-SKU016128PI,20251204,BR004,SKU016128PI,291,253,38
STK-20251204-BR004-SKU016256BL,20251204,BR004,SKU016256BL,266,235,31
STK-20251204-BR004-SKU016256SI,20251204,BR004,SKU016256SI,260,237,23
STK-20251204-BR004-SKU016256PI,20251204,BR004,SKU016256PI,273,239,34
STK-20251204-BR004-SKU017128BL,20251204,BR004,SKU017128BL,400,388,12
STK-20251204-BR004-SKU017128SI,20251204,BR004,SKU017128SI,369,369,0
STK-20251204-BR004-SKU017128PI,20251204,BR004,SKU017128PI,397,377,20
STK-20251204-BR004-SKU017256BL,20251204,BR004,SKU017256BL,393,362,31
STK-20251204-BR004-SKU017256SI,20251204,BR004,SKU017256SI,378,352,26
STK-20251204-BR004-SKU017256PI,20251204,BR004,SKU017256PI,382,361,21
STK-20251204-BR005-SKU015128BL,20251204,BR005,SKU015128BL,291,141,150
STK-20251204-BR005-SKU015128SI,20251204,BR005,SKU015128SI,350,144,206
STK-20251204-BR005-SKU015128PI,20251204,BR005,SKU015128PI,335,150,185
STK-20251204-BR005-SKU015256BL,20251204,BR005,SKU015256BL,371,135,236
STK-20251204-BR005-SKU015256SI,20251204,BR005,SKU015256SI,411,137,274
STK-20251204-BR005-SKU015256PI,20251204,BR005,SKU015256PI,364,143,221
STK-20251204-BR005-SKU016128BL,20251204,BR005,SKU016128BL,300,238,62
STK-20251204-BR005-SKU016128SI,20251204,BR005,SKU016128SI,287,257,30
STK-20251204-BR005-SKU016128PI,20251204,BR005,SKU016128PI,283,240,43
STK-20251204-BR005-SKU016256BL,20251204,BR005,SKU016256BL,271,250,21
STK-20251204-BR005-SKU016256SI,20251204,BR005,SKU016256SI,266,236,30
STK-20251204-BR005-SKU016256PI,20251204,BR005,SKU016256PI,283,266,17
STK-20251204-BR005-SKU017128BL,20251204,BR005,SKU017128BL,413,376,37
STK-20251204-BR005-SKU017128SI,20251204,BR005,SKU017128SI,372,369,3
STK-20251204-BR005-SKU017128PI,20251204,BR005,SKU017128PI,395,362,33
STK-20251204-BR005-SKU017256BL,20251204,BR005,SKU017256BL,372,350,22
STK-20251204-BR005-SKU017256SI,20251204,BR005,SKU017256SI,422,384,38
STK-20251204-BR005-SKU017256PI,20251204,BR005,SKU017256PI,381,352,29
STK-20251205-BR000-SKU015128BL,20251205,BR000,SKU015128BL,644,0,644
STK-20251205-BR000-SKU015128SI,20251205,BR000,SKU015128SI,795,0,795
STK-20251205-BR000-SKU015128PI,20251205,BR000,SKU015128PI,930,0,930
STK-20251205-BR000-SKU015256BL,20251205,BR000,SKU015256BL,712,0,712
STK-20251205-BR000-SKU015256SI,20251205,BR000,SKU015256SI,744,0,744
STK-20251205-BR000-SKU015256PI,20251205,BR000,SKU015256PI,985,0,985
STK-20251205-BR000-SKU016128BL,20251205,BR000,SKU016128BL,632,0,632
STK-20251205-BR000-SKU016128SI,20251205,BR000,SKU016128SI,857,0,857
STK-20251205-BR000-SKU016128PI,20251205,BR000,SKU016128PI,686,0,686
STK-20251205-BR000-SKU016256BL,20251205,BR000,SKU016256BL,548,0,548
STK-20251205-BR000-SKU016256SI,20251205,BR000,SKU016256SI,855,0,855
STK-20251205-BR000-SKU016256PI,20251205,BR000,SKU016256PI,881,0,881
STK-20251205-BR000-SKU017128BL,20251205,BR000,SKU017128BL,658,0,658
STK-20251205-BR000-SKU017128SI,20251205,BR000,SKU017128SI,661,0,661
STK-20251205-BR000-SKU017128PI,20251205,BR000,SKU017128PI,617,0,617
STK-20251205-BR000-SKU017256BL,20251205,BR000,SKU017256BL,731,0,731
STK-20251205-BR000-SKU017256SI,20251205,BR000,SKU017256SI,682,0,682
STK-20251205-BR000-SKU017256PI,20251205,BR000,SKU017256PI,891,0,891
STK-20251205-BR001-SKU015128BL,20251205,BR001,SKU015128BL,313,139,174
STK-20251205-BR001-SKU015128SI,20251205,BR001,SKU015128SI,362,151,211
STK-20251205-BR001-SKU015128PI,20251205,BR001,SKU015128PI,363,142,221
STK-20251205-BR001-SKU015256BL,20251205,BR001,SKU015256BL,378,144,234
STK-20251205-BR001-SKU015256SI,20251205,BR001,SKU015256SI,351,140,211
STK-20251205-BR001-SKU015256PI,20251205,BR001,SKU015256PI,302,146,156
STK-20251205-BR001-SKU016128BL,20251205,BR001,SKU016128BL,292,272,20
STK-20251205-BR001-SKU016128SI,20251205,BR001,SKU016128SI,270,260,10
STK-20251205-BR001-SKU016128PI,20251205,BR001,SKU016128PI,246,238,8
STK-20251205-BR001-SKU016256BL,20251205,BR001,SKU016256BL,286,262,24
STK-20251205-BR001-SKU016256SI,20251205,BR001,SKU016256SI,287,257,30
STK-20251205-BR001-SKU016256PI,20251205,BR001,SKU016256PI,282,236,46
STK-20251205-BR001-SKU017128BL,20251205,BR001,SKU017128BL,362,361,1
STK-20251205-BR001-SKU017128SI,20251205,BR001,SKU017128SI,397,372,25
STK-20251205-BR001-SKU017128PI,20251205,BR001,SKU017128PI,397,373,24
STK-20251205-BR001-SKU017256BL,20251205,BR001,SKU017256BL,393,382,11
STK-20251205-BR001-SKU017256SI,20251205,BR001,SKU017256SI,365,347,18
STK-20251205-BR001-SKU017256PI,20251205,BR001,SKU017256PI,354,331,23
STK-20251205-BR002-SKU015128BL,20251205,BR002,SKU015128BL,374,151,223
STK-20251205-BR002-SKU015128SI,20251205,BR002,SKU015128SI,345,139,206
STK-20251205-BR002-SKU015128PI,20251205,BR002,SKU015128PI,353,151,202
STK-20251205-BR002-SKU015256BL,20251205,BR002,SKU015256BL,382,129,253
STK-20251205-BR002-SKU015256SI,20251205,BR002,SKU015256SI,307,144,163
STK-20251205-BR002-SKU015256PI,20251205,BR002,SKU015256PI,376,154,222
STK-20251205-BR002-SKU016128BL,20251205,BR002,SKU016128BL,286,246,40
STK-20251205-BR002-SKU016128SI,20251205,BR002,SKU016128SI,304,246,58
STK-20251205-BR002-SKU016128PI,20251205,BR002,SKU016128PI,280,237,43
STK-20251205-BR002-SKU016256BL,20251205,BR002,SKU016256BL,287,260,27
STK-20251205-BR002-SKU016256SI,20251205,BR002,SKU016256SI,270,255,15
STK-20251205-BR002-SKU016256PI,20251205,BR002,SKU016256PI,281,255,26
STK-20251205-BR002-SKU017128BL,20251205,BR002,SKU017128BL,389,365,24
STK-20251205-BR002-SKU017128SI,20251205,BR002,SKU017128SI,378,355,23
STK-20251205-BR002-SKU017128PI,20251205,BR002,SKU017128PI,379,377,2
STK-20251205-BR002-SKU017256BL,20251205,BR002,SKU017256BL,398,362,36
STK-20251205-BR002-SKU017256SI,20251205,BR002,SKU017256SI,358,351,7
STK-20251205-BR002-SKU017256PI,20251205,BR002,SKU017256PI,384,343,41
STK-20251205-BR003-SKU015128BL,20251205,BR003,SKU015128BL,310,152,158
STK-20251205-BR003-SKU015128SI,20251205,BR003,SKU015128SI,410,145,265
STK-20251205-BR003-SKU015128PI,20251205,BR003,SKU015128PI,364,153,211
STK-20251205-BR003-SKU015256BL,20251205,BR003,SKU015256BL,373,143,230
STK-20251205-BR003-SKU015256SI,20251205,BR003,SKU015256SI,407,161,246
STK-20251205-BR003-SKU015256PI,20251205,BR003,SKU015256PI,327,152,175
STK-20251205-BR003-SKU016128BL,20251205,BR003,SKU016128BL,260,253,7
STK-20251205-BR003-SKU016128SI,20251205,BR003,SKU016128SI,278,256,22
STK-20251205-BR003-SKU016128PI,20251205,BR003,SKU016128PI,293,264,29
STK-20251205-BR003-SKU016256BL,20251205,BR003,SKU016256BL,298,247,51
STK-20251205-BR003-SKU016256SI,20251205,BR003,SKU016256SI,291,275,16
STK-20251205-BR003-SKU016256PI,20251205,BR003,SKU016256PI,241,238,3
STK-20251205-BR003-SKU017128BL,20251205,BR003,SKU017128BL,389,361,28
STK-20251205-BR003-SKU017128SI,20251205,BR003,SKU017128SI,368,349,19
STK-20251205-BR003-SKU017128PI,20251205,BR003,SKU017128PI,371,364,7
STK-20251205-BR003-SKU017256BL,20251205,BR003,SKU017256BL,395,388,7
STK-20251205-BR003-SKU017256SI,20251205,BR003,SKU017256SI,419,411,8
STK-20251205-BR003-SKU017256PI,20251205,BR003,SKU017256PI,393,364,29
STK-20251205-BR004-SKU015128BL,20251205,BR004,SKU015128BL,309,144,165
STK-20251205-BR004-SKU015128SI,20251205,BR004,SKU015128SI,374,150,224
STK-20251205-BR004-SKU015128PI,20251205,BR004,SKU015128PI,360,146,214
STK-20251205-BR004-SKU015256BL,20251205,BR004,SKU015256BL,364,149,215
STK-20251205-BR004-SKU015256SI,20251205,BR004,SKU015256SI,316,136,180
STK-20251205-BR004-SKU015256PI,20251205,BR004,SKU015256PI,345,153,192
STK-20251205-BR004-SKU016128BL,20251205,BR004,SKU016128BL,273,249,24
STK-20251205-BR004-SKU016128SI,20251205,BR004,SKU016128SI,272,267,5
STK-20251205-BR004-SKU016128PI,20251205,BR004,SKU016128PI,284,247,37
STK-20251205-BR004-SKU016256BL,20251205,BR004,SKU016256BL,264,237,27
STK-20251205-BR004-SKU016256SI,20251205,BR004,SKU016256SI,260,239,21
STK-20251205-BR004-SKU016256PI,20251205,BR004,SKU016256PI,267,238,29
STK-20251205-BR004-SKU017128BL,20251205,BR004,SKU017128BL,417,396,21
STK-20251205-BR004-SKU017128SI,20251205,BR004,SKU017128SI,408,378,30
STK-20251205-BR004-SKU017128PI,20251205,BR004,SKU017128PI,397,391,6
STK-20251205-BR004-SKU017256BL,20251205,BR004,SKU017256BL,388,368,20
STK-20251205-BR004-SKU017256SI,20251205,BR004,SKU017256SI,378,363,15
STK-20251205-BR004-SKU017256PI,20251205,BR004,SKU017256PI,370,362,8
STK-20251205-BR005-SKU015128BL,20251205,BR005,SKU015128BL,291,146,145
STK-20251205-BR005-SKU015128SI,20251205,BR005,SKU015128SI,350,147,203
STK-20251205-BR005-SKU015128PI,20251205,BR005,SKU015128PI,335,151,184
STK-20251205-BR005-SKU015256BL,20251205,BR005,SKU015256BL,371,138,233
STK-20251205-BR005-SKU015256SI,20251205,BR005,SKU015256SI,409,139,270
STK-20251205-BR005-SKU015256PI,20251205,BR005,SKU015256PI,364,146,218
STK-20251205-BR005-SKU016128BL,20251205,BR005,SKU016128BL,300,245,55
STK-20251205-BR005-SKU016128SI,20251205,BR005,SKU016128SI,282,261,21
STK-20251205-BR005-SKU016128PI,20251205,BR005,SKU016128PI,283,242,41
STK-20251205-BR005-SKU016256BL,20251205,BR005,SKU016256BL,268,259,9
STK-20251205-BR005-SKU016256SI,20251205,BR005,SKU016256SI,264,239,25
STK-20251205-BR005-SKU016256PI,20251205,BR005,SKU016256PI,279,270,9
STK-20251205-BR005-SKU017128BL,20251205,BR005,SKU017128BL,401,371,30
STK-20251205-BR005-SKU017128SI,20251205,BR005,SKU017128SI,407,373,34
STK-20251205-BR005-SKU017128PI,20251205,BR005,SKU017128PI,389,365,24
STK-20251205-BR005-SKU017256BL,20251205,BR005,SKU017256BL,357,343,14
STK-20251205-BR005-SKU017256SI,20251205,BR005,SKU017256SI,398,366,32
STK-20251205-BR005-SKU017256PI,20251205,BR005,SKU017256PI,381,359,22
STK-20251206-BR000-SKU015128BL,20251206,BR000,SKU015128BL,644,0,644
STK-20251206-BR000-SKU015128SI,20251206,BR000,SKU015128SI,795,0,795
STK-20251206-BR000-SKU015128PI,20251206,BR000,SKU015128PI,930,0,930
STK-20251206-BR000-SKU015256BL,20251206,BR000,SKU015256BL,712,0,712
STK-20251206-BR000-SKU015256SI,20251206,BR000,SKU015256SI,744,0,744
STK-20251206-BR000-SKU015256PI,20251206,BR000,SKU015256PI,985,0,985
STK-20251206-BR000-SKU016128BL,20251206,BR000,SKU016128BL,632,0,632
STK-20251206-BR000-SKU016128SI,20251206,BR000,SKU016128SI,857,0,857
STK-20251206-BR000-SKU016128PI,20251206,BR000,SKU016128PI,686,0,686
STK-20251206-BR000-SKU016256BL,20251206,BR000,SKU016256BL,548,0,548
STK-20251206-BR000-SKU016256SI,20251206,BR000,SKU016256SI,855,0,855
STK-20251206-BR000-SKU016256PI,20251206,BR000,SKU016256PI,881,0,881
STK-20251206-BR000-SKU017128BL,20251206,BR000,SKU017128BL,658,0,658
STK-20251206-BR000-SKU017128SI,20251206,BR000,SKU017128SI,661,0,661
STK-20251206-BR000-SKU017128PI,20251206,BR000,SKU017128PI,617,0,617
STK-20251206-BR000-SKU017256BL,20251206,BR000,SKU017256BL,731,0,731
STK-20251206-BR000-SKU017256SI,20251206,BR000,SKU017256SI,682,0,682
STK-20251206-BR000-SKU017256PI,20251206,BR000,SKU017256PI,891,0,891
STK-20251206-BR001-SKU015128BL,20251206,BR001,SKU015128BL,313,140,173
STK-20251206-BR001-SKU015128SI,20251206,BR001,SKU015128SI,356,148,208
STK-20251206-BR001-SKU015128PI,20251206,BR001,SKU015128PI,363,143,220
STK-20251206-BR001-SKU015256BL,20251206,BR001,SKU015256BL,378,146,232
STK-20251206-BR001-SKU015256SI,20251206,BR001,SKU015256SI,350,143,207
STK-20251206-BR001-SKU015256PI,20251206,BR001,SKU015256PI,302,147,155
STK-20251206-BR001-SKU016128BL,20251206,BR001,SKU016128BL,290,278,12
STK-20251206-BR001-SKU016128SI,20251206,BR001,SKU016128SI,270,268,2
STK-20251206-BR001-SKU016128PI,20251206,BR001,SKU016128PI,269,242,27
STK-20251206-BR001-SKU016256BL,20251206,BR001,SKU016256BL,275,255,20
STK-20251206-BR001-SKU016256SI,20251206,BR001,SKU016256SI,276,258,18
STK-20251206-BR001-SKU016256PI,20251206,BR001,SKU016256PI,282,239,43
STK-20251206-BR001-SKU017128BL,20251206,BR001,SKU017128BL,394,369,25
STK-20251206-BR001-SKU017128SI,20251206,BR001,SKU017128SI,384,370,14
STK-20251206-BR001-SKU017128PI,20251206,BR001,SKU017128PI,393,373,20
STK-20251206-BR001-SKU017256BL,20251206,BR001,SKU017256BL,393,386,7
STK-20251206-BR001-SKU017256SI,20251206,BR001,SKU017256SI,365,351,14
STK-20251206-BR001-SKU017256PI,20251206,BR001,SKU017256PI,354,338,16
STK-20251206-BR002-SKU015128BL,20251206,BR002,SKU015128BL,374,155,219
STK-20251206-BR002-SKU015128SI,20251206,BR002,SKU015128SI,345,140,205
STK-20251206-BR002-SKU015128PI,20251206,BR002,SKU015128PI,353,154,199
STK-20251206-BR002-SKU015256BL,20251206,BR002,SKU015256BL,381,130,251
STK-20251206-BR002-SKU015256SI,20251206,BR002,SKU015256SI,307,145,162
STK-20251206-BR002-SKU015256PI,20251206,BR002,SKU015256PI,374,153,221
STK-20251206-BR002-SKU016128BL,20251206,BR002,SKU016128BL,281,247,34
STK-20251206-BR002-SKU016128SI,20251206,BR002,SKU016128SI,297,244,53
STK-20251206-BR002-SKU016128PI,20251206,BR002,SKU016128PI,280,246,34
STK-20251206-BR002-SKU016256BL,20251206,BR002,SKU016256BL,281,260,21
STK-20251206-BR002-SKU016256SI,20251206,BR002,SKU016256SI,268,256,12
STK-20251206-BR002-SKU016256PI,20251206,BR002,SKU016256PI,281,263,18
STK-20251206-BR002-SKU017128BL,20251206,BR002,SKU017128BL,384,375,9
STK-20251206-BR002-SKU017128SI,20251206,BR002,SKU017128SI,378,372,6
STK-20251206-BR002-SKU017128PI,20251206,BR002,SKU017128PI,406,383,23
STK-20251206-BR002-SKU017256BL,20251206,BR002,SKU017256BL,398,371,27
STK-20251206-BR002-SKU017256SI,20251206,BR002,SKU017256SI,354,353,1
STK-20251206-BR002-SKU017256PI,20251206,BR002,SKU017256PI,384,358,26
STK-20251206-BR003-SKU015128BL,20251206,BR003,SKU015128BL,309,154,155
STK-20251206-BR003-SKU015128SI,20251206,BR003,SKU015128SI,407,148,259
STK-20251206-BR003-SKU015128PI,20251206,BR003,SKU015128PI,363,153,210
STK-20251206-BR003-SKU015256BL,20251206,BR003,SKU015256BL,371,142,229
STK-20251206-BR003-SKU015256SI,20251206,BR003,SKU015256SI,401,157,244
STK-20251206-BR003-SKU015256PI,20251206,BR003,SKU015256PI,327,157,170
STK-20251206-BR003-SKU016128BL,20251206,BR003,SKU016128BL,277,250,27
STK-20251206-BR003-SKU016128SI,20251206,BR003,SKU016128SI,272,253,19
STK-20251206-BR003-SKU016128PI,20251206,BR003,SKU016128PI,287,270,17
STK-20251206-BR003-SKU016256BL,20251206,BR003,SKU016256BL,293,250,43
STK-20251206-BR003-SKU016256SI,20251206,BR003,SKU016256SI,286,276,10
STK-20251206-BR003-SKU016256PI,20251206,BR003,SKU016256PI,279,247,32
STK-20251206-BR003-SKU017128BL,20251206,BR003,SKU017128BL,389,367,22
STK-20251206-BR003-SKU017128SI,20251206,BR003,SKU017128SI,368,362,6
STK-20251206-BR003-SKU017128PI,20251206,BR003,SKU017128PI,406,372,34
STK-20251206-BR003-SKU017256BL,20251206,BR003,SKU017256BL,429,392,37
STK-20251206-BR003-SKU017256SI,20251206,BR003,SKU017256SI,457,417,40
STK-20251206-BR003-SKU017256PI,20251206,BR003,SKU017256PI,387,371,16
STK-20251206-BR004-SKU015128BL,20251206,BR004,SKU015128BL,309,148,161
STK-20251206-BR004-SKU015128SI,20251206,BR004,SKU015128SI,372,151,221
STK-20251206-BR004-SKU015128PI,20251206,BR004,SKU015128PI,359,147,212
STK-20251206-BR004-SKU015256BL,20251206,BR004,SKU015256BL,358,145,213
STK-20251206-BR004-SKU015256SI,20251206,BR004,SKU015256SI,316,137,179
STK-20251206-BR004-SKU015256PI,20251206,BR004,SKU015256PI,344,159,185
STK-20251206-BR004-SKU016128BL,20251206,BR004,SKU016128BL,273,260,13
STK-20251206-BR004-SKU016128SI,20251206,BR004,SKU016128SI,309,272,37
STK-20251206-BR004-SKU016128PI,20251206,BR004,SKU016128PI,277,244,33
STK-20251206-BR004-SKU016256BL,20251206,BR004,SKU016256BL,264,248,16
STK-20251206-BR004-SKU016256SI,20251206,BR004,SKU016256SI,252,235,17
STK-20251206-BR004-SKU016256PI,20251206,BR004,SKU016256PI,263,235,28
STK-20251206-BR004-SKU017128BL,20251206,BR004,SKU017128BL,417,405,12
STK-20251206-BR004-SKU017128SI,20251206,BR004,SKU017128SI,395,373,22
STK-20251206-BR004-SKU017128PI,20251206,BR004,SKU017128PI,428,396,32
STK-20251206-BR004-SKU017256BL,20251206,BR004,SKU017256BL,382,371,11
STK-20251206-BR004-SKU017256SI,20251206,BR004,SKU017256SI,370,361,9
STK-20251206-BR004-SKU017256PI,20251206,BR004,SKU017256PI,393,364,29
STK-20251206-BR005-SKU015128BL,20251206,BR005,SKU015128BL,289,150,139
STK-20251206-BR005-SKU015128SI,20251206,BR005,SKU015128SI,347,148,199
STK-20251206-BR005-SKU015128PI,20251206,BR005,SKU015128PI,335,154,181
STK-20251206-BR005-SKU015256BL,20251206,BR005,SKU015256BL,370,141,229
STK-20251206-BR005-SKU015256SI,20251206,BR005,SKU015256SI,409,141,268
STK-20251206-BR005-SKU015256PI,20251206,BR005,SKU015256PI,364,148,216
STK-20251206-BR005-SKU016128BL,20251206,BR005,SKU016128BL,294,242,52
STK-20251206-BR005-SKU016128SI,20251206,BR005,SKU016128SI,278,263,15
STK-20251206-BR005-SKU016128PI,20251206,BR005,SKU016128PI,277,245,32
STK-20251206-BR005-SKU016256BL,20251206,BR005,SKU016256BL,268,268,0
STK-20251206-BR005-SKU016256SI,20251206,BR005,SKU016256SI,264,250,14
STK-20251206-BR005-SKU016256PI,20251206,BR005,SKU016256PI,305,274,31
STK-20251206-BR005-SKU017128BL,20251206,BR005,SKU017128BL,391,375,16
STK-20251206-BR005-SKU017128SI,20251206,BR005,SKU017128SI,401,374,27
STK-20251206-BR005-SKU017128PI,20251206,BR005,SKU017128PI,373,360,13
STK-20251206-BR005-SKU017256BL,20251206,BR005,SKU017256BL,357,352,5
STK-20251206-BR005-SKU017256SI,20251206,BR005,SKU017256SI,391,372,19
STK-20251206-BR005-SKU017256PI,20251206,BR005,SKU017256PI,378,363,15
STK-20251207-BR000-SKU015128BL,20251207,BR000,SKU015128BL,644,0,644
STK-20251207-BR000-SKU015128SI,20251207,BR000,SKU015128SI,795,0,795
STK-20251207-BR000-SKU015128PI,20251207,BR000,SKU015128PI,930,0,930
STK-20251207-BR000-SKU015256BL,20251207,BR000,SKU015256BL,712,0,712
STK-20251207-BR000-SKU015256SI,20251207,BR000,SKU015256SI,744,0,744
STK-20251207-BR000-SKU015256PI,20251207,BR000,SKU015256PI,985,0,985
STK-20251207-BR000-SKU016128BL,20251207,BR000,SKU016128BL,632,0,632
STK-20251207-BR000-SKU016128SI,20251207,BR000,SKU016128SI,857,0,857
STK-20251207-BR000-SKU016128PI,20251207,BR000,SKU016128PI,686,0,686
STK-20251207-BR000-SKU016256BL,20251207,BR000,SKU016256BL,548,0,548
STK-20251207-BR000-SKU016256SI,20251207,BR000,SKU016256SI,855,0,855
STK-20251207-BR000-SKU016256PI,20251207,BR000,SKU016256PI,881,0,881
STK-20251207-BR000-SKU017128BL,20251207,BR000,SKU017128BL,658,0,658
STK-20251207-BR000-SKU017128SI,20251207,BR000,SKU017128SI,661,0,661
STK-20251207-BR000-SKU017128PI,20251207,BR000,SKU017128PI,617,0,617
STK-20251207-BR000-SKU017256BL,20251207,BR000,SKU017256BL,731,0,731
STK-20251207-BR000-SKU017256SI,20251207,BR000,SKU017256SI,682,0,682
STK-20251207-BR000-SKU017256PI,20251207,BR000,SKU017256PI,891,0,891
STK-20251207-BR001-SKU015128BL,20251207,BR001,SKU015128BL,313,141,172
STK-20251207-BR001-SKU015128SI,20251207,BR001,SKU015128SI,355,150,205
STK-20251207-BR001-SKU015128PI,20251207,BR001,SKU015128PI,363,148,215
STK-20251207-BR001-SKU015256BL,20251207,BR001,SKU015256BL,375,147,228
STK-20251207-BR001-SKU015256SI,20251207,BR001,SKU015256SI,350,146,204
STK-20251207-BR001-SKU015256PI,20251207,BR001,SKU015256PI,302,148,154
STK-20251207-BR001-SKU016128BL,20251207,BR001,SKU016128BL,281,275,6
STK-20251207-BR001-SKU016128SI,20251207,BR001,SKU016128SI,303,273,30
STK-20251207-BR001-SKU016128PI,20251207,BR001,SKU016128PI,269,250,19
STK-20251207-BR001-SKU016256BL,20251207,BR001,SKU016256BL,275,264,11
STK-20251207-BR001-SKU016256SI,20251207,BR001,SKU016256SI,276,263,13
STK-20251207-BR001-SKU016256PI,20251207,BR001,SKU016256PI,282,247,35
STK-20251207-BR001-SKU017128BL,20251207,BR001,SKU017128BL,394,377,17
STK-20251207-BR001-SKU017128SI,20251207,BR001,SKU017128SI,380,380,0
STK-20251207-BR001-SKU017128PI,20251207,BR001,SKU017128PI,368,362,6
STK-20251207-BR001-SKU017256BL,20251207,BR001,SKU017256BL,424,393,31
STK-20251207-BR001-SKU017256SI,20251207,BR001,SKU017256SI,355,346,9
STK-20251207-BR001-SKU017256PI,20251207,BR001,SKU017256PI,350,341,9
STK-20251207-BR002-SKU015128BL,20251207,BR002,SKU015128BL,374,159,215
STK-20251207-BR002-SKU015128SI,20251207,BR002,SKU015128SI,345,142,203
STK-20251207-BR002-SKU015128PI,20251207,BR002,SKU015128PI,351,154,197
STK-20251207-BR002-SKU015256BL,20251207,BR002,SKU015256BL,379,135,244
STK-20251207-BR002-SKU015256SI,20251207,BR002,SKU015256SI,305,144,161
STK-20251207-BR002-SKU015256PI,20251207,BR002,SKU015256PI,374,154,220
STK-20251207-BR002-SKU016128BL,20251207,BR002,SKU016128BL,276,250,26
STK-20251207-BR002-SKU016128SI,20251207,BR002,SKU016128SI,294,246,48
STK-20251207-BR002-SKU016128PI,20251207,BR002,SKU016128PI,274,244,30
STK-20251207-BR002-SKU016256BL,20251207,BR002,SKU016256BL,276,260,16
STK-20251207-BR002-SKU016256SI,20251207,BR002,SKU016256SI,263,258,5
STK-20251207-BR002-SKU016256PI,20251207,BR002,SKU016256PI,271,261,10
STK-20251207-BR002-SKU017128BL,20251207,BR002,SKU017128BL,403,379,24
STK-20251207-BR002-SKU017128SI,20251207,BR002,SKU017128SI,412,379,33
STK-20251207-BR002-SKU017128PI,20251207,BR002,SKU017128PI,397,381,16
STK-20251207-BR002-SKU017256BL,20251207,BR002,SKU017256BL,385,363,22
STK-20251207-BR002-SKU017256SI,20251207,BR002,SKU017256SI,378,355,23
STK-20251207-BR002-SKU017256PI,20251207,BR002,SKU017256PI,384,371,13
STK-20251207-BR003-SKU015128BL,20251207,BR003,SKU015128BL,307,155,152
STK-20251207-BR003-SKU015128SI,20251207,BR003,SKU015128SI,407,149,258
STK-20251207-BR003-SKU015128PI,20251207,BR003,SKU015128PI,360,151,209
STK-20251207-BR003-SKU015256BL,20251207,BR003,SKU015256BL,367,142,225
STK-20251207-BR003-SKU015256SI,20251207,BR003,SKU015256SI,399,158,241
STK-20251207-BR003-SKU015256PI,20251207,BR003,SKU015256PI,325,157,168
STK-20251207-BR003-SKU016128BL,20251207,BR003,SKU016128BL,267,244,23
STK-20251207-BR003-SKU016128SI,20251207,BR003,SKU016128SI,261,243,18
STK-20251207-BR003-SKU016128PI,20251207,BR003,SKU016128PI,281,269,12
STK-20251207-BR003-SKU016256BL,20251207,BR003,SKU016256BL,293,260,33
STK-20251207-BR003-SKU016256SI,20251207,BR003,SKU016256SI,282,279,3
STK-20251207-BR003-SKU016256PI,20251207,BR003,SKU016256PI,274,246,28
STK-20251207-BR003-SKU017128BL,20251207,BR003,SKU017128BL,376,370,6
STK-20251207-BR003-SKU017128SI,20251207,BR003,SKU017128SI,368,366,2
STK-20251207-BR003-SKU017128PI,20251207,BR003,SKU017128PI,406,380,26
STK-20251207-BR003-SKU017256BL,20251207,BR003,SKU017256BL,423,390,33
STK-20251207-BR003-SKU017256SI,20251207,BR003,SKU017256SI,448,415,33
STK-20251207-BR003-SKU017256PI,20251207,BR003,SKU017256PI,387,383,4
STK-20251207-BR004-SKU015128BL,20251207,BR004,SKU015128BL,305,148,157
STK-20251207-BR004-SKU015128SI,20251207,BR004,SKU015128SI,370,150,220
STK-20251207-BR004-SKU015128PI,20251207,BR004,SKU015128PI,359,152,207
STK-20251207-BR004-SKU015256BL,20251207,BR004,SKU015256BL,353,146,207
STK-20251207-BR004-SKU015256SI,20251207,BR004,SKU015256SI,316,140,176
STK-20251207-BR004-SKU015256PI,20251207,BR004,SKU015256PI,343,160,183
STK-20251207-BR004-SKU016128BL,20251207,BR004,SKU016128BL,268,260,8
STK-20251207-BR004-SKU016128SI,20251207,BR004,SKU016128SI,303,275,28
STK-20251207-BR004-SKU016128PI,20251207,BR004,SKU016128PI,276,250,26
STK-20251207-BR004-SKU016256BL,20251207,BR004,SKU016256BL,262,255,7
STK-20251207-BR004-SKU016256SI,20251207,BR004,SKU016256SI,250,236,14
STK-20251207-BR004-SKU016256PI,20251207,BR004,SKU016256PI,263,238,25
STK-20251207-BR004-SKU017128BL,20251207,BR004,SKU017128BL,411,404,7
STK-20251207-BR004-SKU017128SI,20251207,BR004,SKU017128SI,382,369,13
STK-20251207-BR004-SKU017128PI,20251207,BR004,SKU017128PI,419,397,22
STK-20251207-BR004-SKU017256BL,20251207,BR004,SKU017256BL,372,372,0
STK-20251207-BR004-SKU017256SI,20251207,BR004,SKU017256SI,400,370,30
STK-20251207-BR004-SKU017256PI,20251207,BR004,SKU017256PI,393,372,21
STK-20251207-BR005-SKU015128BL,20251207,BR005,SKU015128BL,288,152,136
STK-20251207-BR005-SKU015128SI,20251207,BR005,SKU015128SI,343,145,198
STK-20251207-BR005-SKU015128PI,20251207,BR005,SKU015128PI,333,153,180
STK-20251207-BR005-SKU015256BL,20251207,BR005,SKU015256BL,366,138,228
STK-20251207-BR005-SKU015256SI,20251207,BR005,SKU015256SI,402,137,265
STK-20251207-BR005-SKU015256PI,20251207,BR005,SKU015256PI,363,150,213
STK-20251207-BR005-SKU016128BL,20251207,BR005,SKU016128BL,294,249,45
STK-20251207-BR005-SKU016128SI,20251207,BR005,SKU016128SI,273,259,14
STK-20251207-BR005-SKU016128PI,20251207,BR005,SKU016128PI,277,249,28
STK-20251207-BR005-SKU016256BL,20251207,BR005,SKU016256BL,295,272,23
STK-20251207-BR005-SKU016256SI,20251207,BR005,SKU016256SI,253,246,7
STK-20251207-BR005-SKU016256PI,20251207,BR005,SKU016256PI,287,266,21
STK-20251207-BR005-SKU017128BL,20251207,BR005,SKU017128BL,387,377,10
STK-20251207-BR005-SKU017128SI,20251207,BR005,SKU017128SI,401,380,21
STK-20251207-BR005-SKU017128PI,20251207,BR005,SKU017128PI,366,364,2
STK-20251207-BR005-SKU017256BL,20251207,BR005,SKU017256BL,382,362,20
STK-20251207-BR005-SKU017256SI,20251207,BR005,SKU017256SI,391,384,7
STK-20251207-BR005-SKU017256PI,20251207,BR005,SKU017256PI,378,368,10
STK-20251208-BR000-SKU015128BL,20251208,BR000,SKU015128BL,644,0,644
STK-20251208-BR000-SKU015128SI,20251208,BR000,SKU015128SI,795,0,795
STK-20251208-BR000-SKU015128PI,20251208,BR000,SKU015128PI,930,0,930
STK-20251208-BR000-SKU015256BL,20251208,BR000,SKU015256BL,712,0,712
STK-20251208-BR000-SKU015256SI,20251208,BR000,SKU015256SI,744,0,744
STK-20251208-BR000-SKU015256PI,20251208,BR000,SKU015256PI,985,0,985
STK-20251208-BR000-SKU016128BL,20251208,BR000,SKU016128BL,632,0,632
STK-20251208-BR000-SKU016128SI,20251208,BR000,SKU016128SI,857,0,857
STK-20251208-BR000-SKU016128PI,20251208,BR000,SKU016128PI,686,0,686
STK-20251208-BR000-SKU016256BL,20251208,BR000,SKU016256BL,548,0,548
STK-20251208-BR000-SKU016256SI,20251208,BR000,SKU016256SI,855,0,855
STK-20251208-BR000-SKU016256PI,20251208,BR000,SKU016256PI,881,0,881
STK-20251208-BR000-SKU017128BL,20251208,BR000,SKU017128BL,658,0,658
STK-20251208-BR000-SKU017128SI,20251208,BR000,SKU017128SI,661,0,661
STK-20251208-BR000-SKU017128PI,20251208,BR000,SKU017128PI,617,0,617
STK-20251208-BR000-SKU017256BL,20251208,BR000,SKU017256BL,731,0,731
STK-20251208-BR000-SKU017256SI,20251208,BR000,SKU017256SI,682,0,682
STK-20251208-BR000-SKU017256PI,20251208,BR000,SKU017256PI,891,0,891
STK-20251208-BR001-SKU015128BL,20251208,BR001,SKU015128BL,313,144,169
STK-20251208-BR001-SKU015128SI,20251208,BR001,SKU015128SI,355,151,204
STK-20251208-BR001-SKU015128PI,20251208,BR001,SKU015128PI,363,149,214
STK-20251208-BR001-SKU015256BL,20251208,BR001,SKU015256BL,375,149,226
STK-20251208-BR001-SKU015256SI,20251208,BR001,SKU015256SI,350,152,198
STK-20251208-BR001-SKU015256PI,20251208,BR001,SKU015256PI,302,149,153
STK-20251208-BR001-SKU016128BL,20251208,BR001,SKU016128BL,272,272,0
STK-20251208-BR001-SKU016128SI,20251208,BR001,SKU016128SI,303,284,19
STK-20251208-BR001-SKU016128PI,20251208,BR001,SKU016128PI,257,241,16
STK-20251208-BR001-SKU016256BL,20251208,BR001,SKU016256BL,270,268,2
STK-20251208-BR001-SKU016256SI,20251208,BR001,SKU016256SI,276,265,11
STK-20251208-BR001-SKU016256PI,20251208,BR001,SKU016256PI,278,248,30
STK-20251208-BR001-SKU017128BL,20251208,BR001,SKU017128BL,388,384,4
STK-20251208-BR001-SKU017128SI,20251208,BR001,SKU017128SI,421,387,34
STK-20251208-BR001-SKU017128PI,20251208,BR001,SKU017128PI,392,372,20
STK-20251208-BR001-SKU017256BL,20251208,BR001,SKU017256BL,406,383,23
STK-20251208-BR001-SKU017256SI,20251208,BR001,SKU017256SI,393,362,31
STK-20251208-BR001-SKU017256PI,20251208,BR001,SKU017256PI,379,348,31
STK-20251208-BR002-SKU015128BL,20251208,BR002,SKU015128BL,371,160,211
STK-20251208-BR002-SKU015128SI,20251208,BR002,SKU015128SI,343,143,200
STK-20251208-BR002-SKU015128PI,20251208,BR002,SKU015128PI,347,151,196
STK-20251208-BR002-SKU015256BL,20251208,BR002,SKU015256BL,379,137,242
STK-20251208-BR002-SKU015256SI,20251208,BR002,SKU015256SI,305,147,158
STK-20251208-BR002-SKU015256PI,20251208,BR002,SKU015256PI,374,158,216
STK-20251208-BR002-SKU016128BL,20251208,BR002,SKU016128BL,276,256,20
STK-20251208-BR002-SKU016128SI,20251208,BR002,SKU016128SI,294,252,42
STK-20251208-BR002-SKU016128PI,20251208,BR002,SKU016128PI,272,254,18
STK-20251208-BR002-SKU016256BL,20251208,BR002,SKU016256BL,276,272,4
STK-20251208-BR002-SKU016256SI,20251208,BR002,SKU016256SI,299,264,35
STK-20251208-BR002-SKU016256PI,20251208,BR002,SKU016256PI,271,263,8
STK-20251208-BR002-SKU017128BL,20251208,BR002,SKU017128BL,403,389,14
STK-20251208-BR002-SKU017128SI,20251208,BR002,SKU017128SI,387,359,28
STK-20251208-BR002-SKU017128PI,20251208,BR002,SKU017128PI,393,384,9
STK-20251208-BR002-SKU017256BL,20251208,BR002,SKU017256BL,385,376,9
STK-20251208-BR002-SKU017256SI,20251208,BR002,SKU017256SI,378,363,15
STK-20251208-BR002-SKU017256PI,20251208,BR002,SKU017256PI,393,373,20
STK-20251208-BR003-SKU015128BL,20251208,BR003,SKU015128BL,305,154,151
STK-20251208-BR003-SKU015128SI,20251208,BR003,SKU015128SI,407,154,253
STK-20251208-BR003-SKU015128PI,20251208,BR003,SKU015128PI,360,152,208
STK-20251208-BR003-SKU015256BL,20251208,BR003,SKU015256BL,367,147,220
STK-20251208-BR003-SKU015256SI,20251208,BR003,SKU015256SI,398,160,238
STK-20251208-BR003-SKU015256PI,20251208,BR003,SKU015256PI,323,162,161
STK-20251208-BR003-SKU016128BL,20251208,BR003,SKU016128BL,267,254,13
STK-20251208-BR003-SKU016128SI,20251208,BR003,SKU016128SI,257,249,8
STK-20251208-BR003-SKU016128PI,20251208,BR003,SKU016128PI,281,280,1
STK-20251208-BR003-SKU016256BL,20251208,BR003,SKU016256BL,292,269,23
STK-20251208-BR003-SKU016256SI,20251208,BR003,SKU016256SI,310,279,31
STK-20251208-BR003-SKU016256PI,20251208,BR003,SKU016256PI,265,242,23
STK-20251208-BR003-SKU017128BL,20251208,BR003,SKU017128BL,402,377,25
STK-20251208-BR003-SKU017128SI,20251208,BR003,SKU017128SI,411,372,39
STK-20251208-BR003-SKU017128PI,20251208,BR003,SKU017128PI,397,380,17
STK-20251208-BR003-SKU017256BL,20251208,BR003,SKU017256BL,399,381,18
STK-20251208-BR003-SKU017256SI,20251208,BR003,SKU017256SI,439,413,26
STK-20251208-BR003-SKU017256PI,20251208,BR003,SKU017256PI,422,391,31
STK-20251208-BR004-SKU015128BL,20251208,BR004,SKU015128BL,303,151,152
STK-20251208-BR004-SKU015128SI,20251208,BR004,SKU015128SI,370,151,219
STK-20251208-BR004-SKU015128PI,20251208,BR004,SKU015128PI,359,153,206
STK-20251208-BR004-SKU015256BL,20251208,BR004,SKU015256BL,352,146,206
STK-20251208-BR004-SKU015256SI,20251208,BR004,SKU015256SI,316,142,174
STK-20251208-BR004-SKU015256PI,20251208,BR004,SKU015256PI,343,166,177
STK-20251208-BR004-SKU016128BL,20251208,BR004,SKU016128BL,289,268,21
STK-20251208-BR004-SKU016128SI,20251208,BR004,SKU016128SI,298,274,24
STK-20251208-BR004-SKU016128PI,20251208,BR004,SKU016128PI,276,257,19
STK-20251208-BR004-SKU016256BL,20251208,BR004,SKU016256BL,288,251,37
STK-20251208-BR004-SKU016256SI,20251208,BR004,SKU016256SI,247,239,8
STK-20251208-BR004-SKU016256PI,20251208,BR004,SKU016256PI,263,246,17
STK-20251208-BR004-SKU017128BL,20251208,BR004,SKU017128BL,437,405,32
STK-20251208-BR004-SKU017128SI,20251208,BR004,SKU017128SI,373,367,6
STK-20251208-BR004-SKU017128PI,20251208,BR004,SKU017128PI,409,395,14
STK-20251208-BR004-SKU017256BL,20251208,BR004,SKU017256BL,416,379,37
STK-20251208-BR004-SKU017256SI,20251208,BR004,SKU017256SI,396,378,18
STK-20251208-BR004-SKU017256PI,20251208,BR004,SKU017256PI,385,374,11
STK-20251208-BR005-SKU015128BL,20251208,BR005,SKU015128BL,288,154,134
STK-20251208-BR005-SKU015128SI,20251208,BR005,SKU015128SI,343,149,194
STK-20251208-BR005-SKU015128PI,20251208,BR005,SKU015128PI,333,154,179
STK-20251208-BR005-SKU015256BL,20251208,BR005,SKU015256BL,366,139,227
STK-20251208-BR005-SKU015256SI,20251208,BR005,SKU015256SI,402,140,262
STK-20251208-BR005-SKU015256PI,20251208,BR005,SKU015256PI,360,151,209
STK-20251208-BR005-SKU016128BL,20251208,BR005,SKU016128BL,290,255,35
STK-20251208-BR005-SKU016128SI,20251208,BR005,SKU016128SI,267,257,10
STK-20251208-BR005-SKU016128PI,20251208,BR005,SKU016128PI,270,250,20
STK-20251208-BR005-SKU016256BL,20251208,BR005,SKU016256BL,295,281,14
STK-20251208-BR005-SKU016256SI,20251208,BR005,SKU016256SI,279,244,35
STK-20251208-BR005-SKU016256PI,20251208,BR005,SKU016256PI,280,268,12
STK-20251208-BR005-SKU017128BL,20251208,BR005,SKU017128BL,410,382,28
STK-20251208-BR005-SKU017128SI,20251208,BR005,SKU017128SI,401,389,12
STK-20251208-BR005-SKU017128PI,20251208,BR005,SKU017128PI,409,380,29
STK-20251208-BR005-SKU017256BL,20251208,BR005,SKU017256BL,382,376,6
STK-20251208-BR005-SKU017256SI,20251208,BR005,SKU017256SI,418,396,22
STK-20251208-BR005-SKU017256PI,20251208,BR005,SKU017256PI,355,353,2
STK-20251209-BR000-SKU015128BL,20251209,BR000,SKU015128BL,644,0,644
STK-20251209-BR000-SKU015128SI,20251209,BR000,SKU015128SI,795,0,795
STK-20251209-BR000-SKU015128PI,20251209,BR000,SKU015128PI,930,0,930
STK-20251209-BR000-SKU015256BL,20251209,BR000,SKU015256BL,712,0,712
STK-20251209-BR000-SKU015256SI,20251209,BR000,SKU015256SI,744,0,744
STK-20251209-BR000-SKU015256PI,20251209,BR000,SKU015256PI,985,0,985
STK-20251209-BR000-SKU016128BL,20251209,BR000,SKU016128BL,632,0,632
STK-20251209-BR000-SKU016128SI,20251209,BR000,SKU016128SI,857,0,857
STK-20251209-BR000-SKU016128PI,20251209,BR000,SKU016128PI,686,0,686
STK-20251209-BR000-SKU016256BL,20251209,BR000,SKU016256BL,548,0,548
STK-20251209-BR000-SKU016256SI,20251209,BR000,SKU016256SI,855,0,855
STK-20251209-BR000-SKU016256PI,20251209,BR000,SKU016256PI,881,0,881
STK-20251209-BR000-SKU017128BL,20251209,BR000,SKU017128BL,658,0,658
STK-20251209-BR000-SKU017128SI,20251209,BR000,SKU017128SI,661,0,661
STK-20251209-BR000-SKU017128PI,20251209,BR000,SKU017128PI,617,0,617
STK-20251209-BR000-SKU017256BL,20251209,BR000,SKU017256BL,731,0,731
STK-20251209-BR000-SKU017256SI,20251209,BR000,SKU017256SI,682,0,682
STK-20251209-BR000-SKU017256PI,20251209,BR000,SKU017256PI,891,0,891
STK-20251209-BR001-SKU015128BL,20251209,BR001,SKU015128BL,311,148,163
STK-20251209-BR001-SKU015128SI,20251209,BR001,SKU015128SI,355,152,203
STK-20251209-BR001-SKU015128PI,20251209,BR001,SKU015128PI,360,150,210
STK-20251209-BR001-SKU015256BL,20251209,BR001,SKU015256BL,373,152,221
STK-20251209-BR001-SKU015256SI,20251209,BR001,SKU015256SI,350,153,197
STK-20251209-BR001-SKU015256PI,20251209,BR001,SKU015256PI,297,146,151
STK-20251209-BR001-SKU016128BL,20251209,BR001,SKU016128BL,300,276,24
STK-20251209-BR001-SKU016128SI,20251209,BR001,SKU016128SI,299,288,11
STK-20251209-BR001-SKU016128PI,20251209,BR001,SKU016128PI,253,244,9
STK-20251209-BR001-SKU016256BL,20251209,BR001,SKU016256BL,299,273,26
STK-20251209-BR001-SKU016256SI,20251209,BR001,SKU016256SI,276,269,7
STK-20251209-BR001-SKU016256PI,20251209,BR001,SKU016256PI,269,241,28
STK-20251209-BR001-SKU017128BL,20251209,BR001,SKU017128BL,428,398,30
STK-20251209-BR001-SKU017128SI,20251209,BR001,SKU017128SI,407,377,30
STK-20251209-BR001-SKU017128PI,20251209,BR001,SKU017128PI,392,388,4
STK-20251209-BR001-SKU017256BL,20251209,BR001,SKU017256BL,399,391,8
STK-20251209-BR001-SKU017256SI,20251209,BR001,SKU017256SI,387,361,26
STK-20251209-BR001-SKU017256PI,20251209,BR001,SKU017256PI,358,335,23
STK-20251209-BR002-SKU015128BL,20251209,BR002,SKU015128BL,369,159,210
STK-20251209-BR002-SKU015128SI,20251209,BR002,SKU015128SI,341,142,199
STK-20251209-BR002-SKU015128PI,20251209,BR002,SKU015128PI,345,150,195
STK-20251209-BR002-SKU015256BL,20251209,BR002,SKU015256BL,379,138,241
STK-20251209-BR002-SKU015256SI,20251209,BR002,SKU015256SI,305,154,151
STK-20251209-BR002-SKU015256PI,20251209,BR002,SKU015256PI,372,159,213
STK-20251209-BR002-SKU016128BL,20251209,BR002,SKU016128BL,263,253,10
STK-20251209-BR002-SKU016128SI,20251209,BR002,SKU016128SI,284,245,39
STK-20251209-BR002-SKU016128PI,20251209,BR002,SKU016128PI,266,260,6
STK-20251209-BR002-SKU016256BL,20251209,BR002,SKU016256BL,276,275,1
STK-20251209-BR002-SKU016256SI,20251209,BR002,SKU016256SI,299,268,31
STK-20251209-BR002-SKU016256PI,20251209,BR002,SKU016256PI,271,269,2
STK-20251209-BR002-SKU017128BL,20251209,BR002,SKU017128BL,392,390,2
STK-20251209-BR002-SKU017128SI,20251209,BR002,SKU017128SI,387,375,12
STK-20251209-BR002-SKU017128PI,20251209,BR002,SKU017128PI,380,378,2
STK-20251209-BR002-SKU017256BL,20251209,BR002,SKU017256BL,426,388,38
STK-20251209-BR002-SKU017256SI,20251209,BR002,SKU017256SI,378,374,4
STK-20251209-BR002-SKU017256PI,20251209,BR002,SKU017256PI,381,368,13
STK-20251209-BR003-SKU015128BL,20251209,BR003,SKU015128BL,305,160,145
STK-20251209-BR003-SKU015128SI,20251209,BR003,SKU015128SI,407,158,249
STK-20251209-BR003-SKU015128PI,20251209,BR003,SKU015128PI,360,153,207
STK-20251209-BR003-SKU015256BL,20251209,BR003,SKU015256BL,367,151,216
STK-20251209-BR003-SKU015256SI,20251209,BR003,SKU015256SI,398,166,232
STK-20251209-BR003-SKU015256PI,20251209,BR003,SKU015256PI,322,165,157
STK-20251209-BR003-SKU016128BL,20251209,BR003,SKU016128BL,267,259,8
STK-20251209-BR003-SKU016128SI,20251209,BR003,SKU016128SI,257,254,3
STK-20251209-BR003-SKU016128PI,20251209,BR003,SKU016128PI,318,280,38
STK-20251209-BR003-SKU016256BL,20251209,BR003,SKU016256BL,279,267,12
STK-20251209-BR003-SKU016256SI,20251209,BR003,SKU016256SI,310,284,26
STK-20251209-BR003-SKU016256PI,20251209,BR003,SKU016256PI,264,248,16
STK-20251209-BR003-SKU017128BL,20251209,BR003,SKU017128BL,391,373,18
STK-20251209-BR003-SKU017128SI,20251209,BR003,SKU017128SI,404,372,32
STK-20251209-BR003-SKU017128PI,20251209,BR003,SKU017128PI,390,382,8
STK-20251209-BR003-SKU017256BL,20251209,BR003,SKU017256BL,392,383,9
STK-20251209-BR003-SKU017256SI,20251209,BR003,SKU017256SI,434,419,15
STK-20251209-BR003-SKU017256PI,20251209,BR003,SKU017256PI,422,399,23
STK-20251209-BR004-SKU015128BL,20251209,BR004,SKU015128BL,301,151,150
STK-20251209-BR004-SKU015128SI,20251209,BR004,SKU015128SI,370,153,217
STK-20251209-BR004-SKU015128PI,20251209,BR004,SKU015128PI,359,155,204
STK-20251209-BR004-SKU015256BL,20251209,BR004,SKU015256BL,349,146,203
STK-20251209-BR004-SKU015256SI,20251209,BR004,SKU015256SI,314,147,167
STK-20251209-BR004-SKU015256PI,20251209,BR004,SKU015256PI,340,165,175
STK-20251209-BR004-SKU016128BL,20251209,BR004,SKU016128BL,289,270,19
STK-20251209-BR004-SKU016128SI,20251209,BR004,SKU016128SI,292,271,21
STK-20251209-BR004-SKU016128PI,20251209,BR004,SKU016128PI,274,260,14
STK-20251209-BR004-SKU016256BL,20251209,BR004,SKU016256BL,288,254,34
STK-20251209-BR004-SKU016256SI,20251209,BR004,SKU016256SI,245,242,3
STK-20251209-BR004-SKU016256PI,20251209,BR004,SKU016256PI,259,248,11
STK-20251209-BR004-SKU017128BL,20251209,BR004,SKU017128BL,427,407,20
STK-20251209-BR004-SKU017128SI,20251209,BR004,SKU017128SI,416,379,37
STK-20251209-BR004-SKU017128PI,20251209,BR004,SKU017128PI,442,404,38
STK-20251209-BR004-SKU017256BL,20251209,BR004,SKU017256BL,409,386,23
STK-20251209-BR004-SKU017256SI,20251209,BR004,SKU017256SI,390,378,12
STK-20251209-BR004-SKU017256PI,20251209,BR004,SKU017256PI,385,385,0
STK-20251209-BR005-SKU015128BL,20251209,BR005,SKU015128BL,284,153,131
STK-20251209-BR005-SKU015128SI,20251209,BR005,SKU015128SI,341,150,191
STK-20251209-BR005-SKU015128PI,20251209,BR005,SKU015128PI,331,157,174
STK-20251209-BR005-SKU015256BL,20251209,BR005,SKU015256BL,366,140,226
STK-20251209-BR005-SKU015256SI,20251209,BR005,SKU015256SI,400,139,261
STK-20251209-BR005-SKU015256PI,20251209,BR005,SKU015256PI,360,154,206
STK-20251209-BR005-SKU016128BL,20251209,BR005,SKU016128BL,279,252,27
STK-20251209-BR005-SKU016128SI,20251209,BR005,SKU016128SI,267,258,9
STK-20251209-BR005-SKU016128PI,20251209,BR005,SKU016128PI,265,252,13
STK-20251209-BR005-SKU016256BL,20251209,BR005,SKU016256BL,295,285,10
STK-20251209-BR005-SKU016256SI,20251209,BR005,SKU016256SI,279,250,29
STK-20251209-BR005-SKU016256PI,20251209,BR005,SKU016256PI,280,273,7
STK-20251209-BR005-SKU017128BL,20251209,BR005,SKU017128BL,401,381,20
STK-20251209-BR005-SKU017128SI,20251209,BR005,SKU017128SI,431,398,33
STK-20251209-BR005-SKU017128PI,20251209,BR005,SKU017128PI,404,381,23
STK-20251209-BR005-SKU017256BL,20251209,BR005,SKU017256BL,432,392,40
STK-20251209-BR005-SKU017256SI,20251209,BR005,SKU017256SI,410,396,14
STK-20251209-BR005-SKU017256PI,20251209,BR005,SKU017256PI,383,358,25
STK-20251210-BR000-SKU015128BL,20251210,BR000,SKU015128BL,644,0,644
STK-20251210-BR000-SKU015128SI,20251210,BR000,SKU015128SI,795,0,795
STK-20251210-BR000-SKU015128PI,20251210,BR000,SKU015128PI,930,0,930
STK-20251210-BR000-SKU015256BL,20251210,BR000,SKU015256BL,712,0,712
STK-20251210-BR000-SKU015256SI,20251210,BR000,SKU015256SI,744,0,744
STK-20251210-BR000-SKU015256PI,20251210,BR000,SKU015256PI,985,0,985
STK-20251210-BR000-SKU016128BL,20251210,BR000,SKU016128BL,632,0,632
STK-20251210-BR000-SKU016128SI,20251210,BR000,SKU016128SI,857,0,857
STK-20251210-BR000-SKU016128PI,20251210,BR000,SKU016128PI,686,0,686
STK-20251210-BR000-SKU016256BL,20251210,BR000,SKU016256BL,548,0,548
STK-20251210-BR000-SKU016256SI,20251210,BR000,SKU016256SI,855,0,855
STK-20251210-BR000-SKU016256PI,20251210,BR000,SKU016256PI,881,0,881
STK-20251210-BR000-SKU017128BL,20251210,BR000,SKU017128BL,658,0,658
STK-20251210-BR000-SKU017128SI,20251210,BR000,SKU017128SI,661,0,661
STK-20251210-BR000-SKU017128PI,20251210,BR000,SKU017128PI,617,0,617
STK-20251210-BR000-SKU017256BL,20251210,BR000,SKU017256BL,731,0,731
STK-20251210-BR000-SKU017256SI,20251210,BR000,SKU017256SI,682,0,682
STK-20251210-BR000-SKU017256PI,20251210,BR000,SKU017256PI,891,0,891
STK-20251210-BR001-SKU015128BL,20251210,BR001,SKU015128BL,370,149,221
STK-20251210-BR001-SKU015128SI,20251210,BR001,SKU015128SI,413,158,255
STK-20251210-BR001-SKU015128PI,20251210,BR001,SKU015128PI,400,151,249
STK-20251210-BR001-SKU015256BL,20251210,BR001,SKU015256BL,418,152,266
STK-20251210-BR001-SKU015256SI,20251210,BR001,SKU015256SI,389,154,235
STK-20251210-BR001-SKU015256PI,20251210,BR001,SKU015256PI,346,150,196
STK-20251210-BR001-SKU016128BL,20251210,BR001,SKU016128BL,334,288,46
STK-20251210-BR001-SKU016128SI,20251210,BR001,SKU016128SI,349,287,62
STK-20251210-BR001-SKU016128PI,20251210,BR001,SKU016128PI,295,250,45
STK-20251210-BR001-SKU016256BL,20251210,BR001,SKU016256BL,330,275,55
STK-20251210-BR001-SKU016256SI,20251210,BR001,SKU016256SI,316,274,42
STK-20251210-BR001-SKU016256PI,20251210,BR001,SKU016256PI,312,248,64
STK-20251210-BR001-SKU017128BL,20251210,BR001,SKU017128BL,444,398,46
STK-20251210-BR001-SKU017128SI,20251210,BR001,SKU017128SI,438,383,55
STK-20251210-BR001-SKU017128PI,20251210,BR001,SKU017128PI,419,385,34
STK-20251210-BR001-SKU017256BL,20251210,BR001,SKU017256BL,439,394,45
STK-20251210-BR001-SKU017256SI,20251210,BR001,SKU017256SI,411,367,44
STK-20251210-BR001-SKU017256PI,20251210,BR001,SKU017256PI,388,340,48
STK-20251210-BR002-SKU015128BL,20251210,BR002,SKU015128BL,420,161,259
STK-20251210-BR002-SKU015128SI,20251210,BR002,SKU015128SI,382,145,237
STK-20251210-BR002-SKU015128PI,20251210,BR002,SKU015128PI,377,156,221
STK-20251210-BR002-SKU015256BL,20251210,BR002,SKU015256BL,419,140,279
STK-20251210-BR002-SKU015256SI,20251210,BR002,SKU015256SI,336,154,182
STK-20251210-BR002-SKU015256PI,20251210,BR002,SKU015256PI,416,159,257
STK-20251210-BR002-SKU016128BL,20251210,BR002,SKU016128BL,318,262,56
STK-20251210-BR002-SKU016128SI,20251210,BR002,SKU016128SI,337,247,90
STK-20251210-BR002-SKU016128PI,20251210,BR002,SKU016128PI,317,260,57
STK-20251210-BR002-SKU016256BL,20251210,BR002,SKU016256BL,324,279,45
STK-20251210-BR002-SKU016256SI,20251210,BR002,SKU016256SI,351,273,78
STK-20251210-BR002-SKU016256PI,20251210,BR002,SKU016256PI,315,264,51
STK-20251210-BR002-SKU017128BL,20251210,BR002,SKU017128BL,423,385,38
STK-20251210-BR002-SKU017128SI,20251210,BR002,SKU017128SI,431,378,53
STK-20251210-BR002-SKU017128PI,20251210,BR002,SKU017128PI,436,389,47
STK-20251210-BR002-SKU017256BL,20251210,BR002,SKU017256BL,457,391,66
STK-20251210-BR002-SKU017256SI,20251210,BR002,SKU017256SI,395,371,24
STK-20251210-BR002-SKU017256PI,20251210,BR002,SKU017256PI,438,375,63
STK-20251210-BR003-SKU015128BL,20251210,BR003,SKU015128BL,351,159,192
STK-20251210-BR003-SKU015128SI,20251210,BR003,SKU015128SI,439,156,283
STK-20251210-BR003-SKU015128PI,20251210,BR003,SKU015128PI,405,159,246
STK-20251210-BR003-SKU015256BL,20251210,BR003,SKU015256BL,423,152,271
STK-20251210-BR003-SKU015256SI,20251210,BR003,SKU015256SI,442,166,276
STK-20251210-BR003-SKU015256PI,20251210,BR003,SKU015256PI,358,170,188
STK-20251210-BR003-SKU016128BL,20251210,BR003,SKU016128BL,313,268,45
STK-20251210-BR003-SKU016128SI,20251210,BR003,SKU016128SI,296,261,35
STK-20251210-BR003-SKU016128PI,20251210,BR003,SKU016128PI,346,274,72
STK-20251210-BR003-SKU016256BL,20251210,BR003,SKU016256BL,311,270,41
STK-20251210-BR003-SKU016256SI,20251210,BR003,SKU016256SI,363,285,78
STK-20251210-BR003-SKU016256PI,20251210,BR003,SKU016256PI,299,256,43
STK-20251210-BR003-SKU017128BL,20251210,BR003,SKU017128BL,431,385,46
STK-20251210-BR003-SKU017128SI,20251210,BR003,SKU017128SI,451,377,74
STK-20251210-BR003-SKU017128PI,20251210,BR003,SKU017128PI,414,380,34
STK-20251210-BR003-SKU017256BL,20251210,BR003,SKU017256BL,430,396,34
STK-20251210-BR003-SKU017256SI,20251210,BR003,SKU017256SI,483,429,54
STK-20251210-BR003-SKU017256PI,20251210,BR003,SKU017256PI,469,394,75
STK-20251210-BR004-SKU015128BL,20251210,BR004,SKU015128BL,339,154,185
STK-20251210-BR004-SKU015128SI,20251210,BR004,SKU015128SI,425,160,265
STK-20251210-BR004-SKU015128PI,20251210,BR004,SKU015128PI,412,154,258
STK-20251210-BR004-SKU015256BL,20251210,BR004,SKU015256BL,387,147,240
STK-20251210-BR004-SKU015256SI,20251210,BR004,SKU015256SI,360,149,211
STK-20251210-BR004-SKU015256PI,20251210,BR004,SKU015256PI,389,168,221
STK-20251210-BR004-SKU016128BL,20251210,BR004,SKU016128BL,318,277,41
STK-20251210-BR004-SKU016128SI,20251210,BR004,SKU016128SI,333,269,64
STK-20251210-BR004-SKU016128PI,20251210,BR004,SKU016128PI,298,259,39
STK-20251210-BR004-SKU016256BL,20251210,BR004,SKU016256BL,332,258,74
STK-20251210-BR004-SKU016256SI,20251210,BR004,SKU016256SI,290,247,43
STK-20251210-BR004-SKU016256PI,20251210,BR004,SKU016256PI,300,253,47
STK-20251210-BR004-SKU017128BL,20251210,BR004,SKU017128BL,460,400,60
STK-20251210-BR004-SKU017128SI,20251210,BR004,SKU017128SI,445,381,64
STK-20251210-BR004-SKU017128PI,20251210,BR004,SKU017128PI,475,421,54
STK-20251210-BR004-SKU017256BL,20251210,BR004,SKU017256BL,437,394,43
STK-20251210-BR004-SKU017256SI,20251210,BR004,SKU017256SI,450,389,61
STK-20251210-BR004-SKU017256PI,20251210,BR004,SKU017256PI,416,394,22
STK-20251210-BR005-SKU015128BL,20251210,BR005,SKU015128BL,325,155,170
STK-20251210-BR005-SKU015128SI,20251210,BR005,SKU015128SI,395,152,243
STK-20251210-BR005-SKU015128PI,20251210,BR005,SKU015128PI,361,158,203
STK-20251210-BR005-SKU015256BL,20251210,BR005,SKU015256BL,408,143,265
STK-20251210-BR005-SKU015256SI,20251210,BR005,SKU015256SI,438,144,294
STK-20251210-BR005-SKU015256PI,20251210,BR005,SKU015256PI,408,153,255
STK-20251210-BR005-SKU016128BL,20251210,BR005,SKU016128BL,321,261,60
STK-20251210-BR005-SKU016128SI,20251210,BR005,SKU016128SI,290,258,32
STK-20251210-BR005-SKU016128PI,20251210,BR005,SKU016128PI,305,256,49
STK-20251210-BR005-SKU016256BL,20251210,BR005,SKU016256BL,303,269,34
STK-20251210-BR005-SKU016256SI,20251210,BR005,SKU016256SI,339,253,86
STK-20251210-BR005-SKU016256PI,20251210,BR005,SKU016256PI,326,275,51
STK-20251210-BR005-SKU017128BL,20251210,BR005,SKU017128BL,456,395,61
STK-20251210-BR005-SKU017128SI,20251210,BR005,SKU017128SI,478,390,88
STK-20251210-BR005-SKU017128PI,20251210,BR005,SKU017128PI,447,387,60
STK-20251210-BR005-SKU017256BL,20251210,BR005,SKU017256BL,472,391,81
STK-20251210-BR005-SKU017256SI,20251210,BR005,SKU017256SI,439,394,45
STK-20251210-BR005-SKU017256PI,20251210,BR005,SKU017256PI,412,363,49
STK-20251211-BR000-SKU015128BL,20251211,BR000,SKU015128BL,644,0,644
STK-20251211-BR000-SKU015128SI,20251211,BR000,SKU015128SI,795,0,795
STK-20251211-BR000-SKU015128PI,20251211,BR000,SKU015128PI,930,0,930
STK-20251211-BR000-SKU015256BL,20251211,BR000,SKU015256BL,712,0,712
STK-20251211-BR000-SKU015256SI,20251211,BR000,SKU015256SI,744,0,744
STK-20251211-BR000-SKU015256PI,20251211,BR000,SKU015256PI,985,0,985
STK-20251211-BR000-SKU016128BL,20251211,BR000,SKU016128BL,632,0,632
STK-20251211-BR000-SKU016128SI,20251211,BR000,SKU016128SI,857,0,857
STK-20251211-BR000-SKU016128PI,20251211,BR000,SKU016128PI,686,0,686
STK-20251211-BR000-SKU016256BL,20251211,BR000,SKU016256BL,548,0,548
STK-20251211-BR000-SKU016256SI,20251211,BR000,SKU016256SI,855,0,855
STK-20251211-BR000-SKU016256PI,20251211,BR000,SKU016256PI,881,0,881
STK-20251211-BR000-SKU017128BL,20251211,BR000,SKU017128BL,658,0,658
STK-20251211-BR000-SKU017128SI,20251211,BR000,SKU017128SI,661,0,661
STK-20251211-BR000-SKU017128PI,20251211,BR000,SKU017128PI,617,0,617
STK-20251211-BR000-SKU017256BL,20251211,BR000,SKU017256BL,731,0,731
STK-20251211-BR000-SKU017256SI,20251211,BR000,SKU017256SI,682,0,682
STK-20251211-BR000-SKU017256PI,20251211,BR000,SKU017256PI,891,0,891
STK-20251211-BR001-SKU015128BL,20251211,BR001,SKU015128BL,370,151,219
STK-20251211-BR001-SKU015128SI,20251211,BR001,SKU015128SI,410,161,249
STK-20251211-BR001-SKU015128PI,20251211,BR001,SKU015128PI,400,155,245
STK-20251211-BR001-SKU015256BL,20251211,BR001,SKU015256BL,415,151,264
STK-20251211-BR001-SKU015256SI,20251211,BR001,SKU015256SI,387,154,233
STK-20251211-BR001-SKU015256PI,20251211,BR001,SKU015256PI,346,151,195
STK-20251211-BR001-SKU016128BL,20251211,BR001,SKU016128BL,334,300,34
STK-20251211-BR001-SKU016128SI,20251211,BR001,SKU016128SI,344,294,50
STK-20251211-BR001-SKU016128PI,20251211,BR001,SKU016128PI,285,247,38
STK-20251211-BR001-SKU016256BL,20251211,BR001,SKU016256BL,330,279,51
STK-20251211-BR001-SKU016256SI,20251211,BR001,SKU016256SI,304,273,31
STK-20251211-BR001-SKU016256PI,20251211,BR001,SKU016256PI,304,243,61
STK-20251211-BR001-SKU017128BL,20251211,BR001,SKU017128BL,435,402,33
STK-20251211-BR001-SKU017128SI,20251211,BR001,SKU017128SI,433,387,46
STK-20251211-BR001-SKU017128PI,20251211,BR001,SKU017128PI,417,395,22
STK-20251211-BR001-SKU017256BL,20251211,BR001,SKU017256BL,432,401,31
STK-20251211-BR001-SKU017256SI,20251211,BR001,SKU017256SI,400,365,35
STK-20251211-BR001-SKU017256PI,20251211,BR001,SKU017256PI,380,345,35
STK-20251211-BR002-SKU015128BL,20251211,BR002,SKU015128BL,417,161,256
STK-20251211-BR002-SKU015128SI,20251211,BR002,SKU015128SI,381,145,236
STK-20251211-BR002-SKU015128PI,20251211,BR002,SKU015128PI,376,160,216
STK-20251211-BR002-SKU015256BL,20251211,BR002,SKU015256BL,417,139,278
STK-20251211-BR002-SKU015256SI,20251211,BR002,SKU015256SI,336,158,178
STK-20251211-BR002-SKU015256PI,20251211,BR002,SKU015256PI,416,162,254
STK-20251211-BR002-SKU016128BL,20251211,BR002,SKU016128BL,318,273,45
STK-20251211-BR002-SKU016128SI,20251211,BR002,SKU016128SI,337,253,84
STK-20251211-BR002-SKU016128PI,20251211,BR002,SKU016128PI,312,259,53
STK-20251211-BR002-SKU016256BL,20251211,BR002,SKU016256BL,314,278,36
STK-20251211-BR002-SKU016256SI,20251211,BR002,SKU016256SI,344,275,69
STK-20251211-BR002-SKU016256PI,20251211,BR002,SKU016256PI,315,268,47
STK-20251211-BR002-SKU017128BL,20251211,BR002,SKU017128BL,417,393,24
STK-20251211-BR002-SKU017128SI,20251211,BR002,SKU017128SI,425,383,42
STK-20251211-BR002-SKU017128PI,20251211,BR002,SKU017128PI,434,395,39
STK-20251211-BR002-SKU017256BL,20251211,BR002,SKU017256BL,457,401,56
STK-20251211-BR002-SKU017256SI,20251211,BR002,SKU017256SI,390,375,15
STK-20251211-BR002-SKU017256PI,20251211,BR002,SKU017256PI,438,380,58
STK-20251211-BR003-SKU015128BL,20251211,BR003,SKU015128BL,351,166,185
STK-20251211-BR003-SKU015128SI,20251211,BR003,SKU015128SI,435,156,279
STK-20251211-BR003-SKU015128PI,20251211,BR003,SKU015128PI,402,157,245
STK-20251211-BR003-SKU015256BL,20251211,BR003,SKU015256BL,419,153,266
STK-20251211-BR003-SKU015256SI,20251211,BR003,SKU015256SI,441,167,274
STK-20251211-BR003-SKU015256PI,20251211,BR003,SKU015256PI,353,166,187
STK-20251211-BR003-SKU016128BL,20251211,BR003,SKU016128BL,313,273,40
STK-20251211-BR003-SKU016128SI,20251211,BR003,SKU016128SI,296,268,28
STK-20251211-BR003-SKU016128PI,20251211,BR003,SKU016128PI,346,277,69
STK-20251211-BR003-SKU016256BL,20251211,BR003,SKU016256BL,311,277,34
STK-20251211-BR003-SKU016256SI,20251211,BR003,SKU016256SI,359,284,75
STK-20251211-BR003-SKU016256PI,20251211,BR003,SKU016256PI,299,261,38
STK-20251211-BR003-SKU017128BL,20251211,BR003,SKU017128BL,426,386,40
STK-20251211-BR003-SKU017128SI,20251211,BR003,SKU017128SI,443,378,65
STK-20251211-BR003-SKU017128PI,20251211,BR003,SKU017128PI,409,386,23
STK-20251211-BR003-SKU017256BL,20251211,BR003,SKU017256BL,430,413,17
STK-20251211-BR003-SKU017256SI,20251211,BR003,SKU017256SI,479,431,48
STK-20251211-BR003-SKU017256PI,20251211,BR003,SKU017256PI,459,399,60
STK-20251211-BR004-SKU015128BL,20251211,BR004,SKU015128BL,335,151,184
STK-20251211-BR004-SKU015128SI,20251211,BR004,SKU015128SI,421,159,262
STK-20251211-BR004-SKU015128PI,20251211,BR004,SKU015128PI,412,156,256
STK-20251211-BR004-SKU015256BL,20251211,BR004,SKU015256BL,386,147,239
STK-20251211-BR004-SKU015256SI,20251211,BR004,SKU015256SI,358,148,210
STK-20251211-BR004-SKU015256PI,20251211,BR004,SKU015256PI,389,170,219
STK-20251211-BR004-SKU016128BL,20251211,BR004,SKU016128BL,308,275,33
STK-20251211-BR004-SKU016128SI,20251211,BR004,SKU016128SI,328,275,53
STK-20251211-BR004-SKU016128PI,20251211,BR004,SKU016128PI,298,264,34
STK-20251211-BR004-SKU016256BL,20251211,BR004,SKU016256BL,330,266,64
STK-20251211-BR004-SKU016256SI,20251211,BR004,SKU016256SI,288,252,36
STK-20251211-BR004-SKU016256PI,20251211,BR004,SKU016256PI,296,257,39
STK-20251211-BR004-SKU017128BL,20251211,BR004,SKU017128BL,457,410,47
STK-20251211-BR004-SKU017128SI,20251211,BR004,SKU017128SI,437,384,53
STK-20251211-BR004-SKU017128PI,20251211,BR004,SKU017128PI,475,429,46
STK-20251211-BR004-SKU017256BL,20251211,BR004,SKU017256BL,422,393,29
STK-20251211-BR004-SKU017256SI,20251211,BR004,SKU017256SI,450,397,53
STK-20251211-BR004-SKU017256PI,20251211,BR004,SKU017256PI,416,409,7
STK-20251211-BR005-SKU015128BL,20251211,BR005,SKU015128BL,323,159,164
STK-20251211-BR005-SKU015128SI,20251211,BR005,SKU015128SI,392,150,242
STK-20251211-BR005-SKU015128PI,20251211,BR005,SKU015128PI,361,164,197
STK-20251211-BR005-SKU015256BL,20251211,BR005,SKU015256BL,408,148,260
STK-20251211-BR005-SKU015256SI,20251211,BR005,SKU015256SI,438,146,292
STK-20251211-BR005-SKU015256PI,20251211,BR005,SKU015256PI,407,155,252
STK-20251211-BR005-SKU016128BL,20251211,BR005,SKU016128BL,321,271,50
STK-20251211-BR005-SKU016128SI,20251211,BR005,SKU016128SI,290,267,23
STK-20251211-BR005-SKU016128PI,20251211,BR005,SKU016128PI,303,264,39
STK-20251211-BR005-SKU016256BL,20251211,BR005,SKU016256BL,303,278,25
STK-20251211-BR005-SKU016256SI,20251211,BR005,SKU016256SI,331,257,74
STK-20251211-BR005-SKU016256PI,20251211,BR005,SKU016256PI,326,282,44
STK-20251211-BR005-SKU017128BL,20251211,BR005,SKU017128BL,449,403,46
STK-20251211-BR005-SKU017128SI,20251211,BR005,SKU017128SI,474,396,78
STK-20251211-BR005-SKU017128PI,20251211,BR005,SKU017128PI,443,392,51
STK-20251211-BR005-SKU017256BL,20251211,BR005,SKU017256BL,466,390,76
STK-20251211-BR005-SKU017256SI,20251211,BR005,SKU017256SI,430,399,31
STK-20251211-BR005-SKU017256PI,20251211,BR005,SKU017256PI,409,365,44
STK-20251212-BR000-SKU015128BL,20251212,BR000,SKU015128BL,644,0,644
STK-20251212-BR000-SKU015128SI,20251212,BR000,SKU015128SI,795,0,795
STK-20251212-BR000-SKU015128PI,20251212,BR000,SKU015128PI,930,0,930
STK-20251212-BR000-SKU015256BL,20251212,BR000,SKU015256BL,712,0,712
STK-20251212-BR000-SKU015256SI,20251212,BR000,SKU015256SI,744,0,744
STK-20251212-BR000-SKU015256PI,20251212,BR000,SKU015256PI,985,0,985
STK-20251212-BR000-SKU016128BL,20251212,BR000,SKU016128BL,632,0,632
STK-20251212-BR000-SKU016128SI,20251212,BR000,SKU016128SI,857,0,857
STK-20251212-BR000-SKU016128PI,20251212,BR000,SKU016128PI,686,0,686
STK-20251212-BR000-SKU016256BL,20251212,BR000,SKU016256BL,548,0,548
STK-20251212-BR000-SKU016256SI,20251212,BR000,SKU016256SI,855,0,855
STK-20251212-BR000-SKU016256PI,20251212,BR000,SKU016256PI,881,0,881
STK-20251212-BR000-SKU017128BL,20251212,BR000,SKU017128BL,658,0,658
STK-20251212-BR000-SKU017128SI,20251212,BR000,SKU017128SI,661,0,661
STK-20251212-BR000-SKU017128PI,20251212,BR000,SKU017128PI,617,0,617
STK-20251212-BR000-SKU017256BL,20251212,BR000,SKU017256BL,731,0,731
STK-20251212-BR000-SKU017256SI,20251212,BR000,SKU017256SI,682,0,682
STK-20251212-BR000-SKU017256PI,20251212,BR000,SKU017256PI,891,0,891
STK-20251212-BR001-SKU015128BL,20251212,BR001,SKU015128BL,368,150,218
STK-20251212-BR001-SKU015128SI,20251212,BR001,SKU015128SI,410,162,248
STK-20251212-BR001-SKU015128PI,20251212,BR001,SKU015128PI,400,158,242
STK-20251212-BR001-SKU015256BL,20251212,BR001,SKU015256BL,414,154,260
STK-20251212-BR001-SKU015256SI,20251212,BR001,SKU015256SI,387,155,232
STK-20251212-BR001-SKU015256PI,20251212,BR001,SKU015256PI,346,152,194
STK-20251212-BR001-SKU016128BL,20251212,BR001,SKU016128BL,329,303,26
STK-20251212-BR001-SKU016128SI,20251212,BR001,SKU016128SI,344,300,44
STK-20251212-BR001-SKU016128PI,20251212,BR001,SKU016128PI,285,249,36
STK-20251212-BR001-SKU016256BL,20251212,BR001,SKU016256BL,322,274,48
STK-20251212-BR001-SKU016256SI,20251212,BR001,SKU016256SI,292,268,24
STK-20251212-BR001-SKU016256PI,20251212,BR001,SKU016256PI,304,248,56
STK-20251212-BR001-SKU017128BL,20251212,BR001,SKU017128BL,435,413,22
STK-20251212-BR001-SKU017128SI,20251212,BR001,SKU017128SI,433,394,39
STK-20251212-BR001-SKU017128PI,20251212,BR001,SKU017128PI,411,400,11
STK-20251212-BR001-SKU017256BL,20251212,BR001,SKU017256BL,417,399,18
STK-20251212-BR001-SKU017256SI,20251212,BR001,SKU017256SI,400,380,20
STK-20251212-BR001-SKU017256PI,20251212,BR001,SKU017256PI,377,356,21
STK-20251212-BR002-SKU015128BL,20251212,BR002,SKU015128BL,415,163,252
STK-20251212-BR002-SKU015128SI,20251212,BR002,SKU015128SI,381,151,230
STK-20251212-BR002-SKU015128PI,20251212,BR002,SKU015128PI,376,165,211
STK-20251212-BR002-SKU015256BL,20251212,BR002,SKU015256BL,417,143,274
STK-20251212-BR002-SKU015256SI,20251212,BR002,SKU015256SI,336,159,177
STK-20251212-BR002-SKU015256PI,20251212,BR002,SKU015256PI,416,167,249
STK-20251212-BR002-SKU016128BL,20251212,BR002,SKU016128BL,318,282,36
STK-20251212-BR002-SKU016128SI,20251212,BR002,SKU016128SI,337,259,78
STK-20251212-BR002-SKU016128PI,20251212,BR002,SKU016128PI,310,260,50
STK-20251212-BR002-SKU016256BL,20251212,BR002,SKU016256BL,310,282,28
STK-20251212-BR002-SKU016256SI,20251212,BR002,SKU016256SI,344,282,62
STK-20251212-BR002-SKU016256PI,20251212,BR002,SKU016256PI,311,266,45
STK-20251212-BR002-SKU017128BL,20251212,BR002,SKU017128BL,417,401,16
STK-20251212-BR002-SKU017128SI,20251212,BR002,SKU017128SI,425,391,34
STK-20251212-BR002-SKU017128PI,20251212,BR002,SKU017128PI,434,402,32
STK-20251212-BR002-SKU017256BL,20251212,BR002,SKU017256BL,450,407,43
STK-20251212-BR002-SKU017256SI,20251212,BR002,SKU017256SI,390,380,10
STK-20251212-BR002-SKU017256PI,20251212,BR002,SKU017256PI,429,383,46
STK-20251212-BR003-SKU015128BL,20251212,BR003,SKU015128BL,344,162,182
STK-20251212-BR003-SKU015128SI,20251212,BR003,SKU015128SI,435,159,276
STK-20251212-BR003-SKU015128PI,20251212,BR003,SKU015128PI,399,158,241
STK-20251212-BR003-SKU015256BL,20251212,BR003,SKU015256BL,414,149,265
STK-20251212-BR003-SKU015256SI,20251212,BR003,SKU015256SI,440,171,269
STK-20251212-BR003-SKU015256PI,20251212,BR003,SKU015256PI,352,168,184
STK-20251212-BR003-SKU016128BL,20251212,BR003,SKU016128BL,305,271,34
STK-20251212-BR003-SKU016128SI,20251212,BR003,SKU016128SI,292,273,19
STK-20251212-BR003-SKU016128PI,20251212,BR003,SKU016128PI,338,277,61
STK-20251212-BR003-SKU016256BL,20251212,BR003,SKU016256BL,304,281,23
STK-20251212-BR003-SKU016256SI,20251212,BR003,SKU016256SI,359,288,71
STK-20251212-BR003-SKU016256PI,20251212,BR003,SKU016256PI,294,263,31
STK-20251212-BR003-SKU017128BL,20251212,BR003,SKU017128BL,413,388,25
STK-20251212-BR003-SKU017128SI,20251212,BR003,SKU017128SI,443,389,54
STK-20251212-BR003-SKU017128PI,20251212,BR003,SKU017128PI,403,392,11
STK-20251212-BR003-SKU017256BL,20251212,BR003,SKU017256BL,428,421,7
STK-20251212-BR003-SKU017256SI,20251212,BR003,SKU017256SI,457,420,37
STK-20251212-BR003-SKU017256PI,20251212,BR003,SKU017256PI,447,393,54
STK-20251212-BR004-SKU015128BL,20251212,BR004,SKU015128BL,335,155,180
STK-20251212-BR004-SKU015128SI,20251212,BR004,SKU015128SI,421,162,259
STK-20251212-BR004-SKU015128PI,20251212,BR004,SKU015128PI,411,161,250
STK-20251212-BR004-SKU015256BL,20251212,BR004,SKU015256BL,386,148,238
STK-20251212-BR004-SKU015256SI,20251212,BR004,SKU015256SI,353,146,207
STK-20251212-BR004-SKU015256PI,20251212,BR004,SKU015256PI,388,172,216
STK-20251212-BR004-SKU016128BL,20251212,BR004,SKU016128BL,303,274,29
STK-20251212-BR004-SKU016128SI,20251212,BR004,SKU016128SI,328,278,50
STK-20251212-BR004-SKU016128PI,20251212,BR004,SKU016128PI,288,260,28
STK-20251212-BR004-SKU016256BL,20251212,BR004,SKU016256BL,317,259,58
STK-20251212-BR004-SKU016256SI,20251212,BR004,SKU016256SI,288,261,27
STK-20251212-BR004-SKU016256PI,20251212,BR004,SKU016256PI,289,261,28
STK-20251212-BR004-SKU017128BL,20251212,BR004,SKU017128BL,457,417,40
STK-20251212-BR004-SKU017128SI,20251212,BR004,SKU017128SI,430,389,41
STK-20251212-BR004-SKU017128PI,20251212,BR004,SKU017128PI,463,425,38
STK-20251212-BR004-SKU017256BL,20251212,BR004,SKU017256BL,422,404,18
STK-20251212-BR004-SKU017256SI,20251212,BR004,SKU017256SI,436,390,46
STK-20251212-BR004-SKU017256PI,20251212,BR004,SKU017256PI,438,414,24
STK-20251212-BR005-SKU015128BL,20251212,BR005,SKU015128BL,321,158,163
STK-20251212-BR005-SKU015128SI,20251212,BR005,SKU015128SI,390,152,238
STK-20251212-BR005-SKU015128PI,20251212,BR005,SKU015128PI,361,165,196
STK-20251212-BR005-SKU015256BL,20251212,BR005,SKU015256BL,408,150,258
STK-20251212-BR005-SKU015256SI,20251212,BR005,SKU015256SI,438,148,290
STK-20251212-BR005-SKU015256PI,20251212,BR005,SKU015256PI,407,157,250
STK-20251212-BR005-SKU016128BL,20251212,BR005,SKU016128BL,311,270,41
STK-20251212-BR005-SKU016128SI,20251212,BR005,SKU016128SI,282,266,16
STK-20251212-BR005-SKU016128PI,20251212,BR005,SKU016128PI,297,262,35
STK-20251212-BR005-SKU016256BL,20251212,BR005,SKU016256BL,298,284,14
STK-20251212-BR005-SKU016256SI,20251212,BR005,SKU016256SI,331,268,63
STK-20251212-BR005-SKU016256PI,20251212,BR005,SKU016256PI,318,278,40
STK-20251212-BR005-SKU017128BL,20251212,BR005,SKU017128BL,449,417,32
STK-20251212-BR005-SKU017128SI,20251212,BR005,SKU017128SI,470,400,70
STK-20251212-BR005-SKU017128PI,20251212,BR005,SKU017128PI,429,391,38
STK-20251212-BR005-SKU017256BL,20251212,BR005,SKU017256BL,457,394,63
STK-20251212-BR005-SKU017256SI,20251212,BR005,SKU017256SI,427,413,14
STK-20251212-BR005-SKU017256PI,20251212,BR005,SKU017256PI,398,360,38
STK-20251213-BR000-SKU015128BL,20251213,BR000,SKU015128BL,644,0,644
STK-20251213-BR000-SKU015128SI,20251213,BR000,SKU015128SI,795,0,795
STK-20251213-BR000-SKU015128PI,20251213,BR000,SKU015128PI,930,0,930
STK-20251213-BR000-SKU015256BL,20251213,BR000,SKU015256BL,712,0,712
STK-20251213-BR000-SKU015256SI,20251213,BR000,SKU015256SI,744,0,744
STK-20251213-BR000-SKU015256PI,20251213,BR000,SKU015256PI,985,0,985
STK-20251213-BR000-SKU016128BL,20251213,BR000,SKU016128BL,632,0,632
STK-20251213-BR000-SKU016128SI,20251213,BR000,SKU016128SI,857,0,857
STK-20251213-BR000-SKU016128PI,20251213,BR000,SKU016128PI,686,0,686
STK-20251213-BR000-SKU016256BL,20251213,BR000,SKU016256BL,548,0,548
STK-20251213-BR000-SKU016256SI,20251213,BR000,SKU016256SI,855,0,855
STK-20251213-BR000-SKU016256PI,20251213,BR000,SKU016256PI,881,0,881
STK-20251213-BR000-SKU017128BL,20251213,BR000,SKU017128BL,658,0,658
STK-20251213-BR000-SKU017128SI,20251213,BR000,SKU017128SI,661,0,661
STK-20251213-BR000-SKU017128PI,20251213,BR000,SKU017128PI,617,0,617
STK-20251213-BR000-SKU017256BL,20251213,BR000,SKU017256BL,731,0,731
STK-20251213-BR000-SKU017256SI,20251213,BR000,SKU017256SI,682,0,682
STK-20251213-BR000-SKU017256PI,20251213,BR000,SKU017256PI,891,0,891
STK-20251213-BR001-SKU015128BL,20251213,BR001,SKU015128BL,368,157,211
STK-20251213-BR001-SKU015128SI,20251213,BR001,SKU015128SI,410,165,245
STK-20251213-BR001-SKU015128PI,20251213,BR001,SKU015128PI,396,158,238
STK-20251213-BR001-SKU015256BL,20251213,BR001,SKU015256BL,414,157,257
STK-20251213-BR001-SKU015256SI,20251213,BR001,SKU015256SI,384,153,231
STK-20251213-BR001-SKU015256PI,20251213,BR001,SKU015256PI,346,153,193
STK-20251213-BR001-SKU016128BL,20251213,BR001,SKU016128BL,329,310,19
STK-20251213-BR001-SKU016128SI,20251213,BR001,SKU016128SI,322,287,35
STK-20251213-BR001-SKU016128PI,20251213,BR001,SKU016128PI,283,252,31
STK-20251213-BR001-SKU016256BL,20251213,BR001,SKU016256BL,322,280,42
STK-20251213-BR001-SKU016256SI,20251213,BR001,SKU016256SI,291,277,14
STK-20251213-BR001-SKU016256PI,20251213,BR001,SKU016256PI,301,252,49
STK-20251213-BR001-SKU017128BL,20251213,BR001,SKU017128BL,421,408,13
STK-20251213-BR001-SKU017128SI,20251213,BR001,SKU017128SI,430,398,32
STK-20251213-BR001-SKU017128PI,20251213,BR001,SKU017128PI,401,396,5
STK-20251213-BR001-SKU017256BL,20251213,BR001,SKU017256BL,415,411,4
STK-20251213-BR001-SKU017256SI,20251213,BR001,SKU017256SI,398,386,12
STK-20251213-BR001-SKU017256PI,20251213,BR001,SKU017256PI,377,365,12
STK-20251213-BR002-SKU015128BL,20251213,BR002,SKU015128BL,411,160,251
STK-20251213-BR002-SKU015128SI,20251213,BR002,SKU015128SI,381,156,225
STK-20251213-BR002-SKU015128PI,20251213,BR002,SKU015128PI,376,172,204
STK-20251213-BR002-SKU015256BL,20251213,BR002,SKU015256BL,413,146,267
STK-20251213-BR002-SKU015256SI,20251213,BR002,SKU015256SI,333,161,172
STK-20251213-BR002-SKU015256PI,20251213,BR002,SKU015256PI,414,167,247
STK-20251213-BR002-SKU016128BL,20251213,BR002,SKU016128BL,318,294,24
STK-20251213-BR002-SKU016128SI,20251213,BR002,SKU016128SI,337,264,73
STK-20251213-BR002-SKU016128PI,20251213,BR002,SKU016128PI,309,266,43
STK-20251213-BR002-SKU016256BL,20251213,BR002,SKU016256BL,305,282,23
STK-20251213-BR002-SKU016256SI,20251213,BR002,SKU016256SI,337,277,60
STK-20251213-BR002-SKU016256PI,20251213,BR002,SKU016256PI,306,264,42
STK-20251213-BR002-SKU017128BL,20251213,BR002,SKU017128BL,404,398,6
STK-20251213-BR002-SKU017128SI,20251213,BR002,SKU017128SI,414,392,22
STK-20251213-BR002-SKU017128PI,20251213,BR002,SKU017128PI,434,413,21
STK-20251213-BR002-SKU017256BL,20251213,BR002,SKU017256BL,443,413,30
STK-20251213-BR002-SKU017256SI,20251213,BR002,SKU017256SI,416,392,24
STK-20251213-BR002-SKU017256PI,20251213,BR002,SKU017256PI,419,385,34
STK-20251213-BR003-SKU015128BL,20251213,BR003,SKU015128BL,344,163,181
STK-20251213-BR003-SKU015128SI,20251213,BR003,SKU015128SI,434,162,272
STK-20251213-BR003-SKU015128PI,20251213,BR003,SKU015128PI,399,162,237
STK-20251213-BR003-SKU015256BL,20251213,BR003,SKU015256BL,412,148,264
STK-20251213-BR003-SKU015256SI,20251213,BR003,SKU015256SI,440,172,268
STK-20251213-BR003-SKU015256PI,20251213,BR003,SKU015256PI,349,168,181
STK-20251213-BR003-SKU016128BL,20251213,BR003,SKU016128BL,300,274,26
STK-20251213-BR003-SKU016128SI,20251213,BR003,SKU016128SI,288,272,16
STK-20251213-BR003-SKU016128PI,20251213,BR003,SKU016128PI,338,285,53
STK-20251213-BR003-SKU016256BL,20251213,BR003,SKU016256BL,293,275,18
STK-20251213-BR003-SKU016256SI,20251213,BR003,SKU016256SI,359,296,63
STK-20251213-BR003-SKU016256PI,20251213,BR003,SKU016256PI,294,265,29
STK-20251213-BR003-SKU017128BL,20251213,BR003,SKU017128BL,413,401,12
STK-20251213-BR003-SKU017128SI,20251213,BR003,SKU017128SI,443,395,48
STK-20251213-BR003-SKU017128PI,20251213,BR003,SKU017128PI,422,398,24
STK-20251213-BR003-SKU017256BL,20251213,BR003,SKU017256BL,446,418,28
STK-20251213-BR003-SKU017256SI,20251213,BR003,SKU017256SI,457,426,31
STK-20251213-BR003-SKU017256PI,20251213,BR003,SKU017256PI,447,400,47
STK-20251213-BR004-SKU015128BL,20251213,BR004,SKU015128BL,332,158,174
STK-20251213-BR004-SKU015128SI,20251213,BR004,SKU015128SI,419,164,255
STK-20251213-BR004-SKU015128PI,20251213,BR004,SKU015128PI,410,161,249
STK-20251213-BR004-SKU015256BL,20251213,BR004,SKU015256BL,386,149,237
STK-20251213-BR004-SKU015256SI,20251213,BR004,SKU015256SI,353,148,205
STK-20251213-BR004-SKU015256PI,20251213,BR004,SKU015256PI,383,170,213
STK-20251213-BR004-SKU016128BL,20251213,BR004,SKU016128BL,303,278,25
STK-20251213-BR004-SKU016128SI,20251213,BR004,SKU016128SI,328,279,49
STK-20251213-BR004-SKU016128PI,20251213,BR004,SKU016128PI,284,263,21
STK-20251213-BR004-SKU016256BL,20251213,BR004,SKU016256BL,314,262,52
STK-20251213-BR004-SKU016256SI,20251213,BR004,SKU016256SI,288,271,17
STK-20251213-BR004-SKU016256PI,20251213,BR004,SKU016256PI,284,268,16
STK-20251213-BR004-SKU017128BL,20251213,BR004,SKU017128BL,457,431,26
STK-20251213-BR004-SKU017128SI,20251213,BR004,SKU017128SI,425,396,29
STK-20251213-BR004-SKU017128PI,20251213,BR004,SKU017128PI,457,427,30
STK-20251213-BR004-SKU017256BL,20251213,BR004,SKU017256BL,422,417,5
STK-20251213-BR004-SKU017256SI,20251213,BR004,SKU017256SI,427,392,35
STK-20251213-BR004-SKU017256PI,20251213,BR004,SKU017256PI,428,418,10
STK-20251213-BR005-SKU015128BL,20251213,BR005,SKU015128BL,318,159,159
STK-20251213-BR005-SKU015128SI,20251213,BR005,SKU015128SI,390,153,237
STK-20251213-BR005-SKU015128PI,20251213,BR005,SKU015128PI,359,168,191
STK-20251213-BR005-SKU015256BL,20251213,BR005,SKU015256BL,408,151,257
STK-20251213-BR005-SKU015256SI,20251213,BR005,SKU015256SI,435,147,288
STK-20251213-BR005-SKU015256PI,20251213,BR005,SKU015256PI,407,158,249
STK-20251213-BR005-SKU016128BL,20251213,BR005,SKU016128BL,300,263,37
STK-20251213-BR005-SKU016128SI,20251213,BR005,SKU016128SI,282,276,6
STK-20251213-BR005-SKU016128PI,20251213,BR005,SKU016128PI,291,268,23
STK-20251213-BR005-SKU016256BL,20251213,BR005,SKU016256BL,293,284,9
STK-20251213-BR005-SKU016256SI,20251213,BR005,SKU016256SI,331,273,58
STK-20251213-BR005-SKU016256PI,20251213,BR005,SKU016256PI,318,288,30
STK-20251213-BR005-SKU017128BL,20251213,BR005,SKU017128BL,440,416,24
STK-20251213-BR005-SKU017128SI,20251213,BR005,SKU017128SI,470,412,58
STK-20251213-BR005-SKU017128PI,20251213,BR005,SKU017128PI,418,387,31
STK-20251213-BR005-SKU017256BL,20251213,BR005,SKU017256BL,457,404,53
STK-20251213-BR005-SKU017256SI,20251213,BR005,SKU017256SI,427,427,0
STK-20251213-BR005-SKU017256PI,20251213,BR005,SKU017256PI,398,365,33
STK-20251214-BR000-SKU015128BL,20251214,BR000,SKU015128BL,644,0,644
STK-20251214-BR000-SKU015128SI,20251214,BR000,SKU015128SI,795,0,795
STK-20251214-BR000-SKU015128PI,20251214,BR000,SKU015128PI,930,0,930
STK-20251214-BR000-SKU015256BL,20251214,BR000,SKU015256BL,712,0,712
STK-20251214-BR000-SKU015256SI,20251214,BR000,SKU015256SI,744,0,744
STK-20251214-BR000-SKU015256PI,20251214,BR000,SKU015256PI,985,0,985
STK-20251214-BR000-SKU016128BL,20251214,BR000,SKU016128BL,632,0,632
STK-20251214-BR000-SKU016128SI,20251214,BR000,SKU016128SI,857,0,857
STK-20251214-BR000-SKU016128PI,20251214,BR000,SKU016128PI,686,0,686
STK-20251214-BR000-SKU016256BL,20251214,BR000,SKU016256BL,548,0,548
STK-20251214-BR000-SKU016256SI,20251214,BR000,SKU016256SI,855,0,855
STK-20251214-BR000-SKU016256PI,20251214,BR000,SKU016256PI,881,0,881
STK-20251214-BR000-SKU017128BL,20251214,BR000,SKU017128BL,658,0,658
STK-20251214-BR000-SKU017128SI,20251214,BR000,SKU017128SI,661,0,661
STK-20251214-BR000-SKU017128PI,20251214,BR000,SKU017128PI,617,0,617
STK-20251214-BR000-SKU017256BL,20251214,BR000,SKU017256BL,731,0,731
STK-20251214-BR000-SKU017256SI,20251214,BR000,SKU017256SI,682,0,682
STK-20251214-BR000-SKU017256PI,20251214,BR000,SKU017256PI,891,0,891
STK-20251214-BR001-SKU015128BL,20251214,BR001,SKU015128BL,360,153,207
STK-20251214-BR001-SKU015128SI,20251214,BR001,SKU015128SI,408,165,243
STK-20251214-BR001-SKU015128PI,20251214,BR001,SKU015128PI,394,159,235
STK-20251214-BR001-SKU015256BL,20251214,BR001,SKU015256BL,414,158,256
STK-20251214-BR001-SKU015256SI,20251214,BR001,SKU015256SI,383,155,228
STK-20251214-BR001-SKU015256PI,20251214,BR001,SKU015256PI,346,155,191
STK-20251214-BR001-SKU016128BL,20251214,BR001,SKU016128BL,325,312,13
STK-20251214-BR001-SKU016128SI,20251214,BR001,SKU016128SI,322,295,27
STK-20251214-BR001-SKU016128PI,20251214,BR001,SKU016128PI,283,260,23
STK-20251214-BR001-SKU016256BL,20251214,BR001,SKU016256BL,316,281,35
STK-20251214-BR001-SKU016256SI,20251214,BR001,SKU016256SI,289,280,9
STK-20251214-BR001-SKU016256PI,20251214,BR001,SKU016256PI,301,255,46
STK-20251214-BR001-SKU017128BL,20251214,BR001,SKU017128BL,408,404,4
STK-20251214-BR001-SKU017128SI,20251214,BR001,SKU017128SI,416,391,25
STK-20251214-BR001-SKU017128PI,20251214,BR001,SKU017128PI,440,406,34
STK-20251214-BR001-SKU017256BL,20251214,BR001,SKU017256BL,439,418,21
STK-20251214-BR001-SKU017256SI,20251214,BR001,SKU017256SI,388,383,5
STK-20251214-BR001-SKU017256PI,20251214,BR001,SKU017256PI,377,375,2
STK-20251214-BR002-SKU015128BL,20251214,BR002,SKU015128BL,411,164,247
STK-20251214-BR002-SKU015128SI,20251214,BR002,SKU015128SI,378,158,220
STK-20251214-BR002-SKU015128PI,20251214,BR002,SKU015128PI,372,169,203
STK-20251214-BR002-SKU015256BL,20251214,BR002,SKU015256BL,410,145,265
STK-20251214-BR002-SKU015256SI,20251214,BR002,SKU015256SI,331,161,170
STK-20251214-BR002-SKU015256PI,20251214,BR002,SKU015256PI,414,174,240
STK-20251214-BR002-SKU016128BL,20251214,BR002,SKU016128BL,294,274,20
STK-20251214-BR002-SKU016128SI,20251214,BR002,SKU016128SI,332,263,69
STK-20251214-BR002-SKU016128PI,20251214,BR002,SKU016128PI,302,264,38
STK-20251214-BR002-SKU016256BL,20251214,BR002,SKU016256BL,302,286,16
STK-20251214-BR002-SKU016256SI,20251214,BR002,SKU016256SI,331,277,54
STK-20251214-BR002-SKU016256PI,20251214,BR002,SKU016256PI,306,269,37
STK-20251214-BR002-SKU017128BL,20251214,BR002,SKU017128BL,404,403,1
STK-20251214-BR002-SKU017128SI,20251214,BR002,SKU017128SI,411,398,13
STK-20251214-BR002-SKU017128PI,20251214,BR002,SKU017128PI,424,411,13
STK-20251214-BR002-SKU017256BL,20251214,BR002,SKU017256BL,429,404,25
STK-20251214-BR002-SKU017256SI,20251214,BR002,SKU017256SI,409,399,10
STK-20251214-BR002-SKU017256PI,20251214,BR002,SKU017256PI,408,391,17
STK-20251214-BR003-SKU015128BL,20251214,BR003,SKU015128BL,344,168,176
STK-20251214-BR003-SKU015128SI,20251214,BR003,SKU015128SI,434,167,267
STK-20251214-BR003-SKU015128PI,20251214,BR003,SKU015128PI,397,161,236
STK-20251214-BR003-SKU015256BL,20251214,BR003,SKU015256BL,412,155,257
STK-20251214-BR003-SKU015256SI,20251214,BR003,SKU015256SI,433,168,265
STK-20251214-BR003-SKU015256PI,20251214,BR003,SKU015256PI,349,172,177
STK-20251214-BR003-SKU016128BL,20251214,BR003,SKU016128BL,300,278,22
STK-20251214-BR003-SKU016128SI,20251214,BR003,SKU016128SI,283,274,9
STK-20251214-BR003-SKU016128PI,20251214,BR003,SKU016128PI,338,287,51
STK-20251214-BR003-SKU016256BL,20251214,BR003,SKU016256BL,293,282,11
STK-20251214-BR003-SKU016256SI,20251214,BR003,SKU016256SI,356,298,58
STK-20251214-BR003-SKU016256PI,20251214,BR003,SKU016256PI,291,263,28
STK-20251214-BR003-SKU017128BL,20251214,BR003,SKU017128BL,405,397,8
STK-20251214-BR003-SKU017128SI,20251214,BR003,SKU017128SI,426,383,43
STK-20251214-BR003-SKU017128PI,20251214,BR003,SKU017128PI,415,399,16
STK-20251214-BR003-SKU017256BL,20251214,BR003,SKU017256BL,425,413,12
STK-20251214-BR003-SKU017256SI,20251214,BR003,SKU017256SI,457,434,23
STK-20251214-BR003-SKU017256PI,20251214,BR003,SKU017256PI,445,414,31
STK-20251214-BR004-SKU015128BL,20251214,BR004,SKU015128BL,332,159,173
STK-20251214-BR004-SKU015128SI,20251214,BR004,SKU015128SI,419,168,251
STK-20251214-BR004-SKU015128PI,20251214,BR004,SKU015128PI,407,165,242
STK-20251214-BR004-SKU015256BL,20251214,BR004,SKU015256BL,386,152,234
STK-20251214-BR004-SKU015256SI,20251214,BR004,SKU015256SI,353,151,202
STK-20251214-BR004-SKU015256PI,20251214,BR004,SKU015256PI,380,168,212
STK-20251214-BR004-SKU016128BL,20251214,BR004,SKU016128BL,294,274,20
STK-20251214-BR004-SKU016128SI,20251214,BR004,SKU016128SI,326,284,42
STK-20251214-BR004-SKU016128PI,20251214,BR004,SKU016128PI,284,264,20
STK-20251214-BR004-SKU016256BL,20251214,BR004,SKU016256BL,307,259,48
STK-20251214-BR004-SKU016256SI,20251214,BR004,SKU016256SI,280,268,12
STK-20251214-BR004-SKU016256PI,20251214,BR004,SKU016256PI,284,275,9
STK-20251214-BR004-SKU017128BL,20251214,BR004,SKU017128BL,442,423,19
STK-20251214-BR004-SKU017128SI,20251214,BR004,SKU017128SI,425,409,16
STK-20251214-BR004-SKU017128PI,20251214,BR004,SKU017128PI,457,435,22
STK-20251214-BR004-SKU017256BL,20251214,BR004,SKU017256BL,467,431,36
STK-20251214-BR004-SKU017256SI,20251214,BR004,SKU017256SI,423,399,24
STK-20251214-BR004-SKU017256PI,20251214,BR004,SKU017256PI,414,410,4
STK-20251214-BR005-SKU015128BL,20251214,BR005,SKU015128BL,318,164,154
STK-20251214-BR005-SKU015128SI,20251214,BR005,SKU015128SI,390,157,233
STK-20251214-BR005-SKU015128PI,20251214,BR005,SKU015128PI,356,167,189
STK-20251214-BR005-SKU015256BL,20251214,BR005,SKU015256BL,408,155,253
STK-20251214-BR005-SKU015256SI,20251214,BR005,SKU015256SI,435,148,287
STK-20251214-BR005-SKU015256PI,20251214,BR005,SKU015256PI,407,159,248
STK-20251214-BR005-SKU016128BL,20251214,BR005,SKU016128BL,300,273,27
STK-20251214-BR005-SKU016128SI,20251214,BR005,SKU016128SI,282,281,1
STK-20251214-BR005-SKU016128PI,20251214,BR005,SKU016128PI,283,271,12
STK-20251214-BR005-SKU016256BL,20251214,BR005,SKU016256BL,317,294,23
STK-20251214-BR005-SKU016256SI,20251214,BR005,SKU016256SI,331,281,50
STK-20251214-BR005-SKU016256PI,20251214,BR005,SKU016256PI,311,292,19
STK-20251214-BR005-SKU017128BL,20251214,BR005,SKU017128BL,440,428,12
STK-20251214-BR005-SKU017128SI,20251214,BR005,SKU017128SI,464,411,53
STK-20251214-BR005-SKU017128PI,20251214,BR005,SKU017128PI,418,396,22
STK-20251214-BR005-SKU017256BL,20251214,BR005,SKU017256BL,441,394,47
STK-20251214-BR005-SKU017256SI,20251214,BR005,SKU017256SI,439,419,20
STK-20251214-BR005-SKU017256PI,20251214,BR005,SKU017256PI,398,378,20
STK-20251215-BR000-SKU015128BL,20251215,BR000,SKU015128BL,644,0,644
STK-20251215-BR000-SKU015128SI,20251215,BR000,SKU015128SI,795,0,795
STK-20251215-BR000-SKU015128PI,20251215,BR000,SKU015128PI,930,0,930
STK-20251215-BR000-SKU015256BL,20251215,BR000,SKU015256BL,712,0,712
STK-20251215-BR000-SKU015256SI,20251215,BR000,SKU015256SI,744,0,744
STK-20251215-BR000-SKU015256PI,20251215,BR000,SKU015256PI,985,0,985
STK-20251215-BR000-SKU016128BL,20251215,BR000,SKU016128BL,632,0,632
STK-20251215-BR000-SKU016128SI,20251215,BR000,SKU016128SI,857,0,857
STK-20251215-BR000-SKU016128PI,20251215,BR000,SKU016128PI,686,0,686
STK-20251215-BR000-SKU016256BL,20251215,BR000,SKU016256BL,548,0,548
STK-20251215-BR000-SKU016256SI,20251215,BR000,SKU016256SI,855,0,855
STK-20251215-BR000-SKU016256PI,20251215,BR000,SKU016256PI,881,0,881
STK-20251215-BR000-SKU017128BL,20251215,BR000,SKU017128BL,658,0,658
STK-20251215-BR000-SKU017128SI,20251215,BR000,SKU017128SI,661,0,661
STK-20251215-BR000-SKU017128PI,20251215,BR000,SKU017128PI,617,0,617
STK-20251215-BR000-SKU017256BL,20251215,BR000,SKU017256BL,731,0,731
STK-20251215-BR000-SKU017256SI,20251215,BR000,SKU017256SI,682,0,682
STK-20251215-BR000-SKU017256PI,20251215,BR000,SKU017256PI,891,0,891
STK-20251215-BR001-SKU015128BL,20251215,BR001,SKU015128BL,358,156,202
STK-20251215-BR001-SKU015128SI,20251215,BR001,SKU015128SI,408,171,237
STK-20251215-BR001-SKU015128PI,20251215,BR001,SKU015128PI,394,163,231
STK-20251215-BR001-SKU015256BL,20251215,BR001,SKU015256BL,409,154,255
STK-20251215-BR001-SKU015256SI,20251215,BR001,SKU015256SI,383,158,225
STK-20251215-BR001-SKU015256PI,20251215,BR001,SKU015256PI,345,155,190
STK-20251215-BR001-SKU016128BL,20251215,BR001,SKU016128BL,320,318,2
STK-20251215-BR001-SKU016128SI,20251215,BR001,SKU016128SI,322,296,26
STK-20251215-BR001-SKU016128PI,20251215,BR001,SKU016128PI,279,259,20
STK-20251215-BR001-SKU016256BL,20251215,BR001,SKU016256BL,316,289,27
STK-20251215-BR001-SKU016256SI,20251215,BR001,SKU016256SI,289,285,4
STK-20251215-BR001-SKU016256PI,20251215,BR001,SKU016256PI,301,261,40
STK-20251215-BR001-SKU017128BL,20251215,BR001,SKU017128BL,408,408,0
STK-20251215-BR001-SKU017128SI,20251215,BR001,SKU017128SI,407,387,20
STK-20251215-BR001-SKU017128PI,20251215,BR001,SKU017128PI,440,423,17
STK-20251215-BR001-SKU017256BL,20251215,BR001,SKU017256BL,439,434,5
STK-20251215-BR001-SKU017256SI,20251215,BR001,SKU017256SI,392,369,23
STK-20251215-BR001-SKU017256PI,20251215,BR001,SKU017256PI,402,374,28
STK-20251215-BR002-SKU015128BL,20251215,BR002,SKU015128BL,407,165,242
STK-20251215-BR002-SKU015128SI,20251215,BR002,SKU015128SI,376,160,216
STK-20251215-BR002-SKU015128PI,20251215,BR002,SKU015128PI,366,166,200
STK-20251215-BR002-SKU015256BL,20251215,BR002,SKU015256BL,409,149,260
STK-20251215-BR002-SKU015256SI,20251215,BR002,SKU015256SI,331,162,169
STK-20251215-BR002-SKU015256PI,20251215,BR002,SKU015256PI,413,174,239
STK-20251215-BR002-SKU016128BL,20251215,BR002,SKU016128BL,294,279,15
STK-20251215-BR002-SKU016128SI,20251215,BR002,SKU016128SI,332,266,66
STK-20251215-BR002-SKU016128PI,20251215,BR002,SKU016128PI,302,275,27
STK-20251215-BR002-SKU016256BL,20251215,BR002,SKU016256BL,300,291,9
STK-20251215-BR002-SKU016256SI,20251215,BR002,SKU016256SI,331,286,45
STK-20251215-BR002-SKU016256PI,20251215,BR002,SKU016256PI,304,279,25
STK-20251215-BR002-SKU017128BL,20251215,BR002,SKU017128BL,453,417,36
STK-20251215-BR002-SKU017128SI,20251215,BR002,SKU017128SI,430,407,23
STK-20251215-BR002-SKU017128PI,20251215,BR002,SKU017128PI,424,417,7
STK-20251215-BR002-SKU017256BL,20251215,BR002,SKU017256BL,429,421,8
STK-20251215-BR002-SKU017256SI,20251215,BR002,SKU017256SI,429,404,25
STK-20251215-BR002-SKU017256PI,20251215,BR002,SKU017256PI,408,406,2
STK-20251215-BR003-SKU015128BL,20251215,BR003,SKU015128BL,339,164,175
STK-20251215-BR003-SKU015128SI,20251215,BR003,SKU015128SI,428,167,261
STK-20251215-BR003-SKU015128PI,20251215,BR003,SKU015128PI,397,162,235
STK-20251215-BR003-SKU015256BL,20251215,BR003,SKU015256BL,412,158,254
STK-20251215-BR003-SKU015256SI,20251215,BR003,SKU015256SI,432,168,264
STK-20251215-BR003-SKU015256PI,20251215,BR003,SKU015256PI,347,176,171
STK-20251215-BR003-SKU016128BL,20251215,BR003,SKU016128BL,297,284,13
STK-20251215-BR003-SKU016128SI,20251215,BR003,SKU016128SI,274,269,5
STK-20251215-BR003-SKU016128PI,20251215,BR003,SKU016128PI,338,292,46
STK-20251215-BR003-SKU016256BL,20251215,BR003,SKU016256BL,289,284,5
STK-20251215-BR003-SKU016256SI,20251215,BR003,SKU016256SI,355,304,51
STK-20251215-BR003-SKU016256PI,20251215,BR003,SKU016256PI,284,268,16
STK-20251215-BR003-SKU017128BL,20251215,BR003,SKU017128BL,441,403,38
STK-20251215-BR003-SKU017128SI,20251215,BR003,SKU017128SI,406,372,34
STK-20251215-BR003-SKU017128PI,20251215,BR003,SKU017128PI,415,412,3
STK-20251215-BR003-SKU017256BL,20251215,BR003,SKU017256BL,414,409,5
STK-20251215-BR003-SKU017256SI,20251215,BR003,SKU017256SI,454,441,13
STK-20251215-BR003-SKU017256PI,20251215,BR003,SKU017256PI,431,407,24
STK-20251215-BR004-SKU015128BL,20251215,BR004,SKU015128BL,332,162,170
STK-20251215-BR004-SKU015128SI,20251215,BR004,SKU015128SI,417,169,248
STK-20251215-BR004-SKU015128PI,20251215,BR004,SKU015128PI,407,172,235
STK-20251215-BR004-SKU015256BL,20251215,BR004,SKU015256BL,385,152,233
STK-20251215-BR004-SKU015256SI,20251215,BR004,SKU015256SI,353,153,200
STK-20251215-BR004-SKU015256PI,20251215,BR004,SKU015256PI,377,166,211
STK-20251215-BR004-SKU016128BL,20251215,BR004,SKU016128BL,284,272,12
STK-20251215-BR004-SKU016128SI,20251215,BR004,SKU016128SI,319,287,32
STK-20251215-BR004-SKU016128PI,20251215,BR004,SKU016128PI,284,269,15
STK-20251215-BR004-SKU016256BL,20251215,BR004,SKU016256BL,307,261,46
STK-20251215-BR004-SKU016256SI,20251215,BR004,SKU016256SI,273,269,4
STK-20251215-BR004-SKU016256PI,20251215,BR004,SKU016256PI,310,276,34
STK-20251215-BR004-SKU017128BL,20251215,BR004,SKU017128BL,427,422,5
STK-20251215-BR004-SKU017128SI,20251215,BR004,SKU017128SI,403,392,11
STK-20251215-BR004-SKU017128PI,20251215,BR004,SKU017128PI,452,443,9
STK-20251215-BR004-SKU017256BL,20251215,BR004,SKU017256BL,458,435,23
STK-20251215-BR004-SKU017256SI,20251215,BR004,SKU017256SI,412,392,20
STK-20251215-BR004-SKU017256PI,20251215,BR004,SKU017256PI,438,416,22
STK-20251215-BR005-SKU015128BL,20251215,BR005,SKU015128BL,318,169,149
STK-20251215-BR005-SKU015128SI,20251215,BR005,SKU015128SI,388,156,232
STK-20251215-BR005-SKU015128PI,20251215,BR005,SKU015128PI,356,169,187
STK-20251215-BR005-SKU015256BL,20251215,BR005,SKU015256BL,406,158,248
STK-20251215-BR005-SKU015256SI,20251215,BR005,SKU015256SI,432,149,283
STK-20251215-BR005-SKU015256PI,20251215,BR005,SKU015256PI,407,166,241
STK-20251215-BR005-SKU016128BL,20251215,BR005,SKU016128BL,300,280,20
STK-20251215-BR005-SKU016128SI,20251215,BR005,SKU016128SI,322,283,39
STK-20251215-BR005-SKU016128PI,20251215,BR005,SKU016128PI,271,262,9
STK-20251215-BR005-SKU016256BL,20251215,BR005,SKU016256BL,311,291,20
STK-20251215-BR005-SKU016256SI,20251215,BR005,SKU016256SI,317,274,43
STK-20251215-BR005-SKU016256PI,20251215,BR005,SKU016256PI,303,292,11
STK-20251215-BR005-SKU017128BL,20251215,BR005,SKU017128BL,471,434,37
STK-20251215-BR005-SKU017128SI,20251215,BR005,SKU017128SI,458,411,47
STK-20251215-BR005-SKU017128PI,20251215,BR005,SKU017128PI,418,407,11
STK-20251215-BR005-SKU017256BL,20251215,BR005,SKU017256BL,439,399,40
STK-20251215-BR005-SKU017256SI,20251215,BR005,SKU017256SI,433,425,8
STK-20251215-BR005-SKU017256PI,20251215,BR005,SKU017256PI,393,379,14
STK-20251216-BR000-SKU015128BL,20251216,BR000,SKU015128BL,644,0,644
STK-20251216-BR000-SKU015128SI,20251216,BR000,SKU015128SI,795,0,795
STK-20251216-BR000-SKU015128PI,20251216,BR000,SKU015128PI,930,0,930
STK-20251216-BR000-SKU015256BL,20251216,BR000,SKU015256BL,712,0,712
STK-20251216-BR000-SKU015256SI,20251216,BR000,SKU015256SI,744,0,744
STK-20251216-BR000-SKU015256PI,20251216,BR000,SKU015256PI,985,0,985
STK-20251216-BR000-SKU016128BL,20251216,BR000,SKU016128BL,632,0,632
STK-20251216-BR000-SKU016128SI,20251216,BR000,SKU016128SI,857,0,857
STK-20251216-BR000-SKU016128PI,20251216,BR000,SKU016128PI,686,0,686
STK-20251216-BR000-SKU016256BL,20251216,BR000,SKU016256BL,548,0,548
STK-20251216-BR000-SKU016256SI,20251216,BR000,SKU016256SI,855,0,855
STK-20251216-BR000-SKU016256PI,20251216,BR000,SKU016256PI,881,0,881
STK-20251216-BR000-SKU017128BL,20251216,BR000,SKU017128BL,658,0,658
STK-20251216-BR000-SKU017128SI,20251216,BR000,SKU017128SI,661,0,661
STK-20251216-BR000-SKU017128PI,20251216,BR000,SKU017128PI,617,0,617
STK-20251216-BR000-SKU017256BL,20251216,BR000,SKU017256BL,731,0,731
STK-20251216-BR000-SKU017256SI,20251216,BR000,SKU017256SI,682,0,682
STK-20251216-BR000-SKU017256PI,20251216,BR000,SKU017256PI,891,0,891
STK-20251216-BR001-SKU015128BL,20251216,BR001,SKU015128BL,355,160,195
STK-20251216-BR001-SKU015128SI,20251216,BR001,SKU015128SI,403,168,235
STK-20251216-BR001-SKU015128PI,20251216,BR001,SKU015128PI,394,170,224
STK-20251216-BR001-SKU015256BL,20251216,BR001,SKU015256BL,409,157,252
STK-20251216-BR001-SKU015256SI,20251216,BR001,SKU015256SI,383,165,218
STK-20251216-BR001-SKU015256PI,20251216,BR001,SKU015256PI,343,156,187
STK-20251216-BR001-SKU016128BL,20251216,BR001,SKU016128BL,351,314,37
STK-20251216-BR001-SKU016128SI,20251216,BR001,SKU016128SI,318,301,17
STK-20251216-BR001-SKU016128PI,20251216,BR001,SKU016128PI,279,262,17
STK-20251216-BR001-SKU016256BL,20251216,BR001,SKU016256BL,306,283,23
STK-20251216-BR001-SKU016256SI,20251216,BR001,SKU016256SI,320,292,28
STK-20251216-BR001-SKU016256PI,20251216,BR001,SKU016256PI,296,259,37
STK-20251216-BR001-SKU017128BL,20251216,BR001,SKU017128BL,439,418,21
STK-20251216-BR001-SKU017128SI,20251216,BR001,SKU017128SI,407,404,3
STK-20251216-BR001-SKU017128PI,20251216,BR001,SKU017128PI,418,410,8
STK-20251216-BR001-SKU017256BL,20251216,BR001,SKU017256BL,486,449,37
STK-20251216-BR001-SKU017256SI,20251216,BR001,SKU017256SI,388,375,13
STK-20251216-BR001-SKU017256PI,20251216,BR001,SKU017256PI,395,381,14
STK-20251216-BR002-SKU015128BL,20251216,BR002,SKU015128BL,407,167,240
STK-20251216-BR002-SKU015128SI,20251216,BR002,SKU015128SI,373,161,212
STK-20251216-BR002-SKU015128PI,20251216,BR002,SKU015128PI,366,167,199
STK-20251216-BR002-SKU015256BL,20251216,BR002,SKU015256BL,404,149,255
STK-20251216-BR002-SKU015256SI,20251216,BR002,SKU015256SI,328,165,163
STK-20251216-BR002-SKU015256PI,20251216,BR002,SKU015256PI,413,176,237
STK-20251216-BR002-SKU016128BL,20251216,BR002,SKU016128BL,288,283,5
STK-20251216-BR002-SKU016128SI,20251216,BR002,SKU016128SI,330,267,63
STK-20251216-BR002-SKU016128PI,20251216,BR002,SKU016128PI,294,276,18
STK-20251216-BR002-SKU016256BL,20251216,BR002,SKU016256BL,292,288,4
STK-20251216-BR002-SKU016256SI,20251216,BR002,SKU016256SI,331,290,41
STK-20251216-BR002-SKU016256PI,20251216,BR002,SKU016256PI,295,272,23
STK-20251216-BR002-SKU017128BL,20251216,BR002,SKU017128BL,435,410,25
STK-20251216-BR002-SKU017128SI,20251216,BR002,SKU017128SI,423,413,10
STK-20251216-BR002-SKU017128PI,20251216,BR002,SKU017128PI,443,404,39
STK-20251216-BR002-SKU017256BL,20251216,BR002,SKU017256BL,460,432,28
STK-20251216-BR002-SKU017256SI,20251216,BR002,SKU017256SI,422,410,12
STK-20251216-BR002-SKU017256PI,20251216,BR002,SKU017256PI,440,413,27
STK-20251216-BR003-SKU015128BL,20251216,BR003,SKU015128BL,339,166,173
STK-20251216-BR003-SKU015128SI,20251216,BR003,SKU015128SI,422,168,254
STK-20251216-BR003-SKU015128PI,20251216,BR003,SKU015128PI,397,166,231
STK-20251216-BR003-SKU015256BL,20251216,BR003,SKU015256BL,412,160,252
STK-20251216-BR003-SKU015256SI,20251216,BR003,SKU015256SI,430,168,262
STK-20251216-BR003-SKU015256PI,20251216,BR003,SKU015256PI,342,177,165
STK-20251216-BR003-SKU016128BL,20251216,BR003,SKU016128BL,288,282,6
STK-20251216-BR003-SKU016128SI,20251216,BR003,SKU016128SI,310,276,34
STK-20251216-BR003-SKU016128PI,20251216,BR003,SKU016128PI,333,294,39
STK-20251216-BR003-SKU016256BL,20251216,BR003,SKU016256BL,286,286,0
STK-20251216-BR003-SKU016256SI,20251216,BR003,SKU016256SI,353,309,44
STK-20251216-BR003-SKU016256PI,20251216,BR003,SKU016256PI,283,270,13
STK-20251216-BR003-SKU017128BL,20251216,BR003,SKU017128BL,433,401,32
STK-20251216-BR003-SKU017128SI,20251216,BR003,SKU017128SI,406,381,25
STK-20251216-BR003-SKU017128PI,20251216,BR003,SKU017128PI,443,414,29
STK-20251216-BR003-SKU017256BL,20251216,BR003,SKU017256BL,440,403,37
STK-20251216-BR003-SKU017256SI,20251216,BR003,SKU017256SI,442,441,1
STK-20251216-BR003-SKU017256PI,20251216,BR003,SKU017256PI,422,407,15
STK-20251216-BR004-SKU015128BL,20251216,BR004,SKU015128BL,331,167,164
STK-20251216-BR004-SKU015128SI,20251216,BR004,SKU015128SI,413,166,247
STK-20251216-BR004-SKU015128PI,20251216,BR004,SKU015128PI,407,173,234
STK-20251216-BR004-SKU015256BL,20251216,BR004,SKU015256BL,385,153,232
STK-20251216-BR004-SKU015256SI,20251216,BR004,SKU015256SI,350,155,195
STK-20251216-BR004-SKU015256PI,20251216,BR004,SKU015256PI,377,168,209
STK-20251216-BR004-SKU016128BL,20251216,BR004,SKU016128BL,284,276,8
STK-20251216-BR004-SKU016128SI,20251216,BR004,SKU016128SI,314,287,27
STK-20251216-BR004-SKU016128PI,20251216,BR004,SKU016128PI,284,275,9
STK-20251216-BR004-SKU016256BL,20251216,BR004,SKU016256BL,306,266,40
STK-20251216-BR004-SKU016256SI,20251216,BR004,SKU016256SI,270,270,0
STK-20251216-BR004-SKU016256PI,20251216,BR004,SKU016256PI,307,280,27
STK-20251216-BR004-SKU017128BL,20251216,BR004,SKU017128BL,472,432,40
STK-20251216-BR004-SKU017128SI,20251216,BR004,SKU017128SI,401,395,6
STK-20251216-BR004-SKU017128PI,20251216,BR004,SKU017128PI,461,438,23
STK-20251216-BR004-SKU017256BL,20251216,BR004,SKU017256BL,448,433,15
STK-20251216-BR004-SKU017256SI,20251216,BR004,SKU017256SI,412,407,5
STK-20251216-BR004-SKU017256PI,20251216,BR004,SKU017256PI,438,424,14
STK-20251216-BR005-SKU015128BL,20251216,BR005,SKU015128BL,318,172,146
STK-20251216-BR005-SKU015128SI,20251216,BR005,SKU015128SI,384,154,230
STK-20251216-BR005-SKU015128PI,20251216,BR005,SKU015128PI,353,169,184
STK-20251216-BR005-SKU015256BL,20251216,BR005,SKU015256BL,406,160,246
STK-20251216-BR005-SKU015256SI,20251216,BR005,SKU015256SI,430,154,276
STK-20251216-BR005-SKU015256PI,20251216,BR005,SKU015256PI,401,161,240
STK-20251216-BR005-SKU016128BL,20251216,BR005,SKU016128BL,300,284,16
STK-20251216-BR005-SKU016128SI,20251216,BR005,SKU016128SI,310,278,32
STK-20251216-BR005-SKU016128PI,20251216,BR005,SKU016128PI,271,271,0
STK-20251216-BR005-SKU016256BL,20251216,BR005,SKU016256BL,303,285,18
STK-20251216-BR005-SKU016256SI,20251216,BR005,SKU016256SI,317,282,35
STK-20251216-BR005-SKU016256PI,20251216,BR005,SKU016256PI,303,298,5
STK-20251216-BR005-SKU017128BL,20251216,BR005,SKU017128BL,449,426,23
STK-20251216-BR005-SKU017128SI,20251216,BR005,SKU017128SI,438,407,31
STK-20251216-BR005-SKU017128PI,20251216,BR005,SKU017128PI,427,403,24
STK-20251216-BR005-SKU017256BL,20251216,BR005,SKU017256BL,439,415,24
STK-20251216-BR005-SKU017256SI,20251216,BR005,SKU017256SI,468,436,32
STK-20251216-BR005-SKU017256PI,20251216,BR005,SKU017256PI,431,395,36
STK-20251217-BR000-SKU015128BL,20251217,BR000,SKU015128BL,644,0,644
STK-20251217-BR000-SKU015128SI,20251217,BR000,SKU015128SI,795,0,795
STK-20251217-BR000-SKU015128PI,20251217,BR000,SKU015128PI,930,0,930
STK-20251217-BR000-SKU015256BL,20251217,BR000,SKU015256BL,712,0,712
STK-20251217-BR000-SKU015256SI,20251217,BR000,SKU015256SI,744,0,744
STK-20251217-BR000-SKU015256PI,20251217,BR000,SKU015256PI,985,0,985
STK-20251217-BR000-SKU016128BL,20251217,BR000,SKU016128BL,632,0,632
STK-20251217-BR000-SKU016128SI,20251217,BR000,SKU016128SI,857,0,857
STK-20251217-BR000-SKU016128PI,20251217,BR000,SKU016128PI,686,0,686
STK-20251217-BR000-SKU016256BL,20251217,BR000,SKU016256BL,548,0,548
STK-20251217-BR000-SKU016256SI,20251217,BR000,SKU016256SI,855,0,855
STK-20251217-BR000-SKU016256PI,20251217,BR000,SKU016256PI,881,0,881
STK-20251217-BR000-SKU017128BL,20251217,BR000,SKU017128BL,658,0,658
STK-20251217-BR000-SKU017128SI,20251217,BR000,SKU017128SI,661,0,661
STK-20251217-BR000-SKU017128PI,20251217,BR000,SKU017128PI,617,0,617
STK-20251217-BR000-SKU017256BL,20251217,BR000,SKU017256BL,731,0,731
STK-20251217-BR000-SKU017256SI,20251217,BR000,SKU017256SI,682,0,682
STK-20251217-BR000-SKU017256PI,20251217,BR000,SKU017256PI,891,0,891
STK-20251217-BR001-SKU015128BL,20251217,BR001,SKU015128BL,355,161,194
STK-20251217-BR001-SKU015128SI,20251217,BR001,SKU015128SI,402,170,232
STK-20251217-BR001-SKU015128PI,20251217,BR001,SKU015128PI,393,172,221
STK-20251217-BR001-SKU015256BL,20251217,BR001,SKU015256BL,407,156,251
STK-20251217-BR001-SKU015256SI,20251217,BR001,SKU015256SI,383,168,215
STK-20251217-BR001-SKU015256PI,20251217,BR001,SKU015256PI,343,160,183
STK-20251217-BR001-SKU016128BL,20251217,BR001,SKU016128BL,332,304,28
STK-20251217-BR001-SKU016128SI,20251217,BR001,SKU016128SI,313,300,13
STK-20251217-BR001-SKU016128PI,20251217,BR001,SKU016128PI,273,261,12
STK-20251217-BR001-SKU016256BL,20251217,BR001,SKU016256BL,302,290,12
STK-20251217-BR001-SKU016256SI,20251217,BR001,SKU016256SI,316,296,20
STK-20251217-BR001-SKU016256PI,20251217,BR001,SKU016256PI,292,259,33
STK-20251217-BR001-SKU017128BL,20251217,BR001,SKU017128BL,439,426,13
STK-20251217-BR001-SKU017128SI,20251217,BR001,SKU017128SI,435,412,23
STK-20251217-BR001-SKU017128PI,20251217,BR001,SKU017128PI,418,415,3
STK-20251217-BR001-SKU017256BL,20251217,BR001,SKU017256BL,457,433,24
STK-20251217-BR001-SKU017256SI,20251217,BR001,SKU017256SI,418,383,35
STK-20251217-BR001-SKU017256PI,20251217,BR001,SKU017256PI,390,387,3
STK-20251217-BR002-SKU015128BL,20251217,BR002,SKU015128BL,407,168,239
STK-20251217-BR002-SKU015128SI,20251217,BR002,SKU015128SI,373,164,209
STK-20251217-BR002-SKU015128PI,20251217,BR002,SKU015128PI,364,170,194
STK-20251217-BR002-SKU015256BL,20251217,BR002,SKU015256BL,402,149,253
STK-20251217-BR002-SKU015256SI,20251217,BR002,SKU015256SI,328,168,160
STK-20251217-BR002-SKU015256PI,20251217,BR002,SKU015256PI,411,175,236
STK-20251217-BR002-SKU016128BL,20251217,BR002,SKU016128BL,333,294,39
STK-20251217-BR002-SKU016128SI,20251217,BR002,SKU016128SI,330,272,58
STK-20251217-BR002-SKU016128PI,20251217,BR002,SKU016128PI,289,279,10
STK-20251217-BR002-SKU016256BL,20251217,BR002,SKU016256BL,324,297,27
STK-20251217-BR002-SKU016256SI,20251217,BR002,SKU016256SI,322,284,38
STK-20251217-BR002-SKU016256PI,20251217,BR002,SKU016256PI,292,276,16
STK-20251217-BR002-SKU017128BL,20251217,BR002,SKU017128BL,429,418,11
STK-20251217-BR002-SKU017128SI,20251217,BR002,SKU017128SI,441,421,20
STK-20251217-BR002-SKU017128PI,20251217,BR002,SKU017128PI,439,416,23
STK-20251217-BR002-SKU017256BL,20251217,BR002,SKU017256BL,460,438,22
STK-20251217-BR002-SKU017256SI,20251217,BR002,SKU017256SI,432,412,20
STK-20251217-BR002-SKU017256PI,20251217,BR002,SKU017256PI,440,420,20
STK-20251217-BR003-SKU015128BL,20251217,BR003,SKU015128BL,339,169,170
STK-20251217-BR003-SKU015128SI,20251217,BR003,SKU015128SI,422,173,249
STK-20251217-BR003-SKU015128PI,20251217,BR003,SKU015128PI,397,172,225
STK-20251217-BR003-SKU015256BL,20251217,BR003,SKU015256BL,412,165,247
STK-20251217-BR003-SKU015256SI,20251217,BR003,SKU015256SI,430,171,259
STK-20251217-BR003-SKU015256PI,20251217,BR003,SKU015256PI,342,182,160
STK-20251217-BR003-SKU016128BL,20251217,BR003,SKU016128BL,284,283,1
STK-20251217-BR003-SKU016128SI,20251217,BR003,SKU016128SI,305,278,27
STK-20251217-BR003-SKU016128PI,20251217,BR003,SKU016128PI,333,301,32
STK-20251217-BR003-SKU016256BL,20251217,BR003,SKU016256BL,324,288,36
STK-20251217-BR003-SKU016256SI,20251217,BR003,SKU016256SI,348,309,39
STK-20251217-BR003-SKU016256PI,20251217,BR003,SKU016256PI,275,269,6
STK-20251217-BR003-SKU017128BL,20251217,BR003,SKU017128BL,433,414,19
STK-20251217-BR003-SKU017128SI,20251217,BR003,SKU017128SI,398,383,15
STK-20251217-BR003-SKU017128PI,20251217,BR003,SKU017128PI,436,420,16
STK-20251217-BR003-SKU017256BL,20251217,BR003,SKU017256BL,440,407,33
STK-20251217-BR003-SKU017256SI,20251217,BR003,SKU017256SI,475,455,20
STK-20251217-BR003-SKU017256PI,20251217,BR003,SKU017256PI,422,419,3
STK-20251217-BR004-SKU015128BL,20251217,BR004,SKU015128BL,329,166,163
STK-20251217-BR004-SKU015128SI,20251217,BR004,SKU015128SI,409,166,243
STK-20251217-BR004-SKU015128PI,20251217,BR004,SKU015128PI,405,172,233
STK-20251217-BR004-SKU015256BL,20251217,BR004,SKU015256BL,385,154,231
STK-20251217-BR004-SKU015256SI,20251217,BR004,SKU015256SI,347,154,193
STK-20251217-BR004-SKU015256PI,20251217,BR004,SKU015256PI,375,172,203
STK-20251217-BR004-SKU016128BL,20251217,BR004,SKU016128BL,284,284,0
STK-20251217-BR004-SKU016128SI,20251217,BR004,SKU016128SI,307,287,20
STK-20251217-BR004-SKU016128PI,20251217,BR004,SKU016128PI,284,280,4
STK-20251217-BR004-SKU016256BL,20251217,BR004,SKU016256BL,306,273,33
STK-20251217-BR004-SKU016256SI,20251217,BR004,SKU016256SI,305,275,30
STK-20251217-BR004-SKU016256PI,20251217,BR004,SKU016256PI,307,281,26
STK-20251217-BR004-SKU017128BL,20251217,BR004,SKU017128BL,468,437,31
STK-20251217-BR004-SKU017128SI,20251217,BR004,SKU017128SI,394,393,1
STK-20251217-BR004-SKU017128PI,20251217,BR004,SKU017128PI,456,448,8
STK-20251217-BR004-SKU017256BL,20251217,BR004,SKU017256BL,439,437,2
STK-20251217-BR004-SKU017256SI,20251217,BR004,SKU017256SI,448,412,36
STK-20251217-BR004-SKU017256PI,20251217,BR004,SKU017256PI,427,421,6
STK-20251217-BR005-SKU015128BL,20251217,BR005,SKU015128BL,312,167,145
STK-20251217-BR005-SKU015128SI,20251217,BR005,SKU015128SI,384,161,223
STK-20251217-BR005-SKU015128PI,20251217,BR005,SKU015128PI,352,174,178
STK-20251217-BR005-SKU015256BL,20251217,BR005,SKU015256BL,400,161,239
STK-20251217-BR005-SKU015256SI,20251217,BR005,SKU015256SI,428,153,275
STK-20251217-BR005-SKU015256PI,20251217,BR005,SKU015256PI,398,159,239
STK-20251217-BR005-SKU016128BL,20251217,BR005,SKU016128BL,294,289,5
STK-20251217-BR005-SKU016128SI,20251217,BR005,SKU016128SI,310,285,25
STK-20251217-BR005-SKU016128PI,20251217,BR005,SKU016128PI,311,274,37
STK-20251217-BR005-SKU016256BL,20251217,BR005,SKU016256BL,303,291,12
STK-20251217-BR005-SKU016256SI,20251217,BR005,SKU016256SI,313,289,24
STK-20251217-BR005-SKU016256PI,20251217,BR005,SKU016256PI,294,294,0
STK-20251217-BR005-SKU017128BL,20251217,BR005,SKU017128BL,449,438,11
STK-20251217-BR005-SKU017128SI,20251217,BR005,SKU017128SI,438,414,24
STK-20251217-BR005-SKU017128PI,20251217,BR005,SKU017128PI,422,405,17
STK-20251217-BR005-SKU017256BL,20251217,BR005,SKU017256BL,439,427,12
STK-20251217-BR005-SKU017256SI,20251217,BR005,SKU017256SI,451,429,22
STK-20251217-BR005-SKU017256PI,20251217,BR005,SKU017256PI,423,402,21
STK-20251218-BR000-SKU015128BL,20251218,BR000,SKU015128BL,644,0,644
STK-20251218-BR000-SKU015128SI,20251218,BR000,SKU015128SI,795,0,795
STK-20251218-BR000-SKU015128PI,20251218,BR000,SKU015128PI,930,0,930
STK-20251218-BR000-SKU015256BL,20251218,BR000,SKU015256BL,712,0,712
STK-20251218-BR000-SKU015256SI,20251218,BR000,SKU015256SI,744,0,744
STK-20251218-BR000-SKU015256PI,20251218,BR000,SKU015256PI,985,0,985
STK-20251218-BR000-SKU016128BL,20251218,BR000,SKU016128BL,632,0,632
STK-20251218-BR000-SKU016128SI,20251218,BR000,SKU016128SI,857,0,857
STK-20251218-BR000-SKU016128PI,20251218,BR000,SKU016128PI,686,0,686
STK-20251218-BR000-SKU016256BL,20251218,BR000,SKU016256BL,548,0,548
STK-20251218-BR000-SKU016256SI,20251218,BR000,SKU016256SI,855,0,855
STK-20251218-BR000-SKU016256PI,20251218,BR000,SKU016256PI,881,0,881
STK-20251218-BR000-SKU017128BL,20251218,BR000,SKU017128BL,658,0,658
STK-20251218-BR000-SKU017128SI,20251218,BR000,SKU017128SI,661,0,661
STK-20251218-BR000-SKU017128PI,20251218,BR000,SKU017128PI,617,0,617
STK-20251218-BR000-SKU017256BL,20251218,BR000,SKU017256BL,731,0,731
STK-20251218-BR000-SKU017256SI,20251218,BR000,SKU017256SI,682,0,682
STK-20251218-BR000-SKU017256PI,20251218,BR000,SKU017256PI,891,0,891
STK-20251218-BR001-SKU015128BL,20251218,BR001,SKU015128BL,351,160,191
STK-20251218-BR001-SKU015128SI,20251218,BR001,SKU015128SI,402,175,227
STK-20251218-BR001-SKU015128PI,20251218,BR001,SKU015128PI,388,174,214
STK-20251218-BR001-SKU015256BL,20251218,BR001,SKU015256BL,407,158,249
STK-20251218-BR001-SKU015256SI,20251218,BR001,SKU015256SI,378,165,213
STK-20251218-BR001-SKU015256PI,20251218,BR001,SKU015256PI,342,162,180
STK-20251218-BR001-SKU016128BL,20251218,BR001,SKU016128BL,330,310,20
STK-20251218-BR001-SKU016128SI,20251218,BR001,SKU016128SI,313,305,8
STK-20251218-BR001-SKU016128PI,20251218,BR001,SKU016128PI,273,266,7
STK-20251218-BR001-SKU016256BL,20251218,BR001,SKU016256BL,302,299,3
STK-20251218-BR001-SKU016256SI,20251218,BR001,SKU016256SI,316,305,11
STK-20251218-BR001-SKU016256PI,20251218,BR001,SKU016256PI,290,263,27
STK-20251218-BR001-SKU017128BL,20251218,BR001,SKU017128BL,431,427,4
STK-20251218-BR001-SKU017128SI,20251218,BR001,SKU017128SI,426,410,16
STK-20251218-BR001-SKU017128PI,20251218,BR001,SKU017128PI,455,417,38
STK-20251218-BR001-SKU017256BL,20251218,BR001,SKU017256BL,450,439,11
STK-20251218-BR001-SKU017256SI,20251218,BR001,SKU017256SI,414,394,20
STK-20251218-BR001-SKU017256PI,20251218,BR001,SKU017256PI,432,393,39
STK-20251218-BR002-SKU015128BL,20251218,BR002,SKU015128BL,407,169,238
STK-20251218-BR002-SKU015128SI,20251218,BR002,SKU015128SI,369,161,208
STK-20251218-BR002-SKU015128PI,20251218,BR002,SKU015128PI,364,173,191
STK-20251218-BR002-SKU015256BL,20251218,BR002,SKU015256BL,402,154,248
STK-20251218-BR002-SKU015256SI,20251218,BR002,SKU015256SI,328,175,153
STK-20251218-BR002-SKU015256PI,20251218,BR002,SKU015256PI,407,173,234
STK-20251218-BR002-SKU016128BL,20251218,BR002,SKU016128BL,333,302,31
STK-20251218-BR002-SKU016128SI,20251218,BR002,SKU016128SI,324,270,54
STK-20251218-BR002-SKU016128PI,20251218,BR002,SKU016128PI,283,283,0
STK-20251218-BR002-SKU016256BL,20251218,BR002,SKU016256BL,324,306,18
STK-20251218-BR002-SKU016256SI,20251218,BR002,SKU016256SI,322,290,32
STK-20251218-BR002-SKU016256PI,20251218,BR002,SKU016256PI,289,275,14
STK-20251218-BR002-SKU017128BL,20251218,BR002,SKU017128BL,443,423,20
STK-20251218-BR002-SKU017128SI,20251218,BR002,SKU017128SI,419,407,12
STK-20251218-BR002-SKU017128PI,20251218,BR002,SKU017128PI,439,427,12
STK-20251218-BR002-SKU017256BL,20251218,BR002,SKU017256BL,460,442,18
STK-20251218-BR002-SKU017256SI,20251218,BR002,SKU017256SI,432,425,7
STK-20251218-BR002-SKU017256PI,20251218,BR002,SKU017256PI,438,424,14
STK-20251218-BR003-SKU015128BL,20251218,BR003,SKU015128BL,339,171,168
STK-20251218-BR003-SKU015128SI,20251218,BR003,SKU015128SI,421,174,247
STK-20251218-BR003-SKU015128PI,20251218,BR003,SKU015128PI,397,174,223
STK-20251218-BR003-SKU015256BL,20251218,BR003,SKU015256BL,412,167,245
STK-20251218-BR003-SKU015256SI,20251218,BR003,SKU015256SI,429,172,257
STK-20251218-BR003-SKU015256PI,20251218,BR003,SKU015256PI,342,184,158
STK-20251218-BR003-SKU016128BL,20251218,BR003,SKU016128BL,284,284,0
STK-20251218-BR003-SKU016128SI,20251218,BR003,SKU016128SI,300,281,19
STK-20251218-BR003-SKU016128PI,20251218,BR003,SKU016128PI,326,301,25
STK-20251218-BR003-SKU016256BL,20251218,BR003,SKU016256BL,324,299,25
STK-20251218-BR003-SKU016256SI,20251218,BR003,SKU016256SI,346,315,31
STK-20251218-BR003-SKU016256PI,20251218,BR003,SKU016256PI,308,278,30
STK-20251218-BR003-SKU017128BL,20251218,BR003,SKU017128BL,423,412,11
STK-20251218-BR003-SKU017128SI,20251218,BR003,SKU017128SI,386,383,3
STK-20251218-BR003-SKU017128PI,20251218,BR003,SKU017128PI,423,418,5
STK-20251218-BR003-SKU017256BL,20251218,BR003,SKU017256BL,435,413,22
STK-20251218-BR003-SKU017256SI,20251218,BR003,SKU017256SI,464,455,9
STK-20251218-BR003-SKU017256PI,20251218,BR003,SKU017256PI,471,431,40
STK-20251218-BR004-SKU015128BL,20251218,BR004,SKU015128BL,329,170,159
STK-20251218-BR004-SKU015128SI,20251218,BR004,SKU015128SI,407,165,242
STK-20251218-BR004-SKU015128PI,20251218,BR004,SKU015128PI,405,179,226
STK-20251218-BR004-SKU015256BL,20251218,BR004,SKU015256BL,383,155,228
STK-20251218-BR004-SKU015256SI,20251218,BR004,SKU015256SI,345,153,192
STK-20251218-BR004-SKU015256PI,20251218,BR004,SKU015256PI,375,174,201
STK-20251218-BR004-SKU016128BL,20251218,BR004,SKU016128BL,332,296,36
STK-20251218-BR004-SKU016128SI,20251218,BR004,SKU016128SI,302,284,18
STK-20251218-BR004-SKU016128PI,20251218,BR004,SKU016128PI,307,286,21
STK-20251218-BR004-SKU016256BL,20251218,BR004,SKU016256BL,301,279,22
STK-20251218-BR004-SKU016256SI,20251218,BR004,SKU016256SI,305,285,20
STK-20251218-BR004-SKU016256PI,20251218,BR004,SKU016256PI,307,291,16
STK-20251218-BR004-SKU017128BL,20251218,BR004,SKU017128BL,463,448,15
STK-20251218-BR004-SKU017128SI,20251218,BR004,SKU017128SI,441,404,37
STK-20251218-BR004-SKU017128PI,20251218,BR004,SKU017128PI,451,449,2
STK-20251218-BR004-SKU017256BL,20251218,BR004,SKU017256BL,460,437,23
STK-20251218-BR004-SKU017256SI,20251218,BR004,SKU017256SI,444,418,26
STK-20251218-BR004-SKU017256PI,20251218,BR004,SKU017256PI,448,420,28
STK-20251218-BR005-SKU015128BL,20251218,BR005,SKU015128BL,312,171,141
STK-20251218-BR005-SKU015128SI,20251218,BR005,SKU015128SI,383,164,219
STK-20251218-BR005-SKU015128PI,20251218,BR005,SKU015128PI,352,175,177
STK-20251218-BR005-SKU015256BL,20251218,BR005,SKU015256BL,400,164,236
STK-20251218-BR005-SKU015256SI,20251218,BR005,SKU015256SI,428,158,270
STK-20251218-BR005-SKU015256PI,20251218,BR005,SKU015256PI,398,161,237
STK-20251218-BR005-SKU016128BL,20251218,BR005,SKU016128BL,289,288,1
STK-20251218-BR005-SKU016128SI,20251218,BR005,SKU016128SI,305,288,17
STK-20251218-BR005-SKU016128PI,20251218,BR005,SKU016128PI,311,284,27
STK-20251218-BR005-SKU016256BL,20251218,BR005,SKU016256BL,297,292,5
STK-20251218-BR005-SKU016256SI,20251218,BR005,SKU016256SI,304,284,20
STK-20251218-BR005-SKU016256PI,20251218,BR005,SKU016256PI,317,297,20
STK-20251218-BR005-SKU017128BL,20251218,BR005,SKU017128BL,449,445,4
STK-20251218-BR005-SKU017128SI,20251218,BR005,SKU017128SI,435,424,11
STK-20251218-BR005-SKU017128PI,20251218,BR005,SKU017128PI,422,418,4
STK-20251218-BR005-SKU017256BL,20251218,BR005,SKU017256BL,439,436,3
STK-20251218-BR005-SKU017256SI,20251218,BR005,SKU017256SI,434,420,14
STK-20251218-BR005-SKU017256PI,20251218,BR005,SKU017256PI,423,411,12
STK-20251219-BR000-SKU015128BL,20251219,BR000,SKU015128BL,644,0,644
STK-20251219-BR000-SKU015128SI,20251219,BR000,SKU015128SI,795,0,795
STK-20251219-BR000-SKU015128PI,20251219,BR000,SKU015128PI,930,0,930
STK-20251219-BR000-SKU015256BL,20251219,BR000,SKU015256BL,712,0,712
STK-20251219-BR000-SKU015256SI,20251219,BR000,SKU015256SI,744,0,744
STK-20251219-BR000-SKU015256PI,20251219,BR000,SKU015256PI,985,0,985
STK-20251219-BR000-SKU016128BL,20251219,BR000,SKU016128BL,632,0,632
STK-20251219-BR000-SKU016128SI,20251219,BR000,SKU016128SI,857,0,857
STK-20251219-BR000-SKU016128PI,20251219,BR000,SKU016128PI,686,0,686
STK-20251219-BR000-SKU016256BL,20251219,BR000,SKU016256BL,548,0,548
STK-20251219-BR000-SKU016256SI,20251219,BR000,SKU016256SI,855,0,855
STK-20251219-BR000-SKU016256PI,20251219,BR000,SKU016256PI,881,0,881
STK-20251219-BR000-SKU017128BL,20251219,BR000,SKU017128BL,658,0,658
STK-20251219-BR000-SKU017128SI,20251219,BR000,SKU017128SI,661,0,661
STK-20251219-BR000-SKU017128PI,20251219,BR000,SKU017128PI,617,0,617
STK-20251219-BR000-SKU017256BL,20251219,BR000,SKU017256BL,731,0,731
STK-20251219-BR000-SKU017256SI,20251219,BR000,SKU017256SI,682,0,682
STK-20251219-BR000-SKU017256PI,20251219,BR000,SKU017256PI,891,0,891
STK-20251219-BR001-SKU015128BL,20251219,BR001,SKU015128BL,351,161,190
STK-20251219-BR001-SKU015128SI,20251219,BR001,SKU015128SI,401,175,226
STK-20251219-BR001-SKU015128PI,20251219,BR001,SKU015128PI,383,170,213
STK-20251219-BR001-SKU015256BL,20251219,BR001,SKU015256BL,405,157,248
STK-20251219-BR001-SKU015256SI,20251219,BR001,SKU015256SI,378,166,212
STK-20251219-BR001-SKU015256PI,20251219,BR001,SKU015256PI,341,164,177
STK-20251219-BR001-SKU016128BL,20251219,BR001,SKU016128BL,330,318,12
STK-20251219-BR001-SKU016128SI,20251219,BR001,SKU016128SI,307,307,0
STK-20251219-BR001-SKU016128PI,20251219,BR001,SKU016128PI,271,265,6
STK-20251219-BR001-SKU016256BL,20251219,BR001,SKU016256BL,316,290,26
STK-20251219-BR001-SKU016256SI,20251219,BR001,SKU016256SI,341,315,26
STK-20251219-BR001-SKU016256PI,20251219,BR001,SKU016256PI,288,273,15
STK-20251219-BR001-SKU017128BL,20251219,BR001,SKU017128BL,467,438,29
STK-20251219-BR001-SKU017128SI,20251219,BR001,SKU017128SI,426,415,11
STK-20251219-BR001-SKU017128PI,20251219,BR001,SKU017128PI,452,421,31
STK-20251219-BR001-SKU017256BL,20251219,BR001,SKU017256BL,440,439,1
STK-20251219-BR001-SKU017256SI,20251219,BR001,SKU017256SI,414,406,8
STK-20251219-BR001-SKU017256PI,20251219,BR001,SKU017256PI,422,392,30
STK-20251219-BR002-SKU015128BL,20251219,BR002,SKU015128BL,406,172,234
STK-20251219-BR002-SKU015128SI,20251219,BR002,SKU015128SI,366,161,205
STK-20251219-BR002-SKU015128PI,20251219,BR002,SKU015128PI,358,168,190
STK-20251219-BR002-SKU015256BL,20251219,BR002,SKU015256BL,400,154,246
STK-20251219-BR002-SKU015256SI,20251219,BR002,SKU015256SI,326,177,149
STK-20251219-BR002-SKU015256PI,20251219,BR002,SKU015256PI,406,173,233
STK-20251219-BR002-SKU016128BL,20251219,BR002,SKU016128BL,331,306,25
STK-20251219-BR002-SKU016128SI,20251219,BR002,SKU016128SI,319,274,45
STK-20251219-BR002-SKU016128PI,20251219,BR002,SKU016128PI,303,283,20
STK-20251219-BR002-SKU016256BL,20251219,BR002,SKU016256BL,318,301,17
STK-20251219-BR002-SKU016256SI,20251219,BR002,SKU016256SI,316,287,29
STK-20251219-BR002-SKU016256PI,20251219,BR002,SKU016256PI,285,279,6
STK-20251219-BR002-SKU017128BL,20251219,BR002,SKU017128BL,443,430,13
STK-20251219-BR002-SKU017128SI,20251219,BR002,SKU017128SI,450,420,30
STK-20251219-BR002-SKU017128PI,20251219,BR002,SKU017128PI,452,431,21
STK-20251219-BR002-SKU017256BL,20251219,BR002,SKU017256BL,451,448,3
STK-20251219-BR002-SKU017256SI,20251219,BR002,SKU017256SI,422,422,0
STK-20251219-BR002-SKU017256PI,20251219,BR002,SKU017256PI,427,417,10
STK-20251219-BR003-SKU015128BL,20251219,BR003,SKU015128BL,338,176,162
STK-20251219-BR003-SKU015128SI,20251219,BR003,SKU015128SI,421,180,241
STK-20251219-BR003-SKU015128PI,20251219,BR003,SKU015128PI,395,173,222
STK-20251219-BR003-SKU015256BL,20251219,BR003,SKU015256BL,408,164,244
STK-20251219-BR003-SKU015256SI,20251219,BR003,SKU015256SI,429,177,252
STK-20251219-BR003-SKU015256PI,20251219,BR003,SKU015256PI,333,176,157
STK-20251219-BR003-SKU016128BL,20251219,BR003,SKU016128BL,323,286,37
STK-20251219-BR003-SKU016128SI,20251219,BR003,SKU016128SI,295,285,10
STK-20251219-BR003-SKU016128PI,20251219,BR003,SKU016128PI,317,296,21
STK-20251219-BR003-SKU016256BL,20251219,BR003,SKU016256BL,307,291,16
STK-20251219-BR003-SKU016256SI,20251219,BR003,SKU016256SI,346,319,27
STK-20251219-BR003-SKU016256PI,20251219,BR003,SKU016256PI,304,283,21
STK-20251219-BR003-SKU017128BL,20251219,BR003,SKU017128BL,445,422,23
STK-20251219-BR003-SKU017128SI,20251219,BR003,SKU017128SI,417,396,21
STK-20251219-BR003-SKU017128PI,20251219,BR003,SKU017128PI,454,424,30
STK-20251219-BR003-SKU017256BL,20251219,BR003,SKU017256BL,435,424,11
STK-20251219-BR003-SKU017256SI,20251219,BR003,SKU017256SI,496,464,32
STK-20251219-BR003-SKU017256PI,20251219,BR003,SKU017256PI,464,434,30
STK-20251219-BR004-SKU015128BL,20251219,BR004,SKU015128BL,322,166,156
STK-20251219-BR004-SKU015128SI,20251219,BR004,SKU015128SI,407,169,238
STK-20251219-BR004-SKU015128PI,20251219,BR004,SKU015128PI,396,177,219
STK-20251219-BR004-SKU015256BL,20251219,BR004,SKU015256BL,383,158,225
STK-20251219-BR004-SKU015256SI,20251219,BR004,SKU015256SI,345,157,188
STK-20251219-BR004-SKU015256PI,20251219,BR004,SKU015256PI,374,180,194
STK-20251219-BR004-SKU016128BL,20251219,BR004,SKU016128BL,323,298,25
STK-20251219-BR004-SKU016128SI,20251219,BR004,SKU016128SI,298,292,6
STK-20251219-BR004-SKU016128PI,20251219,BR004,SKU016128PI,297,280,17
STK-20251219-BR004-SKU016256BL,20251219,BR004,SKU016256BL,298,286,12
STK-20251219-BR004-SKU016256SI,20251219,BR004,SKU016256SI,302,289,13
STK-20251219-BR004-SKU016256PI,20251219,BR004,SKU016256PI,295,283,12
STK-20251219-BR004-SKU017128BL,20251219,BR004,SKU017128BL,463,463,0
STK-20251219-BR004-SKU017128SI,20251219,BR004,SKU017128SI,441,417,24
STK-20251219-BR004-SKU017128PI,20251219,BR004,SKU017128PI,480,453,27
STK-20251219-BR004-SKU017256BL,20251219,BR004,SKU017256BL,440,426,14
STK-20251219-BR004-SKU017256SI,20251219,BR004,SKU017256SI,444,434,10
STK-20251219-BR004-SKU017256PI,20251219,BR004,SKU017256PI,430,410,20
STK-20251219-BR005-SKU015128BL,20251219,BR005,SKU015128BL,309,169,140
STK-20251219-BR005-SKU015128SI,20251219,BR005,SKU015128SI,383,165,218
STK-20251219-BR005-SKU015128PI,20251219,BR005,SKU015128PI,351,177,174
STK-20251219-BR005-SKU015256BL,20251219,BR005,SKU015256BL,398,166,232
STK-20251219-BR005-SKU015256SI,20251219,BR005,SKU015256SI,423,156,267
STK-20251219-BR005-SKU015256PI,20251219,BR005,SKU015256PI,398,162,236
STK-20251219-BR005-SKU016128BL,20251219,BR005,SKU016128BL,314,284,30
STK-20251219-BR005-SKU016128SI,20251219,BR005,SKU016128SI,305,293,12
STK-20251219-BR005-SKU016128PI,20251219,BR005,SKU016128PI,309,287,22
STK-20251219-BR005-SKU016256BL,20251219,BR005,SKU016256BL,297,296,1
STK-20251219-BR005-SKU016256SI,20251219,BR005,SKU016256SI,297,283,14
STK-20251219-BR005-SKU016256PI,20251219,BR005,SKU016256PI,317,306,11
STK-20251219-BR005-SKU017128BL,20251219,BR005,SKU017128BL,487,447,40
STK-20251219-BR005-SKU017128SI,20251219,BR005,SKU017128SI,468,432,36
STK-20251219-BR005-SKU017128PI,20251219,BR005,SKU017128PI,452,419,33
STK-20251219-BR005-SKU017256BL,20251219,BR005,SKU017256BL,456,418,38
STK-20251219-BR005-SKU017256SI,20251219,BR005,SKU017256SI,434,432,2
STK-20251219-BR005-SKU017256PI,20251219,BR005,SKU017256PI,394,389,5
STK-20251220-BR000-SKU015128BL,20251220,BR000,SKU015128BL,644,0,644
STK-20251220-BR000-SKU015128SI,20251220,BR000,SKU015128SI,795,0,795
STK-20251220-BR000-SKU015128PI,20251220,BR000,SKU015128PI,930,0,930
STK-20251220-BR000-SKU015256BL,20251220,BR000,SKU015256BL,712,0,712
STK-20251220-BR000-SKU015256SI,20251220,BR000,SKU015256SI,744,0,744
STK-20251220-BR000-SKU015256PI,20251220,BR000,SKU015256PI,985,0,985
STK-20251220-BR000-SKU016128BL,20251220,BR000,SKU016128BL,632,0,632
STK-20251220-BR000-SKU016128SI,20251220,BR000,SKU016128SI,857,0,857
STK-20251220-BR000-SKU016128PI,20251220,BR000,SKU016128PI,686,0,686
STK-20251220-BR000-SKU016256BL,20251220,BR000,SKU016256BL,548,0,548
STK-20251220-BR000-SKU016256SI,20251220,BR000,SKU016256SI,855,0,855
STK-20251220-BR000-SKU016256PI,20251220,BR000,SKU016256PI,881,0,881
STK-20251220-BR000-SKU017128BL,20251220,BR000,SKU017128BL,658,0,658
STK-20251220-BR000-SKU017128SI,20251220,BR000,SKU017128SI,661,0,661
STK-20251220-BR000-SKU017128PI,20251220,BR000,SKU017128PI,617,0,617
STK-20251220-BR000-SKU017256BL,20251220,BR000,SKU017256BL,731,0,731
STK-20251220-BR000-SKU017256SI,20251220,BR000,SKU017256SI,682,0,682
STK-20251220-BR000-SKU017256PI,20251220,BR000,SKU017256PI,891,0,891
STK-20251220-BR001-SKU015128BL,20251220,BR001,SKU015128BL,395,160,235
STK-20251220-BR001-SKU015128SI,20251220,BR001,SKU015128SI,428,173,255
STK-20251220-BR001-SKU015128PI,20251220,BR001,SKU015128PI,432,172,260
STK-20251220-BR001-SKU015256BL,20251220,BR001,SKU015256BL,440,161,279
STK-20251220-BR001-SKU015256SI,20251220,BR001,SKU015256SI,438,171,267
STK-20251220-BR001-SKU015256PI,20251220,BR001,SKU015256PI,372,163,209
STK-20251220-BR001-SKU016128BL,20251220,BR001,SKU016128BL,384,325,59
STK-20251220-BR001-SKU016128SI,20251220,BR001,SKU016128SI,344,314,30
STK-20251220-BR001-SKU016128PI,20251220,BR001,SKU016128PI,300,273,27
STK-20251220-BR001-SKU016256BL,20251220,BR001,SKU016256BL,349,294,55
STK-20251220-BR001-SKU016256SI,20251220,BR001,SKU016256SI,377,311,66
STK-20251220-BR001-SKU016256PI,20251220,BR001,SKU016256PI,340,283,57
STK-20251220-BR001-SKU017128BL,20251220,BR001,SKU017128BL,504,442,62
STK-20251220-BR001-SKU017128SI,20251220,BR001,SKU017128SI,472,422,50
STK-20251220-BR001-SKU017128PI,20251220,BR001,SKU017128PI,485,428,57
STK-20251220-BR001-SKU017256BL,20251220,BR001,SKU017256BL,475,445,30
STK-20251220-BR001-SKU017256SI,20251220,BR001,SKU017256SI,444,412,32
STK-20251220-BR001-SKU017256PI,20251220,BR001,SKU017256PI,471,399,72
STK-20251220-BR002-SKU015128BL,20251220,BR002,SKU015128BL,440,173,267
STK-20251220-BR002-SKU015128SI,20251220,BR002,SKU015128SI,426,162,264
STK-20251220-BR002-SKU015128PI,20251220,BR002,SKU015128PI,407,171,236
STK-20251220-BR002-SKU015256BL,20251220,BR002,SKU015256BL,432,157,275
STK-20251220-BR002-SKU015256SI,20251220,BR002,SKU015256SI,360,177,183
STK-20251220-BR002-SKU015256PI,20251220,BR002,SKU015256PI,461,171,290
STK-20251220-BR002-SKU016128BL,20251220,BR002,SKU016128BL,384,304,80
STK-20251220-BR002-SKU016128SI,20251220,BR002,SKU016128SI,369,273,96
STK-20251220-BR002-SKU016128PI,20251220,BR002,SKU016128PI,342,287,55
STK-20251220-BR002-SKU016256BL,20251220,BR002,SKU016256BL,373,302,71
STK-20251220-BR002-SKU016256SI,20251220,BR002,SKU016256SI,354,287,67
STK-20251220-BR002-SKU016256PI,20251220,BR002,SKU016256PI,344,284,60
STK-20251220-BR002-SKU017128BL,20251220,BR002,SKU017128BL,479,433,46
STK-20251220-BR002-SKU017128SI,20251220,BR002,SKU017128SI,498,425,73
STK-20251220-BR002-SKU017128PI,20251220,BR002,SKU017128PI,492,432,60
STK-20251220-BR002-SKU017256BL,20251220,BR002,SKU017256BL,493,444,49
STK-20251220-BR002-SKU017256SI,20251220,BR002,SKU017256SI,460,430,30
STK-20251220-BR002-SKU017256PI,20251220,BR002,SKU017256PI,448,416,32
STK-20251220-BR003-SKU015128BL,20251220,BR003,SKU015128BL,382,175,207
STK-20251220-BR003-SKU015128SI,20251220,BR003,SKU015128SI,446,175,271
STK-20251220-BR003-SKU015128PI,20251220,BR003,SKU015128PI,429,175,254
STK-20251220-BR003-SKU015256BL,20251220,BR003,SKU015256BL,460,165,295
STK-20251220-BR003-SKU015256SI,20251220,BR003,SKU015256SI,477,177,300
STK-20251220-BR003-SKU015256PI,20251220,BR003,SKU015256PI,383,174,209
STK-20251220-BR003-SKU016128BL,20251220,BR003,SKU016128BL,376,293,83
STK-20251220-BR003-SKU016128SI,20251220,BR003,SKU016128SI,332,282,50
STK-20251220-BR003-SKU016128PI,20251220,BR003,SKU016128PI,361,301,60
STK-20251220-BR003-SKU016256BL,20251220,BR003,SKU016256BL,350,293,57
STK-20251220-BR003-SKU016256SI,20251220,BR003,SKU016256SI,394,316,78
STK-20251220-BR003-SKU016256PI,20251220,BR003,SKU016256PI,339,283,56
STK-20251220-BR003-SKU017128BL,20251220,BR003,SKU017128BL,480,427,53
STK-20251220-BR003-SKU017128SI,20251220,BR003,SKU017128SI,460,397,63
STK-20251220-BR003-SKU017128PI,20251220,BR003,SKU017128PI,481,422,59
STK-20251220-BR003-SKU017256BL,20251220,BR003,SKU017256BL,466,435,31
STK-20251220-BR003-SKU017256SI,20251220,BR003,SKU017256SI,540,472,68
STK-20251220-BR003-SKU017256PI,20251220,BR003,SKU017256PI,516,438,78
STK-20251220-BR004-SKU015128BL,20251220,BR004,SKU015128BL,377,167,210
STK-20251220-BR004-SKU015128SI,20251220,BR004,SKU015128SI,445,172,273
STK-20251220-BR004-SKU015128PI,20251220,BR004,SKU015128PI,445,184,261
STK-20251220-BR004-SKU015256BL,20251220,BR004,SKU015256BL,429,159,270
STK-20251220-BR004-SKU015256SI,20251220,BR004,SKU015256SI,401,159,242
STK-20251220-BR004-SKU015256PI,20251220,BR004,SKU015256PI,421,181,240
STK-20251220-BR004-SKU016128BL,20251220,BR004,SKU016128BL,373,304,69
STK-20251220-BR004-SKU016128SI,20251220,BR004,SKU016128SI,354,300,54
STK-20251220-BR004-SKU016128PI,20251220,BR004,SKU016128PI,329,284,45
STK-20251220-BR004-SKU016256BL,20251220,BR004,SKU016256BL,344,294,50
STK-20251220-BR004-SKU016256SI,20251220,BR004,SKU016256SI,343,276,67
STK-20251220-BR004-SKU016256PI,20251220,BR004,SKU016256PI,343,290,53
STK-20251220-BR004-SKU017128BL,20251220,BR004,SKU017128BL,485,448,37
STK-20251220-BR004-SKU017128SI,20251220,BR004,SKU017128SI,474,421,53
STK-20251220-BR004-SKU017128PI,20251220,BR004,SKU017128PI,520,456,64
STK-20251220-BR004-SKU017256BL,20251220,BR004,SKU017256BL,468,433,35
STK-20251220-BR004-SKU017256SI,20251220,BR004,SKU017256SI,491,437,54
STK-20251220-BR004-SKU017256PI,20251220,BR004,SKU017256PI,465,422,43
STK-20251220-BR005-SKU015128BL,20251220,BR005,SKU015128BL,349,170,179
STK-20251220-BR005-SKU015128SI,20251220,BR005,SKU015128SI,413,167,246
STK-20251220-BR005-SKU015128PI,20251220,BR005,SKU015128PI,401,171,230
STK-20251220-BR005-SKU015256BL,20251220,BR005,SKU015256BL,444,165,279
STK-20251220-BR005-SKU015256SI,20251220,BR005,SKU015256SI,457,159,298
STK-20251220-BR005-SKU015256PI,20251220,BR005,SKU015256PI,428,163,265
STK-20251220-BR005-SKU016128BL,20251220,BR005,SKU016128BL,351,292,59
STK-20251220-BR005-SKU016128SI,20251220,BR005,SKU016128SI,338,301,37
STK-20251220-BR005-SKU016128PI,20251220,BR005,SKU016128PI,334,286,48
STK-20251220-BR005-SKU016256BL,20251220,BR005,SKU016256BL,349,304,45
STK-20251220-BR005-SKU016256SI,20251220,BR005,SKU016256SI,348,282,66
STK-20251220-BR005-SKU016256PI,20251220,BR005,SKU016256PI,352,308,44
STK-20251220-BR005-SKU017128BL,20251220,BR005,SKU017128BL,528,449,79
STK-20251220-BR005-SKU017128SI,20251220,BR005,SKU017128SI,502,436,66
STK-20251220-BR005-SKU017128PI,20251220,BR005,SKU017128PI,483,419,64
STK-20251220-BR005-SKU017256BL,20251220,BR005,SKU017256BL,491,420,71
STK-20251220-BR005-SKU017256SI,20251220,BR005,SKU017256SI,494,439,55
STK-20251220-BR005-SKU017256PI,20251220,BR005,SKU017256PI,440,397,43
STK-20251221-BR000-SKU015128BL,20251221,BR000,SKU015128BL,644,0,644
STK-20251221-BR000-SKU015128SI,20251221,BR000,SKU015128SI,795,0,795
STK-20251221-BR000-SKU015128PI,20251221,BR000,SKU015128PI,930,0,930
STK-20251221-BR000-SKU015256BL,20251221,BR000,SKU015256BL,712,0,712
STK-20251221-BR000-SKU015256SI,20251221,BR000,SKU015256SI,744,0,744
STK-20251221-BR000-SKU015256PI,20251221,BR000,SKU015256PI,985,0,985
STK-20251221-BR000-SKU016128BL,20251221,BR000,SKU016128BL,632,0,632
STK-20251221-BR000-SKU016128SI,20251221,BR000,SKU016128SI,857,0,857
STK-20251221-BR000-SKU016128PI,20251221,BR000,SKU016128PI,686,0,686
STK-20251221-BR000-SKU016256BL,20251221,BR000,SKU016256BL,548,0,548
STK-20251221-BR000-SKU016256SI,20251221,BR000,SKU016256SI,855,0,855
STK-20251221-BR000-SKU016256PI,20251221,BR000,SKU016256PI,881,0,881
STK-20251221-BR000-SKU017128BL,20251221,BR000,SKU017128BL,658,0,658
STK-20251221-BR000-SKU017128SI,20251221,BR000,SKU017128SI,661,0,661
STK-20251221-BR000-SKU017128PI,20251221,BR000,SKU017128PI,617,0,617
STK-20251221-BR000-SKU017256BL,20251221,BR000,SKU017256BL,731,0,731
STK-20251221-BR000-SKU017256SI,20251221,BR000,SKU017256SI,682,0,682
STK-20251221-BR000-SKU017256PI,20251221,BR000,SKU017256PI,891,0,891
STK-20251221-BR001-SKU015128BL,20251221,BR001,SKU015128BL,395,163,232
STK-20251221-BR001-SKU015128SI,20251221,BR001,SKU015128SI,427,178,249
STK-20251221-BR001-SKU015128PI,20251221,BR001,SKU015128PI,432,176,256
STK-20251221-BR001-SKU015256BL,20251221,BR001,SKU015256BL,440,163,277
STK-20251221-BR001-SKU015256SI,20251221,BR001,SKU015256SI,436,174,262
STK-20251221-BR001-SKU015256PI,20251221,BR001,SKU015256PI,371,166,205
STK-20251221-BR001-SKU016128BL,20251221,BR001,SKU016128BL,381,327,54
STK-20251221-BR001-SKU016128SI,20251221,BR001,SKU016128SI,336,311,25
STK-20251221-BR001-SKU016128PI,20251221,BR001,SKU016128PI,298,278,20
STK-20251221-BR001-SKU016256BL,20251221,BR001,SKU016256BL,342,293,49
STK-20251221-BR001-SKU016256SI,20251221,BR001,SKU016256SI,373,314,59
STK-20251221-BR001-SKU016256PI,20251221,BR001,SKU016256PI,340,289,51
STK-20251221-BR001-SKU017128BL,20251221,BR001,SKU017128BL,493,438,55
STK-20251221-BR001-SKU017128SI,20251221,BR001,SKU017128SI,466,431,35
STK-20251221-BR001-SKU017128PI,20251221,BR001,SKU017128PI,485,435,50
STK-20251221-BR001-SKU017256BL,20251221,BR001,SKU017256BL,471,455,16
STK-20251221-BR001-SKU017256SI,20251221,BR001,SKU017256SI,437,418,19
STK-20251221-BR001-SKU017256PI,20251221,BR001,SKU017256PI,471,406,65
STK-20251221-BR002-SKU015128BL,20251221,BR002,SKU015128BL,437,174,263
STK-20251221-BR002-SKU015128SI,20251221,BR002,SKU015128SI,425,165,260
STK-20251221-BR002-SKU015128PI,20251221,BR002,SKU015128PI,407,172,235
STK-20251221-BR002-SKU015256BL,20251221,BR002,SKU015256BL,432,160,272
STK-20251221-BR002-SKU015256SI,20251221,BR002,SKU015256SI,354,174,180
STK-20251221-BR002-SKU015256PI,20251221,BR002,SKU015256PI,461,172,289
STK-20251221-BR002-SKU016128BL,20251221,BR002,SKU016128BL,379,306,73
STK-20251221-BR002-SKU016128SI,20251221,BR002,SKU016128SI,369,281,88
STK-20251221-BR002-SKU016128PI,20251221,BR002,SKU016128PI,332,289,43
STK-20251221-BR002-SKU016256BL,20251221,BR002,SKU016256BL,365,296,69
STK-20251221-BR002-SKU016256SI,20251221,BR002,SKU016256SI,354,288,66
STK-20251221-BR002-SKU016256PI,20251221,BR002,SKU016256PI,343,287,56
STK-20251221-BR002-SKU017128BL,20251221,BR002,SKU017128BL,465,431,34
STK-20251221-BR002-SKU017128SI,20251221,BR002,SKU017128SI,484,416,68
STK-20251221-BR002-SKU017128PI,20251221,BR002,SKU017128PI,486,439,47
STK-20251221-BR002-SKU017256BL,20251221,BR002,SKU017256BL,493,460,33
STK-20251221-BR002-SKU017256SI,20251221,BR002,SKU017256SI,446,421,25
STK-20251221-BR002-SKU017256PI,20251221,BR002,SKU017256PI,448,423,25
STK-20251221-BR003-SKU015128BL,20251221,BR003,SKU015128BL,379,179,200
STK-20251221-BR003-SKU015128SI,20251221,BR003,SKU015128SI,446,177,269
STK-20251221-BR003-SKU015128PI,20251221,BR003,SKU015128PI,427,176,251
STK-20251221-BR003-SKU015256BL,20251221,BR003,SKU015256BL,456,162,294
STK-20251221-BR003-SKU015256SI,20251221,BR003,SKU015256SI,476,177,299
STK-20251221-BR003-SKU015256PI,20251221,BR003,SKU015256PI,382,174,208
STK-20251221-BR003-SKU016128BL,20251221,BR003,SKU016128BL,367,291,76
STK-20251221-BR003-SKU016128SI,20251221,BR003,SKU016128SI,326,285,41
STK-20251221-BR003-SKU016128PI,20251221,BR003,SKU016128PI,361,302,59
STK-20251221-BR003-SKU016256BL,20251221,BR003,SKU016256BL,350,299,51
STK-20251221-BR003-SKU016256SI,20251221,BR003,SKU016256SI,385,315,70
STK-20251221-BR003-SKU016256PI,20251221,BR003,SKU016256PI,334,281,53
STK-20251221-BR003-SKU017128BL,20251221,BR003,SKU017128BL,480,434,46
STK-20251221-BR003-SKU017128SI,20251221,BR003,SKU017128SI,460,406,54
STK-20251221-BR003-SKU017128PI,20251221,BR003,SKU017128PI,476,432,44
STK-20251221-BR003-SKU017256BL,20251221,BR003,SKU017256BL,464,445,19
STK-20251221-BR003-SKU017256SI,20251221,BR003,SKU017256SI,530,473,57
STK-20251221-BR003-SKU017256PI,20251221,BR003,SKU017256PI,505,442,63
STK-20251221-BR004-SKU015128BL,20251221,BR004,SKU015128BL,376,168,208
STK-20251221-BR004-SKU015128SI,20251221,BR004,SKU015128SI,445,174,271
STK-20251221-BR004-SKU015128PI,20251221,BR004,SKU015128PI,445,185,260
STK-20251221-BR004-SKU015256BL,20251221,BR004,SKU015256BL,427,164,263
STK-20251221-BR004-SKU015256SI,20251221,BR004,SKU015256SI,401,160,241
STK-20251221-BR004-SKU015256PI,20251221,BR004,SKU015256PI,421,182,239
STK-20251221-BR004-SKU016128BL,20251221,BR004,SKU016128BL,369,303,66
STK-20251221-BR004-SKU016128SI,20251221,BR004,SKU016128SI,354,301,53
STK-20251221-BR004-SKU016128PI,20251221,BR004,SKU016128PI,329,291,38
STK-20251221-BR004-SKU016256BL,20251221,BR004,SKU016256BL,340,302,38
STK-20251221-BR004-SKU016256SI,20251221,BR004,SKU016256SI,343,281,62
STK-20251221-BR004-SKU016256PI,20251221,BR004,SKU016256PI,337,292,45
STK-20251221-BR004-SKU017128BL,20251221,BR004,SKU017128BL,485,460,25
STK-20251221-BR004-SKU017128SI,20251221,BR004,SKU017128SI,474,426,48
STK-20251221-BR004-SKU017128PI,20251221,BR004,SKU017128PI,515,462,53
STK-20251221-BR004-SKU017256BL,20251221,BR004,SKU017256BL,468,440,28
STK-20251221-BR004-SKU017256SI,20251221,BR004,SKU017256SI,482,439,43
STK-20251221-BR004-SKU017256PI,20251221,BR004,SKU017256PI,455,420,35
STK-20251221-BR005-SKU015128BL,20251221,BR005,SKU015128BL,347,169,178
STK-20251221-BR005-SKU015128SI,20251221,BR005,SKU015128SI,413,170,243
STK-20251221-BR005-SKU015128PI,20251221,BR005,SKU015128PI,400,175,225
STK-20251221-BR005-SKU015256BL,20251221,BR005,SKU015256BL,444,166,278
STK-20251221-BR005-SKU015256SI,20251221,BR005,SKU015256SI,456,163,293
STK-20251221-BR005-SKU015256PI,20251221,BR005,SKU015256PI,428,167,261
STK-20251221-BR005-SKU016128BL,20251221,BR005,SKU016128BL,348,295,53
STK-20251221-BR005-SKU016128SI,20251221,BR005,SKU016128SI,327,295,32
STK-20251221-BR005-SKU016128PI,20251221,BR005,SKU016128PI,331,295,36
STK-20251221-BR005-SKU016256BL,20251221,BR005,SKU016256BL,344,304,40
STK-20251221-BR005-SKU016256SI,20251221,BR005,SKU016256SI,348,285,63
STK-20251221-BR005-SKU016256PI,20251221,BR005,SKU016256PI,352,313,39
STK-20251221-BR005-SKU017128BL,20251221,BR005,SKU017128BL,528,453,75
STK-20251221-BR005-SKU017128SI,20251221,BR005,SKU017128SI,492,441,51
STK-20251221-BR005-SKU017128PI,20251221,BR005,SKU017128PI,471,411,60
STK-20251221-BR005-SKU017256BL,20251221,BR005,SKU017256BL,488,433,55
STK-20251221-BR005-SKU017256SI,20251221,BR005,SKU017256SI,494,455,39
STK-20251221-BR005-SKU017256PI,20251221,BR005,SKU017256PI,440,401,39
STK-20251222-BR000-SKU015128BL,20251222,BR000,SKU015128BL,644,0,644
STK-20251222-BR000-SKU015128SI,20251222,BR000,SKU015128SI,795,0,795
STK-20251222-BR000-SKU015128PI,20251222,BR000,SKU015128PI,930,0,930
STK-20251222-BR000-SKU015256BL,20251222,BR000,SKU015256BL,712,0,712
STK-20251222-BR000-SKU015256SI,20251222,BR000,SKU015256SI,744,0,744
STK-20251222-BR000-SKU015256PI,20251222,BR000,SKU015256PI,985,0,985
STK-20251222-BR000-SKU016128BL,20251222,BR000,SKU016128BL,632,0,632
STK-20251222-BR000-SKU016128SI,20251222,BR000,SKU016128SI,857,0,857
STK-20251222-BR000-SKU016128PI,20251222,BR000,SKU016128PI,686,0,686
STK-20251222-BR000-SKU016256BL,20251222,BR000,SKU016256BL,548,0,548
STK-20251222-BR000-SKU016256SI,20251222,BR000,SKU016256SI,855,0,855
STK-20251222-BR000-SKU016256PI,20251222,BR000,SKU016256PI,881,0,881
STK-20251222-BR000-SKU017128BL,20251222,BR000,SKU017128BL,658,0,658
STK-20251222-BR000-SKU017128SI,20251222,BR000,SKU017128SI,661,0,661
STK-20251222-BR000-SKU017128PI,20251222,BR000,SKU017128PI,617,0,617
STK-20251222-BR000-SKU017256BL,20251222,BR000,SKU017256BL,731,0,731
STK-20251222-BR000-SKU017256SI,20251222,BR000,SKU017256SI,682,0,682
STK-20251222-BR000-SKU017256PI,20251222,BR000,SKU017256PI,891,0,891
STK-20251222-BR001-SKU015128BL,20251222,BR001,SKU015128BL,395,169,226
STK-20251222-BR001-SKU015128SI,20251222,BR001,SKU015128SI,427,183,244
STK-20251222-BR001-SKU015128PI,20251222,BR001,SKU015128PI,430,175,255
STK-20251222-BR001-SKU015256BL,20251222,BR001,SKU015256BL,439,169,270
STK-20251222-BR001-SKU015256SI,20251222,BR001,SKU015256SI,434,174,260
STK-20251222-BR001-SKU015256PI,20251222,BR001,SKU015256PI,369,165,204
STK-20251222-BR001-SKU016128BL,20251222,BR001,SKU016128BL,376,331,45
STK-20251222-BR001-SKU016128SI,20251222,BR001,SKU016128SI,332,315,17
STK-20251222-BR001-SKU016128PI,20251222,BR001,SKU016128PI,290,280,10
STK-20251222-BR001-SKU016256BL,20251222,BR001,SKU016256BL,342,296,46
STK-20251222-BR001-SKU016256SI,20251222,BR001,SKU016256SI,367,312,55
STK-20251222-BR001-SKU016256PI,20251222,BR001,SKU016256PI,340,297,43
STK-20251222-BR001-SKU017128BL,20251222,BR001,SKU017128BL,486,444,42
STK-20251222-BR001-SKU017128SI,20251222,BR001,SKU017128SI,462,440,22
STK-20251222-BR001-SKU017128PI,20251222,BR001,SKU017128PI,479,434,45
STK-20251222-BR001-SKU017256BL,20251222,BR001,SKU017256BL,471,464,7
STK-20251222-BR001-SKU017256SI,20251222,BR001,SKU017256SI,437,422,15
STK-20251222-BR001-SKU017256PI,20251222,BR001,SKU017256PI,457,406,51
STK-20251222-BR002-SKU015128BL,20251222,BR002,SKU015128BL,437,179,258
STK-20251222-BR002-SKU015128SI,20251222,BR002,SKU015128SI,423,165,258
STK-20251222-BR002-SKU015128PI,20251222,BR002,SKU015128PI,407,176,231
STK-20251222-BR002-SKU015256BL,20251222,BR002,SKU015256BL,432,161,271
STK-20251222-BR002-SKU015256SI,20251222,BR002,SKU015256SI,350,177,173
STK-20251222-BR002-SKU015256PI,20251222,BR002,SKU015256PI,460,173,287
STK-20251222-BR002-SKU016128BL,20251222,BR002,SKU016128BL,372,306,66
STK-20251222-BR002-SKU016128SI,20251222,BR002,SKU016128SI,369,290,79
STK-20251222-BR002-SKU016128PI,20251222,BR002,SKU016128PI,325,294,31
STK-20251222-BR002-SKU016256BL,20251222,BR002,SKU016256BL,362,302,60
STK-20251222-BR002-SKU016256SI,20251222,BR002,SKU016256SI,350,288,62
STK-20251222-BR002-SKU016256PI,20251222,BR002,SKU016256PI,343,293,50
STK-20251222-BR002-SKU017128BL,20251222,BR002,SKU017128BL,452,423,29
STK-20251222-BR002-SKU017128SI,20251222,BR002,SKU017128SI,484,420,64
STK-20251222-BR002-SKU017128PI,20251222,BR002,SKU017128PI,486,446,40
STK-20251222-BR002-SKU017256BL,20251222,BR002,SKU017256BL,474,447,27
STK-20251222-BR002-SKU017256SI,20251222,BR002,SKU017256SI,432,415,17
STK-20251222-BR002-SKU017256PI,20251222,BR002,SKU017256PI,439,430,9
STK-20251222-BR003-SKU015128BL,20251222,BR003,SKU015128BL,379,181,198
STK-20251222-BR003-SKU015128SI,20251222,BR003,SKU015128SI,446,178,268
STK-20251222-BR003-SKU015128PI,20251222,BR003,SKU015128PI,427,177,250
STK-20251222-BR003-SKU015256BL,20251222,BR003,SKU015256BL,455,167,288
STK-20251222-BR003-SKU015256SI,20251222,BR003,SKU015256SI,476,181,295
STK-20251222-BR003-SKU015256PI,20251222,BR003,SKU015256PI,382,178,204
STK-20251222-BR003-SKU016128BL,20251222,BR003,SKU016128BL,365,292,73
STK-20251222-BR003-SKU016128SI,20251222,BR003,SKU016128SI,326,295,31
STK-20251222-BR003-SKU016128PI,20251222,BR003,SKU016128PI,361,309,52
STK-20251222-BR003-SKU016256BL,20251222,BR003,SKU016256BL,348,308,40
STK-20251222-BR003-SKU016256SI,20251222,BR003,SKU016256SI,382,322,60
STK-20251222-BR003-SKU016256PI,20251222,BR003,SKU016256PI,323,278,45
STK-20251222-BR003-SKU017128BL,20251222,BR003,SKU017128BL,473,434,39
STK-20251222-BR003-SKU017128SI,20251222,BR003,SKU017128SI,454,411,43
STK-20251222-BR003-SKU017128PI,20251222,BR003,SKU017128PI,458,428,30
STK-20251222-BR003-SKU017256BL,20251222,BR003,SKU017256BL,460,451,9
STK-20251222-BR003-SKU017256SI,20251222,BR003,SKU017256SI,514,462,52
STK-20251222-BR003-SKU017256PI,20251222,BR003,SKU017256PI,500,448,52
STK-20251222-BR004-SKU015128BL,20251222,BR004,SKU015128BL,376,169,207
STK-20251222-BR004-SKU015128SI,20251222,BR004,SKU015128SI,445,177,268
STK-20251222-BR004-SKU015128PI,20251222,BR004,SKU015128PI,441,184,257
STK-20251222-BR004-SKU015256BL,20251222,BR004,SKU015256BL,427,165,262
STK-20251222-BR004-SKU015256SI,20251222,BR004,SKU015256SI,401,164,237
STK-20251222-BR004-SKU015256PI,20251222,BR004,SKU015256PI,421,185,236
STK-20251222-BR004-SKU016128BL,20251222,BR004,SKU016128BL,363,309,54
STK-20251222-BR004-SKU016128SI,20251222,BR004,SKU016128SI,342,292,50
STK-20251222-BR004-SKU016128PI,20251222,BR004,SKU016128PI,329,296,33
STK-20251222-BR004-SKU016256BL,20251222,BR004,SKU016256BL,334,299,35
STK-20251222-BR004-SKU016256SI,20251222,BR004,SKU016256SI,336,278,58
STK-20251222-BR004-SKU016256PI,20251222,BR004,SKU016256PI,335,302,33
STK-20251222-BR004-SKU017128BL,20251222,BR004,SKU017128BL,485,465,20
STK-20251222-BR004-SKU017128SI,20251222,BR004,SKU017128SI,467,430,37
STK-20251222-BR004-SKU017128PI,20251222,BR004,SKU017128PI,498,452,46
STK-20251222-BR004-SKU017256BL,20251222,BR004,SKU017256BL,459,438,21
STK-20251222-BR004-SKU017256SI,20251222,BR004,SKU017256SI,475,447,28
STK-20251222-BR004-SKU017256PI,20251222,BR004,SKU017256PI,455,429,26
STK-20251222-BR005-SKU015128BL,20251222,BR005,SKU015128BL,344,169,175
STK-20251222-BR005-SKU015128SI,20251222,BR005,SKU015128SI,412,174,238
STK-20251222-BR005-SKU015128PI,20251222,BR005,SKU015128PI,396,173,223
STK-20251222-BR005-SKU015256BL,20251222,BR005,SKU015256BL,440,163,277
STK-20251222-BR005-SKU015256SI,20251222,BR005,SKU015256SI,456,167,289
STK-20251222-BR005-SKU015256PI,20251222,BR005,SKU015256PI,426,168,258
STK-20251222-BR005-SKU016128BL,20251222,BR005,SKU016128BL,338,296,42
STK-20251222-BR005-SKU016128SI,20251222,BR005,SKU016128SI,327,300,27
STK-20251222-BR005-SKU016128PI,20251222,BR005,SKU016128PI,324,296,28
STK-20251222-BR005-SKU016256BL,20251222,BR005,SKU016256BL,341,312,29
STK-20251222-BR005-SKU016256SI,20251222,BR005,SKU016256SI,345,293,52
STK-20251222-BR005-SKU016256PI,20251222,BR005,SKU016256PI,352,316,36
STK-20251222-BR005-SKU017128BL,20251222,BR005,SKU017128BL,518,459,59
STK-20251222-BR005-SKU017128SI,20251222,BR005,SKU017128SI,492,445,47
STK-20251222-BR005-SKU017128PI,20251222,BR005,SKU017128PI,471,423,48
STK-20251222-BR005-SKU017256BL,20251222,BR005,SKU017256BL,484,446,38
STK-20251222-BR005-SKU017256SI,20251222,BR005,SKU017256SI,477,446,31
STK-20251222-BR005-SKU017256PI,20251222,BR005,SKU017256PI,440,417,23
STK-20251223-BR000-SKU015128BL,20251223,BR000,SKU015128BL,644,0,644
STK-20251223-BR000-SKU015128SI,20251223,BR000,SKU015128SI,795,0,795
STK-20251223-BR000-SKU015128PI,20251223,BR000,SKU015128PI,930,0,930
STK-20251223-BR000-SKU015256BL,20251223,BR000,SKU015256BL,712,0,712
STK-20251223-BR000-SKU015256SI,20251223,BR000,SKU015256SI,744,0,744
STK-20251223-BR000-SKU015256PI,20251223,BR000,SKU015256PI,985,0,985
STK-20251223-BR000-SKU016128BL,20251223,BR000,SKU016128BL,632,0,632
STK-20251223-BR000-SKU016128SI,20251223,BR000,SKU016128SI,857,0,857
STK-20251223-BR000-SKU016128PI,20251223,BR000,SKU016128PI,686,0,686
STK-20251223-BR000-SKU016256BL,20251223,BR000,SKU016256BL,548,0,548
STK-20251223-BR000-SKU016256SI,20251223,BR000,SKU016256SI,855,0,855
STK-20251223-BR000-SKU016256PI,20251223,BR000,SKU016256PI,881,0,881
STK-20251223-BR000-SKU017128BL,20251223,BR000,SKU017128BL,658,0,658
STK-20251223-BR000-SKU017128SI,20251223,BR000,SKU017128SI,661,0,661
STK-20251223-BR000-SKU017128PI,20251223,BR000,SKU017128PI,617,0,617
STK-20251223-BR000-SKU017256BL,20251223,BR000,SKU017256BL,731,0,731
STK-20251223-BR000-SKU017256SI,20251223,BR000,SKU017256SI,682,0,682
STK-20251223-BR000-SKU017256PI,20251223,BR000,SKU017256PI,891,0,891
STK-20251223-BR001-SKU015128BL,20251223,BR001,SKU015128BL,395,173,222
STK-20251223-BR001-SKU015128SI,20251223,BR001,SKU015128SI,427,187,240
STK-20251223-BR001-SKU015128PI,20251223,BR001,SKU015128PI,430,178,252
STK-20251223-BR001-SKU015256BL,20251223,BR001,SKU015256BL,439,170,269
STK-20251223-BR001-SKU015256SI,20251223,BR001,SKU015256SI,434,177,257
STK-20251223-BR001-SKU015256PI,20251223,BR001,SKU015256PI,369,166,203
STK-20251223-BR001-SKU016128BL,20251223,BR001,SKU016128BL,371,337,34
STK-20251223-BR001-SKU016128SI,20251223,BR001,SKU016128SI,332,318,14
STK-20251223-BR001-SKU016128PI,20251223,BR001,SKU016128PI,290,282,8
STK-20251223-BR001-SKU016256BL,20251223,BR001,SKU016256BL,342,304,38
STK-20251223-BR001-SKU016256SI,20251223,BR001,SKU016256SI,359,313,46
STK-20251223-BR001-SKU016256PI,20251223,BR001,SKU016256PI,328,293,35
STK-20251223-BR001-SKU017128BL,20251223,BR001,SKU017128BL,481,448,33
STK-20251223-BR001-SKU017128SI,20251223,BR001,SKU017128SI,450,435,15
STK-20251223-BR001-SKU017128PI,20251223,BR001,SKU017128PI,476,440,36
STK-20251223-BR001-SKU017256BL,20251223,BR001,SKU017256BL,482,451,31
STK-20251223-BR001-SKU017256SI,20251223,BR001,SKU017256SI,428,428,0
STK-20251223-BR001-SKU017256PI,20251223,BR001,SKU017256PI,453,411,42
STK-20251223-BR002-SKU015128BL,20251223,BR002,SKU015128BL,437,180,257
STK-20251223-BR002-SKU015128SI,20251223,BR002,SKU015128SI,423,170,253
STK-20251223-BR002-SKU015128PI,20251223,BR002,SKU015128PI,407,177,230
STK-20251223-BR002-SKU015256BL,20251223,BR002,SKU015256BL,430,160,270
STK-20251223-BR002-SKU015256SI,20251223,BR002,SKU015256SI,350,178,172
STK-20251223-BR002-SKU015256PI,20251223,BR002,SKU015256PI,460,174,286
STK-20251223-BR002-SKU016128BL,20251223,BR002,SKU016128BL,368,307,61
STK-20251223-BR002-SKU016128SI,20251223,BR002,SKU016128SI,364,289,75
STK-20251223-BR002-SKU016128PI,20251223,BR002,SKU016128PI,319,294,25
STK-20251223-BR002-SKU016256BL,20251223,BR002,SKU016256BL,356,303,53
STK-20251223-BR002-SKU016256SI,20251223,BR002,SKU016256SI,346,287,59
STK-20251223-BR002-SKU016256PI,20251223,BR002,SKU016256PI,341,296,45
STK-20251223-BR002-SKU017128BL,20251223,BR002,SKU017128BL,446,425,21
STK-20251223-BR002-SKU017128SI,20251223,BR002,SKU017128SI,484,431,53
STK-20251223-BR002-SKU017128PI,20251223,BR002,SKU017128PI,486,454,32
STK-20251223-BR002-SKU017256BL,20251223,BR002,SKU017256BL,464,448,16
STK-20251223-BR002-SKU017256SI,20251223,BR002,SKU017256SI,423,420,3
STK-20251223-BR002-SKU017256PI,20251223,BR002,SKU017256PI,478,443,35
STK-20251223-BR003-SKU015128BL,20251223,BR003,SKU015128BL,375,178,197
STK-20251223-BR003-SKU015128SI,20251223,BR003,SKU015128SI,445,182,263
STK-20251223-BR003-SKU015128PI,20251223,BR003,SKU015128PI,423,176,247
STK-20251223-BR003-SKU015256BL,20251223,BR003,SKU015256BL,454,172,282
STK-20251223-BR003-SKU015256SI,20251223,BR003,SKU015256SI,476,185,291
STK-20251223-BR003-SKU015256PI,20251223,BR003,SKU015256PI,382,181,201
STK-20251223-BR003-SKU016128BL,20251223,BR003,SKU016128BL,360,295,65
STK-20251223-BR003-SKU016128SI,20251223,BR003,SKU016128SI,326,298,28
STK-20251223-BR003-SKU016128PI,20251223,BR003,SKU016128PI,353,309,44
STK-20251223-BR003-SKU016256BL,20251223,BR003,SKU016256BL,344,313,31
STK-20251223-BR003-SKU016256SI,20251223,BR003,SKU016256SI,380,327,53
STK-20251223-BR003-SKU016256PI,20251223,BR003,SKU016256PI,323,283,40
STK-20251223-BR003-SKU017128BL,20251223,BR003,SKU017128BL,473,449,24
STK-20251223-BR003-SKU017128SI,20251223,BR003,SKU017128SI,440,413,27
STK-20251223-BR003-SKU017128PI,20251223,BR003,SKU017128PI,458,433,25
STK-20251223-BR003-SKU017256BL,20251223,BR003,SKU017256BL,454,453,1
STK-20251223-BR003-SKU017256SI,20251223,BR003,SKU017256SI,504,458,46
STK-20251223-BR003-SKU017256PI,20251223,BR003,SKU017256PI,494,454,40
STK-20251223-BR004-SKU015128BL,20251223,BR004,SKU015128BL,373,167,206
STK-20251223-BR004-SKU015128SI,20251223,BR004,SKU015128SI,444,182,262
STK-20251223-BR004-SKU015128PI,20251223,BR004,SKU015128PI,437,181,256
STK-20251223-BR004-SKU015256BL,20251223,BR004,SKU015256BL,427,166,261
STK-20251223-BR004-SKU015256SI,20251223,BR004,SKU015256SI,400,165,235
STK-20251223-BR004-SKU015256PI,20251223,BR004,SKU015256PI,416,183,233
STK-20251223-BR004-SKU016128BL,20251223,BR004,SKU016128BL,360,313,47
STK-20251223-BR004-SKU016128SI,20251223,BR004,SKU016128SI,337,294,43
STK-20251223-BR004-SKU016128PI,20251223,BR004,SKU016128PI,322,298,24
STK-20251223-BR004-SKU016256BL,20251223,BR004,SKU016256BL,334,307,27
STK-20251223-BR004-SKU016256SI,20251223,BR004,SKU016256SI,334,281,53
STK-20251223-BR004-SKU016256PI,20251223,BR004,SKU016256PI,328,301,27
STK-20251223-BR004-SKU017128BL,20251223,BR004,SKU017128BL,474,467,7
STK-20251223-BR004-SKU017128SI,20251223,BR004,SKU017128SI,456,428,28
STK-20251223-BR004-SKU017128PI,20251223,BR004,SKU017128PI,498,466,32
STK-20251223-BR004-SKU017256BL,20251223,BR004,SKU017256BL,453,443,10
STK-20251223-BR004-SKU017256SI,20251223,BR004,SKU017256SI,475,460,15
STK-20251223-BR004-SKU017256PI,20251223,BR004,SKU017256PI,451,436,15
STK-20251223-BR005-SKU015128BL,20251223,BR005,SKU015128BL,344,170,174
STK-20251223-BR005-SKU015128SI,20251223,BR005,SKU015128SI,405,173,232
STK-20251223-BR005-SKU015128PI,20251223,BR005,SKU015128PI,396,177,219
STK-20251223-BR005-SKU015256BL,20251223,BR005,SKU015256BL,438,166,272
STK-20251223-BR005-SKU015256SI,20251223,BR005,SKU015256SI,453,165,288
STK-20251223-BR005-SKU015256PI,20251223,BR005,SKU015256PI,425,172,253
STK-20251223-BR005-SKU016128BL,20251223,BR005,SKU016128BL,334,295,39
STK-20251223-BR005-SKU016128SI,20251223,BR005,SKU016128SI,321,306,15
STK-20251223-BR005-SKU016128PI,20251223,BR005,SKU016128PI,323,301,22
STK-20251223-BR005-SKU016256BL,20251223,BR005,SKU016256BL,340,317,23
STK-20251223-BR005-SKU016256SI,20251223,BR005,SKU016256SI,342,294,48
STK-20251223-BR005-SKU016256PI,20251223,BR005,SKU016256PI,347,317,30
STK-20251223-BR005-SKU017128BL,20251223,BR005,SKU017128BL,504,457,47
STK-20251223-BR005-SKU017128SI,20251223,BR005,SKU017128SI,492,452,40
STK-20251223-BR005-SKU017128PI,20251223,BR005,SKU017128PI,464,425,39
STK-20251223-BR005-SKU017256BL,20251223,BR005,SKU017256BL,473,446,27
STK-20251223-BR005-SKU017256SI,20251223,BR005,SKU017256SI,470,448,22
STK-20251223-BR005-SKU017256PI,20251223,BR005,SKU017256PI,430,420,10
STK-20251224-BR000-SKU015128BL,20251224,BR000,SKU015128BL,644,0,644
STK-20251224-BR000-SKU015128SI,20251224,BR000,SKU015128SI,795,0,795
STK-20251224-BR000-SKU015128PI,20251224,BR000,SKU015128PI,930,0,930
STK-20251224-BR000-SKU015256BL,20251224,BR000,SKU015256BL,712,0,712
STK-20251224-BR000-SKU015256SI,20251224,BR000,SKU015256SI,744,0,744
STK-20251224-BR000-SKU015256PI,20251224,BR000,SKU015256PI,985,0,985
STK-20251224-BR000-SKU016128BL,20251224,BR000,SKU016128BL,632,0,632
STK-20251224-BR000-SKU016128SI,20251224,BR000,SKU016128SI,857,0,857
STK-20251224-BR000-SKU016128PI,20251224,BR000,SKU016128PI,686,0,686
STK-20251224-BR000-SKU016256BL,20251224,BR000,SKU016256BL,548,0,548
STK-20251224-BR000-SKU016256SI,20251224,BR000,SKU016256SI,855,0,855
STK-20251224-BR000-SKU016256PI,20251224,BR000,SKU016256PI,881,0,881
STK-20251224-BR000-SKU017128BL,20251224,BR000,SKU017128BL,658,0,658
STK-20251224-BR000-SKU017128SI,20251224,BR000,SKU017128SI,661,0,661
STK-20251224-BR000-SKU017128PI,20251224,BR000,SKU017128PI,617,0,617
STK-20251224-BR000-SKU017256BL,20251224,BR000,SKU017256BL,731,0,731
STK-20251224-BR000-SKU017256SI,20251224,BR000,SKU017256SI,682,0,682
STK-20251224-BR000-SKU017256PI,20251224,BR000,SKU017256PI,891,0,891
STK-20251224-BR001-SKU015128BL,20251224,BR001,SKU015128BL,393,172,221
STK-20251224-BR001-SKU015128SI,20251224,BR001,SKU015128SI,423,186,237
STK-20251224-BR001-SKU015128PI,20251224,BR001,SKU015128PI,427,182,245
STK-20251224-BR001-SKU015256BL,20251224,BR001,SKU015256BL,437,171,266
STK-20251224-BR001-SKU015256SI,20251224,BR001,SKU015256SI,431,178,253
STK-20251224-BR001-SKU015256PI,20251224,BR001,SKU015256PI,369,168,201
STK-20251224-BR001-SKU016128BL,20251224,BR001,SKU016128BL,366,340,26
STK-20251224-BR001-SKU016128SI,20251224,BR001,SKU016128SI,332,330,2
STK-20251224-BR001-SKU016128PI,20251224,BR001,SKU016128PI,302,279,23
STK-20251224-BR001-SKU016256BL,20251224,BR001,SKU016256BL,342,309,33
STK-20251224-BR001-SKU016256SI,20251224,BR001,SKU016256SI,352,313,39
STK-20251224-BR001-SKU016256PI,20251224,BR001,SKU016256PI,325,295,30
STK-20251224-BR001-SKU017128BL,20251224,BR001,SKU017128BL,471,447,24
STK-20251224-BR001-SKU017128SI,20251224,BR001,SKU017128SI,446,445,1
STK-20251224-BR001-SKU017128PI,20251224,BR001,SKU017128PI,474,449,25
STK-20251224-BR001-SKU017256BL,20251224,BR001,SKU017256BL,468,452,16
STK-20251224-BR001-SKU017256SI,20251224,BR001,SKU017256SI,460,427,33
STK-20251224-BR001-SKU017256PI,20251224,BR001,SKU017256PI,446,414,32
STK-20251224-BR002-SKU015128BL,20251224,BR002,SKU015128BL,437,181,256
STK-20251224-BR002-SKU015128SI,20251224,BR002,SKU015128SI,423,171,252
STK-20251224-BR002-SKU015128PI,20251224,BR002,SKU015128PI,405,176,229
STK-20251224-BR002-SKU015256BL,20251224,BR002,SKU015256BL,425,161,264
STK-20251224-BR002-SKU015256SI,20251224,BR002,SKU015256SI,350,179,171
STK-20251224-BR002-SKU015256PI,20251224,BR002,SKU015256PI,459,176,283
STK-20251224-BR002-SKU016128BL,20251224,BR002,SKU016128BL,362,309,53
STK-20251224-BR002-SKU016128SI,20251224,BR002,SKU016128SI,355,292,63
STK-20251224-BR002-SKU016128PI,20251224,BR002,SKU016128PI,319,304,15
STK-20251224-BR002-SKU016256BL,20251224,BR002,SKU016256BL,356,310,46
STK-20251224-BR002-SKU016256SI,20251224,BR002,SKU016256SI,346,295,51
STK-20251224-BR002-SKU016256PI,20251224,BR002,SKU016256PI,336,300,36
STK-20251224-BR002-SKU017128BL,20251224,BR002,SKU017128BL,446,437,9
STK-20251224-BR002-SKU017128SI,20251224,BR002,SKU017128SI,484,443,41
STK-20251224-BR002-SKU017128PI,20251224,BR002,SKU017128PI,463,445,18
STK-20251224-BR002-SKU017256BL,20251224,BR002,SKU017256BL,464,463,1
STK-20251224-BR002-SKU017256SI,20251224,BR002,SKU017256SI,467,435,32
STK-20251224-BR002-SKU017256PI,20251224,BR002,SKU017256PI,470,447,23
STK-20251224-BR003-SKU015128BL,20251224,BR003,SKU015128BL,375,182,193
STK-20251224-BR003-SKU015128SI,20251224,BR003,SKU015128SI,444,183,261
STK-20251224-BR003-SKU015128PI,20251224,BR003,SKU015128PI,422,176,246
STK-20251224-BR003-SKU015256BL,20251224,BR003,SKU015256BL,454,175,279
STK-20251224-BR003-SKU015256SI,20251224,BR003,SKU015256SI,476,186,290
STK-20251224-BR003-SKU015256PI,20251224,BR003,SKU015256PI,380,182,198
STK-20251224-BR003-SKU016128BL,20251224,BR003,SKU016128BL,360,303,57
STK-20251224-BR003-SKU016128SI,20251224,BR003,SKU016128SI,326,306,20
STK-20251224-BR003-SKU016128PI,20251224,BR003,SKU016128PI,348,307,41
STK-20251224-BR003-SKU016256BL,20251224,BR003,SKU016256BL,344,319,25
STK-20251224-BR003-SKU016256SI,20251224,BR003,SKU016256SI,374,329,45
STK-20251224-BR003-SKU016256PI,20251224,BR003,SKU016256PI,323,289,34
STK-20251224-BR003-SKU017128BL,20251224,BR003,SKU017128BL,465,456,9
STK-20251224-BR003-SKU017128SI,20251224,BR003,SKU017128SI,440,425,15
STK-20251224-BR003-SKU017128PI,20251224,BR003,SKU017128PI,458,440,18
STK-20251224-BR003-SKU017256BL,20251224,BR003,SKU017256BL,485,454,31
STK-20251224-BR003-SKU017256SI,20251224,BR003,SKU017256SI,504,473,31
STK-20251224-BR003-SKU017256PI,20251224,BR003,SKU017256PI,488,456,32
STK-20251224-BR004-SKU015128BL,20251224,BR004,SKU015128BL,372,171,201
STK-20251224-BR004-SKU015128SI,20251224,BR004,SKU015128SI,442,181,261
STK-20251224-BR004-SKU015128PI,20251224,BR004,SKU015128PI,435,182,253
STK-20251224-BR004-SKU015256BL,20251224,BR004,SKU015256BL,423,163,260
STK-20251224-BR004-SKU015256SI,20251224,BR004,SKU015256SI,397,163,234
STK-20251224-BR004-SKU015256PI,20251224,BR004,SKU015256PI,416,184,232
STK-20251224-BR004-SKU016128BL,20251224,BR004,SKU016128BL,360,319,41
STK-20251224-BR004-SKU016128SI,20251224,BR004,SKU016128SI,335,295,40
STK-20251224-BR004-SKU016128PI,20251224,BR004,SKU016128PI,316,298,18
STK-20251224-BR004-SKU016256BL,20251224,BR004,SKU016256BL,320,296,24
STK-20251224-BR004-SKU016256SI,20251224,BR004,SKU016256SI,329,285,44
STK-20251224-BR004-SKU016256PI,20251224,BR004,SKU016256PI,328,307,21
STK-20251224-BR004-SKU017128BL,20251224,BR004,SKU017128BL,507,472,35
STK-20251224-BR004-SKU017128SI,20251224,BR004,SKU017128SI,449,426,23
STK-20251224-BR004-SKU017128PI,20251224,BR004,SKU017128PI,498,474,24
STK-20251224-BR004-SKU017256BL,20251224,BR004,SKU017256BL,453,451,2
STK-20251224-BR004-SKU017256SI,20251224,BR004,SKU017256SI,462,459,3
STK-20251224-BR004-SKU017256PI,20251224,BR004,SKU017256PI,444,436,8
STK-20251224-BR005-SKU015128BL,20251224,BR005,SKU015128BL,344,171,173
STK-20251224-BR005-SKU015128SI,20251224,BR005,SKU015128SI,401,172,229
STK-20251224-BR005-SKU015128PI,20251224,BR005,SKU015128PI,396,180,216
STK-20251224-BR005-SKU015256BL,20251224,BR005,SKU015256BL,438,167,271
STK-20251224-BR005-SKU015256SI,20251224,BR005,SKU015256SI,453,168,285
STK-20251224-BR005-SKU015256PI,20251224,BR005,SKU015256PI,424,174,250
STK-20251224-BR005-SKU016128BL,20251224,BR005,SKU016128BL,329,300,29
STK-20251224-BR005-SKU016128SI,20251224,BR005,SKU016128SI,321,312,9
STK-20251224-BR005-SKU016128PI,20251224,BR005,SKU016128PI,323,312,11
STK-20251224-BR005-SKU016256BL,20251224,BR005,SKU016256BL,336,314,22
STK-20251224-BR005-SKU016256SI,20251224,BR005,SKU016256SI,333,291,42
STK-20251224-BR005-SKU016256PI,20251224,BR005,SKU016256PI,345,324,21
STK-20251224-BR005-SKU017128BL,20251224,BR005,SKU017128BL,496,457,39
STK-20251224-BR005-SKU017128SI,20251224,BR005,SKU017128SI,485,459,26
STK-20251224-BR005-SKU017128PI,20251224,BR005,SKU017128PI,461,430,31
STK-20251224-BR005-SKU017256BL,20251224,BR005,SKU017256BL,464,453,11
STK-20251224-BR005-SKU017256SI,20251224,BR005,SKU017256SI,470,462,8
STK-20251224-BR005-SKU017256PI,20251224,BR005,SKU017256PI,458,422,36
STK-20251225-BR000-SKU015128BL,20251225,BR000,SKU015128BL,644,0,644
STK-20251225-BR000-SKU015128SI,20251225,BR000,SKU015128SI,795,0,795
STK-20251225-BR000-SKU015128PI,20251225,BR000,SKU015128PI,930,0,930
STK-20251225-BR000-SKU015256BL,20251225,BR000,SKU015256BL,712,0,712
STK-20251225-BR000-SKU015256SI,20251225,BR000,SKU015256SI,744,0,744
STK-20251225-BR000-SKU015256PI,20251225,BR000,SKU015256PI,985,0,985
STK-20251225-BR000-SKU016128BL,20251225,BR000,SKU016128BL,632,0,632
STK-20251225-BR000-SKU016128SI,20251225,BR000,SKU016128SI,857,0,857
STK-20251225-BR000-SKU016128PI,20251225,BR000,SKU016128PI,686,0,686
STK-20251225-BR000-SKU016256BL,20251225,BR000,SKU016256BL,548,0,548
STK-20251225-BR000-SKU016256SI,20251225,BR000,SKU016256SI,855,0,855
STK-20251225-BR000-SKU016256PI,20251225,BR000,SKU016256PI,881,0,881
STK-20251225-BR000-SKU017128BL,20251225,BR000,SKU017128BL,658,0,658
STK-20251225-BR000-SKU017128SI,20251225,BR000,SKU017128SI,661,0,661
STK-20251225-BR000-SKU017128PI,20251225,BR000,SKU017128PI,617,0,617
STK-20251225-BR000-SKU017256BL,20251225,BR000,SKU017256BL,731,0,731
STK-20251225-BR000-SKU017256SI,20251225,BR000,SKU017256SI,682,0,682
STK-20251225-BR000-SKU017256PI,20251225,BR000,SKU017256PI,891,0,891
STK-20251225-BR001-SKU015128BL,20251225,BR001,SKU015128BL,389,172,217
STK-20251225-BR001-SKU015128SI,20251225,BR001,SKU015128SI,420,184,236
STK-20251225-BR001-SKU015128PI,20251225,BR001,SKU015128PI,427,185,242
STK-20251225-BR001-SKU015256BL,20251225,BR001,SKU015256BL,437,172,265
STK-20251225-BR001-SKU015256SI,20251225,BR001,SKU015256SI,430,178,252
STK-20251225-BR001-SKU015256PI,20251225,BR001,SKU015256PI,369,170,199
STK-20251225-BR001-SKU016128BL,20251225,BR001,SKU016128BL,362,345,17
STK-20251225-BR001-SKU016128SI,20251225,BR001,SKU016128SI,323,322,1
STK-20251225-BR001-SKU016128PI,20251225,BR001,SKU016128PI,302,285,17
STK-20251225-BR001-SKU016256BL,20251225,BR001,SKU016256BL,342,321,21
STK-20251225-BR001-SKU016256SI,20251225,BR001,SKU016256SI,349,318,31
STK-20251225-BR001-SKU016256PI,20251225,BR001,SKU016256PI,307,278,29
STK-20251225-BR001-SKU017128BL,20251225,BR001,SKU017128BL,467,453,14
STK-20251225-BR001-SKU017128SI,20251225,BR001,SKU017128SI,493,453,40
STK-20251225-BR001-SKU017128PI,20251225,BR001,SKU017128PI,474,456,18
STK-20251225-BR001-SKU017256BL,20251225,BR001,SKU017256BL,468,461,7
STK-20251225-BR001-SKU017256SI,20251225,BR001,SKU017256SI,452,433,19
STK-20251225-BR001-SKU017256PI,20251225,BR001,SKU017256PI,446,422,24
STK-20251225-BR002-SKU015128BL,20251225,BR002,SKU015128BL,437,184,253
STK-20251225-BR002-SKU015128SI,20251225,BR002,SKU015128SI,422,172,250
STK-20251225-BR002-SKU015128PI,20251225,BR002,SKU015128PI,405,177,228
STK-20251225-BR002-SKU015256BL,20251225,BR002,SKU015256BL,425,168,257
STK-20251225-BR002-SKU015256SI,20251225,BR002,SKU015256SI,350,181,169
STK-20251225-BR002-SKU015256PI,20251225,BR002,SKU015256PI,459,177,282
STK-20251225-BR002-SKU016128BL,20251225,BR002,SKU016128BL,355,305,50
STK-20251225-BR002-SKU016128SI,20251225,BR002,SKU016128SI,353,296,57
STK-20251225-BR002-SKU016128PI,20251225,BR002,SKU016128PI,311,305,6
STK-20251225-BR002-SKU016256BL,20251225,BR002,SKU016256BL,350,309,41
STK-20251225-BR002-SKU016256SI,20251225,BR002,SKU016256SI,344,303,41
STK-20251225-BR002-SKU016256PI,20251225,BR002,SKU016256PI,332,299,33
STK-20251225-BR002-SKU017128BL,20251225,BR002,SKU017128BL,464,441,23
STK-20251225-BR002-SKU017128SI,20251225,BR002,SKU017128SI,484,457,27
STK-20251225-BR002-SKU017128PI,20251225,BR002,SKU017128PI,463,457,6
STK-20251225-BR002-SKU017256BL,20251225,BR002,SKU017256BL,502,476,26
STK-20251225-BR002-SKU017256SI,20251225,BR002,SKU017256SI,467,447,20
STK-20251225-BR002-SKU017256PI,20251225,BR002,SKU017256PI,459,445,14
STK-20251225-BR003-SKU015128BL,20251225,BR003,SKU015128BL,372,180,192
STK-20251225-BR003-SKU015128SI,20251225,BR003,SKU015128SI,440,183,257
STK-20251225-BR003-SKU015128PI,20251225,BR003,SKU015128PI,420,178,242
STK-20251225-BR003-SKU015256BL,20251225,BR003,SKU015256BL,450,172,278
STK-20251225-BR003-SKU015256SI,20251225,BR003,SKU015256SI,475,188,287
STK-20251225-BR003-SKU015256PI,20251225,BR003,SKU015256PI,379,185,194
STK-20251225-BR003-SKU016128BL,20251225,BR003,SKU016128BL,360,308,52
STK-20251225-BR003-SKU016128SI,20251225,BR003,SKU016128SI,326,310,16
STK-20251225-BR003-SKU016128PI,20251225,BR003,SKU016128PI,346,313,33
STK-20251225-BR003-SKU016256BL,20251225,BR003,SKU016256BL,335,315,20
STK-20251225-BR003-SKU016256SI,20251225,BR003,SKU016256SI,374,333,41
STK-20251225-BR003-SKU016256PI,20251225,BR003,SKU016256PI,323,297,26
STK-20251225-BR003-SKU017128BL,20251225,BR003,SKU017128BL,461,457,4
STK-20251225-BR003-SKU017128SI,20251225,BR003,SKU017128SI,440,438,2
STK-20251225-BR003-SKU017128PI,20251225,BR003,SKU017128PI,455,447,8
STK-20251225-BR003-SKU017256BL,20251225,BR003,SKU017256BL,480,462,18
STK-20251225-BR003-SKU017256SI,20251225,BR003,SKU017256SI,489,466,23
STK-20251225-BR003-SKU017256PI,20251225,BR003,SKU017256PI,478,458,20
STK-20251225-BR004-SKU015128BL,20251225,BR004,SKU015128BL,372,172,200
STK-20251225-BR004-SKU015128SI,20251225,BR004,SKU015128SI,440,182,258
STK-20251225-BR004-SKU015128PI,20251225,BR004,SKU015128PI,435,185,250
STK-20251225-BR004-SKU015256BL,20251225,BR004,SKU015256BL,423,164,259
STK-20251225-BR004-SKU015256SI,20251225,BR004,SKU015256SI,395,165,230
STK-20251225-BR004-SKU015256PI,20251225,BR004,SKU015256PI,416,185,231
STK-20251225-BR004-SKU016128BL,20251225,BR004,SKU016128BL,360,327,33
STK-20251225-BR004-SKU016128SI,20251225,BR004,SKU016128SI,331,301,30
STK-20251225-BR004-SKU016128PI,20251225,BR004,SKU016128PI,310,301,9
STK-20251225-BR004-SKU016256BL,20251225,BR004,SKU016256BL,320,304,16
STK-20251225-BR004-SKU016256SI,20251225,BR004,SKU016256SI,329,290,39
STK-20251225-BR004-SKU016256PI,20251225,BR004,SKU016256PI,321,307,14
STK-20251225-BR004-SKU017128BL,20251225,BR004,SKU017128BL,507,480,27
STK-20251225-BR004-SKU017128SI,20251225,BR004,SKU017128SI,445,431,14
STK-20251225-BR004-SKU017128PI,20251225,BR004,SKU017128PI,498,482,16
STK-20251225-BR004-SKU017256BL,20251225,BR004,SKU017256BL,478,458,20
STK-20251225-BR004-SKU017256SI,20251225,BR004,SKU017256SI,467,438,29
STK-20251225-BR004-SKU017256PI,20251225,BR004,SKU017256PI,475,437,38
STK-20251225-BR005-SKU015128BL,20251225,BR005,SKU015128BL,344,173,171
STK-20251225-BR005-SKU015128SI,20251225,BR005,SKU015128SI,401,173,228
STK-20251225-BR005-SKU015128PI,20251225,BR005,SKU015128PI,395,181,214
STK-20251225-BR005-SKU015256BL,20251225,BR005,SKU015256BL,438,170,268
STK-20251225-BR005-SKU015256SI,20251225,BR005,SKU015256SI,451,170,281
STK-20251225-BR005-SKU015256PI,20251225,BR005,SKU015256PI,424,176,248
STK-20251225-BR005-SKU016128BL,20251225,BR005,SKU016128BL,322,297,25
STK-20251225-BR005-SKU016128SI,20251225,BR005,SKU016128SI,321,318,3
STK-20251225-BR005-SKU016128PI,20251225,BR005,SKU016128PI,323,323,0
STK-20251225-BR005-SKU016256BL,20251225,BR005,SKU016256BL,327,308,19
STK-20251225-BR005-SKU016256SI,20251225,BR005,SKU016256SI,333,299,34
STK-20251225-BR005-SKU016256PI,20251225,BR005,SKU016256PI,335,321,14
STK-20251225-BR005-SKU017128BL,20251225,BR005,SKU017128BL,496,469,27
STK-20251225-BR005-SKU017128SI,20251225,BR005,SKU017128SI,476,465,11
STK-20251225-BR005-SKU017128PI,20251225,BR005,SKU017128PI,461,436,25
STK-20251225-BR005-SKU017256BL,20251225,BR005,SKU017256BL,450,446,4
STK-20251225-BR005-SKU017256SI,20251225,BR005,SKU017256SI,509,470,39
STK-20251225-BR005-SKU017256PI,20251225,BR005,SKU017256PI,458,431,27
STK-20251226-BR000-SKU015128BL,20251226,BR000,SKU015128BL,644,0,644
STK-20251226-BR000-SKU015128SI,20251226,BR000,SKU015128SI,795,0,795
STK-20251226-BR000-SKU015128PI,20251226,BR000,SKU015128PI,930,0,930
STK-20251226-BR000-SKU015256BL,20251226,BR000,SKU015256BL,712,0,712
STK-20251226-BR000-SKU015256SI,20251226,BR000,SKU015256SI,744,0,744
STK-20251226-BR000-SKU015256PI,20251226,BR000,SKU015256PI,985,0,985
STK-20251226-BR000-SKU016128BL,20251226,BR000,SKU016128BL,632,0,632
STK-20251226-BR000-SKU016128SI,20251226,BR000,SKU016128SI,857,0,857
STK-20251226-BR000-SKU016128PI,20251226,BR000,SKU016128PI,686,0,686
STK-20251226-BR000-SKU016256BL,20251226,BR000,SKU016256BL,548,0,548
STK-20251226-BR000-SKU016256SI,20251226,BR000,SKU016256SI,855,0,855
STK-20251226-BR000-SKU016256PI,20251226,BR000,SKU016256PI,881,0,881
STK-20251226-BR000-SKU017128BL,20251226,BR000,SKU017128BL,658,0,658
STK-20251226-BR000-SKU017128SI,20251226,BR000,SKU017128SI,661,0,661
STK-20251226-BR000-SKU017128PI,20251226,BR000,SKU017128PI,617,0,617
STK-20251226-BR000-SKU017256BL,20251226,BR000,SKU017256BL,731,0,731
STK-20251226-BR000-SKU017256SI,20251226,BR000,SKU017256SI,682,0,682
STK-20251226-BR000-SKU017256PI,20251226,BR000,SKU017256PI,891,0,891
STK-20251226-BR001-SKU015128BL,20251226,BR001,SKU015128BL,389,174,215
STK-20251226-BR001-SKU015128SI,20251226,BR001,SKU015128SI,418,183,235
STK-20251226-BR001-SKU015128PI,20251226,BR001,SKU015128PI,427,188,239
STK-20251226-BR001-SKU015256BL,20251226,BR001,SKU015256BL,437,175,262
STK-20251226-BR001-SKU015256SI,20251226,BR001,SKU015256SI,430,181,249
STK-20251226-BR001-SKU015256PI,20251226,BR001,SKU015256PI,368,173,195
STK-20251226-BR001-SKU016128BL,20251226,BR001,SKU016128BL,348,338,10
STK-20251226-BR001-SKU016128SI,20251226,BR001,SKU016128SI,364,333,31
STK-20251226-BR001-SKU016128PI,20251226,BR001,SKU016128PI,302,295,7
STK-20251226-BR001-SKU016256BL,20251226,BR001,SKU016256BL,330,314,16
STK-20251226-BR001-SKU016256SI,20251226,BR001,SKU016256SI,347,322,25
STK-20251226-BR001-SKU016256PI,20251226,BR001,SKU016256PI,307,283,24
STK-20251226-BR001-SKU017128BL,20251226,BR001,SKU017128BL,467,466,1
STK-20251226-BR001-SKU017128SI,20251226,BR001,SKU017128SI,486,459,27
STK-20251226-BR001-SKU017128PI,20251226,BR001,SKU017128PI,463,451,12
STK-20251226-BR001-SKU017256BL,20251226,BR001,SKU017256BL,452,452,0
STK-20251226-BR001-SKU017256SI,20251226,BR001,SKU017256SI,439,428,11
STK-20251226-BR001-SKU017256PI,20251226,BR001,SKU017256PI,440,425,15
STK-20251226-BR002-SKU015128BL,20251226,BR002,SKU015128BL,433,183,250
STK-20251226-BR002-SKU015128SI,20251226,BR002,SKU015128SI,421,174,247
STK-20251226-BR002-SKU015128PI,20251226,BR002,SKU015128PI,403,180,223
STK-20251226-BR002-SKU015256BL,20251226,BR002,SKU015256BL,423,169,254
STK-20251226-BR002-SKU015256SI,20251226,BR002,SKU015256SI,350,184,166
STK-20251226-BR002-SKU015256PI,20251226,BR002,SKU015256PI,458,183,275
STK-20251226-BR002-SKU016128BL,20251226,BR002,SKU016128BL,352,309,43
STK-20251226-BR002-SKU016128SI,20251226,BR002,SKU016128SI,347,297,50
STK-20251226-BR002-SKU016128PI,20251226,BR002,SKU016128PI,334,313,21
STK-20251226-BR002-SKU016256BL,20251226,BR002,SKU016256BL,350,314,36
STK-20251226-BR002-SKU016256SI,20251226,BR002,SKU016256SI,342,305,37
STK-20251226-BR002-SKU016256PI,20251226,BR002,SKU016256PI,332,301,31
STK-20251226-BR002-SKU017128BL,20251226,BR002,SKU017128BL,464,447,17
STK-20251226-BR002-SKU017128SI,20251226,BR002,SKU017128SI,468,451,17
STK-20251226-BR002-SKU017128PI,20251226,BR002,SKU017128PI,493,464,29
STK-20251226-BR002-SKU017256BL,20251226,BR002,SKU017256BL,481,464,17
STK-20251226-BR002-SKU017256SI,20251226,BR002,SKU017256SI,467,460,7
STK-20251226-BR002-SKU017256PI,20251226,BR002,SKU017256PI,447,440,7
STK-20251226-BR003-SKU015128BL,20251226,BR003,SKU015128BL,372,182,190
STK-20251226-BR003-SKU015128SI,20251226,BR003,SKU015128SI,435,179,256
STK-20251226-BR003-SKU015128PI,20251226,BR003,SKU015128PI,419,180,239
STK-20251226-BR003-SKU015256BL,20251226,BR003,SKU015256BL,450,178,272
STK-20251226-BR003-SKU015256SI,20251226,BR003,SKU015256SI,473,192,281
STK-20251226-BR003-SKU015256PI,20251226,BR003,SKU015256PI,379,188,191
STK-20251226-BR003-SKU016128BL,20251226,BR003,SKU016128BL,357,315,42
STK-20251226-BR003-SKU016128SI,20251226,BR003,SKU016128SI,314,301,13
STK-20251226-BR003-SKU016128PI,20251226,BR003,SKU016128PI,340,313,27
STK-20251226-BR003-SKU016256BL,20251226,BR003,SKU016256BL,331,319,12
STK-20251226-BR003-SKU016256SI,20251226,BR003,SKU016256SI,374,336,38
STK-20251226-BR003-SKU016256PI,20251226,BR003,SKU016256PI,318,300,18
STK-20251226-BR003-SKU017128BL,20251226,BR003,SKU017128BL,471,444,27
STK-20251226-BR003-SKU017128SI,20251226,BR003,SKU017128SI,475,439,36
STK-20251226-BR003-SKU017128PI,20251226,BR003,SKU017128PI,497,459,38
STK-20251226-BR003-SKU017256BL,20251226,BR003,SKU017256BL,469,468,1
STK-20251226-BR003-SKU017256SI,20251226,BR003,SKU017256SI,485,476,9
STK-20251226-BR003-SKU017256PI,20251226,BR003,SKU017256PI,464,453,11
STK-20251226-BR004-SKU015128BL,20251226,BR004,SKU015128BL,372,174,198
STK-20251226-BR004-SKU015128SI,20251226,BR004,SKU015128SI,440,185,255
STK-20251226-BR004-SKU015128PI,20251226,BR004,SKU015128PI,435,187,248
STK-20251226-BR004-SKU015256BL,20251226,BR004,SKU015256BL,422,166,256
STK-20251226-BR004-SKU015256SI,20251226,BR004,SKU015256SI,395,166,229
STK-20251226-BR004-SKU015256PI,20251226,BR004,SKU015256PI,412,183,229
STK-20251226-BR004-SKU016128BL,20251226,BR004,SKU016128BL,349,319,30
STK-20251226-BR004-SKU016128SI,20251226,BR004,SKU016128SI,331,304,27
STK-20251226-BR004-SKU016128PI,20251226,BR004,SKU016128PI,310,304,6
STK-20251226-BR004-SKU016256BL,20251226,BR004,SKU016256BL,310,301,9
STK-20251226-BR004-SKU016256SI,20251226,BR004,SKU016256SI,327,292,35
STK-20251226-BR004-SKU016256PI,20251226,BR004,SKU016256PI,314,307,7
STK-20251226-BR004-SKU017128BL,20251226,BR004,SKU017128BL,489,476,13
STK-20251226-BR004-SKU017128SI,20251226,BR004,SKU017128SI,445,444,1
STK-20251226-BR004-SKU017128PI,20251226,BR004,SKU017128PI,482,481,1
STK-20251226-BR004-SKU017256BL,20251226,BR004,SKU017256BL,472,465,7
STK-20251226-BR004-SKU017256SI,20251226,BR004,SKU017256SI,460,435,25
STK-20251226-BR004-SKU017256PI,20251226,BR004,SKU017256PI,471,443,28
STK-20251226-BR005-SKU015128BL,20251226,BR005,SKU015128BL,344,179,165
STK-20251226-BR005-SKU015128SI,20251226,BR005,SKU015128SI,400,175,225
STK-20251226-BR005-SKU015128PI,20251226,BR005,SKU015128PI,395,187,208
STK-20251226-BR005-SKU015256BL,20251226,BR005,SKU015256BL,438,175,263
STK-20251226-BR005-SKU015256SI,20251226,BR005,SKU015256SI,451,177,274
STK-20251226-BR005-SKU015256PI,20251226,BR005,SKU015256PI,424,181,243
STK-20251226-BR005-SKU016128BL,20251226,BR005,SKU016128BL,318,297,21
STK-20251226-BR005-SKU016128SI,20251226,BR005,SKU016128SI,356,324,32
STK-20251226-BR005-SKU016128PI,20251226,BR005,SKU016128PI,359,330,29
STK-20251226-BR005-SKU016256BL,20251226,BR005,SKU016256BL,325,314,11
STK-20251226-BR005-SKU016256SI,20251226,BR005,SKU016256SI,326,298,28
STK-20251226-BR005-SKU016256PI,20251226,BR005,SKU016256PI,327,314,13
STK-20251226-BR005-SKU017128BL,20251226,BR005,SKU017128BL,489,475,14
STK-20251226-BR005-SKU017128SI,20251226,BR005,SKU017128SI,518,478,40
STK-20251226-BR005-SKU017128PI,20251226,BR005,SKU017128PI,461,447,14
STK-20251226-BR005-SKU017256BL,20251226,BR005,SKU017256BL,467,444,23
STK-20251226-BR005-SKU017256SI,20251226,BR005,SKU017256SI,493,468,25
STK-20251226-BR005-SKU017256PI,20251226,BR005,SKU017256PI,449,438,11
STK-20251227-BR000-SKU015128BL,20251227,BR000,SKU015128BL,644,0,644
STK-20251227-BR000-SKU015128SI,20251227,BR000,SKU015128SI,795,0,795
STK-20251227-BR000-SKU015128PI,20251227,BR000,SKU015128PI,930,0,930
STK-20251227-BR000-SKU015256BL,20251227,BR000,SKU015256BL,712,0,712
STK-20251227-BR000-SKU015256SI,20251227,BR000,SKU015256SI,744,0,744
STK-20251227-BR000-SKU015256PI,20251227,BR000,SKU015256PI,985,0,985
STK-20251227-BR000-SKU016128BL,20251227,BR000,SKU016128BL,632,0,632
STK-20251227-BR000-SKU016128SI,20251227,BR000,SKU016128SI,857,0,857
STK-20251227-BR000-SKU016128PI,20251227,BR000,SKU016128PI,686,0,686
STK-20251227-BR000-SKU016256BL,20251227,BR000,SKU016256BL,548,0,548
STK-20251227-BR000-SKU016256SI,20251227,BR000,SKU016256SI,855,0,855
STK-20251227-BR000-SKU016256PI,20251227,BR000,SKU016256PI,881,0,881
STK-20251227-BR000-SKU017128BL,20251227,BR000,SKU017128BL,658,0,658
STK-20251227-BR000-SKU017128SI,20251227,BR000,SKU017128SI,661,0,661
STK-20251227-BR000-SKU017128PI,20251227,BR000,SKU017128PI,617,0,617
STK-20251227-BR000-SKU017256BL,20251227,BR000,SKU017256BL,731,0,731
STK-20251227-BR000-SKU017256SI,20251227,BR000,SKU017256SI,682,0,682
STK-20251227-BR000-SKU017256PI,20251227,BR000,SKU017256PI,891,0,891
STK-20251227-BR001-SKU015128BL,20251227,BR001,SKU015128BL,387,175,212
STK-20251227-BR001-SKU015128SI,20251227,BR001,SKU015128SI,417,185,232
STK-20251227-BR001-SKU015128PI,20251227,BR001,SKU015128PI,422,186,236
STK-20251227-BR001-SKU015256BL,20251227,BR001,SKU015256BL,437,177,260
STK-20251227-BR001-SKU015256SI,20251227,BR001,SKU015256SI,430,185,245
STK-20251227-BR001-SKU015256PI,20251227,BR001,SKU015256PI,368,175,193
STK-20251227-BR001-SKU016128BL,20251227,BR001,SKU016128BL,348,341,7
STK-20251227-BR001-SKU016128SI,20251227,BR001,SKU016128SI,360,339,21
STK-20251227-BR001-SKU016128PI,20251227,BR001,SKU016128PI,330,298,32
STK-20251227-BR001-SKU016256BL,20251227,BR001,SKU016256BL,322,311,11
STK-20251227-BR001-SKU016256SI,20251227,BR001,SKU016256SI,342,321,21
STK-20251227-BR001-SKU016256PI,20251227,BR001,SKU016256PI,305,288,17
STK-20251227-BR001-SKU017128BL,20251227,BR001,SKU017128BL,499,471,28
STK-20251227-BR001-SKU017128SI,20251227,BR001,SKU017128SI,482,468,14
STK-20251227-BR001-SKU017128PI,20251227,BR001,SKU017128PI,496,465,31
STK-20251227-BR001-SKU017256BL,20251227,BR001,SKU017256BL,476,455,21
STK-20251227-BR001-SKU017256SI,20251227,BR001,SKU017256SI,475,439,36
STK-20251227-BR001-SKU017256PI,20251227,BR001,SKU017256PI,435,433,2
STK-20251227-BR002-SKU015128BL,20251227,BR002,SKU015128BL,431,186,245
STK-20251227-BR002-SKU015128SI,20251227,BR002,SKU015128SI,421,179,242
STK-20251227-BR002-SKU015128PI,20251227,BR002,SKU015128PI,403,184,219
STK-20251227-BR002-SKU015256BL,20251227,BR002,SKU015256BL,419,169,250
STK-20251227-BR002-SKU015256SI,20251227,BR002,SKU015256SI,350,187,163
STK-20251227-BR002-SKU015256PI,20251227,BR002,SKU015256PI,454,182,272
STK-20251227-BR002-SKU016128BL,20251227,BR002,SKU016128BL,350,316,34
STK-20251227-BR002-SKU016128SI,20251227,BR002,SKU016128SI,347,303,44
STK-20251227-BR002-SKU016128PI,20251227,BR002,SKU016128PI,334,316,18
STK-20251227-BR002-SKU016256BL,20251227,BR002,SKU016256BL,346,317,29
STK-20251227-BR002-SKU016256SI,20251227,BR002,SKU016256SI,342,314,28
STK-20251227-BR002-SKU016256PI,20251227,BR002,SKU016256PI,332,312,20
STK-20251227-BR002-SKU017128BL,20251227,BR002,SKU017128BL,464,459,5
STK-20251227-BR002-SKU017128SI,20251227,BR002,SKU017128SI,462,455,7
STK-20251227-BR002-SKU017128PI,20251227,BR002,SKU017128PI,489,473,16
STK-20251227-BR002-SKU017256BL,20251227,BR002,SKU017256BL,458,456,2
STK-20251227-BR002-SKU017256SI,20251227,BR002,SKU017256SI,497,465,32
STK-20251227-BR002-SKU017256PI,20251227,BR002,SKU017256PI,476,452,24
STK-20251227-BR003-SKU015128BL,20251227,BR003,SKU015128BL,372,183,189
STK-20251227-BR003-SKU015128SI,20251227,BR003,SKU015128SI,435,180,255
STK-20251227-BR003-SKU015128PI,20251227,BR003,SKU015128PI,419,181,238
STK-20251227-BR003-SKU015256BL,20251227,BR003,SKU015256BL,446,179,267
STK-20251227-BR003-SKU015256SI,20251227,BR003,SKU015256SI,472,195,277
STK-20251227-BR003-SKU015256PI,20251227,BR003,SKU015256PI,378,191,187
STK-20251227-BR003-SKU016128BL,20251227,BR003,SKU016128BL,350,319,31
STK-20251227-BR003-SKU016128SI,20251227,BR003,SKU016128SI,310,309,1
STK-20251227-BR003-SKU016128PI,20251227,BR003,SKU016128PI,339,321,18
STK-20251227-BR003-SKU016256BL,20251227,BR003,SKU016256BL,324,314,10
STK-20251227-BR003-SKU016256SI,20251227,BR003,SKU016256SI,373,338,35
STK-20251227-BR003-SKU016256PI,20251227,BR003,SKU016256PI,314,301,13
STK-20251227-BR003-SKU017128BL,20251227,BR003,SKU017128BL,471,458,13
STK-20251227-BR003-SKU017128SI,20251227,BR003,SKU017128SI,475,444,31
STK-20251227-BR003-SKU017128PI,20251227,BR003,SKU017128PI,490,460,30
STK-20251227-BR003-SKU017256BL,20251227,BR003,SKU017256BL,500,462,38
STK-20251227-BR003-SKU017256SI,20251227,BR003,SKU017256SI,516,486,30
STK-20251227-BR003-SKU017256PI,20251227,BR003,SKU017256PI,491,465,26
STK-20251227-BR004-SKU015128BL,20251227,BR004,SKU015128BL,372,178,194
STK-20251227-BR004-SKU015128SI,20251227,BR004,SKU015128SI,433,181,252
STK-20251227-BR004-SKU015128PI,20251227,BR004,SKU015128PI,430,189,241
STK-20251227-BR004-SKU015256BL,20251227,BR004,SKU015256BL,422,167,255
STK-20251227-BR004-SKU015256SI,20251227,BR004,SKU015256SI,395,167,228
STK-20251227-BR004-SKU015256PI,20251227,BR004,SKU015256PI,412,184,228
STK-20251227-BR004-SKU016128BL,20251227,BR004,SKU016128BL,338,314,24
STK-20251227-BR004-SKU016128SI,20251227,BR004,SKU016128SI,324,307,17
STK-20251227-BR004-SKU016128PI,20251227,BR004,SKU016128PI,335,311,24
STK-20251227-BR004-SKU016256BL,20251227,BR004,SKU016256BL,299,292,7
STK-20251227-BR004-SKU016256SI,20251227,BR004,SKU016256SI,327,304,23
STK-20251227-BR004-SKU016256PI,20251227,BR004,SKU016256PI,310,310,0
STK-20251227-BR004-SKU017128BL,20251227,BR004,SKU017128BL,482,473,9
STK-20251227-BR004-SKU017128SI,20251227,BR004,SKU017128SI,472,448,24
STK-20251227-BR004-SKU017128PI,20251227,BR004,SKU017128PI,506,479,27
STK-20251227-BR004-SKU017256BL,20251227,BR004,SKU017256BL,456,455,1
STK-20251227-BR004-SKU017256SI,20251227,BR004,SKU017256SI,460,450,10
STK-20251227-BR004-SKU017256PI,20251227,BR004,SKU017256PI,471,457,14
STK-20251227-BR005-SKU015128BL,20251227,BR005,SKU015128BL,344,183,161
STK-20251227-BR005-SKU015128SI,20251227,BR005,SKU015128SI,400,180,220
STK-20251227-BR005-SKU015128PI,20251227,BR005,SKU015128PI,391,187,204
STK-20251227-BR005-SKU015256BL,20251227,BR005,SKU015256BL,438,178,260
STK-20251227-BR005-SKU015256SI,20251227,BR005,SKU015256SI,449,178,271
STK-20251227-BR005-SKU015256PI,20251227,BR005,SKU015256PI,424,182,242
STK-20251227-BR005-SKU016128BL,20251227,BR005,SKU016128BL,317,302,15
STK-20251227-BR005-SKU016128SI,20251227,BR005,SKU016128SI,349,326,23
STK-20251227-BR005-SKU016128PI,20251227,BR005,SKU016128PI,337,313,24
STK-20251227-BR005-SKU016256BL,20251227,BR005,SKU016256BL,318,317,1
STK-20251227-BR005-SKU016256SI,20251227,BR005,SKU016256SI,324,304,20
STK-20251227-BR005-SKU016256PI,20251227,BR005,SKU016256PI,327,317,10
STK-20251227-BR005-SKU017128BL,20251227,BR005,SKU017128BL,482,474,8
STK-20251227-BR005-SKU017128SI,20251227,BR005,SKU017128SI,508,479,29
STK-20251227-BR005-SKU017128PI,20251227,BR005,SKU017128PI,459,455,4
STK-20251227-BR005-SKU017256BL,20251227,BR005,SKU017256BL,460,445,15
STK-20251227-BR005-SKU017256SI,20251227,BR005,SKU017256SI,480,468,12
STK-20251227-BR005-SKU017256PI,20251227,BR005,SKU017256PI,447,443,4
STK-20251228-BR000-SKU015128BL,20251228,BR000,SKU015128BL,644,0,644
STK-20251228-BR000-SKU015128SI,20251228,BR000,SKU015128SI,795,0,795
STK-20251228-BR000-SKU015128PI,20251228,BR000,SKU015128PI,930,0,930
STK-20251228-BR000-SKU015256BL,20251228,BR000,SKU015256BL,712,0,712
STK-20251228-BR000-SKU015256SI,20251228,BR000,SKU015256SI,744,0,744
STK-20251228-BR000-SKU015256PI,20251228,BR000,SKU015256PI,985,0,985
STK-20251228-BR000-SKU016128BL,20251228,BR000,SKU016128BL,632,0,632
STK-20251228-BR000-SKU016128SI,20251228,BR000,SKU016128SI,857,0,857
STK-20251228-BR000-SKU016128PI,20251228,BR000,SKU016128PI,686,0,686
STK-20251228-BR000-SKU016256BL,20251228,BR000,SKU016256BL,548,0,548
STK-20251228-BR000-SKU016256SI,20251228,BR000,SKU016256SI,855,0,855
STK-20251228-BR000-SKU016256PI,20251228,BR000,SKU016256PI,881,0,881
STK-20251228-BR000-SKU017128BL,20251228,BR000,SKU017128BL,658,0,658
STK-20251228-BR000-SKU017128SI,20251228,BR000,SKU017128SI,661,0,661
STK-20251228-BR000-SKU017128PI,20251228,BR000,SKU017128PI,617,0,617
STK-20251228-BR000-SKU017256BL,20251228,BR000,SKU017256BL,731,0,731
STK-20251228-BR000-SKU017256SI,20251228,BR000,SKU017256SI,682,0,682
STK-20251228-BR000-SKU017256PI,20251228,BR000,SKU017256PI,891,0,891
STK-20251228-BR001-SKU015128BL,20251228,BR001,SKU015128BL,383,172,211
STK-20251228-BR001-SKU015128SI,20251228,BR001,SKU015128SI,415,187,228
STK-20251228-BR001-SKU015128PI,20251228,BR001,SKU015128PI,422,188,234
STK-20251228-BR001-SKU015256BL,20251228,BR001,SKU015256BL,430,174,256
STK-20251228-BR001-SKU015256SI,20251228,BR001,SKU015256SI,430,186,244
STK-20251228-BR001-SKU015256PI,20251228,BR001,SKU015256PI,365,173,192
STK-20251228-BR001-SKU016128BL,20251228,BR001,SKU016128BL,342,341,1
STK-20251228-BR001-SKU016128SI,20251228,BR001,SKU016128SI,346,337,9
STK-20251228-BR001-SKU016128PI,20251228,BR001,SKU016128PI,330,307,23
STK-20251228-BR001-SKU016256BL,20251228,BR001,SKU016256BL,321,321,0
STK-20251228-BR001-SKU016256SI,20251228,BR001,SKU016256SI,334,320,14
STK-20251228-BR001-SKU016256PI,20251228,BR001,SKU016256PI,302,290,12
STK-20251228-BR001-SKU017128BL,20251228,BR001,SKU017128BL,492,476,16
STK-20251228-BR001-SKU017128SI,20251228,BR001,SKU017128SI,464,462,2
STK-20251228-BR001-SKU017128PI,20251228,BR001,SKU017128PI,478,452,26
STK-20251228-BR001-SKU017256BL,20251228,BR001,SKU017256BL,476,463,13
STK-20251228-BR001-SKU017256SI,20251228,BR001,SKU017256SI,473,452,21
STK-20251228-BR001-SKU017256PI,20251228,BR001,SKU017256PI,448,428,20
STK-20251228-BR002-SKU015128BL,20251228,BR002,SKU015128BL,430,187,243
STK-20251228-BR002-SKU015128SI,20251228,BR002,SKU015128SI,420,179,241
STK-20251228-BR002-SKU015128PI,20251228,BR002,SKU015128PI,401,184,217
STK-20251228-BR002-SKU015256BL,20251228,BR002,SKU015256BL,416,167,249
STK-20251228-BR002-SKU015256SI,20251228,BR002,SKU015256SI,349,190,159
STK-20251228-BR002-SKU015256PI,20251228,BR002,SKU015256PI,454,183,271
STK-20251228-BR002-SKU016128BL,20251228,BR002,SKU016128BL,346,316,30
STK-20251228-BR002-SKU016128SI,20251228,BR002,SKU016128SI,337,304,33
STK-20251228-BR002-SKU016128PI,20251228,BR002,SKU016128PI,334,323,11
STK-20251228-BR002-SKU016256BL,20251228,BR002,SKU016256BL,341,319,22
STK-20251228-BR002-SKU016256SI,20251228,BR002,SKU016256SI,342,320,22
STK-20251228-BR002-SKU016256PI,20251228,BR002,SKU016256PI,328,313,15
STK-20251228-BR002-SKU017128BL,20251228,BR002,SKU017128BL,497,462,35
STK-20251228-BR002-SKU017128SI,20251228,BR002,SKU017128SI,488,464,24
STK-20251228-BR002-SKU017128PI,20251228,BR002,SKU017128PI,481,476,5
STK-20251228-BR002-SKU017256BL,20251228,BR002,SKU017256BL,483,455,28
STK-20251228-BR002-SKU017256SI,20251228,BR002,SKU017256SI,474,449,25
STK-20251228-BR002-SKU017256PI,20251228,BR002,SKU017256PI,476,461,15
STK-20251228-BR003-SKU015128BL,20251228,BR003,SKU015128BL,372,190,182
STK-20251228-BR003-SKU015128SI,20251228,BR003,SKU015128SI,434,180,254
STK-20251228-BR003-SKU015128PI,20251228,BR003,SKU015128PI,418,181,237
STK-20251228-BR003-SKU015256BL,20251228,BR003,SKU015256BL,446,180,266
STK-20251228-BR003-SKU015256SI,20251228,BR003,SKU015256SI,470,194,276
STK-20251228-BR003-SKU015256PI,20251228,BR003,SKU015256PI,378,195,183
STK-20251228-BR003-SKU016128BL,20251228,BR003,SKU016128BL,343,320,23
STK-20251228-BR003-SKU016128SI,20251228,BR003,SKU016128SI,310,310,0
STK-20251228-BR003-SKU016128PI,20251228,BR003,SKU016128PI,339,332,7
STK-20251228-BR003-SKU016256BL,20251228,BR003,SKU016256BL,318,315,3
STK-20251228-BR003-SKU016256SI,20251228,BR003,SKU016256SI,365,334,31
STK-20251228-BR003-SKU016256PI,20251228,BR003,SKU016256PI,309,302,7
STK-20251228-BR003-SKU017128BL,20251228,BR003,SKU017128BL,489,452,37
STK-20251228-BR003-SKU017128SI,20251228,BR003,SKU017128SI,468,450,18
STK-20251228-BR003-SKU017128PI,20251228,BR003,SKU017128PI,490,468,22
STK-20251228-BR003-SKU017256BL,20251228,BR003,SKU017256BL,500,471,29
STK-20251228-BR003-SKU017256SI,20251228,BR003,SKU017256SI,509,491,18
STK-20251228-BR003-SKU017256PI,20251228,BR003,SKU017256PI,484,462,22
STK-20251228-BR004-SKU015128BL,20251228,BR004,SKU015128BL,368,175,193
STK-20251228-BR004-SKU015128SI,20251228,BR004,SKU015128SI,433,185,248
STK-20251228-BR004-SKU015128PI,20251228,BR004,SKU015128PI,430,190,240
STK-20251228-BR004-SKU015256BL,20251228,BR004,SKU015256BL,422,168,254
STK-20251228-BR004-SKU015256SI,20251228,BR004,SKU015256SI,394,168,226
STK-20251228-BR004-SKU015256PI,20251228,BR004,SKU015256PI,411,184,227
STK-20251228-BR004-SKU016128BL,20251228,BR004,SKU016128BL,334,319,15
STK-20251228-BR004-SKU016128SI,20251228,BR004,SKU016128SI,324,312,12
STK-20251228-BR004-SKU016128PI,20251228,BR004,SKU016128PI,320,303,17
STK-20251228-BR004-SKU016256BL,20251228,BR004,SKU016256BL,299,296,3
STK-20251228-BR004-SKU016256SI,20251228,BR004,SKU016256SI,325,311,14
STK-20251228-BR004-SKU016256PI,20251228,BR004,SKU016256PI,349,314,35
STK-20251228-BR004-SKU017128BL,20251228,BR004,SKU017128BL,478,478,0
STK-20251228-BR004-SKU017128SI,20251228,BR004,SKU017128SI,472,459,13
STK-20251228-BR004-SKU017128PI,20251228,BR004,SKU017128PI,506,495,11
STK-20251228-BR004-SKU017256BL,20251228,BR004,SKU017256BL,488,456,32
STK-20251228-BR004-SKU017256SI,20251228,BR004,SKU017256SI,491,463,28
STK-20251228-BR004-SKU017256PI,20251228,BR004,SKU017256PI,488,465,23
STK-20251228-BR005-SKU015128BL,20251228,BR005,SKU015128BL,343,185,158
STK-20251228-BR005-SKU015128SI,20251228,BR005,SKU015128SI,397,180,217
STK-20251228-BR005-SKU015128PI,20251228,BR005,SKU015128PI,391,189,202
STK-20251228-BR005-SKU015256BL,20251228,BR005,SKU015256BL,438,180,258
STK-20251228-BR005-SKU015256SI,20251228,BR005,SKU015256SI,447,181,266
STK-20251228-BR005-SKU015256PI,20251228,BR005,SKU015256PI,423,185,238
STK-20251228-BR005-SKU016128BL,20251228,BR005,SKU016128BL,315,306,9
STK-20251228-BR005-SKU016128SI,20251228,BR005,SKU016128SI,345,333,12
STK-20251228-BR005-SKU016128PI,20251228,BR005,SKU016128PI,330,315,15
STK-20251228-BR005-SKU016256BL,20251228,BR005,SKU016256BL,350,325,25
STK-20251228-BR005-SKU016256SI,20251228,BR005,SKU016256SI,324,306,18
STK-20251228-BR005-SKU016256PI,20251228,BR005,SKU016256PI,323,318,5
STK-20251228-BR005-SKU017128BL,20251228,BR005,SKU017128BL,478,478,0
STK-20251228-BR005-SKU017128SI,20251228,BR005,SKU017128SI,491,476,15
STK-20251228-BR005-SKU017128PI,20251228,BR005,SKU017128PI,491,458,33
STK-20251228-BR005-SKU017256BL,20251228,BR005,SKU017256BL,455,451,4
STK-20251228-BR005-SKU017256SI,20251228,BR005,SKU017256SI,480,476,4
STK-20251228-BR005-SKU017256PI,20251228,BR005,SKU017256PI,466,443,23
STK-20251229-BR000-SKU015128BL,20251229,BR000,SKU015128BL,644,0,644
STK-20251229-BR000-SKU015128SI,20251229,BR000,SKU015128SI,795,0,795
STK-20251229-BR000-SKU015128PI,20251229,BR000,SKU015128PI,930,0,930
STK-20251229-BR000-SKU015256BL,20251229,BR000,SKU015256BL,712,0,712
STK-20251229-BR000-SKU015256SI,20251229,BR000,SKU015256SI,744,0,744
STK-20251229-BR000-SKU015256PI,20251229,BR000,SKU015256PI,985,0,985
STK-20251229-BR000-SKU016128BL,20251229,BR000,SKU016128BL,632,0,632
STK-20251229-BR000-SKU016128SI,20251229,BR000,SKU016128SI,857,0,857
STK-20251229-BR000-SKU016128PI,20251229,BR000,SKU016128PI,686,0,686
STK-20251229-BR000-SKU016256BL,20251229,BR000,SKU016256BL,548,0,548
STK-20251229-BR000-SKU016256SI,20251229,BR000,SKU016256SI,855,0,855
STK-20251229-BR000-SKU016256PI,20251229,BR000,SKU016256PI,881,0,881
STK-20251229-BR000-SKU017128BL,20251229,BR000,SKU017128BL,658,0,658
STK-20251229-BR000-SKU017128SI,20251229,BR000,SKU017128SI,661,0,661
STK-20251229-BR000-SKU017128PI,20251229,BR000,SKU017128PI,617,0,617
STK-20251229-BR000-SKU017256BL,20251229,BR000,SKU017256BL,731,0,731
STK-20251229-BR000-SKU017256SI,20251229,BR000,SKU017256SI,682,0,682
STK-20251229-BR000-SKU017256PI,20251229,BR000,SKU017256PI,891,0,891
STK-20251229-BR001-SKU015128BL,20251229,BR001,SKU015128BL,383,175,208
STK-20251229-BR001-SKU015128SI,20251229,BR001,SKU015128SI,415,188,227
STK-20251229-BR001-SKU015128PI,20251229,BR001,SKU015128PI,420,187,233
STK-20251229-BR001-SKU015256BL,20251229,BR001,SKU015256BL,427,172,255
STK-20251229-BR001-SKU015256SI,20251229,BR001,SKU015256SI,428,185,243
STK-20251229-BR001-SKU015256PI,20251229,BR001,SKU015256PI,365,180,185
STK-20251229-BR001-SKU016128BL,20251229,BR001,SKU016128BL,364,338,26
STK-20251229-BR001-SKU016128SI,20251229,BR001,SKU016128SI,385,347,38
STK-20251229-BR001-SKU016128PI,20251229,BR001,SKU016128PI,330,319,11
STK-20251229-BR001-SKU016256BL,20251229,BR001,SKU016256BL,354,323,31
STK-20251229-BR001-SKU016256SI,20251229,BR001,SKU016256SI,330,317,13
STK-20251229-BR001-SKU016256PI,20251229,BR001,SKU016256PI,302,295,7
STK-20251229-BR001-SKU017128BL,20251229,BR001,SKU017128BL,480,479,1
STK-20251229-BR001-SKU017128SI,20251229,BR001,SKU017128SI,477,446,31
STK-20251229-BR001-SKU017128PI,20251229,BR001,SKU017128PI,478,461,17
STK-20251229-BR001-SKU017256BL,20251229,BR001,SKU017256BL,476,472,4
STK-20251229-BR001-SKU017256SI,20251229,BR001,SKU017256SI,473,463,10
STK-20251229-BR001-SKU017256PI,20251229,BR001,SKU017256PI,448,439,9
STK-20251229-BR002-SKU015128BL,20251229,BR002,SKU015128BL,429,187,242
STK-20251229-BR002-SKU015128SI,20251229,BR002,SKU015128SI,420,182,238
STK-20251229-BR002-SKU015128PI,20251229,BR002,SKU015128PI,398,182,216
STK-20251229-BR002-SKU015256BL,20251229,BR002,SKU015256BL,415,169,246
STK-20251229-BR002-SKU015256SI,20251229,BR002,SKU015256SI,343,189,154
STK-20251229-BR002-SKU015256PI,20251229,BR002,SKU015256PI,454,184,270
STK-20251229-BR002-SKU016128BL,20251229,BR002,SKU016128BL,341,321,20
STK-20251229-BR002-SKU016128SI,20251229,BR002,SKU016128SI,337,308,29
STK-20251229-BR002-SKU016128PI,20251229,BR002,SKU016128PI,329,321,8
STK-20251229-BR002-SKU016256BL,20251229,BR002,SKU016256BL,330,313,17
STK-20251229-BR002-SKU016256SI,20251229,BR002,SKU016256SI,335,316,19
STK-20251229-BR002-SKU016256PI,20251229,BR002,SKU016256PI,321,312,9
STK-20251229-BR002-SKU017128BL,20251229,BR002,SKU017128BL,490,469,21
STK-20251229-BR002-SKU017128SI,20251229,BR002,SKU017128SI,478,467,11
STK-20251229-BR002-SKU017128PI,20251229,BR002,SKU017128PI,512,477,35
STK-20251229-BR002-SKU017256BL,20251229,BR002,SKU017256BL,480,460,20
STK-20251229-BR002-SKU017256SI,20251229,BR002,SKU017256SI,465,449,16
STK-20251229-BR002-SKU017256PI,20251229,BR002,SKU017256PI,476,472,4
STK-20251229-BR003-SKU015128BL,20251229,BR003,SKU015128BL,372,194,178
STK-20251229-BR003-SKU015128SI,20251229,BR003,SKU015128SI,434,181,253
STK-20251229-BR003-SKU015128PI,20251229,BR003,SKU015128PI,418,188,230
STK-20251229-BR003-SKU015256BL,20251229,BR003,SKU015256BL,446,181,265
STK-20251229-BR003-SKU015256SI,20251229,BR003,SKU015256SI,468,196,272
STK-20251229-BR003-SKU015256PI,20251229,BR003,SKU015256PI,378,196,182
STK-20251229-BR003-SKU016128BL,20251229,BR003,SKU016128BL,334,314,20
STK-20251229-BR003-SKU016128SI,20251229,BR003,SKU016128SI,347,319,28
STK-20251229-BR003-SKU016128PI,20251229,BR003,SKU016128PI,368,338,30
STK-20251229-BR003-SKU016256BL,20251229,BR003,SKU016256BL,352,315,37
STK-20251229-BR003-SKU016256SI,20251229,BR003,SKU016256SI,358,332,26
STK-20251229-BR003-SKU016256PI,20251229,BR003,SKU016256PI,345,313,32
STK-20251229-BR003-SKU017128BL,20251229,BR003,SKU017128BL,486,464,22
STK-20251229-BR003-SKU017128SI,20251229,BR003,SKU017128SI,461,453,8
STK-20251229-BR003-SKU017128PI,20251229,BR003,SKU017128PI,484,475,9
STK-20251229-BR003-SKU017256BL,20251229,BR003,SKU017256BL,493,475,18
STK-20251229-BR003-SKU017256SI,20251229,BR003,SKU017256SI,493,489,4
STK-20251229-BR003-SKU017256PI,20251229,BR003,SKU017256PI,484,472,12
STK-20251229-BR004-SKU015128BL,20251229,BR004,SKU015128BL,368,178,190
STK-20251229-BR004-SKU015128SI,20251229,BR004,SKU015128SI,433,191,242
STK-20251229-BR004-SKU015128PI,20251229,BR004,SKU015128PI,430,192,238
STK-20251229-BR004-SKU015256BL,20251229,BR004,SKU015256BL,422,170,252
STK-20251229-BR004-SKU015256SI,20251229,BR004,SKU015256SI,394,169,225
STK-20251229-BR004-SKU015256PI,20251229,BR004,SKU015256PI,410,186,224
STK-20251229-BR004-SKU016128BL,20251229,BR004,SKU016128BL,330,322,8
STK-20251229-BR004-SKU016128SI,20251229,BR004,SKU016128SI,324,319,5
STK-20251229-BR004-SKU016128PI,20251229,BR004,SKU016128PI,320,310,10
STK-20251229-BR004-SKU016256BL,20251229,BR004,SKU016256BL,297,297,0
STK-20251229-BR004-SKU016256SI,20251229,BR004,SKU016256SI,311,307,4
STK-20251229-BR004-SKU016256PI,20251229,BR004,SKU016256PI,345,318,27
STK-20251229-BR004-SKU017128BL,20251229,BR004,SKU017128BL,509,486,23
STK-20251229-BR004-SKU017128SI,20251229,BR004,SKU017128SI,466,462,4
STK-20251229-BR004-SKU017128PI,20251229,BR004,SKU017128PI,506,502,4
STK-20251229-BR004-SKU017256BL,20251229,BR004,SKU017256BL,488,469,19
STK-20251229-BR004-SKU017256SI,20251229,BR004,SKU017256SI,489,466,23
STK-20251229-BR004-SKU017256PI,20251229,BR004,SKU017256PI,488,478,10
STK-20251229-BR005-SKU015128BL,20251229,BR005,SKU015128BL,339,185,154
STK-20251229-BR005-SKU015128SI,20251229,BR005,SKU015128SI,396,183,213
STK-20251229-BR005-SKU015128PI,20251229,BR005,SKU015128PI,388,190,198
STK-20251229-BR005-SKU015256BL,20251229,BR005,SKU015256BL,436,182,254
STK-20251229-BR005-SKU015256SI,20251229,BR005,SKU015256SI,440,176,264
STK-20251229-BR005-SKU015256PI,20251229,BR005,SKU015256PI,422,186,236
STK-20251229-BR005-SKU016128BL,20251229,BR005,SKU016128BL,310,306,4
STK-20251229-BR005-SKU016128SI,20251229,BR005,SKU016128SI,342,336,6
STK-20251229-BR005-SKU016128PI,20251229,BR005,SKU016128PI,330,326,4
STK-20251229-BR005-SKU016256BL,20251229,BR005,SKU016256BL,345,325,20
STK-20251229-BR005-SKU016256SI,20251229,BR005,SKU016256SI,321,307,14
STK-20251229-BR005-SKU016256PI,20251229,BR005,SKU016256PI,323,322,1
STK-20251229-BR005-SKU017128BL,20251229,BR005,SKU017128BL,511,475,36
STK-20251229-BR005-SKU017128SI,20251229,BR005,SKU017128SI,489,478,11
STK-20251229-BR005-SKU017128PI,20251229,BR005,SKU017128PI,474,454,20
STK-20251229-BR005-SKU017256BL,20251229,BR005,SKU017256BL,480,460,20
STK-20251229-BR005-SKU017256SI,20251229,BR005,SKU017256SI,511,481,30
STK-20251229-BR005-SKU017256PI,20251229,BR005,SKU017256PI,462,447,15
STK-20251230-BR000-SKU015128BL,20251230,BR000,SKU015128BL,644,0,644
STK-20251230-BR000-SKU015128SI,20251230,BR000,SKU015128SI,795,0,795
STK-20251230-BR000-SKU015128PI,20251230,BR000,SKU015128PI,930,0,930
STK-20251230-BR000-SKU015256BL,20251230,BR000,SKU015256BL,712,0,712
STK-20251230-BR000-SKU015256SI,20251230,BR000,SKU015256SI,744,0,744
STK-20251230-BR000-SKU015256PI,20251230,BR000,SKU015256PI,985,0,985
STK-20251230-BR000-SKU016128BL,20251230,BR000,SKU016128BL,632,0,632
STK-20251230-BR000-SKU016128SI,20251230,BR000,SKU016128SI,857,0,857
STK-20251230-BR000-SKU016128PI,20251230,BR000,SKU016128PI,686,0,686
STK-20251230-BR000-SKU016256BL,20251230,BR000,SKU016256BL,548,0,548
STK-20251230-BR000-SKU016256SI,20251230,BR000,SKU016256SI,855,0,855
STK-20251230-BR000-SKU016256PI,20251230,BR000,SKU016256PI,881,0,881
STK-20251230-BR000-SKU017128BL,20251230,BR000,SKU017128BL,658,0,658
STK-20251230-BR000-SKU017128SI,20251230,BR000,SKU017128SI,661,0,661
STK-20251230-BR000-SKU017128PI,20251230,BR000,SKU017128PI,617,0,617
STK-20251230-BR000-SKU017256BL,20251230,BR000,SKU017256BL,731,0,731
STK-20251230-BR000-SKU017256SI,20251230,BR000,SKU017256SI,682,0,682
STK-20251230-BR000-SKU017256PI,20251230,BR000,SKU017256PI,891,0,891
STK-20251230-BR001-SKU015128BL,20251230,BR001,SKU015128BL,438,174,264
STK-20251230-BR001-SKU015128SI,20251230,BR001,SKU015128SI,461,189,272
STK-20251230-BR001-SKU015128PI,20251230,BR001,SKU015128PI,455,191,264
STK-20251230-BR001-SKU015256BL,20251230,BR001,SKU015256BL,475,173,302
STK-20251230-BR001-SKU015256SI,20251230,BR001,SKU015256SI,462,185,277
STK-20251230-BR001-SKU015256PI,20251230,BR001,SKU015256PI,404,187,217
STK-20251230-BR001-SKU016128BL,20251230,BR001,SKU016128BL,416,340,76
STK-20251230-BR001-SKU016128SI,20251230,BR001,SKU016128SI,438,344,94
STK-20251230-BR001-SKU016128PI,20251230,BR001,SKU016128PI,341,304,37
STK-20251230-BR001-SKU016256BL,20251230,BR001,SKU016256BL,397,325,72
STK-20251230-BR001-SKU016256SI,20251230,BR001,SKU016256SI,367,323,44
STK-20251230-BR001-SKU016256PI,20251230,BR001,SKU016256PI,339,302,37
STK-20251230-BR001-SKU017128BL,20251230,BR001,SKU017128BL,518,486,32
STK-20251230-BR001-SKU017128SI,20251230,BR001,SKU017128SI,527,457,70
STK-20251230-BR001-SKU017128PI,20251230,BR001,SKU017128PI,531,465,66
STK-20251230-BR001-SKU017256BL,20251230,BR001,SKU017256BL,535,479,56
STK-20251230-BR001-SKU017256SI,20251230,BR001,SKU017256SI,505,468,37
STK-20251230-BR001-SKU017256PI,20251230,BR001,SKU017256PI,500,451,49
STK-20251230-BR002-SKU015128BL,20251230,BR002,SKU015128BL,461,189,272
STK-20251230-BR002-SKU015128SI,20251230,BR002,SKU015128SI,467,183,284
STK-20251230-BR002-SKU015128PI,20251230,BR002,SKU015128PI,448,186,262
STK-20251230-BR002-SKU015256BL,20251230,BR002,SKU015256BL,457,171,286
STK-20251230-BR002-SKU015256SI,20251230,BR002,SKU015256SI,389,194,195
STK-20251230-BR002-SKU015256PI,20251230,BR002,SKU015256PI,499,186,313
STK-20251230-BR002-SKU016128BL,20251230,BR002,SKU016128BL,376,321,55
STK-20251230-BR002-SKU016128SI,20251230,BR002,SKU016128SI,379,307,72
STK-20251230-BR002-SKU016128PI,20251230,BR002,SKU016128PI,360,314,46
STK-20251230-BR002-SKU016256BL,20251230,BR002,SKU016256BL,385,314,71
STK-20251230-BR002-SKU016256SI,20251230,BR002,SKU016256SI,375,316,59
STK-20251230-BR002-SKU016256PI,20251230,BR002,SKU016256PI,354,316,38
STK-20251230-BR002-SKU017128BL,20251230,BR002,SKU017128BL,524,461,63
STK-20251230-BR002-SKU017128SI,20251230,BR002,SKU017128SI,500,461,39
STK-20251230-BR002-SKU017128PI,20251230,BR002,SKU017128PI,542,486,56
STK-20251230-BR002-SKU017256BL,20251230,BR002,SKU017256BL,519,462,57
STK-20251230-BR002-SKU017256SI,20251230,BR002,SKU017256SI,514,460,54
STK-20251230-BR002-SKU017256PI,20251230,BR002,SKU017256PI,492,459,33
STK-20251230-BR003-SKU015128BL,20251230,BR003,SKU015128BL,413,195,218
STK-20251230-BR003-SKU015128SI,20251230,BR003,SKU015128SI,476,185,291
STK-20251230-BR003-SKU015128PI,20251230,BR003,SKU015128PI,463,185,278
STK-20251230-BR003-SKU015256BL,20251230,BR003,SKU015256BL,479,185,294
STK-20251230-BR003-SKU015256SI,20251230,BR003,SKU015256SI,500,197,303
STK-20251230-BR003-SKU015256PI,20251230,BR003,SKU015256PI,419,203,216
STK-20251230-BR003-SKU016128BL,20251230,BR003,SKU016128BL,378,318,60
STK-20251230-BR003-SKU016128SI,20251230,BR003,SKU016128SI,404,326,78
STK-20251230-BR003-SKU016128PI,20251230,BR003,SKU016128PI,407,339,68
STK-20251230-BR003-SKU016256BL,20251230,BR003,SKU016256BL,392,314,78
STK-20251230-BR003-SKU016256SI,20251230,BR003,SKU016256SI,412,339,73
STK-20251230-BR003-SKU016256PI,20251230,BR003,SKU016256PI,379,318,61
STK-20251230-BR003-SKU017128BL,20251230,BR003,SKU017128BL,546,468,78
STK-20251230-BR003-SKU017128SI,20251230,BR003,SKU017128SI,495,454,41
STK-20251230-BR003-SKU017128PI,20251230,BR003,SKU017128PI,514,477,37
STK-20251230-BR003-SKU017256BL,20251230,BR003,SKU017256BL,545,480,65
STK-20251230-BR003-SKU017256SI,20251230,BR003,SKU017256SI,528,493,35
STK-20251230-BR003-SKU017256PI,20251230,BR003,SKU017256PI,504,464,40
STK-20251230-BR004-SKU015128BL,20251230,BR004,SKU015128BL,405,179,226
STK-20251230-BR004-SKU015128SI,20251230,BR004,SKU015128SI,474,191,283
STK-20251230-BR004-SKU015128PI,20251230,BR004,SKU015128PI,477,196,281
STK-20251230-BR004-SKU015256BL,20251230,BR004,SKU015256BL,459,171,288
STK-20251230-BR004-SKU015256SI,20251230,BR004,SKU015256SI,426,170,256
STK-20251230-BR004-SKU015256PI,20251230,BR004,SKU015256PI,465,188,277
STK-20251230-BR004-SKU016128BL,20251230,BR004,SKU016128BL,359,321,38
STK-20251230-BR004-SKU016128SI,20251230,BR004,SKU016128SI,358,316,42
STK-20251230-BR004-SKU016128PI,20251230,BR004,SKU016128PI,360,317,43
STK-20251230-BR004-SKU016256BL,20251230,BR004,SKU016256BL,334,305,29
STK-20251230-BR004-SKU016256SI,20251230,BR004,SKU016256SI,366,313,53
STK-20251230-BR004-SKU016256PI,20251230,BR004,SKU016256PI,374,318,56
STK-20251230-BR004-SKU017128BL,20251230,BR004,SKU017128BL,540,495,45
STK-20251230-BR004-SKU017128SI,20251230,BR004,SKU017128SI,499,452,47
STK-20251230-BR004-SKU017128PI,20251230,BR004,SKU017128PI,534,510,24
STK-20251230-BR004-SKU017256BL,20251230,BR004,SKU017256BL,537,482,55
STK-20251230-BR004-SKU017256SI,20251230,BR004,SKU017256SI,522,462,60
STK-20251230-BR004-SKU017256PI,20251230,BR004,SKU017256PI,522,472,50
STK-20251230-BR005-SKU015128BL,20251230,BR005,SKU015128BL,391,189,202
STK-20251230-BR005-SKU015128SI,20251230,BR005,SKU015128SI,450,187,263
STK-20251230-BR005-SKU015128PI,20251230,BR005,SKU015128PI,427,192,235
STK-20251230-BR005-SKU015256BL,20251230,BR005,SKU015256BL,496,185,311
STK-20251230-BR005-SKU015256SI,20251230,BR005,SKU015256SI,477,176,301
STK-20251230-BR005-SKU015256PI,20251230,BR005,SKU015256PI,470,185,285
STK-20251230-BR005-SKU016128BL,20251230,BR005,SKU016128BL,355,318,37
STK-20251230-BR005-SKU016128SI,20251230,BR005,SKU016128SI,391,335,56
STK-20251230-BR005-SKU016128PI,20251230,BR005,SKU016128PI,377,334,43
STK-20251230-BR005-SKU016256BL,20251230,BR005,SKU016256BL,401,327,74
STK-20251230-BR005-SKU016256SI,20251230,BR005,SKU016256SI,374,316,58
STK-20251230-BR005-SKU016256PI,20251230,BR005,SKU016256PI,373,322,51
STK-20251230-BR005-SKU017128BL,20251230,BR005,SKU017128BL,571,479,92
STK-20251230-BR005-SKU017128SI,20251230,BR005,SKU017128SI,514,481,33
STK-20251230-BR005-SKU017128PI,20251230,BR005,SKU017128PI,509,462,47
STK-20251230-BR005-SKU017256BL,20251230,BR005,SKU017256BL,538,472,66
STK-20251230-BR005-SKU017256SI,20251230,BR005,SKU017256SI,571,488,83
STK-20251230-BR005-SKU017256PI,20251230,BR005,SKU017256PI,517,457,60
STK-20251231-BR000-SKU015128BL,20251231,BR000,SKU015128BL,644,0,644
STK-20251231-BR000-SKU015128SI,20251231,BR000,SKU015128SI,795,0,795
STK-20251231-BR000-SKU015128PI,20251231,BR000,SKU015128PI,930,0,930
STK-20251231-BR000-SKU015256BL,20251231,BR000,SKU015256BL,712,0,712
STK-20251231-BR000-SKU015256SI,20251231,BR000,SKU015256SI,744,0,744
STK-20251231-BR000-SKU015256PI,20251231,BR000,SKU015256PI,985,0,985
STK-20251231-BR000-SKU016128BL,20251231,BR000,SKU016128BL,632,0,632
STK-20251231-BR000-SKU016128SI,20251231,BR000,SKU016128SI,857,0,857
STK-20251231-BR000-SKU016128PI,20251231,BR000,SKU016128PI,686,0,686
STK-20251231-BR000-SKU016256BL,20251231,BR000,SKU016256BL,548,0,548
STK-20251231-BR000-SKU016256SI,20251231,BR000,SKU016256SI,855,0,855
STK-20251231-BR000-SKU016256PI,20251231,BR000,SKU016256PI,881,0,881
STK-20251231-BR000-SKU017128BL,20251231,BR000,SKU017128BL,658,0,658
STK-20251231-BR000-SKU017128SI,20251231,BR000,SKU017128SI,661,0,661
STK-20251231-BR000-SKU017128PI,20251231,BR000,SKU017128PI,617,0,617
STK-20251231-BR000-SKU017256BL,20251231,BR000,SKU017256BL,731,0,731
STK-20251231-BR000-SKU017256SI,20251231,BR000,SKU017256SI,682,0,682
STK-20251231-BR000-SKU017256PI,20251231,BR000,SKU017256PI,891,0,891
STK-20251231-BR001-SKU015128BL,20251231,BR001,SKU015128BL,438,177,261
STK-20251231-BR001-SKU015128SI,20251231,BR001,SKU015128SI,461,192,269
STK-20251231-BR001-SKU015128PI,20251231,BR001,SKU015128PI,452,193,259
STK-20251231-BR001-SKU015256BL,20251231,BR001,SKU015256BL,475,175,300
STK-20251231-BR001-SKU015256SI,20251231,BR001,SKU015256SI,460,189,271
STK-20251231-BR001-SKU015256PI,20251231,BR001,SKU015256PI,403,189,214
STK-20251231-BR001-SKU016128BL,20251231,BR001,SKU016128BL,416,348,68
STK-20251231-BR001-SKU016128SI,20251231,BR001,SKU016128SI,438,351,87
STK-20251231-BR001-SKU016128PI,20251231,BR001,SKU016128PI,327,298,29
STK-20251231-BR001-SKU016256BL,20251231,BR001,SKU016256BL,397,330,67
STK-20251231-BR001-SKU016256SI,20251231,BR001,SKU016256SI,359,322,37
STK-20251231-BR001-SKU016256PI,20251231,BR001,SKU016256PI,339,312,27
STK-20251231-BR001-SKU017128BL,20251231,BR001,SKU017128BL,513,489,24
STK-20251231-BR001-SKU017128SI,20251231,BR001,SKU017128SI,527,467,60
STK-20251231-BR001-SKU017128PI,20251231,BR001,SKU017128PI,520,470,50
STK-20251231-BR001-SKU017256BL,20251231,BR001,SKU017256BL,532,484,48
STK-20251231-BR001-SKU017256SI,20251231,BR001,SKU017256SI,505,475,30
STK-20251231-BR001-SKU017256PI,20251231,BR001,SKU017256PI,496,463,33
STK-20251231-BR002-SKU015128BL,20251231,BR002,SKU015128BL,461,193,268
STK-20251231-BR002-SKU015128SI,20251231,BR002,SKU015128SI,464,183,281
STK-20251231-BR002-SKU015128PI,20251231,BR002,SKU015128PI,447,189,258
STK-20251231-BR002-SKU015256BL,20251231,BR002,SKU015256BL,454,169,285
STK-20251231-BR002-SKU015256SI,20251231,BR002,SKU015256SI,389,200,189
STK-20251231-BR002-SKU015256PI,20251231,BR002,SKU015256PI,498,189,309
STK-20251231-BR002-SKU016128BL,20251231,BR002,SKU016128BL,369,324,45
STK-20251231-BR002-SKU016128SI,20251231,BR002,SKU016128SI,375,310,65
STK-20251231-BR002-SKU016128PI,20251231,BR002,SKU016128PI,355,317,38
STK-20251231-BR002-SKU016256BL,20251231,BR002,SKU016256BL,385,316,69
STK-20251231-BR002-SKU016256SI,20251231,BR002,SKU016256SI,368,316,52
STK-20251231-BR002-SKU016256PI,20251231,BR002,SKU016256PI,354,321,33
STK-20251231-BR002-SKU017128BL,20251231,BR002,SKU017128BL,517,463,54
STK-20251231-BR002-SKU017128SI,20251231,BR002,SKU017128SI,500,473,27
STK-20251231-BR002-SKU017128PI,20251231,BR002,SKU017128PI,531,487,44
STK-20251231-BR002-SKU017256BL,20251231,BR002,SKU017256BL,515,465,50
STK-20251231-BR002-SKU017256SI,20251231,BR002,SKU017256SI,509,465,44
STK-20251231-BR002-SKU017256PI,20251231,BR002,SKU017256PI,486,460,26
STK-20251231-BR003-SKU015128BL,20251231,BR003,SKU015128BL,412,198,214
STK-20251231-BR003-SKU015128SI,20251231,BR003,SKU015128SI,476,189,287
STK-20251231-BR003-SKU015128PI,20251231,BR003,SKU015128PI,463,191,272
STK-20251231-BR003-SKU015256BL,20251231,BR003,SKU015256BL,476,183,293
STK-20251231-BR003-SKU015256SI,20251231,BR003,SKU015256SI,498,202,296
STK-20251231-BR003-SKU015256PI,20251231,BR003,SKU015256PI,417,207,210
STK-20251231-BR003-SKU016128BL,20251231,BR003,SKU016128BL,378,323,55
STK-20251231-BR003-SKU016128SI,20251231,BR003,SKU016128SI,396,323,73
STK-20251231-BR003-SKU016128PI,20251231,BR003,SKU016128PI,407,349,58
STK-20251231-BR003-SKU016256BL,20251231,BR003,SKU016256BL,387,316,71
STK-20251231-BR003-SKU016256SI,20251231,BR003,SKU016256SI,412,347,65
STK-20251231-BR003-SKU016256PI,20251231,BR003,SKU016256PI,371,318,53
STK-20251231-BR003-SKU017128BL,20251231,BR003,SKU017128BL,546,480,66
STK-20251231-BR003-SKU017128SI,20251231,BR003,SKU017128SI,495,463,32
STK-20251231-BR003-SKU017128PI,20251231,BR003,SKU017128PI,511,486,25
STK-20251231-BR003-SKU017256BL,20251231,BR003,SKU017256BL,535,479,56
STK-20251231-BR003-SKU017256SI,20251231,BR003,SKU017256SI,510,490,20
STK-20251231-BR003-SKU017256PI,20251231,BR003,SKU017256PI,499,469,30
STK-20251231-BR004-SKU015128BL,20251231,BR004,SKU015128BL,403,184,219
STK-20251231-BR004-SKU015128SI,20251231,BR004,SKU015128SI,474,193,281
STK-20251231-BR004-SKU015128PI,20251231,BR004,SKU015128PI,475,201,274
STK-20251231-BR004-SKU015256BL,20251231,BR004,SKU015256BL,459,173,286
STK-20251231-BR004-SKU015256SI,20251231,BR004,SKU015256SI,424,173,251
STK-20251231-BR004-SKU015256PI,20251231,BR004,SKU015256PI,465,189,276
STK-20251231-BR004-SKU016128BL,20251231,BR004,SKU016128BL,359,327,32
STK-20251231-BR004-SKU016128SI,20251231,BR004,SKU016128SI,354,317,37
STK-20251231-BR004-SKU016128PI,20251231,BR004,SKU016128PI,353,317,36
STK-20251231-BR004-SKU016256BL,20251231,BR004,SKU016256BL,334,310,24
STK-20251231-BR004-SKU016256SI,20251231,BR004,SKU016256SI,353,305,48
STK-20251231-BR004-SKU016256PI,20251231,BR004,SKU016256PI,369,314,55
STK-20251231-BR004-SKU017128BL,20251231,BR004,SKU017128BL,540,505,35
STK-20251231-BR004-SKU017128SI,20251231,BR004,SKU017128SI,491,454,37
STK-20251231-BR004-SKU017128PI,20251231,BR004,SKU017128PI,529,512,17
STK-20251231-BR004-SKU017256BL,20251231,BR004,SKU017256BL,530,489,41
STK-20251231-BR004-SKU017256SI,20251231,BR004,SKU017256SI,520,464,56
STK-20251231-BR004-SKU017256PI,20251231,BR004,SKU017256PI,513,472,41
STK-20251231-BR005-SKU015128BL,20251231,BR005,SKU015128BL,391,192,199
STK-20251231-BR005-SKU015128SI,20251231,BR005,SKU015128SI,450,188,262
STK-20251231-BR005-SKU015128PI,20251231,BR005,SKU015128PI,424,192,232
STK-20251231-BR005-SKU015256BL,20251231,BR005,SKU015256BL,489,179,310
STK-20251231-BR005-SKU015256SI,20251231,BR005,SKU015256SI,477,180,297
STK-20251231-BR005-SKU015256PI,20251231,BR005,SKU015256PI,470,190,280
STK-20251231-BR005-SKU016128BL,20251231,BR005,SKU016128BL,344,315,29
STK-20251231-BR005-SKU016128SI,20251231,BR005,SKU016128SI,382,337,45
STK-20251231-BR005-SKU016128PI,20251231,BR005,SKU016128PI,366,334,32
STK-20251231-BR005-SKU016256BL,20251231,BR005,SKU016256BL,395,325,70
STK-20251231-BR005-SKU016256SI,20251231,BR005,SKU016256SI,369,320,49
STK-20251231-BR005-SKU016256PI,20251231,BR005,SKU016256PI,371,326,45
STK-20251231-BR005-SKU017128BL,20251231,BR005,SKU017128BL,563,476,87
STK-20251231-BR005-SKU017128SI,20251231,BR005,SKU017128SI,508,490,18
STK-20251231-BR005-SKU017128PI,20251231,BR005,SKU017128PI,509,466,43
STK-20251231-BR005-SKU017256BL,20251231,BR005,SKU017256BL,534,473,61
STK-20251231-BR005-SKU017256SI,20251231,BR005,SKU017256SI,557,480,77
STK-20251231-BR005-SKU017256PI,20251231,BR005,SKU017256PI,517,472,45
