registration_id,date_key,branch_id,product_id,reg_count
REG-20250901-BR001-SKU015128BL,20250901,BR001,SKU015128BL,1
REG-20250901-BR001-SKU015128SI,20250901,BR001,SKU015128SI,2
REG-20250901-BR001-SKU015128PI,20250901,BR001,SKU015128PI,1
REG-20250901-BR001-SKU015256BL,20250901,BR001,SKU015256BL,3
REG-20250901-BR001-SKU015256SI,20250901,BR001,SKU015256SI,3
REG-20250901-BR001-SKU015256PI,20250901,BR001,SKU015256PI,2
REG-20250901-BR001-SKU016128BL,20250901,BR001,SKU016128BL,1
REG-20250901-BR001-SKU016128SI,20250901,BR001,SKU016128SI,3
REG-20250901-BR001-SKU016128PI,20250901,BR001,SKU016128PI,9
REG-20250901-BR001-SKU016256BL,20250901,BR001,SKU016256BL,5
REG-20250901-BR001-SKU016256SI,20250901,BR001,SKU016256SI,6
REG-20250901-BR001-SKU016256PI,20250901,BR001,SKU016256PI,5
REG-20250901-BR001-SKU017128BL,20250901,BR001,SKU017128BL,14
REG-20250901-BR001-SKU017128SI,20250901,BR001,SKU017128SI,7
REG-20250901-BR001-SKU017128PI,20250901,BR001,SKU017128PI,8
REG-20250901-BR001-SKU017256BL,20250901,BR001,SKU017256BL,10
REG-20250901-BR001-SKU017256SI,20250901,BR001,SKU017256SI,6
REG-20250901-BR001-SKU017256PI,20250901,BR001,SKU017256PI,8
REG-20250901-BR002-SKU015128BL,20250901,BR002,SKU015128BL,2
REG-20250901-BR002-SKU015128SI,20250901,BR002,SKU015128SI,1
REG-20250901-BR002-SKU015128PI,20250901,BR002,SKU015128PI,5
REG-20250901-BR002-SKU015256BL,20250901,BR002,SKU015256BL,1
REG-20250901-BR002-SKU015256SI,20250901,BR002,SKU015256SI,6
REG-20250901-BR002-SKU015256PI,20250901,BR002,SKU015256PI,2
REG-20250901-BR002-SKU016128BL,20250901,BR002,SKU016128BL,5
REG-20250901-BR002-SKU016128SI,20250901,BR002,SKU016128SI,7
REG-20250901-BR002-SKU016128PI,20250901,BR002,SKU016128PI,7
REG-20250901-BR002-SKU016256BL,20250901,BR002,SKU016256BL,2
REG-20250901-BR002-SKU016256SI,20250901,BR002,SKU016256SI,2
REG-20250901-BR002-SKU016256PI,20250901,BR002,SKU016256PI,3
REG-20250901-BR002-SKU017128BL,20250901,BR002,SKU017128BL,6
REG-20250901-BR002-SKU017128SI,20250901,BR002,SKU017128SI,11
REG-20250901-BR002-SKU017128PI,20250901,BR002,SKU017128PI,12
REG-20250901-BR002-SKU017256BL,20250901,BR002,SKU017256BL,7
REG-20250901-BR002-SKU017256SI,20250901,BR002,SKU017256SI,9
REG-20250901-BR002-SKU017256PI,20250901,BR002,SKU017256PI,7
REG-20250901-BR003-SKU015128BL,20250901,BR003,SKU015128BL,4
REG-20250901-BR003-SKU015128SI,20250901,BR003,SKU015128SI,1
REG-20250901-BR003-SKU015128PI,20250901,BR003,SKU015128PI,5
REG-20250901-BR003-SKU015256BL,20250901,BR003,SKU015256BL,5
REG-20250901-BR003-SKU015256SI,20250901,BR003,SKU015256SI,2
REG-20250901-BR003-SKU015256PI,20250901,BR003,SKU015256PI,1
REG-20250901-BR003-SKU016128BL,20250901,BR003,SKU016128BL,3
REG-20250901-BR003-SKU016128SI,20250901,BR003,SKU016128SI,6
REG-20250901-BR003-SKU016128PI,20250901,BR003,SKU016128PI,2
REG-20250901-BR003-SKU016256BL,20250901,BR003,SKU016256BL,7
REG-20250901-BR003-SKU016256SI,20250901,BR003,SKU016256SI,5
REG-20250901-BR003-SKU016256PI,20250901,BR003,SKU016256PI,7
REG-20250901-BR003-SKU017128BL,20250901,BR003,SKU017128BL,7
REG-20250901-BR003-SKU017128SI,20250901,BR003,SKU017128SI,6
REG-20250901-BR003-SKU017128PI,20250901,BR003,SKU017128PI,11
REG-20250901-BR003-SKU017256BL,20250901,BR003,SKU017256BL,13
REG-20250901-BR003-SKU017256SI,20250901,BR003,SKU017256SI,11
REG-20250901-BR003-SKU017256PI,20250901,BR003,SKU017256PI,7
REG-20250901-BR004-SKU015128BL,20250901,BR004,SKU015128BL,2
REG-20250901-BR004-SKU015128SI,20250901,BR004,SKU015128SI,1
REG-20250901-BR004-SKU015128PI,20250901,BR004,SKU015128PI,1
REG-20250901-BR004-SKU015256BL,20250901,BR004,SKU015256BL,6
REG-20250901-BR004-SKU015256SI,20250901,BR004,SKU015256SI,2
REG-20250901-BR004-SKU015256PI,20250901,BR004,SKU015256PI,6
REG-20250901-BR004-SKU016128BL,20250901,BR004,SKU016128BL,8
REG-20250901-BR004-SKU016128SI,20250901,BR004,SKU016128SI,7
REG-20250901-BR004-SKU016128PI,20250901,BR004,SKU016128PI,1
REG-20250901-BR004-SKU016256BL,20250901,BR004,SKU016256BL,10
REG-20250901-BR004-SKU016256SI,20250901,BR004,SKU016256SI,5
REG-20250901-BR004-SKU016256PI,20250901,BR004,SKU016256PI,3
REG-20250901-BR004-SKU017128BL,20250901,BR004,SKU017128BL,10
REG-20250901-BR004-SKU017128SI,20250901,BR004,SKU017128SI,10
REG-20250901-BR004-SKU017128PI,20250901,BR004,SKU017128PI,11
REG-20250901-BR004-SKU017256BL,20250901,BR004,SKU017256BL,9
REG-20250901-BR004-SKU017256SI,20250901,BR004,SKU017256SI,6
REG-20250901-BR004-SKU017256PI,20250901,BR004,SKU017256PI,7
REG-20250901-BR005-SKU015128BL,20250901,BR005,SKU015128BL,2
REG-20250901-BR005-SKU015128SI,20250901,BR005,SKU015128SI,3
REG-20250901-BR005-SKU015128PI,20250901,BR005,SKU015128PI,4
REG-20250901-BR005-SKU015256BL,20250901,BR005,SKU015256BL,1
REG-20250901-BR005-SKU015256SI,20250901,BR005,SKU015256SI,3
REG-20250901-BR005-SKU015256PI,20250901,BR005,SKU015256PI,1
REG-20250901-BR005-SKU016128BL,20250901,BR005,SKU016128BL,6
REG-20250901-BR005-SKU016128SI,20250901,BR005,SKU016128SI,1
REG-20250901-BR005-SKU016128PI,20250901,BR005,SKU016128PI,9
REG-20250901-BR005-SKU016256BL,20250901,BR005,SKU016256BL,5
REG-20250901-BR005-SKU016256SI,20250901,BR005,SKU016256SI,3
REG-20250901-BR005-SKU016256PI,20250901,BR005,SKU016256PI,9
REG-20250901-BR005-SKU017128BL,20250901,BR005,SKU017128BL,7
REG-20250901-BR005-SKU017128SI,20250901,BR005,SKU017128SI,10
REG-20250901-BR005-SKU017128PI,20250901,BR005,SKU017128PI,8
REG-20250901-BR005-SKU017256BL,20250901,BR005,SKU017256BL,11
REG-20250901-BR005-SKU017256SI,20250901,BR005,SKU017256SI,14
REG-20250901-BR005-SKU017256PI,20250901,BR005,SKU017256PI,10
REG-20250902-BR001-SKU015128BL,20250902,BR001,SKU015128BL,1
REG-20250902-BR001-SKU015128SI,20250902,BR001,SKU015128SI,1
REG-20250902-BR001-SKU015128PI,20250902,BR001,SKU015128PI,3
REG-20250902-BR001-SKU015256BL,20250902,BR001,SKU015256BL,4
REG-20250902-BR001-SKU015256SI,20250902,BR001,SKU015256SI,1
REG-20250902-BR001-SKU015256PI,20250902,BR001,SKU015256PI,1
REG-20250902-BR001-SKU016128BL,20250902,BR001,SKU016128BL,2
REG-20250902-BR001-SKU016128SI,20250902,BR001,SKU016128SI,3
REG-20250902-BR001-SKU016128PI,20250902,BR001,SKU016128PI,5
REG-20250902-BR001-SKU016256BL,20250902,BR001,SKU016256BL,4
REG-20250902-BR001-SKU016256SI,20250902,BR001,SKU016256SI,9
REG-20250902-BR001-SKU016256PI,20250902,BR001,SKU016256PI,6
REG-20250902-BR001-SKU017128BL,20250902,BR001,SKU017128BL,9
REG-20250902-BR001-SKU017128SI,20250902,BR001,SKU017128SI,11
REG-20250902-BR001-SKU017128PI,20250902,BR001,SKU017128PI,13
REG-20250902-BR001-SKU017256BL,20250902,BR001,SKU017256BL,6
REG-20250902-BR001-SKU017256SI,20250902,BR001,SKU017256SI,7
REG-20250902-BR001-SKU017256PI,20250902,BR001,SKU017256PI,11
REG-20250902-BR002-SKU015128BL,20250902,BR002,SKU015128BL,5
REG-20250902-BR002-SKU015128SI,20250902,BR002,SKU015128SI,1
REG-20250902-BR002-SKU015128PI,20250902,BR002,SKU015128PI,2
REG-20250902-BR002-SKU015256BL,20250902,BR002,SKU015256BL,1
REG-20250902-BR002-SKU015256SI,20250902,BR002,SKU015256SI,1
REG-20250902-BR002-SKU015256PI,20250902,BR002,SKU015256PI,4
REG-20250902-BR002-SKU016128BL,20250902,BR002,SKU016128BL,5
REG-20250902-BR002-SKU016128SI,20250902,BR002,SKU016128SI,5
REG-20250902-BR002-SKU016128PI,20250902,BR002,SKU016128PI,6
REG-20250902-BR002-SKU016256BL,20250902,BR002,SKU016256BL,2
REG-20250902-BR002-SKU016256SI,20250902,BR002,SKU016256SI,8
REG-20250902-BR002-SKU016256PI,20250902,BR002,SKU016256PI,1
REG-20250902-BR002-SKU017128BL,20250902,BR002,SKU017128BL,3
REG-20250902-BR002-SKU017128SI,20250902,BR002,SKU017128SI,7
REG-20250902-BR002-SKU017128PI,20250902,BR002,SKU017128PI,12
REG-20250902-BR002-SKU017256BL,20250902,BR002,SKU017256BL,11
REG-20250902-BR002-SKU017256SI,20250902,BR002,SKU017256SI,9
REG-20250902-BR002-SKU017256PI,20250902,BR002,SKU017256PI,8
REG-20250902-BR003-SKU015128BL,20250902,BR003,SKU015128BL,2
REG-20250902-BR003-SKU015128SI,20250902,BR003,SKU015128SI,4
REG-20250902-BR003-SKU015128PI,20250902,BR003,SKU015128PI,4
REG-20250902-BR003-SKU015256BL,20250902,BR003,SKU015256BL,3
REG-20250902-BR003-SKU015256SI,20250902,BR003,SKU015256SI,2
REG-20250902-BR003-SKU015256PI,20250902,BR003,SKU015256PI,1
REG-20250902-BR003-SKU016128BL,20250902,BR003,SKU016128BL,9
REG-20250902-BR003-SKU016128SI,20250902,BR003,SKU016128SI,3
REG-20250902-BR003-SKU016128PI,20250902,BR003,SKU016128PI,1
REG-20250902-BR003-SKU016256BL,20250902,BR003,SKU016256BL,8
REG-20250902-BR003-SKU016256SI,20250902,BR003,SKU016256SI,9
REG-20250902-BR003-SKU016256PI,20250902,BR003,SKU016256PI,2
REG-20250902-BR003-SKU017128BL,20250902,BR003,SKU017128BL,5
REG-20250902-BR003-SKU017128SI,20250902,BR003,SKU017128SI,8
REG-20250902-BR003-SKU017128PI,20250902,BR003,SKU017128PI,5
REG-20250902-BR003-SKU017256BL,20250902,BR003,SKU017256BL,9
REG-20250902-BR003-SKU017256SI,20250902,BR003,SKU017256SI,10
REG-20250902-BR003-SKU017256PI,20250902,BR003,SKU017256PI,7
REG-20250902-BR004-SKU015128BL,20250902,BR004,SKU015128BL,2
REG-20250902-BR004-SKU015128SI,20250902,BR004,SKU015128SI,3
REG-20250902-BR004-SKU015128PI,20250902,BR004,SKU015128PI,2
REG-20250902-BR004-SKU015256BL,20250902,BR004,SKU015256BL,2
REG-20250902-BR004-SKU015256SI,20250902,BR004,SKU015256SI,3
REG-20250902-BR004-SKU015256PI,20250902,BR004,SKU015256PI,4
REG-20250902-BR004-SKU016128BL,20250902,BR004,SKU016128BL,3
REG-20250902-BR004-SKU016128SI,20250902,BR004,SKU016128SI,4
REG-20250902-BR004-SKU016128PI,20250902,BR004,SKU016128PI,9
REG-20250902-BR004-SKU016256BL,20250902,BR004,SKU016256BL,1
REG-20250902-BR004-SKU016256SI,20250902,BR004,SKU016256SI,6
REG-20250902-BR004-SKU016256PI,20250902,BR004,SKU016256PI,7
REG-20250902-BR004-SKU017128BL,20250902,BR004,SKU017128BL,7
REG-20250902-BR004-SKU017128SI,20250902,BR004,SKU017128SI,5
REG-20250902-BR004-SKU017128PI,20250902,BR004,SKU017128PI,10
REG-20250902-BR004-SKU017256BL,20250902,BR004,SKU017256BL,8
REG-20250902-BR004-SKU017256SI,20250902,BR004,SKU017256SI,11
REG-20250902-BR004-SKU017256PI,20250902,BR004,SKU017256PI,7
REG-20250902-BR005-SKU015128BL,20250902,BR005,SKU015128BL,1
REG-20250902-BR005-SKU015128SI,20250902,BR005,SKU015128SI,2
REG-20250902-BR005-SKU015128PI,20250902,BR005,SKU015128PI,1
REG-20250902-BR005-SKU015256BL,20250902,BR005,SKU015256BL,2
REG-20250902-BR005-SKU015256SI,20250902,BR005,SKU015256SI,5
REG-20250902-BR005-SKU015256PI,20250902,BR005,SKU015256PI,2
REG-20250902-BR005-SKU016128BL,20250902,BR005,SKU016128BL,4
REG-20250902-BR005-SKU016128SI,20250902,BR005,SKU016128SI,8
REG-20250902-BR005-SKU016128PI,20250902,BR005,SKU016128PI,3
REG-20250902-BR005-SKU016256BL,20250902,BR005,SKU016256BL,4
REG-20250902-BR005-SKU016256SI,20250902,BR005,SKU016256SI,3
REG-20250902-BR005-SKU016256PI,20250902,BR005,SKU016256PI,3
REG-20250902-BR005-SKU017128BL,20250902,BR005,SKU017128BL,7
REG-20250902-BR005-SKU017128SI,20250902,BR005,SKU017128SI,8
REG-20250902-BR005-SKU017128PI,20250902,BR005,SKU017128PI,13
REG-20250902-BR005-SKU017256BL,20250902,BR005,SKU017256BL,3
REG-20250902-BR005-SKU017256SI,20250902,BR005,SKU017256SI,5
REG-20250902-BR005-SKU017256PI,20250902,BR005,SKU017256PI,5
REG-20250903-BR001-SKU015128BL,20250903,BR001,SKU015128BL,3
REG-20250903-BR001-SKU015128SI,20250903,BR001,SKU015128SI,1
REG-20250903-BR001-SKU015128PI,20250903,BR001,SKU015128PI,3
REG-20250903-BR001-SKU015256BL,20250903,BR001,SKU015256BL,1
REG-20250903-BR001-SKU015256SI,20250903,BR001,SKU015256SI,1
REG-20250903-BR001-SKU015256PI,20250903,BR001,SKU015256PI,1
REG-20250903-BR001-SKU016128BL,20250903,BR001,SKU016128BL,8
REG-20250903-BR001-SKU016128SI,20250903,BR001,SKU016128SI,6
REG-20250903-BR001-SKU016128PI,20250903,BR001,SKU016128PI,3
REG-20250903-BR001-SKU016256BL,20250903,BR001,SKU016256BL,5
REG-20250903-BR001-SKU016256SI,20250903,BR001,SKU016256SI,2
REG-20250903-BR001-SKU016256PI,20250903,BR001,SKU016256PI,8
REG-20250903-BR001-SKU017128BL,20250903,BR001,SKU017128BL,10
REG-20250903-BR001-SKU017128SI,20250903,BR001,SKU017128SI,8
REG-20250903-BR001-SKU017128PI,20250903,BR001,SKU017128PI,7
REG-20250903-BR001-SKU017256BL,20250903,BR001,SKU017256BL,6
REG-20250903-BR001-SKU017256SI,20250903,BR001,SKU017256SI,7
REG-20250903-BR001-SKU017256PI,20250903,BR001,SKU017256PI,12
REG-20250903-BR002-SKU015128BL,20250903,BR002,SKU015128BL,2
REG-20250903-BR002-SKU015128SI,20250903,BR002,SKU015128SI,1
REG-20250903-BR002-SKU015128PI,20250903,BR002,SKU015128PI,3
REG-20250903-BR002-SKU015256BL,20250903,BR002,SKU015256BL,3
REG-20250903-BR002-SKU015256SI,20250903,BR002,SKU015256SI,1
REG-20250903-BR002-SKU015256PI,20250903,BR002,SKU015256PI,5
REG-20250903-BR002-SKU016128BL,20250903,BR002,SKU016128BL,8
REG-20250903-BR002-SKU016128SI,20250903,BR002,SKU016128SI,3
REG-20250903-BR002-SKU016128PI,20250903,BR002,SKU016128PI,3
REG-20250903-BR002-SKU016256BL,20250903,BR002,SKU016256BL,6
REG-20250903-BR002-SKU016256SI,20250903,BR002,SKU016256SI,3
REG-20250903-BR002-SKU016256PI,20250903,BR002,SKU016256PI,5
REG-20250903-BR002-SKU017128BL,20250903,BR002,SKU017128BL,11
REG-20250903-BR002-SKU017128SI,20250903,BR002,SKU017128SI,11
REG-20250903-BR002-SKU017128PI,20250903,BR002,SKU017128PI,7
REG-20250903-BR002-SKU017256BL,20250903,BR002,SKU017256BL,8
REG-20250903-BR002-SKU017256SI,20250903,BR002,SKU017256SI,6
REG-20250903-BR002-SKU017256PI,20250903,BR002,SKU017256PI,7
REG-20250903-BR003-SKU015128BL,20250903,BR003,SKU015128BL,2
REG-20250903-BR003-SKU015128SI,20250903,BR003,SKU015128SI,2
REG-20250903-BR003-SKU015128PI,20250903,BR003,SKU015128PI,5
REG-20250903-BR003-SKU015256BL,20250903,BR003,SKU015256BL,1
REG-20250903-BR003-SKU015256SI,20250903,BR003,SKU015256SI,5
REG-20250903-BR003-SKU015256PI,20250903,BR003,SKU015256PI,4
REG-20250903-BR003-SKU016128BL,20250903,BR003,SKU016128BL,6
REG-20250903-BR003-SKU016128SI,20250903,BR003,SKU016128SI,8
REG-20250903-BR003-SKU016128PI,20250903,BR003,SKU016128PI,6
REG-20250903-BR003-SKU016256BL,20250903,BR003,SKU016256BL,5
REG-20250903-BR003-SKU016256SI,20250903,BR003,SKU016256SI,9
REG-20250903-BR003-SKU016256PI,20250903,BR003,SKU016256PI,7
REG-20250903-BR003-SKU017128BL,20250903,BR003,SKU017128BL,10
REG-20250903-BR003-SKU017128SI,20250903,BR003,SKU017128SI,5
REG-20250903-BR003-SKU017128PI,20250903,BR003,SKU017128PI,8
REG-20250903-BR003-SKU017256BL,20250903,BR003,SKU017256BL,13
REG-20250903-BR003-SKU017256SI,20250903,BR003,SKU017256SI,11
REG-20250903-BR003-SKU017256PI,20250903,BR003,SKU017256PI,13
REG-20250903-BR004-SKU015128BL,20250903,BR004,SKU015128BL,4
REG-20250903-BR004-SKU015128SI,20250903,BR004,SKU015128SI,3
REG-20250903-BR004-SKU015128PI,20250903,BR004,SKU015128PI,1
REG-20250903-BR004-SKU015256BL,20250903,BR004,SKU015256BL,1
REG-20250903-BR004-SKU015256SI,20250903,BR004,SKU015256SI,2
REG-20250903-BR004-SKU015256PI,20250903,BR004,SKU015256PI,1
REG-20250903-BR004-SKU016128BL,20250903,BR004,SKU016128BL,2
REG-20250903-BR004-SKU016128SI,20250903,BR004,SKU016128SI,2
REG-20250903-BR004-SKU016128PI,20250903,BR004,SKU016128PI,8
REG-20250903-BR004-SKU016256BL,20250903,BR004,SKU016256BL,4
REG-20250903-BR004-SKU016256SI,20250903,BR004,SKU016256SI,8
REG-20250903-BR004-SKU016256PI,20250903,BR004,SKU016256PI,5
REG-20250903-BR004-SKU017128BL,20250903,BR004,SKU017128BL,13
REG-20250903-BR004-SKU017128SI,20250903,BR004,SKU017128SI,7
REG-20250903-BR004-SKU017128PI,20250903,BR004,SKU017128PI,3
REG-20250903-BR004-SKU017256BL,20250903,BR004,SKU017256BL,10
REG-20250903-BR004-SKU017256SI,20250903,BR004,SKU017256SI,9
REG-20250903-BR004-SKU017256PI,20250903,BR004,SKU017256PI,10
REG-20250903-BR005-SKU015128BL,20250903,BR005,SKU015128BL,1
REG-20250903-BR005-SKU015128SI,20250903,BR005,SKU015128SI,3
REG-20250903-BR005-SKU015128PI,20250903,BR005,SKU015128PI,6
REG-20250903-BR005-SKU015256BL,20250903,BR005,SKU015256BL,4
REG-20250903-BR005-SKU015256SI,20250903,BR005,SKU015256SI,6
REG-20250903-BR005-SKU015256PI,20250903,BR005,SKU015256PI,3
REG-20250903-BR005-SKU016128BL,20250903,BR005,SKU016128BL,9
REG-20250903-BR005-SKU016128SI,20250903,BR005,SKU016128SI,6
REG-20250903-BR005-SKU016128PI,20250903,BR005,SKU016128PI,4
REG-20250903-BR005-SKU016256BL,20250903,BR005,SKU016256BL,8
REG-20250903-BR005-SKU016256SI,20250903,BR005,SKU016256SI,7
REG-20250903-BR005-SKU016256PI,20250903,BR005,SKU016256PI,6
REG-20250903-BR005-SKU017128BL,20250903,BR005,SKU017128BL,6
REG-20250903-BR005-SKU017128SI,20250903,BR005,SKU017128SI,8
REG-20250903-BR005-SKU017128PI,20250903,BR005,SKU017128PI,10
REG-20250903-BR005-SKU017256BL,20250903,BR005,SKU017256BL,5
REG-20250903-BR005-SKU017256SI,20250903,BR005,SKU017256SI,6
REG-20250903-BR005-SKU017256PI,20250903,BR005,SKU017256PI,10
REG-20250904-BR001-SKU015128BL,20250904,BR001,SKU015128BL,1
REG-20250904-BR001-SKU015128SI,20250904,BR001,SKU015128SI,5
REG-20250904-BR001-SKU015128PI,20250904,BR001,SKU015128PI,5
REG-20250904-BR001-SKU015256BL,20250904,BR001,SKU015256BL,5
REG-20250904-BR001-SKU015256SI,20250904,BR001,SKU015256SI,1
REG-20250904-BR001-SKU015256PI,20250904,BR001,SKU015256PI,5
REG-20250904-BR001-SKU016128BL,20250904,BR001,SKU016128BL,5
REG-20250904-BR001-SKU016128SI,20250904,BR001,SKU016128SI,8
REG-20250904-BR001-SKU016128PI,20250904,BR001,SKU016128PI,4
REG-20250904-BR001-SKU016256BL,20250904,BR001,SKU016256BL,5
REG-20250904-BR001-SKU016256SI,20250904,BR001,SKU016256SI,7
REG-20250904-BR001-SKU016256PI,20250904,BR001,SKU016256PI,9
REG-20250904-BR001-SKU017128BL,20250904,BR001,SKU017128BL,9
REG-20250904-BR001-SKU017128SI,20250904,BR001,SKU017128SI,8
REG-20250904-BR001-SKU017128PI,20250904,BR001,SKU017128PI,12
REG-20250904-BR001-SKU017256BL,20250904,BR001,SKU017256BL,6
REG-20250904-BR001-SKU017256SI,20250904,BR001,SKU017256SI,11
REG-20250904-BR001-SKU017256PI,20250904,BR001,SKU017256PI,8
REG-20250904-BR002-SKU015128BL,20250904,BR002,SKU015128BL,4
REG-20250904-BR002-SKU015128SI,20250904,BR002,SKU015128SI,2
REG-20250904-BR002-SKU015128PI,20250904,BR002,SKU015128PI,1
REG-20250904-BR002-SKU015256BL,20250904,BR002,SKU015256BL,3
REG-20250904-BR002-SKU015256SI,20250904,BR002,SKU015256SI,3
REG-20250904-BR002-SKU015256PI,20250904,BR002,SKU015256PI,1
REG-20250904-BR002-SKU016128BL,20250904,BR002,SKU016128BL,6
REG-20250904-BR002-SKU016128SI,20250904,BR002,SKU016128SI,5
REG-20250904-BR002-SKU016128PI,20250904,BR002,SKU016128PI,5
REG-20250904-BR002-SKU016256BL,20250904,BR002,SKU016256BL,6
REG-20250904-BR002-SKU016256SI,20250904,BR002,SKU016256SI,6
REG-20250904-BR002-SKU016256PI,20250904,BR002,SKU016256PI,4
REG-20250904-BR002-SKU017128BL,20250904,BR002,SKU017128BL,7
REG-20250904-BR002-SKU017128SI,20250904,BR002,SKU017128SI,5
REG-20250904-BR002-SKU017128PI,20250904,BR002,SKU017128PI,6
REG-20250904-BR002-SKU017256BL,20250904,BR002,SKU017256BL,3
REG-20250904-BR002-SKU017256SI,20250904,BR002,SKU017256SI,7
REG-20250904-BR002-SKU017256PI,20250904,BR002,SKU017256PI,7
REG-20250904-BR003-SKU015128BL,20250904,BR003,SKU015128BL,1
REG-20250904-BR003-SKU015128SI,20250904,BR003,SKU015128SI,3
REG-20250904-BR003-SKU015128PI,20250904,BR003,SKU015128PI,3
REG-20250904-BR003-SKU015256BL,20250904,BR003,SKU015256BL,3
REG-20250904-BR003-SKU015256SI,20250904,BR003,SKU015256SI,3
REG-20250904-BR003-SKU015256PI,20250904,BR003,SKU015256PI,4
REG-20250904-BR003-SKU016128BL,20250904,BR003,SKU016128BL,5
REG-20250904-BR003-SKU016128SI,20250904,BR003,SKU016128SI,4
REG-20250904-BR003-SKU016128PI,20250904,BR003,SKU016128PI,5
REG-20250904-BR003-SKU016256BL,20250904,BR003,SKU016256BL,3
REG-20250904-BR003-SKU016256SI,20250904,BR003,SKU016256SI,8
REG-20250904-BR003-SKU016256PI,20250904,BR003,SKU016256PI,5
REG-20250904-BR003-SKU017128BL,20250904,BR003,SKU017128BL,8
REG-20250904-BR003-SKU017128SI,20250904,BR003,SKU017128SI,6
REG-20250904-BR003-SKU017128PI,20250904,BR003,SKU017128PI,11
REG-20250904-BR003-SKU017256BL,20250904,BR003,SKU017256BL,8
REG-20250904-BR003-SKU017256SI,20250904,BR003,SKU017256SI,5
REG-20250904-BR003-SKU017256PI,20250904,BR003,SKU017256PI,11
REG-20250904-BR004-SKU015128BL,20250904,BR004,SKU015128BL,3
REG-20250904-BR004-SKU015128SI,20250904,BR004,SKU015128SI,1
REG-20250904-BR004-SKU015128PI,20250904,BR004,SKU015128PI,5
REG-20250904-BR004-SKU015256BL,20250904,BR004,SKU015256BL,2
REG-20250904-BR004-SKU015256SI,20250904,BR004,SKU015256SI,4
REG-20250904-BR004-SKU015256PI,20250904,BR004,SKU015256PI,3
REG-20250904-BR004-SKU016128BL,20250904,BR004,SKU016128BL,6
REG-20250904-BR004-SKU016128SI,20250904,BR004,SKU016128SI,8
REG-20250904-BR004-SKU016128PI,20250904,BR004,SKU016128PI,9
REG-20250904-BR004-SKU016256BL,20250904,BR004,SKU016256BL,7
REG-20250904-BR004-SKU016256SI,20250904,BR004,SKU016256SI,8
REG-20250904-BR004-SKU016256PI,20250904,BR004,SKU016256PI,5
REG-20250904-BR004-SKU017128BL,20250904,BR004,SKU017128BL,6
REG-20250904-BR004-SKU017128SI,20250904,BR004,SKU017128SI,10
REG-20250904-BR004-SKU017128PI,20250904,BR004,SKU017128PI,9
REG-20250904-BR004-SKU017256BL,20250904,BR004,SKU017256BL,11
REG-20250904-BR004-SKU017256SI,20250904,BR004,SKU017256SI,6
REG-20250904-BR004-SKU017256PI,20250904,BR004,SKU017256PI,9
REG-20250904-BR005-SKU015128BL,20250904,BR005,SKU015128BL,3
REG-20250904-BR005-SKU015128SI,20250904,BR005,SKU015128SI,3
REG-20250904-BR005-SKU015128PI,20250904,BR005,SKU015128PI,3
REG-20250904-BR005-SKU015256BL,20250904,BR005,SKU015256BL,5
REG-20250904-BR005-SKU015256SI,20250904,BR005,SKU015256SI,3
REG-20250904-BR005-SKU015256PI,20250904,BR005,SKU015256PI,1
REG-20250904-BR005-SKU016128BL,20250904,BR005,SKU016128BL,5
REG-20250904-BR005-SKU016128SI,20250904,BR005,SKU016128SI,8
REG-20250904-BR005-SKU016128PI,20250904,BR005,SKU016128PI,5
REG-20250904-BR005-SKU016256BL,20250904,BR005,SKU016256BL,9
REG-20250904-BR005-SKU016256SI,20250904,BR005,SKU016256SI,4
REG-20250904-BR005-SKU016256PI,20250904,BR005,SKU016256PI,3
REG-20250904-BR005-SKU017128BL,20250904,BR005,SKU017128BL,9
REG-20250904-BR005-SKU017128SI,20250904,BR005,SKU017128SI,8
REG-20250904-BR005-SKU017128PI,20250904,BR005,SKU017128PI,11
REG-20250904-BR005-SKU017256BL,20250904,BR005,SKU017256BL,11
REG-20250904-BR005-SKU017256SI,20250904,BR005,SKU017256SI,10
REG-20250904-BR005-SKU017256PI,20250904,BR005,SKU017256PI,12
REG-20250905-BR001-SKU015128BL,20250905,BR001,SKU015128BL,3
REG-20250905-BR001-SKU015128SI,20250905,BR001,SKU015128SI,1
REG-20250905-BR001-SKU015128PI,20250905,BR001,SKU015128PI,2
REG-20250905-BR001-SKU015256BL,20250905,BR001,SKU015256BL,3
REG-20250905-BR001-SKU015256SI,20250905,BR001,SKU015256SI,1
REG-20250905-BR001-SKU015256PI,20250905,BR001,SKU015256PI,3
REG-20250905-BR001-SKU016128BL,20250905,BR001,SKU016128BL,7
REG-20250905-BR001-SKU016128SI,20250905,BR001,SKU016128SI,9
REG-20250905-BR001-SKU016128PI,20250905,BR001,SKU016128PI,3
REG-20250905-BR001-SKU016256BL,20250905,BR001,SKU016256BL,4
REG-20250905-BR001-SKU016256SI,20250905,BR001,SKU016256SI,4
REG-20250905-BR001-SKU016256PI,20250905,BR001,SKU016256PI,4
REG-20250905-BR001-SKU017128BL,20250905,BR001,SKU017128BL,7
REG-20250905-BR001-SKU017128SI,20250905,BR001,SKU017128SI,7
REG-20250905-BR001-SKU017128PI,20250905,BR001,SKU017128PI,3
REG-20250905-BR001-SKU017256BL,20250905,BR001,SKU017256BL,8
REG-20250905-BR001-SKU017256SI,20250905,BR001,SKU017256SI,10
REG-20250905-BR001-SKU017256PI,20250905,BR001,SKU017256PI,7
REG-20250905-BR002-SKU015128BL,20250905,BR002,SKU015128BL,4
REG-20250905-BR002-SKU015128SI,20250905,BR002,SKU015128SI,5
REG-20250905-BR002-SKU015128PI,20250905,BR002,SKU015128PI,2
REG-20250905-BR002-SKU015256BL,20250905,BR002,SKU015256BL,1
REG-20250905-BR002-SKU015256SI,20250905,BR002,SKU015256SI,2
REG-20250905-BR002-SKU015256PI,20250905,BR002,SKU015256PI,2
REG-20250905-BR002-SKU016128BL,20250905,BR002,SKU016128BL,4
REG-20250905-BR002-SKU016128SI,20250905,BR002,SKU016128SI,5
REG-20250905-BR002-SKU016128PI,20250905,BR002,SKU016128PI,3
REG-20250905-BR002-SKU016256BL,20250905,BR002,SKU016256BL,7
REG-20250905-BR002-SKU016256SI,20250905,BR002,SKU016256SI,2
REG-20250905-BR002-SKU016256PI,20250905,BR002,SKU016256PI,5
REG-20250905-BR002-SKU017128BL,20250905,BR002,SKU017128BL,13
REG-20250905-BR002-SKU017128SI,20250905,BR002,SKU017128SI,10
REG-20250905-BR002-SKU017128PI,20250905,BR002,SKU017128PI,12
REG-20250905-BR002-SKU017256BL,20250905,BR002,SKU017256BL,12
REG-20250905-BR002-SKU017256SI,20250905,BR002,SKU017256SI,11
REG-20250905-BR002-SKU017256PI,20250905,BR002,SKU017256PI,7
REG-20250905-BR003-SKU015128BL,20250905,BR003,SKU015128BL,1
REG-20250905-BR003-SKU015128SI,20250905,BR003,SKU015128SI,2
REG-20250905-BR003-SKU015128PI,20250905,BR003,SKU015128PI,1
REG-20250905-BR003-SKU015256BL,20250905,BR003,SKU015256BL,1
REG-20250905-BR003-SKU015256SI,20250905,BR003,SKU015256SI,1
REG-20250905-BR003-SKU015256PI,20250905,BR003,SKU015256PI,2
REG-20250905-BR003-SKU016128BL,20250905,BR003,SKU016128BL,8
REG-20250905-BR003-SKU016128SI,20250905,BR003,SKU016128SI,6
REG-20250905-BR003-SKU016128PI,20250905,BR003,SKU016128PI,2
REG-20250905-BR003-SKU016256BL,20250905,BR003,SKU016256BL,5
REG-20250905-BR003-SKU016256SI,20250905,BR003,SKU016256SI,9
REG-20250905-BR003-SKU016256PI,20250905,BR003,SKU016256PI,2
REG-20250905-BR003-SKU017128BL,20250905,BR003,SKU017128BL,11
REG-20250905-BR003-SKU017128SI,20250905,BR003,SKU017128SI,9
REG-20250905-BR003-SKU017128PI,20250905,BR003,SKU017128PI,8
REG-20250905-BR003-SKU017256BL,20250905,BR003,SKU017256BL,7
REG-20250905-BR003-SKU017256SI,20250905,BR003,SKU017256SI,8
REG-20250905-BR003-SKU017256PI,20250905,BR003,SKU017256PI,4
REG-20250905-BR004-SKU015128BL,20250905,BR004,SKU015128BL,2
REG-20250905-BR004-SKU015128SI,20250905,BR004,SKU015128SI,4
REG-20250905-BR004-SKU015128PI,20250905,BR004,SKU015128PI,2
REG-20250905-BR004-SKU015256BL,20250905,BR004,SKU015256BL,4
REG-20250905-BR004-SKU015256SI,20250905,BR004,SKU015256SI,5
REG-20250905-BR004-SKU015256PI,20250905,BR004,SKU015256PI,5
REG-20250905-BR004-SKU016128BL,20250905,BR004,SKU016128BL,5
REG-20250905-BR004-SKU016128SI,20250905,BR004,SKU016128SI,4
REG-20250905-BR004-SKU016128PI,20250905,BR004,SKU016128PI,8
REG-20250905-BR004-SKU016256BL,20250905,BR004,SKU016256BL,7
REG-20250905-BR004-SKU016256SI,20250905,BR004,SKU016256SI,1
REG-20250905-BR004-SKU016256PI,20250905,BR004,SKU016256PI,6
REG-20250905-BR004-SKU017128BL,20250905,BR004,SKU017128BL,5
REG-20250905-BR004-SKU017128SI,20250905,BR004,SKU017128SI,4
REG-20250905-BR004-SKU017128PI,20250905,BR004,SKU017128PI,14
REG-20250905-BR004-SKU017256BL,20250905,BR004,SKU017256BL,12
REG-20250905-BR004-SKU017256SI,20250905,BR004,SKU017256SI,9
REG-20250905-BR004-SKU017256PI,20250905,BR004,SKU017256PI,12
REG-20250905-BR005-SKU015128BL,20250905,BR005,SKU015128BL,2
REG-20250905-BR005-SKU015128SI,20250905,BR005,SKU015128SI,4
REG-20250905-BR005-SKU015128PI,20250905,BR005,SKU015128PI,3
REG-20250905-BR005-SKU015256BL,20250905,BR005,SKU015256BL,1
REG-20250905-BR005-SKU015256SI,20250905,BR005,SKU015256SI,4
REG-20250905-BR005-SKU015256PI,20250905,BR005,SKU015256PI,4
REG-20250905-BR005-SKU016128BL,20250905,BR005,SKU016128BL,9
REG-20250905-BR005-SKU016128SI,20250905,BR005,SKU016128SI,5
REG-20250905-BR005-SKU016128PI,20250905,BR005,SKU016128PI,4
REG-20250905-BR005-SKU016256BL,20250905,BR005,SKU016256BL,5
REG-20250905-BR005-SKU016256SI,20250905,BR005,SKU016256SI,3
REG-20250905-BR005-SKU016256PI,20250905,BR005,SKU016256PI,8
REG-20250905-BR005-SKU017128BL,20250905,BR005,SKU017128BL,7
REG-20250905-BR005-SKU017128SI,20250905,BR005,SKU017128SI,13
REG-20250905-BR005-SKU017128PI,20250905,BR005,SKU017128PI,4
REG-20250905-BR005-SKU017256BL,20250905,BR005,SKU017256BL,12
REG-20250905-BR005-SKU017256SI,20250905,BR005,SKU017256SI,13
REG-20250905-BR005-SKU017256PI,20250905,BR005,SKU017256PI,4
REG-20250906-BR001-SKU015128BL,20250906,BR001,SKU015128BL,5
REG-20250906-BR001-SKU015128SI,20250906,BR001,SKU015128SI,2
REG-20250906-BR001-SKU015128PI,20250906,BR001,SKU015128PI,5
REG-20250906-BR001-SKU015256BL,20250906,BR001,SKU015256BL,1
REG-20250906-BR001-SKU015256SI,20250906,BR001,SKU015256SI,1
REG-20250906-BR001-SKU015256PI,20250906,BR001,SKU015256PI,5
REG-20250906-BR001-SKU016128BL,20250906,BR001,SKU016128BL,5
REG-20250906-BR001-SKU016128SI,20250906,BR001,SKU016128SI,4
REG-20250906-BR001-SKU016128PI,20250906,BR001,SKU016128PI,2
REG-20250906-BR001-SKU016256BL,20250906,BR001,SKU016256BL,4
REG-20250906-BR001-SKU016256SI,20250906,BR001,SKU016256SI,7
REG-20250906-BR001-SKU016256PI,20250906,BR001,SKU016256PI,6
REG-20250906-BR001-SKU017128BL,20250906,BR001,SKU017128BL,10
REG-20250906-BR001-SKU017128SI,20250906,BR001,SKU017128SI,13
REG-20250906-BR001-SKU017128PI,20250906,BR001,SKU017128PI,9
REG-20250906-BR001-SKU017256BL,20250906,BR001,SKU017256BL,8
REG-20250906-BR001-SKU017256SI,20250906,BR001,SKU017256SI,10
REG-20250906-BR001-SKU017256PI,20250906,BR001,SKU017256PI,5
REG-20250906-BR002-SKU015128BL,20250906,BR002,SKU015128BL,4
REG-20250906-BR002-SKU015128SI,20250906,BR002,SKU015128SI,5
REG-20250906-BR002-SKU015128PI,20250906,BR002,SKU015128PI,1
REG-20250906-BR002-SKU015256BL,20250906,BR002,SKU015256BL,3
REG-20250906-BR002-SKU015256SI,20250906,BR002,SKU015256SI,3
REG-20250906-BR002-SKU015256PI,20250906,BR002,SKU015256PI,6
REG-20250906-BR002-SKU016128BL,20250906,BR002,SKU016128BL,6
REG-20250906-BR002-SKU016128SI,20250906,BR002,SKU016128SI,7
REG-20250906-BR002-SKU016128PI,20250906,BR002,SKU016128PI,8
REG-20250906-BR002-SKU016256BL,20250906,BR002,SKU016256BL,6
REG-20250906-BR002-SKU016256SI,20250906,BR002,SKU016256SI,3
REG-20250906-BR002-SKU016256PI,20250906,BR002,SKU016256PI,8
REG-20250906-BR002-SKU017128BL,20250906,BR002,SKU017128BL,9
REG-20250906-BR002-SKU017128SI,20250906,BR002,SKU017128SI,5
REG-20250906-BR002-SKU017128PI,20250906,BR002,SKU017128PI,13
REG-20250906-BR002-SKU017256BL,20250906,BR002,SKU017256BL,10
REG-20250906-BR002-SKU017256SI,20250906,BR002,SKU017256SI,10
REG-20250906-BR002-SKU017256PI,20250906,BR002,SKU017256PI,9
REG-20250906-BR003-SKU015128BL,20250906,BR003,SKU015128BL,1
REG-20250906-BR003-SKU015128SI,20250906,BR003,SKU015128SI,2
REG-20250906-BR003-SKU015128PI,20250906,BR003,SKU015128PI,2
REG-20250906-BR003-SKU015256BL,20250906,BR003,SKU015256BL,3
REG-20250906-BR003-SKU015256SI,20250906,BR003,SKU015256SI,1
REG-20250906-BR003-SKU015256PI,20250906,BR003,SKU015256PI,4
REG-20250906-BR003-SKU016128BL,20250906,BR003,SKU016128BL,7
REG-20250906-BR003-SKU016128SI,20250906,BR003,SKU016128SI,9
REG-20250906-BR003-SKU016128PI,20250906,BR003,SKU016128PI,6
REG-20250906-BR003-SKU016256BL,20250906,BR003,SKU016256BL,7
REG-20250906-BR003-SKU016256SI,20250906,BR003,SKU016256SI,6
REG-20250906-BR003-SKU016256PI,20250906,BR003,SKU016256PI,9
REG-20250906-BR003-SKU017128BL,20250906,BR003,SKU017128BL,7
REG-20250906-BR003-SKU017128SI,20250906,BR003,SKU017128SI,5
REG-20250906-BR003-SKU017128PI,20250906,BR003,SKU017128PI,8
REG-20250906-BR003-SKU017256BL,20250906,BR003,SKU017256BL,7
REG-20250906-BR003-SKU017256SI,20250906,BR003,SKU017256SI,4
REG-20250906-BR003-SKU017256PI,20250906,BR003,SKU017256PI,11
REG-20250906-BR004-SKU015128BL,20250906,BR004,SKU015128BL,1
REG-20250906-BR004-SKU015128SI,20250906,BR004,SKU015128SI,1
REG-20250906-BR004-SKU015128PI,20250906,BR004,SKU015128PI,1
REG-20250906-BR004-SKU015256BL,20250906,BR004,SKU015256BL,3
REG-20250906-BR004-SKU015256SI,20250906,BR004,SKU015256SI,3
REG-20250906-BR004-SKU015256PI,20250906,BR004,SKU015256PI,4
REG-20250906-BR004-SKU016128BL,20250906,BR004,SKU016128BL,8
REG-20250906-BR004-SKU016128SI,20250906,BR004,SKU016128SI,7
REG-20250906-BR004-SKU016128PI,20250906,BR004,SKU016128PI,3
REG-20250906-BR004-SKU016256BL,20250906,BR004,SKU016256BL,5
REG-20250906-BR004-SKU016256SI,20250906,BR004,SKU016256SI,8
REG-20250906-BR004-SKU016256PI,20250906,BR004,SKU016256PI,7
REG-20250906-BR004-SKU017128BL,20250906,BR004,SKU017128BL,14
REG-20250906-BR004-SKU017128SI,20250906,BR004,SKU017128SI,6
REG-20250906-BR004-SKU017128PI,20250906,BR004,SKU017128PI,12
REG-20250906-BR004-SKU017256BL,20250906,BR004,SKU017256BL,12
REG-20250906-BR004-SKU017256SI,20250906,BR004,SKU017256SI,6
REG-20250906-BR004-SKU017256PI,20250906,BR004,SKU017256PI,11
REG-20250906-BR005-SKU015128BL,20250906,BR005,SKU015128BL,1
REG-20250906-BR005-SKU015128SI,20250906,BR005,SKU015128SI,4
REG-20250906-BR005-SKU015128PI,20250906,BR005,SKU015128PI,4
REG-20250906-BR005-SKU015256BL,20250906,BR005,SKU015256BL,4
REG-20250906-BR005-SKU015256SI,20250906,BR005,SKU015256SI,2
REG-20250906-BR005-SKU015256PI,20250906,BR005,SKU015256PI,5
REG-20250906-BR005-SKU016128BL,20250906,BR005,SKU016128BL,2
REG-20250906-BR005-SKU016128SI,20250906,BR005,SKU016128SI,8
REG-20250906-BR005-SKU016128PI,20250906,BR005,SKU016128PI,7
REG-20250906-BR005-SKU016256BL,20250906,BR005,SKU016256BL,5
REG-20250906-BR005-SKU016256SI,20250906,BR005,SKU016256SI,4
REG-20250906-BR005-SKU016256PI,20250906,BR005,SKU016256PI,3
REG-20250906-BR005-SKU017128BL,20250906,BR005,SKU017128BL,7
REG-20250906-BR005-SKU017128SI,20250906,BR005,SKU017128SI,12
REG-20250906-BR005-SKU017128PI,20250906,BR005,SKU017128PI,10
REG-20250906-BR005-SKU017256BL,20250906,BR005,SKU017256BL,9
REG-20250906-BR005-SKU017256SI,20250906,BR005,SKU017256SI,10
REG-20250906-BR005-SKU017256PI,20250906,BR005,SKU017256PI,8
REG-20250907-BR001-SKU015128BL,20250907,BR001,SKU015128BL,1
REG-20250907-BR001-SKU015128SI,20250907,BR001,SKU015128SI,4
REG-20250907-BR001-SKU015128PI,20250907,BR001,SKU015128PI,3
REG-20250907-BR001-SKU015256BL,20250907,BR001,SKU015256BL,2
REG-20250907-BR001-SKU015256SI,20250907,BR001,SKU015256SI,1
REG-20250907-BR001-SKU015256PI,20250907,BR001,SKU015256PI,4
REG-20250907-BR001-SKU016128BL,20250907,BR001,SKU016128BL,3
REG-20250907-BR001-SKU016128SI,20250907,BR001,SKU016128SI,6
REG-20250907-BR001-SKU016128PI,20250907,BR001,SKU016128PI,7
REG-20250907-BR001-SKU016256BL,20250907,BR001,SKU016256BL,7
REG-20250907-BR001-SKU016256SI,20250907,BR001,SKU016256SI,4
REG-20250907-BR001-SKU016256PI,20250907,BR001,SKU016256PI,6
REG-20250907-BR001-SKU017128BL,20250907,BR001,SKU017128BL,8
REG-20250907-BR001-SKU017128SI,20250907,BR001,SKU017128SI,10
REG-20250907-BR001-SKU017128PI,20250907,BR001,SKU017128PI,6
REG-20250907-BR001-SKU017256BL,20250907,BR001,SKU017256BL,13
REG-20250907-BR001-SKU017256SI,20250907,BR001,SKU017256SI,8
REG-20250907-BR001-SKU017256PI,20250907,BR001,SKU017256PI,9
REG-20250907-BR002-SKU015128BL,20250907,BR002,SKU015128BL,5
REG-20250907-BR002-SKU015128SI,20250907,BR002,SKU015128SI,2
REG-20250907-BR002-SKU015128PI,20250907,BR002,SKU015128PI,3
REG-20250907-BR002-SKU015256BL,20250907,BR002,SKU015256BL,4
REG-20250907-BR002-SKU015256SI,20250907,BR002,SKU015256SI,1
REG-20250907-BR002-SKU015256PI,20250907,BR002,SKU015256PI,2
REG-20250907-BR002-SKU016128BL,20250907,BR002,SKU016128BL,9
REG-20250907-BR002-SKU016128SI,20250907,BR002,SKU016128SI,7
REG-20250907-BR002-SKU016128PI,20250907,BR002,SKU016128PI,2
REG-20250907-BR002-SKU016256BL,20250907,BR002,SKU016256BL,9
REG-20250907-BR002-SKU016256SI,20250907,BR002,SKU016256SI,8
REG-20250907-BR002-SKU016256PI,20250907,BR002,SKU016256PI,9
REG-20250907-BR002-SKU017128BL,20250907,BR002,SKU017128BL,5
REG-20250907-BR002-SKU017128SI,20250907,BR002,SKU017128SI,3
REG-20250907-BR002-SKU017128PI,20250907,BR002,SKU017128PI,10
REG-20250907-BR002-SKU017256BL,20250907,BR002,SKU017256BL,4
REG-20250907-BR002-SKU017256SI,20250907,BR002,SKU017256SI,10
REG-20250907-BR002-SKU017256PI,20250907,BR002,SKU017256PI,8
REG-20250907-BR003-SKU015128BL,20250907,BR003,SKU015128BL,4
REG-20250907-BR003-SKU015128SI,20250907,BR003,SKU015128SI,6
REG-20250907-BR003-SKU015128PI,20250907,BR003,SKU015128PI,3
REG-20250907-BR003-SKU015256BL,20250907,BR003,SKU015256BL,2
REG-20250907-BR003-SKU015256SI,20250907,BR003,SKU015256SI,4
REG-20250907-BR003-SKU015256PI,20250907,BR003,SKU015256PI,1
REG-20250907-BR003-SKU016128BL,20250907,BR003,SKU016128BL,5
REG-20250907-BR003-SKU016128SI,20250907,BR003,SKU016128SI,5
REG-20250907-BR003-SKU016128PI,20250907,BR003,SKU016128PI,3
REG-20250907-BR003-SKU016256BL,20250907,BR003,SKU016256BL,8
REG-20250907-BR003-SKU016256SI,20250907,BR003,SKU016256SI,7
REG-20250907-BR003-SKU016256PI,20250907,BR003,SKU016256PI,4
REG-20250907-BR003-SKU017128BL,20250907,BR003,SKU017128BL,8
REG-20250907-BR003-SKU017128SI,20250907,BR003,SKU017128SI,7
REG-20250907-BR003-SKU017128PI,20250907,BR003,SKU017128PI,5
REG-20250907-BR003-SKU017256BL,20250907,BR003,SKU017256BL,3
REG-20250907-BR003-SKU017256SI,20250907,BR003,SKU017256SI,9
REG-20250907-BR003-SKU017256PI,20250907,BR003,SKU017256PI,9
REG-20250907-BR004-SKU015128BL,20250907,BR004,SKU015128BL,1
REG-20250907-BR004-SKU015128SI,20250907,BR004,SKU015128SI,4
REG-20250907-BR004-SKU015128PI,20250907,BR004,SKU015128PI,1
REG-20250907-BR004-SKU015256BL,20250907,BR004,SKU015256BL,2
REG-20250907-BR004-SKU015256SI,20250907,BR004,SKU015256SI,1
REG-20250907-BR004-SKU015256PI,20250907,BR004,SKU015256PI,1
REG-20250907-BR004-SKU016128BL,20250907,BR004,SKU016128BL,7
REG-20250907-BR004-SKU016128SI,20250907,BR004,SKU016128SI,2
REG-20250907-BR004-SKU016128PI,20250907,BR004,SKU016128PI,6
REG-20250907-BR004-SKU016256BL,20250907,BR004,SKU016256BL,2
REG-20250907-BR004-SKU016256SI,20250907,BR004,SKU016256SI,4
REG-20250907-BR004-SKU016256PI,20250907,BR004,SKU016256PI,7
REG-20250907-BR004-SKU017128BL,20250907,BR004,SKU017128BL,4
REG-20250907-BR004-SKU017128SI,20250907,BR004,SKU017128SI,7
REG-20250907-BR004-SKU017128PI,20250907,BR004,SKU017128PI,8
REG-20250907-BR004-SKU017256BL,20250907,BR004,SKU017256BL,4
REG-20250907-BR004-SKU017256SI,20250907,BR004,SKU017256SI,13
REG-20250907-BR004-SKU017256PI,20250907,BR004,SKU017256PI,12
REG-20250907-BR005-SKU015128BL,20250907,BR005,SKU015128BL,2
REG-20250907-BR005-SKU015128SI,20250907,BR005,SKU015128SI,4
REG-20250907-BR005-SKU015128PI,20250907,BR005,SKU015128PI,3
REG-20250907-BR005-SKU015256BL,20250907,BR005,SKU015256BL,4
REG-20250907-BR005-SKU015256SI,20250907,BR005,SKU015256SI,1
REG-20250907-BR005-SKU015256PI,20250907,BR005,SKU015256PI,5
REG-20250907-BR005-SKU016128BL,20250907,BR005,SKU016128BL,4
REG-20250907-BR005-SKU016128SI,20250907,BR005,SKU016128SI,7
REG-20250907-BR005-SKU016128PI,20250907,BR005,SKU016128PI,1
REG-20250907-BR005-SKU016256BL,20250907,BR005,SKU016256BL,7
REG-20250907-BR005-SKU016256SI,20250907,BR005,SKU016256SI,2
REG-20250907-BR005-SKU016256PI,20250907,BR005,SKU016256PI,4
REG-20250907-BR005-SKU017128BL,20250907,BR005,SKU017128BL,11
REG-20250907-BR005-SKU017128SI,20250907,BR005,SKU017128SI,10
REG-20250907-BR005-SKU017128PI,20250907,BR005,SKU017128PI,9
REG-20250907-BR005-SKU017256BL,20250907,BR005,SKU017256BL,8
REG-20250907-BR005-SKU017256SI,20250907,BR005,SKU017256SI,9
REG-20250907-BR005-SKU017256PI,20250907,BR005,SKU017256PI,11
REG-20250908-BR001-SKU015128BL,20250908,BR001,SKU015128BL,4
REG-20250908-BR001-SKU015128SI,20250908,BR001,SKU015128SI,5
REG-20250908-BR001-SKU015128PI,20250908,BR001,SKU015128PI,2
REG-20250908-BR001-SKU015256BL,20250908,BR001,SKU015256BL,4
REG-20250908-BR001-SKU015256SI,20250908,BR001,SKU015256SI,3
REG-20250908-BR001-SKU015256PI,20250908,BR001,SKU015256PI,2
REG-20250908-BR001-SKU016128BL,20250908,BR001,SKU016128BL,9
REG-20250908-BR001-SKU016128SI,20250908,BR001,SKU016128SI,1
REG-20250908-BR001-SKU016128PI,20250908,BR001,SKU016128PI,1
REG-20250908-BR001-SKU016256BL,20250908,BR001,SKU016256BL,4
REG-20250908-BR001-SKU016256SI,20250908,BR001,SKU016256SI,8
REG-20250908-BR001-SKU016256PI,20250908,BR001,SKU016256PI,6
REG-20250908-BR001-SKU017128BL,20250908,BR001,SKU017128BL,7
REG-20250908-BR001-SKU017128SI,20250908,BR001,SKU017128SI,8
REG-20250908-BR001-SKU017128PI,20250908,BR001,SKU017128PI,11
REG-20250908-BR001-SKU017256BL,20250908,BR001,SKU017256BL,9
REG-20250908-BR001-SKU017256SI,20250908,BR001,SKU017256SI,11
REG-20250908-BR001-SKU017256PI,20250908,BR001,SKU017256PI,9
REG-20250908-BR002-SKU015128BL,20250908,BR002,SKU015128BL,3
REG-20250908-BR002-SKU015128SI,20250908,BR002,SKU015128SI,1
REG-20250908-BR002-SKU015128PI,20250908,BR002,SKU015128PI,3
REG-20250908-BR002-SKU015256BL,20250908,BR002,SKU015256BL,1
REG-20250908-BR002-SKU015256SI,20250908,BR002,SKU015256SI,1
REG-20250908-BR002-SKU015256PI,20250908,BR002,SKU015256PI,5
REG-20250908-BR002-SKU016128BL,20250908,BR002,SKU016128BL,5
REG-20250908-BR002-SKU016128SI,20250908,BR002,SKU016128SI,9
REG-20250908-BR002-SKU016128PI,20250908,BR002,SKU016128PI,9
REG-20250908-BR002-SKU016256BL,20250908,BR002,SKU016256BL,5
REG-20250908-BR002-SKU016256SI,20250908,BR002,SKU016256SI,8
REG-20250908-BR002-SKU016256PI,20250908,BR002,SKU016256PI,2
REG-20250908-BR002-SKU017128BL,20250908,BR002,SKU017128BL,9
REG-20250908-BR002-SKU017128SI,20250908,BR002,SKU017128SI,10
REG-20250908-BR002-SKU017128PI,20250908,BR002,SKU017128PI,4
REG-20250908-BR002-SKU017256BL,20250908,BR002,SKU017256BL,9
REG-20250908-BR002-SKU017256SI,20250908,BR002,SKU017256SI,9
REG-20250908-BR002-SKU017256PI,20250908,BR002,SKU017256PI,5
REG-20250908-BR003-SKU015128BL,20250908,BR003,SKU015128BL,3
REG-20250908-BR003-SKU015128SI,20250908,BR003,SKU015128SI,3
REG-20250908-BR003-SKU015128PI,20250908,BR003,SKU015128PI,5
REG-20250908-BR003-SKU015256BL,20250908,BR003,SKU015256BL,2
REG-20250908-BR003-SKU015256SI,20250908,BR003,SKU015256SI,3
REG-20250908-BR003-SKU015256PI,20250908,BR003,SKU015256PI,5
REG-20250908-BR003-SKU016128BL,20250908,BR003,SKU016128BL,5
REG-20250908-BR003-SKU016128SI,20250908,BR003,SKU016128SI,2
REG-20250908-BR003-SKU016128PI,20250908,BR003,SKU016128PI,6
REG-20250908-BR003-SKU016256BL,20250908,BR003,SKU016256BL,1
REG-20250908-BR003-SKU016256SI,20250908,BR003,SKU016256SI,6
REG-20250908-BR003-SKU016256PI,20250908,BR003,SKU016256PI,9
REG-20250908-BR003-SKU017128BL,20250908,BR003,SKU017128BL,14
REG-20250908-BR003-SKU017128SI,20250908,BR003,SKU017128SI,13
REG-20250908-BR003-SKU017128PI,20250908,BR003,SKU017128PI,8
REG-20250908-BR003-SKU017256BL,20250908,BR003,SKU017256BL,6
REG-20250908-BR003-SKU017256SI,20250908,BR003,SKU017256SI,9
REG-20250908-BR003-SKU017256PI,20250908,BR003,SKU017256PI,11
REG-20250908-BR004-SKU015128BL,20250908,BR004,SKU015128BL,6
REG-20250908-BR004-SKU015128SI,20250908,BR004,SKU015128SI,1
REG-20250908-BR004-SKU015128PI,20250908,BR004,SKU015128PI,3
REG-20250908-BR004-SKU015256BL,20250908,BR004,SKU015256BL,1
REG-20250908-BR004-SKU015256SI,20250908,BR004,SKU015256SI,2
REG-20250908-BR004-SKU015256PI,20250908,BR004,SKU015256PI,1
REG-20250908-BR004-SKU016128BL,20250908,BR004,SKU016128BL,5
REG-20250908-BR004-SKU016128SI,20250908,BR004,SKU016128SI,3
REG-20250908-BR004-SKU016128PI,20250908,BR004,SKU016128PI,4
REG-20250908-BR004-SKU016256BL,20250908,BR004,SKU016256BL,9
REG-20250908-BR004-SKU016256SI,20250908,BR004,SKU016256SI,3
REG-20250908-BR004-SKU016256PI,20250908,BR004,SKU016256PI,8
REG-20250908-BR004-SKU017128BL,20250908,BR004,SKU017128BL,10
REG-20250908-BR004-SKU017128SI,20250908,BR004,SKU017128SI,8
REG-20250908-BR004-SKU017128PI,20250908,BR004,SKU017128PI,9
REG-20250908-BR004-SKU017256BL,20250908,BR004,SKU017256BL,9
REG-20250908-BR004-SKU017256SI,20250908,BR004,SKU017256SI,10
REG-20250908-BR004-SKU017256PI,20250908,BR004,SKU017256PI,12
REG-20250908-BR005-SKU015128BL,20250908,BR005,SKU015128BL,6
REG-20250908-BR005-SKU015128SI,20250908,BR005,SKU015128SI,5
REG-20250908-BR005-SKU015128PI,20250908,BR005,SKU015128PI,1
REG-20250908-BR005-SKU015256BL,20250908,BR005,SKU015256BL,2
REG-20250908-BR005-SKU015256SI,20250908,BR005,SKU015256SI,2
REG-20250908-BR005-SKU015256PI,20250908,BR005,SKU015256PI,4
REG-20250908-BR005-SKU016128BL,20250908,BR005,SKU016128BL,4
REG-20250908-BR005-SKU016128SI,20250908,BR005,SKU016128SI,2
REG-20250908-BR005-SKU016128PI,20250908,BR005,SKU016128PI,8
REG-20250908-BR005-SKU016256BL,20250908,BR005,SKU016256BL,8
REG-20250908-BR005-SKU016256SI,20250908,BR005,SKU016256SI,4
REG-20250908-BR005-SKU016256PI,20250908,BR005,SKU016256PI,5
REG-20250908-BR005-SKU017128BL,20250908,BR005,SKU017128BL,8
REG-20250908-BR005-SKU017128SI,20250908,BR005,SKU017128SI,5
REG-20250908-BR005-SKU017128PI,20250908,BR005,SKU017128PI,8
REG-20250908-BR005-SKU017256BL,20250908,BR005,SKU017256BL,8
REG-20250908-BR005-SKU017256SI,20250908,BR005,SKU017256SI,9
REG-20250908-BR005-SKU017256PI,20250908,BR005,SKU017256PI,6
REG-20250909-BR001-SKU015128BL,20250909,BR001,SKU015128BL,2
REG-20250909-BR001-SKU015128SI,20250909,BR001,SKU015128SI,1
REG-20250909-BR001-SKU015128PI,20250909,BR001,SKU015128PI,1
REG-20250909-BR001-SKU015256BL,20250909,BR001,SKU015256BL,3
REG-20250909-BR001-SKU015256SI,20250909,BR001,SKU015256SI,6
REG-20250909-BR001-SKU015256PI,20250909,BR001,SKU015256PI,6
REG-20250909-BR001-SKU016128BL,20250909,BR001,SKU016128BL,10
REG-20250909-BR001-SKU016128SI,20250909,BR001,SKU016128SI,5
REG-20250909-BR001-SKU016128PI,20250909,BR001,SKU016128PI,5
REG-20250909-BR001-SKU016256BL,20250909,BR001,SKU016256BL,4
REG-20250909-BR001-SKU016256SI,20250909,BR001,SKU016256SI,6
REG-20250909-BR001-SKU016256PI,20250909,BR001,SKU016256PI,7
REG-20250909-BR001-SKU017128BL,20250909,BR001,SKU017128BL,5
REG-20250909-BR001-SKU017128SI,20250909,BR001,SKU017128SI,6
REG-20250909-BR001-SKU017128PI,20250909,BR001,SKU017128PI,13
REG-20250909-BR001-SKU017256BL,20250909,BR001,SKU017256BL,3
REG-20250909-BR001-SKU017256SI,20250909,BR001,SKU017256SI,10
REG-20250909-BR001-SKU017256PI,20250909,BR001,SKU017256PI,4
REG-20250909-BR002-SKU015128BL,20250909,BR002,SKU015128BL,5
REG-20250909-BR002-SKU015128SI,20250909,BR002,SKU015128SI,2
REG-20250909-BR002-SKU015128PI,20250909,BR002,SKU015128PI,2
REG-20250909-BR002-SKU015256BL,20250909,BR002,SKU015256BL,6
REG-20250909-BR002-SKU015256SI,20250909,BR002,SKU015256SI,1
REG-20250909-BR002-SKU015256PI,20250909,BR002,SKU015256PI,2
REG-20250909-BR002-SKU016128BL,20250909,BR002,SKU016128BL,3
REG-20250909-BR002-SKU016128SI,20250909,BR002,SKU016128SI,6
REG-20250909-BR002-SKU016128PI,20250909,BR002,SKU016128PI,2
REG-20250909-BR002-SKU016256BL,20250909,BR002,SKU016256BL,9
REG-20250909-BR002-SKU016256SI,20250909,BR002,SKU016256SI,8
REG-20250909-BR002-SKU016256PI,20250909,BR002,SKU016256PI,9
REG-20250909-BR002-SKU017128BL,20250909,BR002,SKU017128BL,7
REG-20250909-BR002-SKU017128SI,20250909,BR002,SKU017128SI,10
REG-20250909-BR002-SKU017128PI,20250909,BR002,SKU017128PI,12
REG-20250909-BR002-SKU017256BL,20250909,BR002,SKU017256BL,12
REG-20250909-BR002-SKU017256SI,20250909,BR002,SKU017256SI,5
REG-20250909-BR002-SKU017256PI,20250909,BR002,SKU017256PI,6
REG-20250909-BR003-SKU015128BL,20250909,BR003,SKU015128BL,3
REG-20250909-BR003-SKU015128SI,20250909,BR003,SKU015128SI,4
REG-20250909-BR003-SKU015128PI,20250909,BR003,SKU015128PI,5
REG-20250909-BR003-SKU015256BL,20250909,BR003,SKU015256BL,2
REG-20250909-BR003-SKU015256SI,20250909,BR003,SKU015256SI,3
REG-20250909-BR003-SKU015256PI,20250909,BR003,SKU015256PI,2
REG-20250909-BR003-SKU016128BL,20250909,BR003,SKU016128BL,6
REG-20250909-BR003-SKU016128SI,20250909,BR003,SKU016128SI,6
REG-20250909-BR003-SKU016128PI,20250909,BR003,SKU016128PI,6
REG-20250909-BR003-SKU016256BL,20250909,BR003,SKU016256BL,7
REG-20250909-BR003-SKU016256SI,20250909,BR003,SKU016256SI,6
REG-20250909-BR003-SKU016256PI,20250909,BR003,SKU016256PI,6
REG-20250909-BR003-SKU017128BL,20250909,BR003,SKU017128BL,7
REG-20250909-BR003-SKU017128SI,20250909,BR003,SKU017128SI,8
REG-20250909-BR003-SKU017128PI,20250909,BR003,SKU017128PI,10
REG-20250909-BR003-SKU017256BL,20250909,BR003,SKU017256BL,6
REG-20250909-BR003-SKU017256SI,20250909,BR003,SKU017256SI,11
REG-20250909-BR003-SKU017256PI,20250909,BR003,SKU017256PI,7
REG-20250909-BR004-SKU015128BL,20250909,BR004,SKU015128BL,1
REG-20250909-BR004-SKU015128SI,20250909,BR004,SKU015128SI,1
REG-20250909-BR004-SKU015128PI,20250909,BR004,SKU015128PI,3
REG-20250909-BR004-SKU015256BL,20250909,BR004,SKU015256BL,1
REG-20250909-BR004-SKU015256SI,20250909,BR004,SKU015256SI,4
REG-20250909-BR004-SKU015256PI,20250909,BR004,SKU015256PI,3
REG-20250909-BR004-SKU016128BL,20250909,BR004,SKU016128BL,3
REG-20250909-BR004-SKU016128SI,20250909,BR004,SKU016128SI,10
REG-20250909-BR004-SKU016128PI,20250909,BR004,SKU016128PI,5
REG-20250909-BR004-SKU016256BL,20250909,BR004,SKU016256BL,4
REG-20250909-BR004-SKU016256SI,20250909,BR004,SKU016256SI,4
REG-20250909-BR004-SKU016256PI,20250909,BR004,SKU016256PI,8
REG-20250909-BR004-SKU017128BL,20250909,BR004,SKU017128BL,10
REG-20250909-BR004-SKU017128SI,20250909,BR004,SKU017128SI,10
REG-20250909-BR004-SKU017128PI,20250909,BR004,SKU017128PI,8
REG-20250909-BR004-SKU017256BL,20250909,BR004,SKU017256BL,11
REG-20250909-BR004-SKU017256SI,20250909,BR004,SKU017256SI,12
REG-20250909-BR004-SKU017256PI,20250909,BR004,SKU017256PI,13
REG-20250909-BR005-SKU015128BL,20250909,BR005,SKU015128BL,4
REG-20250909-BR005-SKU015128SI,20250909,BR005,SKU015128SI,3
REG-20250909-BR005-SKU015128PI,20250909,BR005,SKU015128PI,4
REG-20250909-BR005-SKU015256BL,20250909,BR005,SKU015256BL,2
REG-20250909-BR005-SKU015256SI,20250909,BR005,SKU015256SI,2
REG-20250909-BR005-SKU015256PI,20250909,BR005,SKU015256PI,5
REG-20250909-BR005-SKU016128BL,20250909,BR005,SKU016128BL,5
REG-20250909-BR005-SKU016128SI,20250909,BR005,SKU016128SI,3
REG-20250909-BR005-SKU016128PI,20250909,BR005,SKU016128PI,2
REG-20250909-BR005-SKU016256BL,20250909,BR005,SKU016256BL,6
REG-20250909-BR005-SKU016256SI,20250909,BR005,SKU016256SI,6
REG-20250909-BR005-SKU016256PI,20250909,BR005,SKU016256PI,4
REG-20250909-BR005-SKU017128BL,20250909,BR005,SKU017128BL,9
REG-20250909-BR005-SKU017128SI,20250909,BR005,SKU017128SI,8
REG-20250909-BR005-SKU017128PI,20250909,BR005,SKU017128PI,9
REG-20250909-BR005-SKU017256BL,20250909,BR005,SKU017256BL,13
REG-20250909-BR005-SKU017256SI,20250909,BR005,SKU017256SI,9
REG-20250909-BR005-SKU017256PI,20250909,BR005,SKU017256PI,9
REG-20250910-BR001-SKU015128BL,20250910,BR001,SKU015128BL,2
REG-20250910-BR001-SKU015128SI,20250910,BR001,SKU015128SI,1
REG-20250910-BR001-SKU015128PI,20250910,BR001,SKU015128PI,1
REG-20250910-BR001-SKU015256BL,20250910,BR001,SKU015256BL,1
REG-20250910-BR001-SKU015256SI,20250910,BR001,SKU015256SI,1
REG-20250910-BR001-SKU015256PI,20250910,BR001,SKU015256PI,3
REG-20250910-BR001-SKU016128BL,20250910,BR001,SKU016128BL,9
REG-20250910-BR001-SKU016128SI,20250910,BR001,SKU016128SI,8
REG-20250910-BR001-SKU016128PI,20250910,BR001,SKU016128PI,1
REG-20250910-BR001-SKU016256BL,20250910,BR001,SKU016256BL,3
REG-20250910-BR001-SKU016256SI,20250910,BR001,SKU016256SI,3
REG-20250910-BR001-SKU016256PI,20250910,BR001,SKU016256PI,9
REG-20250910-BR001-SKU017128BL,20250910,BR001,SKU017128BL,9
REG-20250910-BR001-SKU017128SI,20250910,BR001,SKU017128SI,8
REG-20250910-BR001-SKU017128PI,20250910,BR001,SKU017128PI,7
REG-20250910-BR001-SKU017256BL,20250910,BR001,SKU017256BL,4
REG-20250910-BR001-SKU017256SI,20250910,BR001,SKU017256SI,13
REG-20250910-BR001-SKU017256PI,20250910,BR001,SKU017256PI,10
REG-20250910-BR002-SKU015128BL,20250910,BR002,SKU015128BL,2
REG-20250910-BR002-SKU015128SI,20250910,BR002,SKU015128SI,3
REG-20250910-BR002-SKU015128PI,20250910,BR002,SKU015128PI,1
REG-20250910-BR002-SKU015256BL,20250910,BR002,SKU015256BL,4
REG-20250910-BR002-SKU015256SI,20250910,BR002,SKU015256SI,3
REG-20250910-BR002-SKU015256PI,20250910,BR002,SKU015256PI,2
REG-20250910-BR002-SKU016128BL,20250910,BR002,SKU016128BL,8
REG-20250910-BR002-SKU016128SI,20250910,BR002,SKU016128SI,2
REG-20250910-BR002-SKU016128PI,20250910,BR002,SKU016128PI,7
REG-20250910-BR002-SKU016256BL,20250910,BR002,SKU016256BL,5
REG-20250910-BR002-SKU016256SI,20250910,BR002,SKU016256SI,9
REG-20250910-BR002-SKU016256PI,20250910,BR002,SKU016256PI,9
REG-20250910-BR002-SKU017128BL,20250910,BR002,SKU017128BL,6
REG-20250910-BR002-SKU017128SI,20250910,BR002,SKU017128SI,10
REG-20250910-BR002-SKU017128PI,20250910,BR002,SKU017128PI,11
REG-20250910-BR002-SKU017256BL,20250910,BR002,SKU017256BL,7
REG-20250910-BR002-SKU017256SI,20250910,BR002,SKU017256SI,8
REG-20250910-BR002-SKU017256PI,20250910,BR002,SKU017256PI,9
REG-20250910-BR003-SKU015128BL,20250910,BR003,SKU015128BL,3
REG-20250910-BR003-SKU015128SI,20250910,BR003,SKU015128SI,2
REG-20250910-BR003-SKU015128PI,20250910,BR003,SKU015128PI,1
REG-20250910-BR003-SKU015256BL,20250910,BR003,SKU015256BL,2
REG-20250910-BR003-SKU015256SI,20250910,BR003,SKU015256SI,5
REG-20250910-BR003-SKU015256PI,20250910,BR003,SKU015256PI,1
REG-20250910-BR003-SKU016128BL,20250910,BR003,SKU016128BL,4
REG-20250910-BR003-SKU016128SI,20250910,BR003,SKU016128SI,3
REG-20250910-BR003-SKU016128PI,20250910,BR003,SKU016128PI,2
REG-20250910-BR003-SKU016256BL,20250910,BR003,SKU016256BL,2
REG-20250910-BR003-SKU016256SI,20250910,BR003,SKU016256SI,5
REG-20250910-BR003-SKU016256PI,20250910,BR003,SKU016256PI,8
REG-20250910-BR003-SKU017128BL,20250910,BR003,SKU017128BL,12
REG-20250910-BR003-SKU017128SI,20250910,BR003,SKU017128SI,4
REG-20250910-BR003-SKU017128PI,20250910,BR003,SKU017128PI,9
REG-20250910-BR003-SKU017256BL,20250910,BR003,SKU017256BL,5
REG-20250910-BR003-SKU017256SI,20250910,BR003,SKU017256SI,7
REG-20250910-BR003-SKU017256PI,20250910,BR003,SKU017256PI,11
REG-20250910-BR004-SKU015128BL,20250910,BR004,SKU015128BL,5
REG-20250910-BR004-SKU015128SI,20250910,BR004,SKU015128SI,4
REG-20250910-BR004-SKU015128PI,20250910,BR004,SKU015128PI,3
REG-20250910-BR004-SKU015256BL,20250910,BR004,SKU015256BL,4
REG-20250910-BR004-SKU015256SI,20250910,BR004,SKU015256SI,1
REG-20250910-BR004-SKU015256PI,20250910,BR004,SKU015256PI,2
REG-20250910-BR004-SKU016128BL,20250910,BR004,SKU016128BL,8
REG-20250910-BR004-SKU016128SI,20250910,BR004,SKU016128SI,6
REG-20250910-BR004-SKU016128PI,20250910,BR004,SKU016128PI,5
REG-20250910-BR004-SKU016256BL,20250910,BR004,SKU016256BL,1
REG-20250910-BR004-SKU016256SI,20250910,BR004,SKU016256SI,5
REG-20250910-BR004-SKU016256PI,20250910,BR004,SKU016256PI,6
REG-20250910-BR004-SKU017128BL,20250910,BR004,SKU017128BL,10
REG-20250910-BR004-SKU017128SI,20250910,BR004,SKU017128SI,12
REG-20250910-BR004-SKU017128PI,20250910,BR004,SKU017128PI,10
REG-20250910-BR004-SKU017256BL,20250910,BR004,SKU017256BL,12
REG-20250910-BR004-SKU017256SI,20250910,BR004,SKU017256SI,11
REG-20250910-BR004-SKU017256PI,20250910,BR004,SKU017256PI,3
REG-20250910-BR005-SKU015128BL,20250910,BR005,SKU015128BL,4
REG-20250910-BR005-SKU015128SI,20250910,BR005,SKU015128SI,1
REG-20250910-BR005-SKU015128PI,20250910,BR005,SKU015128PI,4
REG-20250910-BR005-SKU015256BL,20250910,BR005,SKU015256BL,2
REG-20250910-BR005-SKU015256SI,20250910,BR005,SKU015256SI,1
REG-20250910-BR005-SKU015256PI,20250910,BR005,SKU015256PI,2
REG-20250910-BR005-SKU016128BL,20250910,BR005,SKU016128BL,6
REG-20250910-BR005-SKU016128SI,20250910,BR005,SKU016128SI,5
REG-20250910-BR005-SKU016128PI,20250910,BR005,SKU016128PI,6
REG-20250910-BR005-SKU016256BL,20250910,BR005,SKU016256BL,9
REG-20250910-BR005-SKU016256SI,20250910,BR005,SKU016256SI,5
REG-20250910-BR005-SKU016256PI,20250910,BR005,SKU016256PI,4
REG-20250910-BR005-SKU017128BL,20250910,BR005,SKU017128BL,9
REG-20250910-BR005-SKU017128SI,20250910,BR005,SKU017128SI,11
REG-20250910-BR005-SKU017128PI,20250910,BR005,SKU017128PI,10
REG-20250910-BR005-SKU017256BL,20250910,BR005,SKU017256BL,6
REG-20250910-BR005-SKU017256SI,20250910,BR005,SKU017256SI,4
REG-20250910-BR005-SKU017256PI,20250910,BR005,SKU017256PI,14
REG-20250911-BR001-SKU015128BL,20250911,BR001,SKU015128BL,6
REG-20250911-BR001-SKU015128SI,20250911,BR001,SKU015128SI,1
REG-20250911-BR001-SKU015128PI,20250911,BR001,SKU015128PI,4
REG-20250911-BR001-SKU015256BL,20250911,BR001,SKU015256BL,4
REG-20250911-BR001-SKU015256SI,20250911,BR001,SKU015256SI,4
REG-20250911-BR001-SKU015256PI,20250911,BR001,SKU015256PI,1
REG-20250911-BR001-SKU016128BL,20250911,BR001,SKU016128BL,2
REG-20250911-BR001-SKU016128SI,20250911,BR001,SKU016128SI,5
REG-20250911-BR001-SKU016128PI,20250911,BR001,SKU016128PI,9
REG-20250911-BR001-SKU016256BL,20250911,BR001,SKU016256BL,3
REG-20250911-BR001-SKU016256SI,20250911,BR001,SKU016256SI,8
REG-20250911-BR001-SKU016256PI,20250911,BR001,SKU016256PI,6
REG-20250911-BR001-SKU017128BL,20250911,BR001,SKU017128BL,9
REG-20250911-BR001-SKU017128SI,20250911,BR001,SKU017128SI,6
REG-20250911-BR001-SKU017128PI,20250911,BR001,SKU017128PI,12
REG-20250911-BR001-SKU017256BL,20250911,BR001,SKU017256BL,6
REG-20250911-BR001-SKU017256SI,20250911,BR001,SKU017256SI,7
REG-20250911-BR001-SKU017256PI,20250911,BR001,SKU017256PI,9
REG-20250911-BR002-SKU015128BL,20250911,BR002,SKU015128BL,1
REG-20250911-BR002-SKU015128SI,20250911,BR002,SKU015128SI,4
REG-20250911-BR002-SKU015128PI,20250911,BR002,SKU015128PI,4
REG-20250911-BR002-SKU015256BL,20250911,BR002,SKU015256BL,1
REG-20250911-BR002-SKU015256SI,20250911,BR002,SKU015256SI,4
REG-20250911-BR002-SKU015256PI,20250911,BR002,SKU015256PI,6
REG-20250911-BR002-SKU016128BL,20250911,BR002,SKU016128BL,7
REG-20250911-BR002-SKU016128SI,20250911,BR002,SKU016128SI,5
REG-20250911-BR002-SKU016128PI,20250911,BR002,SKU016128PI,4
REG-20250911-BR002-SKU016256BL,20250911,BR002,SKU016256BL,6
REG-20250911-BR002-SKU016256SI,20250911,BR002,SKU016256SI,7
REG-20250911-BR002-SKU016256PI,20250911,BR002,SKU016256PI,10
REG-20250911-BR002-SKU017128BL,20250911,BR002,SKU017128BL,9
REG-20250911-BR002-SKU017128SI,20250911,BR002,SKU017128SI,6
REG-20250911-BR002-SKU017128PI,20250911,BR002,SKU017128PI,13
REG-20250911-BR002-SKU017256BL,20250911,BR002,SKU017256BL,3
REG-20250911-BR002-SKU017256SI,20250911,BR002,SKU017256SI,7
REG-20250911-BR002-SKU017256PI,20250911,BR002,SKU017256PI,6
REG-20250911-BR003-SKU015128BL,20250911,BR003,SKU015128BL,2
REG-20250911-BR003-SKU015128SI,20250911,BR003,SKU015128SI,5
REG-20250911-BR003-SKU015128PI,20250911,BR003,SKU015128PI,1
REG-20250911-BR003-SKU015256BL,20250911,BR003,SKU015256BL,2
REG-20250911-BR003-SKU015256SI,20250911,BR003,SKU015256SI,2
REG-20250911-BR003-SKU015256PI,20250911,BR003,SKU015256PI,5
REG-20250911-BR003-SKU016128BL,20250911,BR003,SKU016128BL,5
REG-20250911-BR003-SKU016128SI,20250911,BR003,SKU016128SI,6
REG-20250911-BR003-SKU016128PI,20250911,BR003,SKU016128PI,9
REG-20250911-BR003-SKU016256BL,20250911,BR003,SKU016256BL,3
REG-20250911-BR003-SKU016256SI,20250911,BR003,SKU016256SI,10
REG-20250911-BR003-SKU016256PI,20250911,BR003,SKU016256PI,10
REG-20250911-BR003-SKU017128BL,20250911,BR003,SKU017128BL,12
REG-20250911-BR003-SKU017128SI,20250911,BR003,SKU017128SI,3
REG-20250911-BR003-SKU017128PI,20250911,BR003,SKU017128PI,4
REG-20250911-BR003-SKU017256BL,20250911,BR003,SKU017256BL,8
REG-20250911-BR003-SKU017256SI,20250911,BR003,SKU017256SI,13
REG-20250911-BR003-SKU017256PI,20250911,BR003,SKU017256PI,6
REG-20250911-BR004-SKU015128BL,20250911,BR004,SKU015128BL,3
REG-20250911-BR004-SKU015128SI,20250911,BR004,SKU015128SI,3
REG-20250911-BR004-SKU015128PI,20250911,BR004,SKU015128PI,4
REG-20250911-BR004-SKU015256BL,20250911,BR004,SKU015256BL,2
REG-20250911-BR004-SKU015256SI,20250911,BR004,SKU015256SI,1
REG-20250911-BR004-SKU015256PI,20250911,BR004,SKU015256PI,5
REG-20250911-BR004-SKU016128BL,20250911,BR004,SKU016128BL,7
REG-20250911-BR004-SKU016128SI,20250911,BR004,SKU016128SI,4
REG-20250911-BR004-SKU016128PI,20250911,BR004,SKU016128PI,6
REG-20250911-BR004-SKU016256BL,20250911,BR004,SKU016256BL,5
REG-20250911-BR004-SKU016256SI,20250911,BR004,SKU016256SI,8
REG-20250911-BR004-SKU016256PI,20250911,BR004,SKU016256PI,5
REG-20250911-BR004-SKU017128BL,20250911,BR004,SKU017128BL,12
REG-20250911-BR004-SKU017128SI,20250911,BR004,SKU017128SI,6
REG-20250911-BR004-SKU017128PI,20250911,BR004,SKU017128PI,9
REG-20250911-BR004-SKU017256BL,20250911,BR004,SKU017256BL,6
REG-20250911-BR004-SKU017256SI,20250911,BR004,SKU017256SI,11
REG-20250911-BR004-SKU017256PI,20250911,BR004,SKU017256PI,5
REG-20250911-BR005-SKU015128BL,20250911,BR005,SKU015128BL,1
REG-20250911-BR005-SKU015128SI,20250911,BR005,SKU015128SI,6
REG-20250911-BR005-SKU015128PI,20250911,BR005,SKU015128PI,3
REG-20250911-BR005-SKU015256BL,20250911,BR005,SKU015256BL,2
REG-20250911-BR005-SKU015256SI,20250911,BR005,SKU015256SI,2
REG-20250911-BR005-SKU015256PI,20250911,BR005,SKU015256PI,3
REG-20250911-BR005-SKU016128BL,20250911,BR005,SKU016128BL,8
REG-20250911-BR005-SKU016128SI,20250911,BR005,SKU016128SI,6
REG-20250911-BR005-SKU016128PI,20250911,BR005,SKU016128PI,4
REG-20250911-BR005-SKU016256BL,20250911,BR005,SKU016256BL,4
REG-20250911-BR005-SKU016256SI,20250911,BR005,SKU016256SI,8
REG-20250911-BR005-SKU016256PI,20250911,BR005,SKU016256PI,3
REG-20250911-BR005-SKU017128BL,20250911,BR005,SKU017128BL,8
REG-20250911-BR005-SKU017128SI,20250911,BR005,SKU017128SI,5
REG-20250911-BR005-SKU017128PI,20250911,BR005,SKU017128PI,14
REG-20250911-BR005-SKU017256BL,20250911,BR005,SKU017256BL,12
REG-20250911-BR005-SKU017256SI,20250911,BR005,SKU017256SI,3
REG-20250911-BR005-SKU017256PI,20250911,BR005,SKU017256PI,10
REG-20250912-BR001-SKU015128BL,20250912,BR001,SKU015128BL,3
REG-20250912-BR001-SKU015128SI,20250912,BR001,SKU015128SI,4
REG-20250912-BR001-SKU015128PI,20250912,BR001,SKU015128PI,2
REG-20250912-BR001-SKU015256BL,20250912,BR001,SKU015256BL,3
REG-20250912-BR001-SKU015256SI,20250912,BR001,SKU015256SI,2
REG-20250912-BR001-SKU015256PI,20250912,BR001,SKU015256PI,1
REG-20250912-BR001-SKU016128BL,20250912,BR001,SKU016128BL,8
REG-20250912-BR001-SKU016128SI,20250912,BR001,SKU016128SI,8
REG-20250912-BR001-SKU016128PI,20250912,BR001,SKU016128PI,7
REG-20250912-BR001-SKU016256BL,20250912,BR001,SKU016256BL,10
REG-20250912-BR001-SKU016256SI,20250912,BR001,SKU016256SI,2
REG-20250912-BR001-SKU016256PI,20250912,BR001,SKU016256PI,4
REG-20250912-BR001-SKU017128BL,20250912,BR001,SKU017128BL,10
REG-20250912-BR001-SKU017128SI,20250912,BR001,SKU017128SI,9
REG-20250912-BR001-SKU017128PI,20250912,BR001,SKU017128PI,10
REG-20250912-BR001-SKU017256BL,20250912,BR001,SKU017256BL,13
REG-20250912-BR001-SKU017256SI,20250912,BR001,SKU017256SI,3
REG-20250912-BR001-SKU017256PI,20250912,BR001,SKU017256PI,4
REG-20250912-BR002-SKU015128BL,20250912,BR002,SKU015128BL,4
REG-20250912-BR002-SKU015128SI,20250912,BR002,SKU015128SI,3
REG-20250912-BR002-SKU015128PI,20250912,BR002,SKU015128PI,2
REG-20250912-BR002-SKU015256BL,20250912,BR002,SKU015256BL,2
REG-20250912-BR002-SKU015256SI,20250912,BR002,SKU015256SI,6
REG-20250912-BR002-SKU015256PI,20250912,BR002,SKU015256PI,5
REG-20250912-BR002-SKU016128BL,20250912,BR002,SKU016128BL,7
REG-20250912-BR002-SKU016128SI,20250912,BR002,SKU016128SI,9
REG-20250912-BR002-SKU016128PI,20250912,BR002,SKU016128PI,8
REG-20250912-BR002-SKU016256BL,20250912,BR002,SKU016256BL,6
REG-20250912-BR002-SKU016256SI,20250912,BR002,SKU016256SI,3
REG-20250912-BR002-SKU016256PI,20250912,BR002,SKU016256PI,3
REG-20250912-BR002-SKU017128BL,20250912,BR002,SKU017128BL,13
REG-20250912-BR002-SKU017128SI,20250912,BR002,SKU017128SI,7
REG-20250912-BR002-SKU017128PI,20250912,BR002,SKU017128PI,12
REG-20250912-BR002-SKU017256BL,20250912,BR002,SKU017256BL,6
REG-20250912-BR002-SKU017256SI,20250912,BR002,SKU017256SI,11
REG-20250912-BR002-SKU017256PI,20250912,BR002,SKU017256PI,10
REG-20250912-BR003-SKU015128BL,20250912,BR003,SKU015128BL,1
REG-20250912-BR003-SKU015128SI,20250912,BR003,SKU015128SI,1
REG-20250912-BR003-SKU015128PI,20250912,BR003,SKU015128PI,2
REG-20250912-BR003-SKU015256BL,20250912,BR003,SKU015256BL,4
REG-20250912-BR003-SKU015256SI,20250912,BR003,SKU015256SI,3
REG-20250912-BR003-SKU015256PI,20250912,BR003,SKU015256PI,3
REG-20250912-BR003-SKU016128BL,20250912,BR003,SKU016128BL,9
REG-20250912-BR003-SKU016128SI,20250912,BR003,SKU016128SI,4
REG-20250912-BR003-SKU016128PI,20250912,BR003,SKU016128PI,7
REG-20250912-BR003-SKU016256BL,20250912,BR003,SKU016256BL,6
REG-20250912-BR003-SKU016256SI,20250912,BR003,SKU016256SI,7
REG-20250912-BR003-SKU016256PI,20250912,BR003,SKU016256PI,9
REG-20250912-BR003-SKU017128BL,20250912,BR003,SKU017128BL,11
REG-20250912-BR003-SKU017128SI,20250912,BR003,SKU017128SI,8
REG-20250912-BR003-SKU017128PI,20250912,BR003,SKU017128PI,12
REG-20250912-BR003-SKU017256BL,20250912,BR003,SKU017256BL,10
REG-20250912-BR003-SKU017256SI,20250912,BR003,SKU017256SI,11
REG-20250912-BR003-SKU017256PI,20250912,BR003,SKU017256PI,8
REG-20250912-BR004-SKU015128BL,20250912,BR004,SKU015128BL,2
REG-20250912-BR004-SKU015128SI,20250912,BR004,SKU015128SI,3
REG-20250912-BR004-SKU015128PI,20250912,BR004,SKU015128PI,3
REG-20250912-BR004-SKU015256BL,20250912,BR004,SKU015256BL,4
REG-20250912-BR004-SKU015256SI,20250912,BR004,SKU015256SI,5
REG-20250912-BR004-SKU015256PI,20250912,BR004,SKU015256PI,3
REG-20250912-BR004-SKU016128BL,20250912,BR004,SKU016128BL,5
REG-20250912-BR004-SKU016128SI,20250912,BR004,SKU016128SI,10
REG-20250912-BR004-SKU016128PI,20250912,BR004,SKU016128PI,7
REG-20250912-BR004-SKU016256BL,20250912,BR004,SKU016256BL,4
REG-20250912-BR004-SKU016256SI,20250912,BR004,SKU016256SI,3
REG-20250912-BR004-SKU016256PI,20250912,BR004,SKU016256PI,3
REG-20250912-BR004-SKU017128BL,20250912,BR004,SKU017128BL,11
REG-20250912-BR004-SKU017128SI,20250912,BR004,SKU017128SI,10
REG-20250912-BR004-SKU017128PI,20250912,BR004,SKU017128PI,7
REG-20250912-BR004-SKU017256BL,20250912,BR004,SKU017256BL,11
REG-20250912-BR004-SKU017256SI,20250912,BR004,SKU017256SI,8
REG-20250912-BR004-SKU017256PI,20250912,BR004,SKU017256PI,8
REG-20250912-BR005-SKU015128BL,20250912,BR005,SKU015128BL,1
REG-20250912-BR005-SKU015128SI,20250912,BR005,SKU015128SI,3
REG-20250912-BR005-SKU015128PI,20250912,BR005,SKU015128PI,1
REG-20250912-BR005-SKU015256BL,20250912,BR005,SKU015256BL,1
REG-20250912-BR005-SKU015256SI,20250912,BR005,SKU015256SI,4
REG-20250912-BR005-SKU015256PI,20250912,BR005,SKU015256PI,2
REG-20250912-BR005-SKU016128BL,20250912,BR005,SKU016128BL,7
REG-20250912-BR005-SKU016128SI,20250912,BR005,SKU016128SI,5
REG-20250912-BR005-SKU016128PI,20250912,BR005,SKU016128PI,5
REG-20250912-BR005-SKU016256BL,20250912,BR005,SKU016256BL,9
REG-20250912-BR005-SKU016256SI,20250912,BR005,SKU016256SI,5
REG-20250912-BR005-SKU016256PI,20250912,BR005,SKU016256PI,5
REG-20250912-BR005-SKU017128BL,20250912,BR005,SKU017128BL,7
REG-20250912-BR005-SKU017128SI,20250912,BR005,SKU017128SI,8
REG-20250912-BR005-SKU017128PI,20250912,BR005,SKU017128PI,10
REG-20250912-BR005-SKU017256BL,20250912,BR005,SKU017256BL,4
REG-20250912-BR005-SKU017256SI,20250912,BR005,SKU017256SI,10
REG-20250912-BR005-SKU017256PI,20250912,BR005,SKU017256PI,6
REG-20250913-BR001-SKU015128BL,20250913,BR001,SKU015128BL,3
REG-20250913-BR001-SKU015128SI,20250913,BR001,SKU015128SI,1
REG-20250913-BR001-SKU015128PI,20250913,BR001,SKU015128PI,1
REG-20250913-BR001-SKU015256BL,20250913,BR001,SKU015256BL,1
REG-20250913-BR001-SKU015256SI,20250913,BR001,SKU015256SI,4
REG-20250913-BR001-SKU015256PI,20250913,BR001,SKU015256PI,3
REG-20250913-BR001-SKU016128BL,20250913,BR001,SKU016128BL,8
REG-20250913-BR001-SKU016128SI,20250913,BR001,SKU016128SI,4
REG-20250913-BR001-SKU016128PI,20250913,BR001,SKU016128PI,3
REG-20250913-BR001-SKU016256BL,20250913,BR001,SKU016256BL,5
REG-20250913-BR001-SKU016256SI,20250913,BR001,SKU016256SI,8
REG-20250913-BR001-SKU016256PI,20250913,BR001,SKU016256PI,7
REG-20250913-BR001-SKU017128BL,20250913,BR001,SKU017128BL,5
REG-20250913-BR001-SKU017128SI,20250913,BR001,SKU017128SI,11
REG-20250913-BR001-SKU017128PI,20250913,BR001,SKU017128PI,7
REG-20250913-BR001-SKU017256BL,20250913,BR001,SKU017256BL,12
REG-20250913-BR001-SKU017256SI,20250913,BR001,SKU017256SI,8
REG-20250913-BR001-SKU017256PI,20250913,BR001,SKU017256PI,9
REG-20250913-BR002-SKU015128BL,20250913,BR002,SKU015128BL,1
REG-20250913-BR002-SKU015128SI,20250913,BR002,SKU015128SI,4
REG-20250913-BR002-SKU015128PI,20250913,BR002,SKU015128PI,1
REG-20250913-BR002-SKU015256BL,20250913,BR002,SKU015256BL,4
REG-20250913-BR002-SKU015256SI,20250913,BR002,SKU015256SI,3
REG-20250913-BR002-SKU015256PI,20250913,BR002,SKU015256PI,3
REG-20250913-BR002-SKU016128BL,20250913,BR002,SKU016128BL,7
REG-20250913-BR002-SKU016128SI,20250913,BR002,SKU016128SI,10
REG-20250913-BR002-SKU016128PI,20250913,BR002,SKU016128PI,3
REG-20250913-BR002-SKU016256BL,20250913,BR002,SKU016256BL,8
REG-20250913-BR002-SKU016256SI,20250913,BR002,SKU016256SI,7
REG-20250913-BR002-SKU016256PI,20250913,BR002,SKU016256PI,1
REG-20250913-BR002-SKU017128BL,20250913,BR002,SKU017128BL,12
REG-20250913-BR002-SKU017128SI,20250913,BR002,SKU017128SI,8
REG-20250913-BR002-SKU017128PI,20250913,BR002,SKU017128PI,7
REG-20250913-BR002-SKU017256BL,20250913,BR002,SKU017256BL,9
REG-20250913-BR002-SKU017256SI,20250913,BR002,SKU017256SI,7
REG-20250913-BR002-SKU017256PI,20250913,BR002,SKU017256PI,8
REG-20250913-BR003-SKU015128BL,20250913,BR003,SKU015128BL,3
REG-20250913-BR003-SKU015128SI,20250913,BR003,SKU015128SI,4
REG-20250913-BR003-SKU015128PI,20250913,BR003,SKU015128PI,6
REG-20250913-BR003-SKU015256BL,20250913,BR003,SKU015256BL,1
REG-20250913-BR003-SKU015256SI,20250913,BR003,SKU015256SI,3
REG-20250913-BR003-SKU015256PI,20250913,BR003,SKU015256PI,6
REG-20250913-BR003-SKU016128BL,20250913,BR003,SKU016128BL,8
REG-20250913-BR003-SKU016128SI,20250913,BR003,SKU016128SI,5
REG-20250913-BR003-SKU016128PI,20250913,BR003,SKU016128PI,1
REG-20250913-BR003-SKU016256BL,20250913,BR003,SKU016256BL,9
REG-20250913-BR003-SKU016256SI,20250913,BR003,SKU016256SI,6
REG-20250913-BR003-SKU016256PI,20250913,BR003,SKU016256PI,6
REG-20250913-BR003-SKU017128BL,20250913,BR003,SKU017128BL,7
REG-20250913-BR003-SKU017128SI,20250913,BR003,SKU017128SI,10
REG-20250913-BR003-SKU017128PI,20250913,BR003,SKU017128PI,10
REG-20250913-BR003-SKU017256BL,20250913,BR003,SKU017256BL,10
REG-20250913-BR003-SKU017256SI,20250913,BR003,SKU017256SI,10
REG-20250913-BR003-SKU017256PI,20250913,BR003,SKU017256PI,11
REG-20250913-BR004-SKU015128BL,20250913,BR004,SKU015128BL,5
REG-20250913-BR004-SKU015128SI,20250913,BR004,SKU015128SI,3
REG-20250913-BR004-SKU015128PI,20250913,BR004,SKU015128PI,4
REG-20250913-BR004-SKU015256BL,20250913,BR004,SKU015256BL,2
REG-20250913-BR004-SKU015256SI,20250913,BR004,SKU015256SI,1
REG-20250913-BR004-SKU015256PI,20250913,BR004,SKU015256PI,4
REG-20250913-BR004-SKU016128BL,20250913,BR004,SKU016128BL,1
REG-20250913-BR004-SKU016128SI,20250913,BR004,SKU016128SI,6
REG-20250913-BR004-SKU016128PI,20250913,BR004,SKU016128PI,6
REG-20250913-BR004-SKU016256BL,20250913,BR004,SKU016256BL,5
REG-20250913-BR004-SKU016256SI,20250913,BR004,SKU016256SI,4
REG-20250913-BR004-SKU016256PI,20250913,BR004,SKU016256PI,3
REG-20250913-BR004-SKU017128BL,20250913,BR004,SKU017128BL,10
REG-20250913-BR004-SKU017128SI,20250913,BR004,SKU017128SI,8
REG-20250913-BR004-SKU017128PI,20250913,BR004,SKU017128PI,11
REG-20250913-BR004-SKU017256BL,20250913,BR004,SKU017256BL,13
REG-20250913-BR004-SKU017256SI,20250913,BR004,SKU017256SI,9
REG-20250913-BR004-SKU017256PI,20250913,BR004,SKU017256PI,7
REG-20250913-BR005-SKU015128BL,20250913,BR005,SKU015128BL,1
REG-20250913-BR005-SKU015128SI,20250913,BR005,SKU015128SI,6
REG-20250913-BR005-SKU015128PI,20250913,BR005,SKU015128PI,1
REG-20250913-BR005-SKU015256BL,20250913,BR005,SKU015256BL,1
REG-20250913-BR005-SKU015256SI,20250913,BR005,SKU015256SI,4
REG-20250913-BR005-SKU015256PI,20250913,BR005,SKU015256PI,6
REG-20250913-BR005-SKU016128BL,20250913,BR005,SKU016128BL,5
REG-20250913-BR005-SKU016128SI,20250913,BR005,SKU016128SI,5
REG-20250913-BR005-SKU016128PI,20250913,BR005,SKU016128PI,4
REG-20250913-BR005-SKU016256BL,20250913,BR005,SKU016256BL,4
REG-20250913-BR005-SKU016256SI,20250913,BR005,SKU016256SI,6
REG-20250913-BR005-SKU016256PI,20250913,BR005,SKU016256PI,4
REG-20250913-BR005-SKU017128BL,20250913,BR005,SKU017128BL,4
REG-20250913-BR005-SKU017128SI,20250913,BR005,SKU017128SI,6
REG-20250913-BR005-SKU017128PI,20250913,BR005,SKU017128PI,8
REG-20250913-BR005-SKU017256BL,20250913,BR005,SKU017256BL,6
REG-20250913-BR005-SKU017256SI,20250913,BR005,SKU017256SI,4
REG-20250913-BR005-SKU017256PI,20250913,BR005,SKU017256PI,6
REG-20250914-BR001-SKU015128BL,20250914,BR001,SKU015128BL,3
REG-20250914-BR001-SKU015128SI,20250914,BR001,SKU015128SI,1
REG-20250914-BR001-SKU015128PI,20250914,BR001,SKU015128PI,4
REG-20250914-BR001-SKU015256BL,20250914,BR001,SKU015256BL,2
REG-20250914-BR001-SKU015256SI,20250914,BR001,SKU015256SI,5
REG-20250914-BR001-SKU015256PI,20250914,BR001,SKU015256PI,2
REG-20250914-BR001-SKU016128BL,20250914,BR001,SKU016128BL,4
REG-20250914-BR001-SKU016128SI,20250914,BR001,SKU016128SI,10
REG-20250914-BR001-SKU016128PI,20250914,BR001,SKU016128PI,5
REG-20250914-BR001-SKU016256BL,20250914,BR001,SKU016256BL,5
REG-20250914-BR001-SKU016256SI,20250914,BR001,SKU016256SI,5
REG-20250914-BR001-SKU016256PI,20250914,BR001,SKU016256PI,6
REG-20250914-BR001-SKU017128BL,20250914,BR001,SKU017128BL,13
REG-20250914-BR001-SKU017128SI,20250914,BR001,SKU017128SI,10
REG-20250914-BR001-SKU017128PI,20250914,BR001,SKU017128PI,11
REG-20250914-BR001-SKU017256BL,20250914,BR001,SKU017256BL,11
REG-20250914-BR001-SKU017256SI,20250914,BR001,SKU017256SI,10
REG-20250914-BR001-SKU017256PI,20250914,BR001,SKU017256PI,10
REG-20250914-BR002-SKU015128BL,20250914,BR002,SKU015128BL,4
REG-20250914-BR002-SKU015128SI,20250914,BR002,SKU015128SI,3
REG-20250914-BR002-SKU015128PI,20250914,BR002,SKU015128PI,2
REG-20250914-BR002-SKU015256BL,20250914,BR002,SKU015256BL,3
REG-20250914-BR002-SKU015256SI,20250914,BR002,SKU015256SI,3
REG-20250914-BR002-SKU015256PI,20250914,BR002,SKU015256PI,5
REG-20250914-BR002-SKU016128BL,20250914,BR002,SKU016128BL,9
REG-20250914-BR002-SKU016128SI,20250914,BR002,SKU016128SI,5
REG-20250914-BR002-SKU016128PI,20250914,BR002,SKU016128PI,4
REG-20250914-BR002-SKU016256BL,20250914,BR002,SKU016256BL,4
REG-20250914-BR002-SKU016256SI,20250914,BR002,SKU016256SI,6
REG-20250914-BR002-SKU016256PI,20250914,BR002,SKU016256PI,6
REG-20250914-BR002-SKU017128BL,20250914,BR002,SKU017128BL,8
REG-20250914-BR002-SKU017128SI,20250914,BR002,SKU017128SI,6
REG-20250914-BR002-SKU017128PI,20250914,BR002,SKU017128PI,10
REG-20250914-BR002-SKU017256BL,20250914,BR002,SKU017256BL,3
REG-20250914-BR002-SKU017256SI,20250914,BR002,SKU017256SI,10
REG-20250914-BR002-SKU017256PI,20250914,BR002,SKU017256PI,9
REG-20250914-BR003-SKU015128BL,20250914,BR003,SKU015128BL,2
REG-20250914-BR003-SKU015128SI,20250914,BR003,SKU015128SI,1
REG-20250914-BR003-SKU015128PI,20250914,BR003,SKU015128PI,1
REG-20250914-BR003-SKU015256BL,20250914,BR003,SKU015256BL,2
REG-20250914-BR003-SKU015256SI,20250914,BR003,SKU015256SI,4
REG-20250914-BR003-SKU015256PI,20250914,BR003,SKU015256PI,3
REG-20250914-BR003-SKU016128BL,20250914,BR003,SKU016128BL,6
REG-20250914-BR003-SKU016128SI,20250914,BR003,SKU016128SI,5
REG-20250914-BR003-SKU016128PI,20250914,BR003,SKU016128PI,7
REG-20250914-BR003-SKU016256BL,20250914,BR003,SKU016256BL,7
REG-20250914-BR003-SKU016256SI,20250914,BR003,SKU016256SI,5
REG-20250914-BR003-SKU016256PI,20250914,BR003,SKU016256PI,7
REG-20250914-BR003-SKU017128BL,20250914,BR003,SKU017128BL,13
REG-20250914-BR003-SKU017128SI,20250914,BR003,SKU017128SI,7
REG-20250914-BR003-SKU017128PI,20250914,BR003,SKU017128PI,9
REG-20250914-BR003-SKU017256BL,20250914,BR003,SKU017256BL,10
REG-20250914-BR003-SKU017256SI,20250914,BR003,SKU017256SI,9
REG-20250914-BR003-SKU017256PI,20250914,BR003,SKU017256PI,7
REG-20250914-BR004-SKU015128BL,20250914,BR004,SKU015128BL,1
REG-20250914-BR004-SKU015128SI,20250914,BR004,SKU015128SI,4
REG-20250914-BR004-SKU015128PI,20250914,BR004,SKU015128PI,1
REG-20250914-BR004-SKU015256BL,20250914,BR004,SKU015256BL,2
REG-20250914-BR004-SKU015256SI,20250914,BR004,SKU015256SI,6
REG-20250914-BR004-SKU015256PI,20250914,BR004,SKU015256PI,3
REG-20250914-BR004-SKU016128BL,20250914,BR004,SKU016128BL,7
REG-20250914-BR004-SKU016128SI,20250914,BR004,SKU016128SI,6
REG-20250914-BR004-SKU016128PI,20250914,BR004,SKU016128PI,9
REG-20250914-BR004-SKU016256BL,20250914,BR004,SKU016256BL,5
REG-20250914-BR004-SKU016256SI,20250914,BR004,SKU016256SI,8
REG-20250914-BR004-SKU016256PI,20250914,BR004,SKU016256PI,3
REG-20250914-BR004-SKU017128BL,20250914,BR004,SKU017128BL,11
REG-20250914-BR004-SKU017128SI,20250914,BR004,SKU017128SI,7
REG-20250914-BR004-SKU017128PI,20250914,BR004,SKU017128PI,3
REG-20250914-BR004-SKU017256BL,20250914,BR004,SKU017256BL,3
REG-20250914-BR004-SKU017256SI,20250914,BR004,SKU017256SI,10
REG-20250914-BR004-SKU017256PI,20250914,BR004,SKU017256PI,6
REG-20250914-BR005-SKU015128BL,20250914,BR005,SKU015128BL,1
REG-20250914-BR005-SKU015128SI,20250914,BR005,SKU015128SI,4
REG-20250914-BR005-SKU015128PI,20250914,BR005,SKU015128PI,4
REG-20250914-BR005-SKU015256BL,20250914,BR005,SKU015256BL,3
REG-20250914-BR005-SKU015256SI,20250914,BR005,SKU015256SI,5
REG-20250914-BR005-SKU015256PI,20250914,BR005,SKU015256PI,1
REG-20250914-BR005-SKU016128BL,20250914,BR005,SKU016128BL,9
REG-20250914-BR005-SKU016128SI,20250914,BR005,SKU016128SI,4
REG-20250914-BR005-SKU016128PI,20250914,BR005,SKU016128PI,5
REG-20250914-BR005-SKU016256BL,20250914,BR005,SKU016256BL,8
REG-20250914-BR005-SKU016256SI,20250914,BR005,SKU016256SI,7
REG-20250914-BR005-SKU016256PI,20250914,BR005,SKU016256PI,5
REG-20250914-BR005-SKU017128BL,20250914,BR005,SKU017128BL,10
REG-20250914-BR005-SKU017128SI,20250914,BR005,SKU017128SI,4
REG-20250914-BR005-SKU017128PI,20250914,BR005,SKU017128PI,6
REG-20250914-BR005-SKU017256BL,20250914,BR005,SKU017256BL,10
REG-20250914-BR005-SKU017256SI,20250914,BR005,SKU017256SI,9
REG-20250914-BR005-SKU017256PI,20250914,BR005,SKU017256PI,10
REG-20250915-BR001-SKU015128BL,20250915,BR001,SKU015128BL,1
REG-20250915-BR001-SKU015128SI,20250915,BR001,SKU015128SI,5
REG-20250915-BR001-SKU015128PI,20250915,BR001,SKU015128PI,1
REG-20250915-BR001-SKU015256BL,20250915,BR001,SKU015256BL,1
REG-20250915-BR001-SKU015256SI,20250915,BR001,SKU015256SI,1
REG-20250915-BR001-SKU015256PI,20250915,BR001,SKU015256PI,5
REG-20250915-BR001-SKU016128BL,20250915,BR001,SKU016128BL,8
REG-20250915-BR001-SKU016128SI,20250915,BR001,SKU016128SI,4
REG-20250915-BR001-SKU016128PI,20250915,BR001,SKU016128PI,6
REG-20250915-BR001-SKU016256BL,20250915,BR001,SKU016256BL,7
REG-20250915-BR001-SKU016256SI,20250915,BR001,SKU016256SI,4
REG-20250915-BR001-SKU016256PI,20250915,BR001,SKU016256PI,6
REG-20250915-BR001-SKU017128BL,20250915,BR001,SKU017128BL,8
REG-20250915-BR001-SKU017128SI,20250915,BR001,SKU017128SI,4
REG-20250915-BR001-SKU017128PI,20250915,BR001,SKU017128PI,10
REG-20250915-BR001-SKU017256BL,20250915,BR001,SKU017256BL,12
REG-20250915-BR001-SKU017256SI,20250915,BR001,SKU017256SI,3
REG-20250915-BR001-SKU017256PI,20250915,BR001,SKU017256PI,11
REG-20250915-BR002-SKU015128BL,20250915,BR002,SKU015128BL,1
REG-20250915-BR002-SKU015128SI,20250915,BR002,SKU015128SI,1
REG-20250915-BR002-SKU015128PI,20250915,BR002,SKU015128PI,4
REG-20250915-BR002-SKU015256BL,20250915,BR002,SKU015256BL,3
REG-20250915-BR002-SKU015256SI,20250915,BR002,SKU015256SI,1
REG-20250915-BR002-SKU015256PI,20250915,BR002,SKU015256PI,4
REG-20250915-BR002-SKU016128BL,20250915,BR002,SKU016128BL,6
REG-20250915-BR002-SKU016128SI,20250915,BR002,SKU016128SI,8
REG-20250915-BR002-SKU016128PI,20250915,BR002,SKU016128PI,6
REG-20250915-BR002-SKU016256BL,20250915,BR002,SKU016256BL,7
REG-20250915-BR002-SKU016256SI,20250915,BR002,SKU016256SI,6
REG-20250915-BR002-SKU016256PI,20250915,BR002,SKU016256PI,7
REG-20250915-BR002-SKU017128BL,20250915,BR002,SKU017128BL,3
REG-20250915-BR002-SKU017128SI,20250915,BR002,SKU017128SI,10
REG-20250915-BR002-SKU017128PI,20250915,BR002,SKU017128PI,6
REG-20250915-BR002-SKU017256BL,20250915,BR002,SKU017256BL,11
REG-20250915-BR002-SKU017256SI,20250915,BR002,SKU017256SI,5
REG-20250915-BR002-SKU017256PI,20250915,BR002,SKU017256PI,13
REG-20250915-BR003-SKU015128BL,20250915,BR003,SKU015128BL,2
REG-20250915-BR003-SKU015128SI,20250915,BR003,SKU015128SI,5
REG-20250915-BR003-SKU015128PI,20250915,BR003,SKU015128PI,4
REG-20250915-BR003-SKU015256BL,20250915,BR003,SKU015256BL,2
REG-20250915-BR003-SKU015256SI,20250915,BR003,SKU015256SI,2
REG-20250915-BR003-SKU015256PI,20250915,BR003,SKU015256PI,1
REG-20250915-BR003-SKU016128BL,20250915,BR003,SKU016128BL,4
REG-20250915-BR003-SKU016128SI,20250915,BR003,SKU016128SI,5
REG-20250915-BR003-SKU016128PI,20250915,BR003,SKU016128PI,9
REG-20250915-BR003-SKU016256BL,20250915,BR003,SKU016256BL,5
REG-20250915-BR003-SKU016256SI,20250915,BR003,SKU016256SI,1
REG-20250915-BR003-SKU016256PI,20250915,BR003,SKU016256PI,3
REG-20250915-BR003-SKU017128BL,20250915,BR003,SKU017128BL,12
REG-20250915-BR003-SKU017128SI,20250915,BR003,SKU017128SI,7
REG-20250915-BR003-SKU017128PI,20250915,BR003,SKU017128PI,5
REG-20250915-BR003-SKU017256BL,20250915,BR003,SKU017256BL,8
REG-20250915-BR003-SKU017256SI,20250915,BR003,SKU017256SI,14
REG-20250915-BR003-SKU017256PI,20250915,BR003,SKU017256PI,9
REG-20250915-BR004-SKU015128BL,20250915,BR004,SKU015128BL,1
REG-20250915-BR004-SKU015128SI,20250915,BR004,SKU015128SI,5
REG-20250915-BR004-SKU015128PI,20250915,BR004,SKU015128PI,3
REG-20250915-BR004-SKU015256BL,20250915,BR004,SKU015256BL,4
REG-20250915-BR004-SKU015256SI,20250915,BR004,SKU015256SI,1
REG-20250915-BR004-SKU015256PI,20250915,BR004,SKU015256PI,5
REG-20250915-BR004-SKU016128BL,20250915,BR004,SKU016128BL,5
REG-20250915-BR004-SKU016128SI,20250915,BR004,SKU016128SI,6
REG-20250915-BR004-SKU016128PI,20250915,BR004,SKU016128PI,6
REG-20250915-BR004-SKU016256BL,20250915,BR004,SKU016256BL,9
REG-20250915-BR004-SKU016256SI,20250915,BR004,SKU016256SI,3
REG-20250915-BR004-SKU016256PI,20250915,BR004,SKU016256PI,5
REG-20250915-BR004-SKU017128BL,20250915,BR004,SKU017128BL,10
REG-20250915-BR004-SKU017128SI,20250915,BR004,SKU017128SI,5
REG-20250915-BR004-SKU017128PI,20250915,BR004,SKU017128PI,8
REG-20250915-BR004-SKU017256BL,20250915,BR004,SKU017256BL,10
REG-20250915-BR004-SKU017256SI,20250915,BR004,SKU017256SI,10
REG-20250915-BR004-SKU017256PI,20250915,BR004,SKU017256PI,6
REG-20250915-BR005-SKU015128BL,20250915,BR005,SKU015128BL,2
REG-20250915-BR005-SKU015128SI,20250915,BR005,SKU015128SI,6
REG-20250915-BR005-SKU015128PI,20250915,BR005,SKU015128PI,3
REG-20250915-BR005-SKU015256BL,20250915,BR005,SKU015256BL,1
REG-20250915-BR005-SKU015256SI,20250915,BR005,SKU015256SI,1
REG-20250915-BR005-SKU015256PI,20250915,BR005,SKU015256PI,4
REG-20250915-BR005-SKU016128BL,20250915,BR005,SKU016128BL,8
REG-20250915-BR005-SKU016128SI,20250915,BR005,SKU016128SI,6
REG-20250915-BR005-SKU016128PI,20250915,BR005,SKU016128PI,6
REG-20250915-BR005-SKU016256BL,20250915,BR005,SKU016256BL,10
REG-20250915-BR005-SKU016256SI,20250915,BR005,SKU016256SI,4
REG-20250915-BR005-SKU016256PI,20250915,BR005,SKU016256PI,7
REG-20250915-BR005-SKU017128BL,20250915,BR005,SKU017128BL,9
REG-20250915-BR005-SKU017128SI,20250915,BR005,SKU017128SI,9
REG-20250915-BR005-SKU017128PI,20250915,BR005,SKU017128PI,11
REG-20250915-BR005-SKU017256BL,20250915,BR005,SKU017256BL,10
REG-20250915-BR005-SKU017256SI,20250915,BR005,SKU017256SI,8
REG-20250915-BR005-SKU017256PI,20250915,BR005,SKU017256PI,11
REG-20250916-BR001-SKU015128BL,20250916,BR001,SKU015128BL,4
REG-20250916-BR001-SKU015128SI,20250916,BR001,SKU015128SI,3
REG-20250916-BR001-SKU015128PI,20250916,BR001,SKU015128PI,4
REG-20250916-BR001-SKU015256BL,20250916,BR001,SKU015256BL,4
REG-20250916-BR001-SKU015256SI,20250916,BR001,SKU015256SI,2
REG-20250916-BR001-SKU015256PI,20250916,BR001,SKU015256PI,3
REG-20250916-BR001-SKU016128BL,20250916,BR001,SKU016128BL,3
REG-20250916-BR001-SKU016128SI,20250916,BR001,SKU016128SI,7
REG-20250916-BR001-SKU016128PI,20250916,BR001,SKU016128PI,4
REG-20250916-BR001-SKU016256BL,20250916,BR001,SKU016256BL,4
REG-20250916-BR001-SKU016256SI,20250916,BR001,SKU016256SI,7
REG-20250916-BR001-SKU016256PI,20250916,BR001,SKU016256PI,9
REG-20250916-BR001-SKU017128BL,20250916,BR001,SKU017128BL,9
REG-20250916-BR001-SKU017128SI,20250916,BR001,SKU017128SI,14
REG-20250916-BR001-SKU017128PI,20250916,BR001,SKU017128PI,14
REG-20250916-BR001-SKU017256BL,20250916,BR001,SKU017256BL,13
REG-20250916-BR001-SKU017256SI,20250916,BR001,SKU017256SI,13
REG-20250916-BR001-SKU017256PI,20250916,BR001,SKU017256PI,5
REG-20250916-BR002-SKU015128BL,20250916,BR002,SKU015128BL,1
REG-20250916-BR002-SKU015128SI,20250916,BR002,SKU015128SI,2
REG-20250916-BR002-SKU015128PI,20250916,BR002,SKU015128PI,4
REG-20250916-BR002-SKU015256BL,20250916,BR002,SKU015256BL,3
REG-20250916-BR002-SKU015256SI,20250916,BR002,SKU015256SI,4
REG-20250916-BR002-SKU015256PI,20250916,BR002,SKU015256PI,2
REG-20250916-BR002-SKU016128BL,20250916,BR002,SKU016128BL,1
REG-20250916-BR002-SKU016128SI,20250916,BR002,SKU016128SI,4
REG-20250916-BR002-SKU016128PI,20250916,BR002,SKU016128PI,9
REG-20250916-BR002-SKU016256BL,20250916,BR002,SKU016256BL,9
REG-20250916-BR002-SKU016256SI,20250916,BR002,SKU016256SI,10
REG-20250916-BR002-SKU016256PI,20250916,BR002,SKU016256PI,5
REG-20250916-BR002-SKU017128BL,20250916,BR002,SKU017128BL,11
REG-20250916-BR002-SKU017128SI,20250916,BR002,SKU017128SI,14
REG-20250916-BR002-SKU017128PI,20250916,BR002,SKU017128PI,7
REG-20250916-BR002-SKU017256BL,20250916,BR002,SKU017256BL,6
REG-20250916-BR002-SKU017256SI,20250916,BR002,SKU017256SI,6
REG-20250916-BR002-SKU017256PI,20250916,BR002,SKU017256PI,9
REG-20250916-BR003-SKU015128BL,20250916,BR003,SKU015128BL,1
REG-20250916-BR003-SKU015128SI,20250916,BR003,SKU015128SI,3
REG-20250916-BR003-SKU015128PI,20250916,BR003,SKU015128PI,4
REG-20250916-BR003-SKU015256BL,20250916,BR003,SKU015256BL,4
REG-20250916-BR003-SKU015256SI,20250916,BR003,SKU015256SI,4
REG-20250916-BR003-SKU015256PI,20250916,BR003,SKU015256PI,2
REG-20250916-BR003-SKU016128BL,20250916,BR003,SKU016128BL,7
REG-20250916-BR003-SKU016128SI,20250916,BR003,SKU016128SI,3
REG-20250916-BR003-SKU016128PI,20250916,BR003,SKU016128PI,3
REG-20250916-BR003-SKU016256BL,20250916,BR003,SKU016256BL,6
REG-20250916-BR003-SKU016256SI,20250916,BR003,SKU016256SI,3
REG-20250916-BR003-SKU016256PI,20250916,BR003,SKU016256PI,6
REG-20250916-BR003-SKU017128BL,20250916,BR003,SKU017128BL,6
REG-20250916-BR003-SKU017128SI,20250916,BR003,SKU017128SI,9
REG-20250916-BR003-SKU017128PI,20250916,BR003,SKU017128PI,7
REG-20250916-BR003-SKU017256BL,20250916,BR003,SKU017256BL,12
REG-20250916-BR003-SKU017256SI,20250916,BR003,SKU017256SI,9
REG-20250916-BR003-SKU017256PI,20250916,BR003,SKU017256PI,6
REG-20250916-BR004-SKU015128BL,20250916,BR004,SKU015128BL,5
REG-20250916-BR004-SKU015128SI,20250916,BR004,SKU015128SI,3
REG-20250916-BR004-SKU015128PI,20250916,BR004,SKU015128PI,3
REG-20250916-BR004-SKU015256BL,20250916,BR004,SKU015256BL,5
REG-20250916-BR004-SKU015256SI,20250916,BR004,SKU015256SI,1
REG-20250916-BR004-SKU015256PI,20250916,BR004,SKU015256PI,2
REG-20250916-BR004-SKU016128BL,20250916,BR004,SKU016128BL,6
REG-20250916-BR004-SKU016128SI,20250916,BR004,SKU016128SI,5
REG-20250916-BR004-SKU016128PI,20250916,BR004,SKU016128PI,6
REG-20250916-BR004-SKU016256BL,20250916,BR004,SKU016256BL,5
REG-20250916-BR004-SKU016256SI,20250916,BR004,SKU016256SI,5
REG-20250916-BR004-SKU016256PI,20250916,BR004,SKU016256PI,3
REG-20250916-BR004-SKU017128BL,20250916,BR004,SKU017128BL,14
REG-20250916-BR004-SKU017128SI,20250916,BR004,SKU017128SI,12
REG-20250916-BR004-SKU017128PI,20250916,BR004,SKU017128PI,13
REG-20250916-BR004-SKU017256BL,20250916,BR004,SKU017256BL,13
REG-20250916-BR004-SKU017256SI,20250916,BR004,SKU017256SI,6
REG-20250916-BR004-SKU017256PI,20250916,BR004,SKU017256PI,11
REG-20250916-BR005-SKU015128BL,20250916,BR005,SKU015128BL,2
REG-20250916-BR005-SKU015128SI,20250916,BR005,SKU015128SI,1
REG-20250916-BR005-SKU015128PI,20250916,BR005,SKU015128PI,1
REG-20250916-BR005-SKU015256BL,20250916,BR005,SKU015256BL,2
REG-20250916-BR005-SKU015256SI,20250916,BR005,SKU015256SI,1
REG-20250916-BR005-SKU015256PI,20250916,BR005,SKU015256PI,2
REG-20250916-BR005-SKU016128BL,20250916,BR005,SKU016128BL,8
REG-20250916-BR005-SKU016128SI,20250916,BR005,SKU016128SI,8
REG-20250916-BR005-SKU016128PI,20250916,BR005,SKU016128PI,6
REG-20250916-BR005-SKU016256BL,20250916,BR005,SKU016256BL,7
REG-20250916-BR005-SKU016256SI,20250916,BR005,SKU016256SI,5
REG-20250916-BR005-SKU016256PI,20250916,BR005,SKU016256PI,10
REG-20250916-BR005-SKU017128BL,20250916,BR005,SKU017128BL,9
REG-20250916-BR005-SKU017128SI,20250916,BR005,SKU017128SI,8
REG-20250916-BR005-SKU017128PI,20250916,BR005,SKU017128PI,8
REG-20250916-BR005-SKU017256BL,20250916,BR005,SKU017256BL,7
REG-20250916-BR005-SKU017256SI,20250916,BR005,SKU017256SI,14
REG-20250916-BR005-SKU017256PI,20250916,BR005,SKU017256PI,5
REG-20250917-BR001-SKU015128BL,20250917,BR001,SKU015128BL,2
REG-20250917-BR001-SKU015128SI,20250917,BR001,SKU015128SI,1
REG-20250917-BR001-SKU015128PI,20250917,BR001,SKU015128PI,6
REG-20250917-BR001-SKU015256BL,20250917,BR001,SKU015256BL,5
REG-20250917-BR001-SKU015256SI,20250917,BR001,SKU015256SI,5
REG-20250917-BR001-SKU015256PI,20250917,BR001,SKU015256PI,5
REG-20250917-BR001-SKU016128BL,20250917,BR001,SKU016128BL,2
REG-20250917-BR001-SKU016128SI,20250917,BR001,SKU016128SI,5
REG-20250917-BR001-SKU016128PI,20250917,BR001,SKU016128PI,4
REG-20250917-BR001-SKU016256BL,20250917,BR001,SKU016256BL,3
REG-20250917-BR001-SKU016256SI,20250917,BR001,SKU016256SI,6
REG-20250917-BR001-SKU016256PI,20250917,BR001,SKU016256PI,4
REG-20250917-BR001-SKU017128BL,20250917,BR001,SKU017128BL,14
REG-20250917-BR001-SKU017128SI,20250917,BR001,SKU017128SI,14
REG-20250917-BR001-SKU017128PI,20250917,BR001,SKU017128PI,8
REG-20250917-BR001-SKU017256BL,20250917,BR001,SKU017256BL,6
REG-20250917-BR001-SKU017256SI,20250917,BR001,SKU017256SI,12
REG-20250917-BR001-SKU017256PI,20250917,BR001,SKU017256PI,6
REG-20250917-BR002-SKU015128BL,20250917,BR002,SKU015128BL,3
REG-20250917-BR002-SKU015128SI,20250917,BR002,SKU015128SI,1
REG-20250917-BR002-SKU015128PI,20250917,BR002,SKU015128PI,1
REG-20250917-BR002-SKU015256BL,20250917,BR002,SKU015256BL,4
REG-20250917-BR002-SKU015256SI,20250917,BR002,SKU015256SI,1
REG-20250917-BR002-SKU015256PI,20250917,BR002,SKU015256PI,2
REG-20250917-BR002-SKU016128BL,20250917,BR002,SKU016128BL,3
REG-20250917-BR002-SKU016128SI,20250917,BR002,SKU016128SI,10
REG-20250917-BR002-SKU016128PI,20250917,BR002,SKU016128PI,8
REG-20250917-BR002-SKU016256BL,20250917,BR002,SKU016256BL,10
REG-20250917-BR002-SKU016256SI,20250917,BR002,SKU016256SI,9
REG-20250917-BR002-SKU016256PI,20250917,BR002,SKU016256PI,6
REG-20250917-BR002-SKU017128BL,20250917,BR002,SKU017128BL,6
REG-20250917-BR002-SKU017128SI,20250917,BR002,SKU017128SI,6
REG-20250917-BR002-SKU017128PI,20250917,BR002,SKU017128PI,12
REG-20250917-BR002-SKU017256BL,20250917,BR002,SKU017256BL,11
REG-20250917-BR002-SKU017256SI,20250917,BR002,SKU017256SI,7
REG-20250917-BR002-SKU017256PI,20250917,BR002,SKU017256PI,9
REG-20250917-BR003-SKU015128BL,20250917,BR003,SKU015128BL,5
REG-20250917-BR003-SKU015128SI,20250917,BR003,SKU015128SI,1
REG-20250917-BR003-SKU015128PI,20250917,BR003,SKU015128PI,2
REG-20250917-BR003-SKU015256BL,20250917,BR003,SKU015256BL,2
REG-20250917-BR003-SKU015256SI,20250917,BR003,SKU015256SI,1
REG-20250917-BR003-SKU015256PI,20250917,BR003,SKU015256PI,2
REG-20250917-BR003-SKU016128BL,20250917,BR003,SKU016128BL,5
REG-20250917-BR003-SKU016128SI,20250917,BR003,SKU016128SI,5
REG-20250917-BR003-SKU016128PI,20250917,BR003,SKU016128PI,7
REG-20250917-BR003-SKU016256BL,20250917,BR003,SKU016256BL,9
REG-20250917-BR003-SKU016256SI,20250917,BR003,SKU016256SI,7
REG-20250917-BR003-SKU016256PI,20250917,BR003,SKU016256PI,1
REG-20250917-BR003-SKU017128BL,20250917,BR003,SKU017128BL,13
REG-20250917-BR003-SKU017128SI,20250917,BR003,SKU017128SI,9
REG-20250917-BR003-SKU017128PI,20250917,BR003,SKU017128PI,13
REG-20250917-BR003-SKU017256BL,20250917,BR003,SKU017256BL,12
REG-20250917-BR003-SKU017256SI,20250917,BR003,SKU017256SI,3
REG-20250917-BR003-SKU017256PI,20250917,BR003,SKU017256PI,12
REG-20250917-BR004-SKU015128BL,20250917,BR004,SKU015128BL,3
REG-20250917-BR004-SKU015128SI,20250917,BR004,SKU015128SI,3
REG-20250917-BR004-SKU015128PI,20250917,BR004,SKU015128PI,3
REG-20250917-BR004-SKU015256BL,20250917,BR004,SKU015256BL,4
REG-20250917-BR004-SKU015256SI,20250917,BR004,SKU015256SI,3
REG-20250917-BR004-SKU015256PI,20250917,BR004,SKU015256PI,5
REG-20250917-BR004-SKU016128BL,20250917,BR004,SKU016128BL,6
REG-20250917-BR004-SKU016128SI,20250917,BR004,SKU016128SI,8
REG-20250917-BR004-SKU016128PI,20250917,BR004,SKU016128PI,3
REG-20250917-BR004-SKU016256BL,20250917,BR004,SKU016256BL,1
REG-20250917-BR004-SKU016256SI,20250917,BR004,SKU016256SI,9
REG-20250917-BR004-SKU016256PI,20250917,BR004,SKU016256PI,1
REG-20250917-BR004-SKU017128BL,20250917,BR004,SKU017128BL,8
REG-20250917-BR004-SKU017128SI,20250917,BR004,SKU017128SI,10
REG-20250917-BR004-SKU017128PI,20250917,BR004,SKU017128PI,10
REG-20250917-BR004-SKU017256BL,20250917,BR004,SKU017256BL,7
REG-20250917-BR004-SKU017256SI,20250917,BR004,SKU017256SI,7
REG-20250917-BR004-SKU017256PI,20250917,BR004,SKU017256PI,6
REG-20250917-BR005-SKU015128BL,20250917,BR005,SKU015128BL,1
REG-20250917-BR005-SKU015128SI,20250917,BR005,SKU015128SI,2
REG-20250917-BR005-SKU015128PI,20250917,BR005,SKU015128PI,2
REG-20250917-BR005-SKU015256BL,20250917,BR005,SKU015256BL,2
REG-20250917-BR005-SKU015256SI,20250917,BR005,SKU015256SI,2
REG-20250917-BR005-SKU015256PI,20250917,BR005,SKU015256PI,1
REG-20250917-BR005-SKU016128BL,20250917,BR005,SKU016128BL,5
REG-20250917-BR005-SKU016128SI,20250917,BR005,SKU016128SI,2
REG-20250917-BR005-SKU016128PI,20250917,BR005,SKU016128PI,6
REG-20250917-BR005-SKU016256BL,20250917,BR005,SKU016256BL,8
REG-20250917-BR005-SKU016256SI,20250917,BR005,SKU016256SI,1
REG-20250917-BR005-SKU016256PI,20250917,BR005,SKU016256PI,8
REG-20250917-BR005-SKU017128BL,20250917,BR005,SKU017128BL,7
REG-20250917-BR005-SKU017128SI,20250917,BR005,SKU017128SI,8
REG-20250917-BR005-SKU017128PI,20250917,BR005,SKU017128PI,5
REG-20250917-BR005-SKU017256BL,20250917,BR005,SKU017256BL,9
REG-20250917-BR005-SKU017256SI,20250917,BR005,SKU017256SI,4
REG-20250917-BR005-SKU017256PI,20250917,BR005,SKU017256PI,10
REG-20250918-BR001-SKU015128BL,20250918,BR001,SKU015128BL,2
REG-20250918-BR001-SKU015128SI,20250918,BR001,SKU015128SI,3
REG-20250918-BR001-SKU015128PI,20250918,BR001,SKU015128PI,1
REG-20250918-BR001-SKU015256BL,20250918,BR001,SKU015256BL,3
REG-20250918-BR001-SKU015256SI,20250918,BR001,SKU015256SI,3
REG-20250918-BR001-SKU015256PI,20250918,BR001,SKU015256PI,2
REG-20250918-BR001-SKU016128BL,20250918,BR001,SKU016128BL,7
REG-20250918-BR001-SKU016128SI,20250918,BR001,SKU016128SI,8
REG-20250918-BR001-SKU016128PI,20250918,BR001,SKU016128PI,9
REG-20250918-BR001-SKU016256BL,20250918,BR001,SKU016256BL,2
REG-20250918-BR001-SKU016256SI,20250918,BR001,SKU016256SI,2
REG-20250918-BR001-SKU016256PI,20250918,BR001,SKU016256PI,5
REG-20250918-BR001-SKU017128BL,20250918,BR001,SKU017128BL,11
REG-20250918-BR001-SKU017128SI,20250918,BR001,SKU017128SI,11
REG-20250918-BR001-SKU017128PI,20250918,BR001,SKU017128PI,6
REG-20250918-BR001-SKU017256BL,20250918,BR001,SKU017256BL,7
REG-20250918-BR001-SKU017256SI,20250918,BR001,SKU017256SI,10
REG-20250918-BR001-SKU017256PI,20250918,BR001,SKU017256PI,7
REG-20250918-BR002-SKU015128BL,20250918,BR002,SKU015128BL,2
REG-20250918-BR002-SKU015128SI,20250918,BR002,SKU015128SI,3
REG-20250918-BR002-SKU015128PI,20250918,BR002,SKU015128PI,1
REG-20250918-BR002-SKU015256BL,20250918,BR002,SKU015256BL,3
REG-20250918-BR002-SKU015256SI,20250918,BR002,SKU015256SI,2
REG-20250918-BR002-SKU015256PI,20250918,BR002,SKU015256PI,3
REG-20250918-BR002-SKU016128BL,20250918,BR002,SKU016128BL,10
REG-20250918-BR002-SKU016128SI,20250918,BR002,SKU016128SI,5
REG-20250918-BR002-SKU016128PI,20250918,BR002,SKU016128PI,3
REG-20250918-BR002-SKU016256BL,20250918,BR002,SKU016256BL,4
REG-20250918-BR002-SKU016256SI,20250918,BR002,SKU016256SI,8
REG-20250918-BR002-SKU016256PI,20250918,BR002,SKU016256PI,6
REG-20250918-BR002-SKU017128BL,20250918,BR002,SKU017128BL,8
REG-20250918-BR002-SKU017128SI,20250918,BR002,SKU017128SI,4
REG-20250918-BR002-SKU017128PI,20250918,BR002,SKU017128PI,4
REG-20250918-BR002-SKU017256BL,20250918,BR002,SKU017256BL,8
REG-20250918-BR002-SKU017256SI,20250918,BR002,SKU017256SI,3
REG-20250918-BR002-SKU017256PI,20250918,BR002,SKU017256PI,13
REG-20250918-BR003-SKU015128BL,20250918,BR003,SKU015128BL,5
REG-20250918-BR003-SKU015128SI,20250918,BR003,SKU015128SI,5
REG-20250918-BR003-SKU015128PI,20250918,BR003,SKU015128PI,2
REG-20250918-BR003-SKU015256BL,20250918,BR003,SKU015256BL,2
REG-20250918-BR003-SKU015256SI,20250918,BR003,SKU015256SI,1
REG-20250918-BR003-SKU015256PI,20250918,BR003,SKU015256PI,3
REG-20250918-BR003-SKU016128BL,20250918,BR003,SKU016128BL,3
REG-20250918-BR003-SKU016128SI,20250918,BR003,SKU016128SI,7
REG-20250918-BR003-SKU016128PI,20250918,BR003,SKU016128PI,8
REG-20250918-BR003-SKU016256BL,20250918,BR003,SKU016256BL,6
REG-20250918-BR003-SKU016256SI,20250918,BR003,SKU016256SI,6
REG-20250918-BR003-SKU016256PI,20250918,BR003,SKU016256PI,7
REG-20250918-BR003-SKU017128BL,20250918,BR003,SKU017128BL,4
REG-20250918-BR003-SKU017128SI,20250918,BR003,SKU017128SI,7
REG-20250918-BR003-SKU017128PI,20250918,BR003,SKU017128PI,7
REG-20250918-BR003-SKU017256BL,20250918,BR003,SKU017256BL,5
REG-20250918-BR003-SKU017256SI,20250918,BR003,SKU017256SI,5
REG-20250918-BR003-SKU017256PI,20250918,BR003,SKU017256PI,4
REG-20250918-BR004-SKU015128BL,20250918,BR004,SKU015128BL,1
REG-20250918-BR004-SKU015128SI,20250918,BR004,SKU015128SI,4
REG-20250918-BR004-SKU015128PI,20250918,BR004,SKU015128PI,2
REG-20250918-BR004-SKU015256BL,20250918,BR004,SKU015256BL,2
REG-20250918-BR004-SKU015256SI,20250918,BR004,SKU015256SI,1
REG-20250918-BR004-SKU015256PI,20250918,BR004,SKU015256PI,1
REG-20250918-BR004-SKU016128BL,20250918,BR004,SKU016128BL,6
REG-20250918-BR004-SKU016128SI,20250918,BR004,SKU016128SI,5
REG-20250918-BR004-SKU016128PI,20250918,BR004,SKU016128PI,7
REG-20250918-BR004-SKU016256BL,20250918,BR004,SKU016256BL,6
REG-20250918-BR004-SKU016256SI,20250918,BR004,SKU016256SI,7
REG-20250918-BR004-SKU016256PI,20250918,BR004,SKU016256PI,7
REG-20250918-BR004-SKU017128BL,20250918,BR004,SKU017128BL,6
REG-20250918-BR004-SKU017128SI,20250918,BR004,SKU017128SI,7
REG-20250918-BR004-SKU017128PI,20250918,BR004,SKU017128PI,7
REG-20250918-BR004-SKU017256BL,20250918,BR004,SKU017256BL,8
REG-20250918-BR004-SKU017256SI,20250918,BR004,SKU017256SI,5
REG-20250918-BR004-SKU017256PI,20250918,BR004,SKU017256PI,3
REG-20250918-BR005-SKU015128BL,20250918,BR005,SKU015128BL,1
REG-20250918-BR005-SKU015128SI,20250918,BR005,SKU015128SI,2
REG-20250918-BR005-SKU015128PI,20250918,BR005,SKU015128PI,4
REG-20250918-BR005-SKU015256BL,20250918,BR005,SKU015256BL,1
REG-20250918-BR005-SKU015256SI,20250918,BR005,SKU015256SI,3
REG-20250918-BR005-SKU015256PI,20250918,BR005,SKU015256PI,3
REG-20250918-BR005-SKU016128BL,20250918,BR005,SKU016128BL,4
REG-20250918-BR005-SKU016128SI,20250918,BR005,SKU016128SI,6
REG-20250918-BR005-SKU016128PI,20250918,BR005,SKU016128PI,3
REG-20250918-BR005-SKU016256BL,20250918,BR005,SKU016256BL,7
REG-20250918-BR005-SKU016256SI,20250918,BR005,SKU016256SI,5
REG-20250918-BR005-SKU016256PI,20250918,BR005,SKU016256PI,6
REG-20250918-BR005-SKU017128BL,20250918,BR005,SKU017128BL,6
REG-20250918-BR005-SKU017128SI,20250918,BR005,SKU017128SI,6
REG-20250918-BR005-SKU017128PI,20250918,BR005,SKU017128PI,7
REG-20250918-BR005-SKU017256BL,20250918,BR005,SKU017256BL,9
REG-20250918-BR005-SKU017256SI,20250918,BR005,SKU017256SI,8
REG-20250918-BR005-SKU017256PI,20250918,BR005,SKU017256PI,10
REG-20250919-BR001-SKU015128BL,20250919,BR001,SKU015128BL,2
REG-20250919-BR001-SKU015128SI,20250919,BR001,SKU015128SI,5
REG-20250919-BR001-SKU015128PI,20250919,BR001,SKU015128PI,5
REG-20250919-BR001-SKU015256BL,20250919,BR001,SKU015256BL,3
REG-20250919-BR001-SKU015256SI,20250919,BR001,SKU015256SI,5
REG-20250919-BR001-SKU015256PI,20250919,BR001,SKU015256PI,3
REG-20250919-BR001-SKU016128BL,20250919,BR001,SKU016128BL,10
REG-20250919-BR001-SKU016128SI,20250919,BR001,SKU016128SI,3
REG-20250919-BR001-SKU016128PI,20250919,BR001,SKU016128PI,4
REG-20250919-BR001-SKU016256BL,20250919,BR001,SKU016256BL,2
REG-20250919-BR001-SKU016256SI,20250919,BR001,SKU016256SI,7
REG-20250919-BR001-SKU016256PI,20250919,BR001,SKU016256PI,6
REG-20250919-BR001-SKU017128BL,20250919,BR001,SKU017128BL,8
REG-20250919-BR001-SKU017128SI,20250919,BR001,SKU017128SI,11
REG-20250919-BR001-SKU017128PI,20250919,BR001,SKU017128PI,5
REG-20250919-BR001-SKU017256BL,20250919,BR001,SKU017256BL,9
REG-20250919-BR001-SKU017256SI,20250919,BR001,SKU017256SI,10
REG-20250919-BR001-SKU017256PI,20250919,BR001,SKU017256PI,7
REG-20250919-BR002-SKU015128BL,20250919,BR002,SKU015128BL,1
REG-20250919-BR002-SKU015128SI,20250919,BR002,SKU015128SI,4
REG-20250919-BR002-SKU015128PI,20250919,BR002,SKU015128PI,4
REG-20250919-BR002-SKU015256BL,20250919,BR002,SKU015256BL,2
REG-20250919-BR002-SKU015256SI,20250919,BR002,SKU015256SI,3
REG-20250919-BR002-SKU015256PI,20250919,BR002,SKU015256PI,3
REG-20250919-BR002-SKU016128BL,20250919,BR002,SKU016128BL,5
REG-20250919-BR002-SKU016128SI,20250919,BR002,SKU016128SI,5
REG-20250919-BR002-SKU016128PI,20250919,BR002,SKU016128PI,5
REG-20250919-BR002-SKU016256BL,20250919,BR002,SKU016256BL,4
REG-20250919-BR002-SKU016256SI,20250919,BR002,SKU016256SI,5
REG-20250919-BR002-SKU016256PI,20250919,BR002,SKU016256PI,6
REG-20250919-BR002-SKU017128BL,20250919,BR002,SKU017128BL,11
REG-20250919-BR002-SKU017128SI,20250919,BR002,SKU017128SI,8
REG-20250919-BR002-SKU017128PI,20250919,BR002,SKU017128PI,5
REG-20250919-BR002-SKU017256BL,20250919,BR002,SKU017256BL,9
REG-20250919-BR002-SKU017256SI,20250919,BR002,SKU017256SI,5
REG-20250919-BR002-SKU017256PI,20250919,BR002,SKU017256PI,5
REG-20250919-BR003-SKU015128BL,20250919,BR003,SKU015128BL,5
REG-20250919-BR003-SKU015128SI,20250919,BR003,SKU015128SI,4
REG-20250919-BR003-SKU015128PI,20250919,BR003,SKU015128PI,3
REG-20250919-BR003-SKU015256BL,20250919,BR003,SKU015256BL,2
REG-20250919-BR003-SKU015256SI,20250919,BR003,SKU015256SI,4
REG-20250919-BR003-SKU015256PI,20250919,BR003,SKU015256PI,4
REG-20250919-BR003-SKU016128BL,20250919,BR003,SKU016128BL,1
REG-20250919-BR003-SKU016128SI,20250919,BR003,SKU016128SI,4
REG-20250919-BR003-SKU016128PI,20250919,BR003,SKU016128PI,10
REG-20250919-BR003-SKU016256BL,20250919,BR003,SKU016256BL,2
REG-20250919-BR003-SKU016256SI,20250919,BR003,SKU016256SI,4
REG-20250919-BR003-SKU016256PI,20250919,BR003,SKU016256PI,2
REG-20250919-BR003-SKU017128BL,20250919,BR003,SKU017128BL,11
REG-20250919-BR003-SKU017128SI,20250919,BR003,SKU017128SI,5
REG-20250919-BR003-SKU017128PI,20250919,BR003,SKU017128PI,8
REG-20250919-BR003-SKU017256BL,20250919,BR003,SKU017256BL,6
REG-20250919-BR003-SKU017256SI,20250919,BR003,SKU017256SI,14
REG-20250919-BR003-SKU017256PI,20250919,BR003,SKU017256PI,6
REG-20250919-BR004-SKU015128BL,20250919,BR004,SKU015128BL,2
REG-20250919-BR004-SKU015128SI,20250919,BR004,SKU015128SI,1
REG-20250919-BR004-SKU015128PI,20250919,BR004,SKU015128PI,1
REG-20250919-BR004-SKU015256BL,20250919,BR004,SKU015256BL,1
REG-20250919-BR004-SKU015256SI,20250919,BR004,SKU015256SI,3
REG-20250919-BR004-SKU015256PI,20250919,BR004,SKU015256PI,1
REG-20250919-BR004-SKU016128BL,20250919,BR004,SKU016128BL,9
REG-20250919-BR004-SKU016128SI,20250919,BR004,SKU016128SI,3
REG-20250919-BR004-SKU016128PI,20250919,BR004,SKU016128PI,1
REG-20250919-BR004-SKU016256BL,20250919,BR004,SKU016256BL,5
REG-20250919-BR004-SKU016256SI,20250919,BR004,SKU016256SI,2
REG-20250919-BR004-SKU016256PI,20250919,BR004,SKU016256PI,3
REG-20250919-BR004-SKU017128BL,20250919,BR004,SKU017128BL,6
REG-20250919-BR004-SKU017128SI,20250919,BR004,SKU017128SI,4
REG-20250919-BR004-SKU017128PI,20250919,BR004,SKU017128PI,12
REG-20250919-BR004-SKU017256BL,20250919,BR004,SKU017256BL,10
REG-20250919-BR004-SKU017256SI,20250919,BR004,SKU017256SI,12
REG-20250919-BR004-SKU017256PI,20250919,BR004,SKU017256PI,7
REG-20250919-BR005-SKU015128BL,20250919,BR005,SKU015128BL,1
REG-20250919-BR005-SKU015128SI,20250919,BR005,SKU015128SI,3
REG-20250919-BR005-SKU015128PI,20250919,BR005,SKU015128PI,3
REG-20250919-BR005-SKU015256BL,20250919,BR005,SKU015256BL,3
REG-20250919-BR005-SKU015256SI,20250919,BR005,SKU015256SI,2
REG-20250919-BR005-SKU015256PI,20250919,BR005,SKU015256PI,5
REG-20250919-BR005-SKU016128BL,20250919,BR005,SKU016128BL,8
REG-20250919-BR005-SKU016128SI,20250919,BR005,SKU016128SI,1
REG-20250919-BR005-SKU016128PI,20250919,BR005,SKU016128PI,6
REG-20250919-BR005-SKU016256BL,20250919,BR005,SKU016256BL,5
REG-20250919-BR005-SKU016256SI,20250919,BR005,SKU016256SI,6
REG-20250919-BR005-SKU016256PI,20250919,BR005,SKU016256PI,6
REG-20250919-BR005-SKU017128BL,20250919,BR005,SKU017128BL,6
REG-20250919-BR005-SKU017128SI,20250919,BR005,SKU017128SI,11
REG-20250919-BR005-SKU017128PI,20250919,BR005,SKU017128PI,12
REG-20250919-BR005-SKU017256BL,20250919,BR005,SKU017256BL,11
REG-20250919-BR005-SKU017256SI,20250919,BR005,SKU017256SI,8
REG-20250919-BR005-SKU017256PI,20250919,BR005,SKU017256PI,5
REG-20250920-BR001-SKU015128BL,20250920,BR001,SKU015128BL,1
REG-20250920-BR001-SKU015128SI,20250920,BR001,SKU015128SI,1
REG-20250920-BR001-SKU015128PI,20250920,BR001,SKU015128PI,6
REG-20250920-BR001-SKU015256BL,20250920,BR001,SKU015256BL,5
REG-20250920-BR001-SKU015256SI,20250920,BR001,SKU015256SI,1
REG-20250920-BR001-SKU015256PI,20250920,BR001,SKU015256PI,1
REG-20250920-BR001-SKU016128BL,20250920,BR001,SKU016128BL,7
REG-20250920-BR001-SKU016128SI,20250920,BR001,SKU016128SI,7
REG-20250920-BR001-SKU016128PI,20250920,BR001,SKU016128PI,6
REG-20250920-BR001-SKU016256BL,20250920,BR001,SKU016256BL,6
REG-20250920-BR001-SKU016256SI,20250920,BR001,SKU016256SI,6
REG-20250920-BR001-SKU016256PI,20250920,BR001,SKU016256PI,3
REG-20250920-BR001-SKU017128BL,20250920,BR001,SKU017128BL,10
REG-20250920-BR001-SKU017128SI,20250920,BR001,SKU017128SI,10
REG-20250920-BR001-SKU017128PI,20250920,BR001,SKU017128PI,5
REG-20250920-BR001-SKU017256BL,20250920,BR001,SKU017256BL,9
REG-20250920-BR001-SKU017256SI,20250920,BR001,SKU017256SI,9
REG-20250920-BR001-SKU017256PI,20250920,BR001,SKU017256PI,8
REG-20250920-BR002-SKU015128BL,20250920,BR002,SKU015128BL,2
REG-20250920-BR002-SKU015128SI,20250920,BR002,SKU015128SI,1
REG-20250920-BR002-SKU015128PI,20250920,BR002,SKU015128PI,4
REG-20250920-BR002-SKU015256BL,20250920,BR002,SKU015256BL,1
REG-20250920-BR002-SKU015256SI,20250920,BR002,SKU015256SI,2
REG-20250920-BR002-SKU015256PI,20250920,BR002,SKU015256PI,5
REG-20250920-BR002-SKU016128BL,20250920,BR002,SKU016128BL,3
REG-20250920-BR002-SKU016128SI,20250920,BR002,SKU016128SI,4
REG-20250920-BR002-SKU016128PI,20250920,BR002,SKU016128PI,3
REG-20250920-BR002-SKU016256BL,20250920,BR002,SKU016256BL,2
REG-20250920-BR002-SKU016256SI,20250920,BR002,SKU016256SI,6
REG-20250920-BR002-SKU016256PI,20250920,BR002,SKU016256PI,5
REG-20250920-BR002-SKU017128BL,20250920,BR002,SKU017128BL,8
REG-20250920-BR002-SKU017128SI,20250920,BR002,SKU017128SI,11
REG-20250920-BR002-SKU017128PI,20250920,BR002,SKU017128PI,6
REG-20250920-BR002-SKU017256BL,20250920,BR002,SKU017256BL,9
REG-20250920-BR002-SKU017256SI,20250920,BR002,SKU017256SI,6
REG-20250920-BR002-SKU017256PI,20250920,BR002,SKU017256PI,12
REG-20250920-BR003-SKU015128BL,20250920,BR003,SKU015128BL,2
REG-20250920-BR003-SKU015128SI,20250920,BR003,SKU015128SI,2
REG-20250920-BR003-SKU015128PI,20250920,BR003,SKU015128PI,3
REG-20250920-BR003-SKU015256BL,20250920,BR003,SKU015256BL,3
REG-20250920-BR003-SKU015256SI,20250920,BR003,SKU015256SI,1
REG-20250920-BR003-SKU015256PI,20250920,BR003,SKU015256PI,3
REG-20250920-BR003-SKU016128BL,20250920,BR003,SKU016128BL,8
REG-20250920-BR003-SKU016128SI,20250920,BR003,SKU016128SI,2
REG-20250920-BR003-SKU016128PI,20250920,BR003,SKU016128PI,7
REG-20250920-BR003-SKU016256BL,20250920,BR003,SKU016256BL,6
REG-20250920-BR003-SKU016256SI,20250920,BR003,SKU016256SI,10
REG-20250920-BR003-SKU016256PI,20250920,BR003,SKU016256PI,4
REG-20250920-BR003-SKU017128BL,20250920,BR003,SKU017128BL,7
REG-20250920-BR003-SKU017128SI,20250920,BR003,SKU017128SI,5
REG-20250920-BR003-SKU017128PI,20250920,BR003,SKU017128PI,10
REG-20250920-BR003-SKU017256BL,20250920,BR003,SKU017256BL,5
REG-20250920-BR003-SKU017256SI,20250920,BR003,SKU017256SI,11
REG-20250920-BR003-SKU017256PI,20250920,BR003,SKU017256PI,5
REG-20250920-BR004-SKU015128BL,20250920,BR004,SKU015128BL,1
REG-20250920-BR004-SKU015128SI,20250920,BR004,SKU015128SI,1
REG-20250920-BR004-SKU015128PI,20250920,BR004,SKU015128PI,1
REG-20250920-BR004-SKU015256BL,20250920,BR004,SKU015256BL,1
REG-20250920-BR004-SKU015256SI,20250920,BR004,SKU015256SI,5
REG-20250920-BR004-SKU015256PI,20250920,BR004,SKU015256PI,3
REG-20250920-BR004-SKU016128BL,20250920,BR004,SKU016128BL,7
REG-20250920-BR004-SKU016128SI,20250920,BR004,SKU016128SI,6
REG-20250920-BR004-SKU016128PI,20250920,BR004,SKU016128PI,8
REG-20250920-BR004-SKU016256BL,20250920,BR004,SKU016256BL,4
REG-20250920-BR004-SKU016256SI,20250920,BR004,SKU016256SI,6
REG-20250920-BR004-SKU016256PI,20250920,BR004,SKU016256PI,5
REG-20250920-BR004-SKU017128BL,20250920,BR004,SKU017128BL,4
REG-20250920-BR004-SKU017128SI,20250920,BR004,SKU017128SI,7
REG-20250920-BR004-SKU017128PI,20250920,BR004,SKU017128PI,10
REG-20250920-BR004-SKU017256BL,20250920,BR004,SKU017256BL,4
REG-20250920-BR004-SKU017256SI,20250920,BR004,SKU017256SI,9
REG-20250920-BR004-SKU017256PI,20250920,BR004,SKU017256PI,10
REG-20250920-BR005-SKU015128BL,20250920,BR005,SKU015128BL,3
REG-20250920-BR005-SKU015128SI,20250920,BR005,SKU015128SI,1
REG-20250920-BR005-SKU015128PI,20250920,BR005,SKU015128PI,2
REG-20250920-BR005-SKU015256BL,20250920,BR005,SKU015256BL,3
REG-20250920-BR005-SKU015256SI,20250920,BR005,SKU015256SI,3
REG-20250920-BR005-SKU015256PI,20250920,BR005,SKU015256PI,1
REG-20250920-BR005-SKU016128BL,20250920,BR005,SKU016128BL,4
REG-20250920-BR005-SKU016128SI,20250920,BR005,SKU016128SI,5
REG-20250920-BR005-SKU016128PI,20250920,BR005,SKU016128PI,10
REG-20250920-BR005-SKU016256BL,20250920,BR005,SKU016256BL,10
REG-20250920-BR005-SKU016256SI,20250920,BR005,SKU016256SI,5
REG-20250920-BR005-SKU016256PI,20250920,BR005,SKU016256PI,4
REG-20250920-BR005-SKU017128BL,20250920,BR005,SKU017128BL,4
REG-20250920-BR005-SKU017128SI,20250920,BR005,SKU017128SI,13
REG-20250920-BR005-SKU017128PI,20250920,BR005,SKU017128PI,11
REG-20250920-BR005-SKU017256BL,20250920,BR005,SKU017256BL,5
REG-20250920-BR005-SKU017256SI,20250920,BR005,SKU017256SI,6
REG-20250920-BR005-SKU017256PI,20250920,BR005,SKU017256PI,6
REG-20250921-BR001-SKU015128BL,20250921,BR001,SKU015128BL,3
REG-20250921-BR001-SKU015128SI,20250921,BR001,SKU015128SI,1
REG-20250921-BR001-SKU015128PI,20250921,BR001,SKU015128PI,1
REG-20250921-BR001-SKU015256BL,20250921,BR001,SKU015256BL,1
REG-20250921-BR001-SKU015256SI,20250921,BR001,SKU015256SI,2
REG-20250921-BR001-SKU015256PI,20250921,BR001,SKU015256PI,4
REG-20250921-BR001-SKU016128BL,20250921,BR001,SKU016128BL,7
REG-20250921-BR001-SKU016128SI,20250921,BR001,SKU016128SI,8
REG-20250921-BR001-SKU016128PI,20250921,BR001,SKU016128PI,5
REG-20250921-BR001-SKU016256BL,20250921,BR001,SKU016256BL,5
REG-20250921-BR001-SKU016256SI,20250921,BR001,SKU016256SI,6
REG-20250921-BR001-SKU016256PI,20250921,BR001,SKU016256PI,4
REG-20250921-BR001-SKU017128BL,20250921,BR001,SKU017128BL,10
REG-20250921-BR001-SKU017128SI,20250921,BR001,SKU017128SI,10
REG-20250921-BR001-SKU017128PI,20250921,BR001,SKU017128PI,12
REG-20250921-BR001-SKU017256BL,20250921,BR001,SKU017256BL,8
REG-20250921-BR001-SKU017256SI,20250921,BR001,SKU017256SI,4
REG-20250921-BR001-SKU017256PI,20250921,BR001,SKU017256PI,4
REG-20250921-BR002-SKU015128BL,20250921,BR002,SKU015128BL,5
REG-20250921-BR002-SKU015128SI,20250921,BR002,SKU015128SI,6
REG-20250921-BR002-SKU015128PI,20250921,BR002,SKU015128PI,4
REG-20250921-BR002-SKU015256BL,20250921,BR002,SKU015256BL,2
REG-20250921-BR002-SKU015256SI,20250921,BR002,SKU015256SI,6
REG-20250921-BR002-SKU015256PI,20250921,BR002,SKU015256PI,6
REG-20250921-BR002-SKU016128BL,20250921,BR002,SKU016128BL,5
REG-20250921-BR002-SKU016128SI,20250921,BR002,SKU016128SI,3
REG-20250921-BR002-SKU016128PI,20250921,BR002,SKU016128PI,4
REG-20250921-BR002-SKU016256BL,20250921,BR002,SKU016256BL,9
REG-20250921-BR002-SKU016256SI,20250921,BR002,SKU016256SI,9
REG-20250921-BR002-SKU016256PI,20250921,BR002,SKU016256PI,10
REG-20250921-BR002-SKU017128BL,20250921,BR002,SKU017128BL,5
REG-20250921-BR002-SKU017128SI,20250921,BR002,SKU017128SI,11
REG-20250921-BR002-SKU017128PI,20250921,BR002,SKU017128PI,6
REG-20250921-BR002-SKU017256BL,20250921,BR002,SKU017256BL,7
REG-20250921-BR002-SKU017256SI,20250921,BR002,SKU017256SI,6
REG-20250921-BR002-SKU017256PI,20250921,BR002,SKU017256PI,7
REG-20250921-BR003-SKU015128BL,20250921,BR003,SKU015128BL,1
REG-20250921-BR003-SKU015128SI,20250921,BR003,SKU015128SI,3
REG-20250921-BR003-SKU015128PI,20250921,BR003,SKU015128PI,1
REG-20250921-BR003-SKU015256BL,20250921,BR003,SKU015256BL,6
REG-20250921-BR003-SKU015256SI,20250921,BR003,SKU015256SI,6
REG-20250921-BR003-SKU015256PI,20250921,BR003,SKU015256PI,3
REG-20250921-BR003-SKU016128BL,20250921,BR003,SKU016128BL,8
REG-20250921-BR003-SKU016128SI,20250921,BR003,SKU016128SI,5
REG-20250921-BR003-SKU016128PI,20250921,BR003,SKU016128PI,9
REG-20250921-BR003-SKU016256BL,20250921,BR003,SKU016256BL,4
REG-20250921-BR003-SKU016256SI,20250921,BR003,SKU016256SI,5
REG-20250921-BR003-SKU016256PI,20250921,BR003,SKU016256PI,6
REG-20250921-BR003-SKU017128BL,20250921,BR003,SKU017128BL,4
REG-20250921-BR003-SKU017128SI,20250921,BR003,SKU017128SI,6
REG-20250921-BR003-SKU017128PI,20250921,BR003,SKU017128PI,11
REG-20250921-BR003-SKU017256BL,20250921,BR003,SKU017256BL,10
REG-20250921-BR003-SKU017256SI,20250921,BR003,SKU017256SI,14
REG-20250921-BR003-SKU017256PI,20250921,BR003,SKU017256PI,10
REG-20250921-BR004-SKU015128BL,20250921,BR004,SKU015128BL,2
REG-20250921-BR004-SKU015128SI,20250921,BR004,SKU015128SI,3
REG-20250921-BR004-SKU015128PI,20250921,BR004,SKU015128PI,2
REG-20250921-BR004-SKU015256BL,20250921,BR004,SKU015256BL,4
REG-20250921-BR004-SKU015256SI,20250921,BR004,SKU015256SI,1
REG-20250921-BR004-SKU015256PI,20250921,BR004,SKU015256PI,4
REG-20250921-BR004-SKU016128BL,20250921,BR004,SKU016128BL,3
REG-20250921-BR004-SKU016128SI,20250921,BR004,SKU016128SI,5
REG-20250921-BR004-SKU016128PI,20250921,BR004,SKU016128PI,5
REG-20250921-BR004-SKU016256BL,20250921,BR004,SKU016256BL,4
REG-20250921-BR004-SKU016256SI,20250921,BR004,SKU016256SI,3
REG-20250921-BR004-SKU016256PI,20250921,BR004,SKU016256PI,6
REG-20250921-BR004-SKU017128BL,20250921,BR004,SKU017128BL,10
REG-20250921-BR004-SKU017128SI,20250921,BR004,SKU017128SI,13
REG-20250921-BR004-SKU017128PI,20250921,BR004,SKU017128PI,5
REG-20250921-BR004-SKU017256BL,20250921,BR004,SKU017256BL,11
REG-20250921-BR004-SKU017256SI,20250921,BR004,SKU017256SI,12
REG-20250921-BR004-SKU017256PI,20250921,BR004,SKU017256PI,8
REG-20250921-BR005-SKU015128BL,20250921,BR005,SKU015128BL,1
REG-20250921-BR005-SKU015128SI,20250921,BR005,SKU015128SI,5
REG-20250921-BR005-SKU015128PI,20250921,BR005,SKU015128PI,3
REG-20250921-BR005-SKU015256BL,20250921,BR005,SKU015256BL,1
REG-20250921-BR005-SKU015256SI,20250921,BR005,SKU015256SI,1
REG-20250921-BR005-SKU015256PI,20250921,BR005,SKU015256PI,1
REG-20250921-BR005-SKU016128BL,20250921,BR005,SKU016128BL,4
REG-20250921-BR005-SKU016128SI,20250921,BR005,SKU016128SI,3
REG-20250921-BR005-SKU016128PI,20250921,BR005,SKU016128PI,7
REG-20250921-BR005-SKU016256BL,20250921,BR005,SKU016256BL,5
REG-20250921-BR005-SKU016256SI,20250921,BR005,SKU016256SI,8
REG-20250921-BR005-SKU016256PI,20250921,BR005,SKU016256PI,4
REG-20250921-BR005-SKU017128BL,20250921,BR005,SKU017128BL,4
REG-20250921-BR005-SKU017128SI,20250921,BR005,SKU017128SI,11
REG-20250921-BR005-SKU017128PI,20250921,BR005,SKU017128PI,11
REG-20250921-BR005-SKU017256BL,20250921,BR005,SKU017256BL,14
REG-20250921-BR005-SKU017256SI,20250921,BR005,SKU017256SI,10
REG-20250921-BR005-SKU017256PI,20250921,BR005,SKU017256PI,7
REG-20250922-BR001-SKU015128BL,20250922,BR001,SKU015128BL,1
REG-20250922-BR001-SKU015128SI,20250922,BR001,SKU015128SI,2
REG-20250922-BR001-SKU015128PI,20250922,BR001,SKU015128PI,1
REG-20250922-BR001-SKU015256BL,20250922,BR001,SKU015256BL,1
REG-20250922-BR001-SKU015256SI,20250922,BR001,SKU015256SI,1
REG-20250922-BR001-SKU015256PI,20250922,BR001,SKU015256PI,4
REG-20250922-BR001-SKU016128BL,20250922,BR001,SKU016128BL,5
REG-20250922-BR001-SKU016128SI,20250922,BR001,SKU016128SI,6
REG-20250922-BR001-SKU016128PI,20250922,BR001,SKU016128PI,5
REG-20250922-BR001-SKU016256BL,20250922,BR001,SKU016256BL,7
REG-20250922-BR001-SKU016256SI,20250922,BR001,SKU016256SI,5
REG-20250922-BR001-SKU016256PI,20250922,BR001,SKU016256PI,4
REG-20250922-BR001-SKU017128BL,20250922,BR001,SKU017128BL,9
REG-20250922-BR001-SKU017128SI,20250922,BR001,SKU017128SI,12
REG-20250922-BR001-SKU017128PI,20250922,BR001,SKU017128PI,11
REG-20250922-BR001-SKU017256BL,20250922,BR001,SKU017256BL,8
REG-20250922-BR001-SKU017256SI,20250922,BR001,SKU017256SI,12
REG-20250922-BR001-SKU017256PI,20250922,BR001,SKU017256PI,13
REG-20250922-BR002-SKU015128BL,20250922,BR002,SKU015128BL,1
REG-20250922-BR002-SKU015128SI,20250922,BR002,SKU015128SI,5
REG-20250922-BR002-SKU015128PI,20250922,BR002,SKU015128PI,3
REG-20250922-BR002-SKU015256BL,20250922,BR002,SKU015256BL,2
REG-20250922-BR002-SKU015256SI,20250922,BR002,SKU015256SI,1
REG-20250922-BR002-SKU015256PI,20250922,BR002,SKU015256PI,3
REG-20250922-BR002-SKU016128BL,20250922,BR002,SKU016128BL,5
REG-20250922-BR002-SKU016128SI,20250922,BR002,SKU016128SI,8
REG-20250922-BR002-SKU016128PI,20250922,BR002,SKU016128PI,3
REG-20250922-BR002-SKU016256BL,20250922,BR002,SKU016256BL,6
REG-20250922-BR002-SKU016256SI,20250922,BR002,SKU016256SI,5
REG-20250922-BR002-SKU016256PI,20250922,BR002,SKU016256PI,6
REG-20250922-BR002-SKU017128BL,20250922,BR002,SKU017128BL,5
REG-20250922-BR002-SKU017128SI,20250922,BR002,SKU017128SI,12
REG-20250922-BR002-SKU017128PI,20250922,BR002,SKU017128PI,10
REG-20250922-BR002-SKU017256BL,20250922,BR002,SKU017256BL,12
REG-20250922-BR002-SKU017256SI,20250922,BR002,SKU017256SI,7
REG-20250922-BR002-SKU017256PI,20250922,BR002,SKU017256PI,8
REG-20250922-BR003-SKU015128BL,20250922,BR003,SKU015128BL,4
REG-20250922-BR003-SKU015128SI,20250922,BR003,SKU015128SI,4
REG-20250922-BR003-SKU015128PI,20250922,BR003,SKU015128PI,2
REG-20250922-BR003-SKU015256BL,20250922,BR003,SKU015256BL,2
REG-20250922-BR003-SKU015256SI,20250922,BR003,SKU015256SI,2
REG-20250922-BR003-SKU015256PI,20250922,BR003,SKU015256PI,2
REG-20250922-BR003-SKU016128BL,20250922,BR003,SKU016128BL,10
REG-20250922-BR003-SKU016128SI,20250922,BR003,SKU016128SI,4
REG-20250922-BR003-SKU016128PI,20250922,BR003,SKU016128PI,6
REG-20250922-BR003-SKU016256BL,20250922,BR003,SKU016256BL,4
REG-20250922-BR003-SKU016256SI,20250922,BR003,SKU016256SI,4
REG-20250922-BR003-SKU016256PI,20250922,BR003,SKU016256PI,6
REG-20250922-BR003-SKU017128BL,20250922,BR003,SKU017128BL,10
REG-20250922-BR003-SKU017128SI,20250922,BR003,SKU017128SI,10
REG-20250922-BR003-SKU017128PI,20250922,BR003,SKU017128PI,7
REG-20250922-BR003-SKU017256BL,20250922,BR003,SKU017256BL,7
REG-20250922-BR003-SKU017256SI,20250922,BR003,SKU017256SI,7
REG-20250922-BR003-SKU017256PI,20250922,BR003,SKU017256PI,10
REG-20250922-BR004-SKU015128BL,20250922,BR004,SKU015128BL,2
REG-20250922-BR004-SKU015128SI,20250922,BR004,SKU015128SI,4
REG-20250922-BR004-SKU015128PI,20250922,BR004,SKU015128PI,1
REG-20250922-BR004-SKU015256BL,20250922,BR004,SKU015256BL,1
REG-20250922-BR004-SKU015256SI,20250922,BR004,SKU015256SI,4
REG-20250922-BR004-SKU015256PI,20250922,BR004,SKU015256PI,3
REG-20250922-BR004-SKU016128BL,20250922,BR004,SKU016128BL,4
REG-20250922-BR004-SKU016128SI,20250922,BR004,SKU016128SI,4
REG-20250922-BR004-SKU016128PI,20250922,BR004,SKU016128PI,4
REG-20250922-BR004-SKU016256BL,20250922,BR004,SKU016256BL,3
REG-20250922-BR004-SKU016256SI,20250922,BR004,SKU016256SI,4
REG-20250922-BR004-SKU016256PI,20250922,BR004,SKU016256PI,4
REG-20250922-BR004-SKU017128BL,20250922,BR004,SKU017128BL,9
REG-20250922-BR004-SKU017128SI,20250922,BR004,SKU017128SI,8
REG-20250922-BR004-SKU017128PI,20250922,BR004,SKU017128PI,5
REG-20250922-BR004-SKU017256BL,20250922,BR004,SKU017256BL,12
REG-20250922-BR004-SKU017256SI,20250922,BR004,SKU017256SI,12
REG-20250922-BR004-SKU017256PI,20250922,BR004,SKU017256PI,13
REG-20250922-BR005-SKU015128BL,20250922,BR005,SKU015128BL,1
REG-20250922-BR005-SKU015128SI,20250922,BR005,SKU015128SI,2
REG-20250922-BR005-SKU015128PI,20250922,BR005,SKU015128PI,1
REG-20250922-BR005-SKU015256BL,20250922,BR005,SKU015256BL,1
REG-20250922-BR005-SKU015256SI,20250922,BR005,SKU015256SI,1
REG-20250922-BR005-SKU015256PI,20250922,BR005,SKU015256PI,2
REG-20250922-BR005-SKU016128BL,20250922,BR005,SKU016128BL,4
REG-20250922-BR005-SKU016128SI,20250922,BR005,SKU016128SI,4
REG-20250922-BR005-SKU016128PI,20250922,BR005,SKU016128PI,9
REG-20250922-BR005-SKU016256BL,20250922,BR005,SKU016256BL,4
REG-20250922-BR005-SKU016256SI,20250922,BR005,SKU016256SI,1
REG-20250922-BR005-SKU016256PI,20250922,BR005,SKU016256PI,5
REG-20250922-BR005-SKU017128BL,20250922,BR005,SKU017128BL,14
REG-20250922-BR005-SKU017128SI,20250922,BR005,SKU017128SI,11
REG-20250922-BR005-SKU017128PI,20250922,BR005,SKU017128PI,7
REG-20250922-BR005-SKU017256BL,20250922,BR005,SKU017256BL,12
REG-20250922-BR005-SKU017256SI,20250922,BR005,SKU017256SI,7
REG-20250922-BR005-SKU017256PI,20250922,BR005,SKU017256PI,9
REG-20250923-BR001-SKU015128BL,20250923,BR001,SKU015128BL,1
REG-20250923-BR001-SKU015128SI,20250923,BR001,SKU015128SI,1
REG-20250923-BR001-SKU015128PI,20250923,BR001,SKU015128PI,3
REG-20250923-BR001-SKU015256BL,20250923,BR001,SKU015256BL,1
REG-20250923-BR001-SKU015256SI,20250923,BR001,SKU015256SI,1
REG-20250923-BR001-SKU015256PI,20250923,BR001,SKU015256PI,4
REG-20250923-BR001-SKU016128BL,20250923,BR001,SKU016128BL,9
REG-20250923-BR001-SKU016128SI,20250923,BR001,SKU016128SI,5
REG-20250923-BR001-SKU016128PI,20250923,BR001,SKU016128PI,1
REG-20250923-BR001-SKU016256BL,20250923,BR001,SKU016256BL,6
REG-20250923-BR001-SKU016256SI,20250923,BR001,SKU016256SI,1
REG-20250923-BR001-SKU016256PI,20250923,BR001,SKU016256PI,7
REG-20250923-BR001-SKU017128BL,20250923,BR001,SKU017128BL,9
REG-20250923-BR001-SKU017128SI,20250923,BR001,SKU017128SI,10
REG-20250923-BR001-SKU017128PI,20250923,BR001,SKU017128PI,6
REG-20250923-BR001-SKU017256BL,20250923,BR001,SKU017256BL,5
REG-20250923-BR001-SKU017256SI,20250923,BR001,SKU017256SI,9
REG-20250923-BR001-SKU017256PI,20250923,BR001,SKU017256PI,11
REG-20250923-BR002-SKU015128BL,20250923,BR002,SKU015128BL,3
REG-20250923-BR002-SKU015128SI,20250923,BR002,SKU015128SI,3
REG-20250923-BR002-SKU015128PI,20250923,BR002,SKU015128PI,1
REG-20250923-BR002-SKU015256BL,20250923,BR002,SKU015256BL,1
REG-20250923-BR002-SKU015256SI,20250923,BR002,SKU015256SI,3
REG-20250923-BR002-SKU015256PI,20250923,BR002,SKU015256PI,2
REG-20250923-BR002-SKU016128BL,20250923,BR002,SKU016128BL,6
REG-20250923-BR002-SKU016128SI,20250923,BR002,SKU016128SI,6
REG-20250923-BR002-SKU016128PI,20250923,BR002,SKU016128PI,4
REG-20250923-BR002-SKU016256BL,20250923,BR002,SKU016256BL,5
REG-20250923-BR002-SKU016256SI,20250923,BR002,SKU016256SI,5
REG-20250923-BR002-SKU016256PI,20250923,BR002,SKU016256PI,9
REG-20250923-BR002-SKU017128BL,20250923,BR002,SKU017128BL,9
REG-20250923-BR002-SKU017128SI,20250923,BR002,SKU017128SI,3
REG-20250923-BR002-SKU017128PI,20250923,BR002,SKU017128PI,4
REG-20250923-BR002-SKU017256BL,20250923,BR002,SKU017256BL,11
REG-20250923-BR002-SKU017256SI,20250923,BR002,SKU017256SI,8
REG-20250923-BR002-SKU017256PI,20250923,BR002,SKU017256PI,4
REG-20250923-BR003-SKU015128BL,20250923,BR003,SKU015128BL,2
REG-20250923-BR003-SKU015128SI,20250923,BR003,SKU015128SI,4
REG-20250923-BR003-SKU015128PI,20250923,BR003,SKU015128PI,4
REG-20250923-BR003-SKU015256BL,20250923,BR003,SKU015256BL,1
REG-20250923-BR003-SKU015256SI,20250923,BR003,SKU015256SI,1
REG-20250923-BR003-SKU015256PI,20250923,BR003,SKU015256PI,3
REG-20250923-BR003-SKU016128BL,20250923,BR003,SKU016128BL,8
REG-20250923-BR003-SKU016128SI,20250923,BR003,SKU016128SI,4
REG-20250923-BR003-SKU016128PI,20250923,BR003,SKU016128PI,1
REG-20250923-BR003-SKU016256BL,20250923,BR003,SKU016256BL,2
REG-20250923-BR003-SKU016256SI,20250923,BR003,SKU016256SI,7
REG-20250923-BR003-SKU016256PI,20250923,BR003,SKU016256PI,5
REG-20250923-BR003-SKU017128BL,20250923,BR003,SKU017128BL,14
REG-20250923-BR003-SKU017128SI,20250923,BR003,SKU017128SI,7
REG-20250923-BR003-SKU017128PI,20250923,BR003,SKU017128PI,10
REG-20250923-BR003-SKU017256BL,20250923,BR003,SKU017256BL,5
REG-20250923-BR003-SKU017256SI,20250923,BR003,SKU017256SI,12
REG-20250923-BR003-SKU017256PI,20250923,BR003,SKU017256PI,12
REG-20250923-BR004-SKU015128BL,20250923,BR004,SKU015128BL,5
REG-20250923-BR004-SKU015128SI,20250923,BR004,SKU015128SI,3
REG-20250923-BR004-SKU015128PI,20250923,BR004,SKU015128PI,1
REG-20250923-BR004-SKU015256BL,20250923,BR004,SKU015256BL,1
REG-20250923-BR004-SKU015256SI,20250923,BR004,SKU015256SI,2
REG-20250923-BR004-SKU015256PI,20250923,BR004,SKU015256PI,6
REG-20250923-BR004-SKU016128BL,20250923,BR004,SKU016128BL,9
REG-20250923-BR004-SKU016128SI,20250923,BR004,SKU016128SI,6
REG-20250923-BR004-SKU016128PI,20250923,BR004,SKU016128PI,6
REG-20250923-BR004-SKU016256BL,20250923,BR004,SKU016256BL,5
REG-20250923-BR004-SKU016256SI,20250923,BR004,SKU016256SI,7
REG-20250923-BR004-SKU016256PI,20250923,BR004,SKU016256PI,7
REG-20250923-BR004-SKU017128BL,20250923,BR004,SKU017128BL,7
REG-20250923-BR004-SKU017128SI,20250923,BR004,SKU017128SI,10
REG-20250923-BR004-SKU017128PI,20250923,BR004,SKU017128PI,6
REG-20250923-BR004-SKU017256BL,20250923,BR004,SKU017256BL,8
REG-20250923-BR004-SKU017256SI,20250923,BR004,SKU017256SI,8
REG-20250923-BR004-SKU017256PI,20250923,BR004,SKU017256PI,7
REG-20250923-BR005-SKU015128BL,20250923,BR005,SKU015128BL,3
REG-20250923-BR005-SKU015128SI,20250923,BR005,SKU015128SI,4
REG-20250923-BR005-SKU015128PI,20250923,BR005,SKU015128PI,4
REG-20250923-BR005-SKU015256BL,20250923,BR005,SKU015256BL,1
REG-20250923-BR005-SKU015256SI,20250923,BR005,SKU015256SI,4
REG-20250923-BR005-SKU015256PI,20250923,BR005,SKU015256PI,5
REG-20250923-BR005-SKU016128BL,20250923,BR005,SKU016128BL,2
REG-20250923-BR005-SKU016128SI,20250923,BR005,SKU016128SI,6
REG-20250923-BR005-SKU016128PI,20250923,BR005,SKU016128PI,4
REG-20250923-BR005-SKU016256BL,20250923,BR005,SKU016256BL,3
REG-20250923-BR005-SKU016256SI,20250923,BR005,SKU016256SI,6
REG-20250923-BR005-SKU016256PI,20250923,BR005,SKU016256PI,8
REG-20250923-BR005-SKU017128BL,20250923,BR005,SKU017128BL,10
REG-20250923-BR005-SKU017128SI,20250923,BR005,SKU017128SI,7
REG-20250923-BR005-SKU017128PI,20250923,BR005,SKU017128PI,14
REG-20250923-BR005-SKU017256BL,20250923,BR005,SKU017256BL,10
REG-20250923-BR005-SKU017256SI,20250923,BR005,SKU017256SI,13
REG-20250923-BR005-SKU017256PI,20250923,BR005,SKU017256PI,8
REG-20250924-BR001-SKU015128BL,20250924,BR001,SKU015128BL,2
REG-20250924-BR001-SKU015128SI,20250924,BR001,SKU015128SI,2
REG-20250924-BR001-SKU015128PI,20250924,BR001,SKU015128PI,2
REG-20250924-BR001-SKU015256BL,20250924,BR001,SKU015256BL,1
REG-20250924-BR001-SKU015256SI,20250924,BR001,SKU015256SI,5
REG-20250924-BR001-SKU015256PI,20250924,BR001,SKU015256PI,3
REG-20250924-BR001-SKU016128BL,20250924,BR001,SKU016128BL,5
REG-20250924-BR001-SKU016128SI,20250924,BR001,SKU016128SI,2
REG-20250924-BR001-SKU016128PI,20250924,BR001,SKU016128PI,6
REG-20250924-BR001-SKU016256BL,20250924,BR001,SKU016256BL,9
REG-20250924-BR001-SKU016256SI,20250924,BR001,SKU016256SI,8
REG-20250924-BR001-SKU016256PI,20250924,BR001,SKU016256PI,8
REG-20250924-BR001-SKU017128BL,20250924,BR001,SKU017128BL,10
REG-20250924-BR001-SKU017128SI,20250924,BR001,SKU017128SI,5
REG-20250924-BR001-SKU017128PI,20250924,BR001,SKU017128PI,5
REG-20250924-BR001-SKU017256BL,20250924,BR001,SKU017256BL,10
REG-20250924-BR001-SKU017256SI,20250924,BR001,SKU017256SI,8
REG-20250924-BR001-SKU017256PI,20250924,BR001,SKU017256PI,4
REG-20250924-BR002-SKU015128BL,20250924,BR002,SKU015128BL,3
REG-20250924-BR002-SKU015128SI,20250924,BR002,SKU015128SI,2
REG-20250924-BR002-SKU015128PI,20250924,BR002,SKU015128PI,5
REG-20250924-BR002-SKU015256BL,20250924,BR002,SKU015256BL,1
REG-20250924-BR002-SKU015256SI,20250924,BR002,SKU015256SI,2
REG-20250924-BR002-SKU015256PI,20250924,BR002,SKU015256PI,3
REG-20250924-BR002-SKU016128BL,20250924,BR002,SKU016128BL,4
REG-20250924-BR002-SKU016128SI,20250924,BR002,SKU016128SI,4
REG-20250924-BR002-SKU016128PI,20250924,BR002,SKU016128PI,5
REG-20250924-BR002-SKU016256BL,20250924,BR002,SKU016256BL,4
REG-20250924-BR002-SKU016256SI,20250924,BR002,SKU016256SI,8
REG-20250924-BR002-SKU016256PI,20250924,BR002,SKU016256PI,6
REG-20250924-BR002-SKU017128BL,20250924,BR002,SKU017128BL,10
REG-20250924-BR002-SKU017128SI,20250924,BR002,SKU017128SI,7
REG-20250924-BR002-SKU017128PI,20250924,BR002,SKU017128PI,13
REG-20250924-BR002-SKU017256BL,20250924,BR002,SKU017256BL,14
REG-20250924-BR002-SKU017256SI,20250924,BR002,SKU017256SI,9
REG-20250924-BR002-SKU017256PI,20250924,BR002,SKU017256PI,6
REG-20250924-BR003-SKU015128BL,20250924,BR003,SKU015128BL,2
REG-20250924-BR003-SKU015128SI,20250924,BR003,SKU015128SI,5
REG-20250924-BR003-SKU015128PI,20250924,BR003,SKU015128PI,5
REG-20250924-BR003-SKU015256BL,20250924,BR003,SKU015256BL,2
REG-20250924-BR003-SKU015256SI,20250924,BR003,SKU015256SI,4
REG-20250924-BR003-SKU015256PI,20250924,BR003,SKU015256PI,4
REG-20250924-BR003-SKU016128BL,20250924,BR003,SKU016128BL,3
REG-20250924-BR003-SKU016128SI,20250924,BR003,SKU016128SI,8
REG-20250924-BR003-SKU016128PI,20250924,BR003,SKU016128PI,10
REG-20250924-BR003-SKU016256BL,20250924,BR003,SKU016256BL,7
REG-20250924-BR003-SKU016256SI,20250924,BR003,SKU016256SI,7
REG-20250924-BR003-SKU016256PI,20250924,BR003,SKU016256PI,7
REG-20250924-BR003-SKU017128BL,20250924,BR003,SKU017128BL,7
REG-20250924-BR003-SKU017128SI,20250924,BR003,SKU017128SI,9
REG-20250924-BR003-SKU017128PI,20250924,BR003,SKU017128PI,6
REG-20250924-BR003-SKU017256BL,20250924,BR003,SKU017256BL,8
REG-20250924-BR003-SKU017256SI,20250924,BR003,SKU017256SI,12
REG-20250924-BR003-SKU017256PI,20250924,BR003,SKU017256PI,14
REG-20250924-BR004-SKU015128BL,20250924,BR004,SKU015128BL,6
REG-20250924-BR004-SKU015128SI,20250924,BR004,SKU015128SI,4
REG-20250924-BR004-SKU015128PI,20250924,BR004,SKU015128PI,3
REG-20250924-BR004-SKU015256BL,20250924,BR004,SKU015256BL,1
REG-20250924-BR004-SKU015256SI,20250924,BR004,SKU015256SI,3
REG-20250924-BR004-SKU015256PI,20250924,BR004,SKU015256PI,1
REG-20250924-BR004-SKU016128BL,20250924,BR004,SKU016128BL,4
REG-20250924-BR004-SKU016128SI,20250924,BR004,SKU016128SI,4
REG-20250924-BR004-SKU016128PI,20250924,BR004,SKU016128PI,8
REG-20250924-BR004-SKU016256BL,20250924,BR004,SKU016256BL,2
REG-20250924-BR004-SKU016256SI,20250924,BR004,SKU016256SI,8
REG-20250924-BR004-SKU016256PI,20250924,BR004,SKU016256PI,6
REG-20250924-BR004-SKU017128BL,20250924,BR004,SKU017128BL,5
REG-20250924-BR004-SKU017128SI,20250924,BR004,SKU017128SI,10
REG-20250924-BR004-SKU017128PI,20250924,BR004,SKU017128PI,10
REG-20250924-BR004-SKU017256BL,20250924,BR004,SKU017256BL,10
REG-20250924-BR004-SKU017256SI,20250924,BR004,SKU017256SI,7
REG-20250924-BR004-SKU017256PI,20250924,BR004,SKU017256PI,12
REG-20250924-BR005-SKU015128BL,20250924,BR005,SKU015128BL,4
REG-20250924-BR005-SKU015128SI,20250924,BR005,SKU015128SI,1
REG-20250924-BR005-SKU015128PI,20250924,BR005,SKU015128PI,2
REG-20250924-BR005-SKU015256BL,20250924,BR005,SKU015256BL,3
REG-20250924-BR005-SKU015256SI,20250924,BR005,SKU015256SI,5
REG-20250924-BR005-SKU015256PI,20250924,BR005,SKU015256PI,1
REG-20250924-BR005-SKU016128BL,20250924,BR005,SKU016128BL,6
REG-20250924-BR005-SKU016128SI,20250924,BR005,SKU016128SI,2
REG-20250924-BR005-SKU016128PI,20250924,BR005,SKU016128PI,3
REG-20250924-BR005-SKU016256BL,20250924,BR005,SKU016256BL,10
REG-20250924-BR005-SKU016256SI,20250924,BR005,SKU016256SI,4
REG-20250924-BR005-SKU016256PI,20250924,BR005,SKU016256PI,4
REG-20250924-BR005-SKU017128BL,20250924,BR005,SKU017128BL,11
REG-20250924-BR005-SKU017128SI,20250924,BR005,SKU017128SI,8
REG-20250924-BR005-SKU017128PI,20250924,BR005,SKU017128PI,9
REG-20250924-BR005-SKU017256BL,20250924,BR005,SKU017256BL,7
REG-20250924-BR005-SKU017256SI,20250924,BR005,SKU017256SI,11
REG-20250924-BR005-SKU017256PI,20250924,BR005,SKU017256PI,5
REG-20250925-BR001-SKU015128BL,20250925,BR001,SKU015128BL,2
REG-20250925-BR001-SKU015128SI,20250925,BR001,SKU015128SI,3
REG-20250925-BR001-SKU015128PI,20250925,BR001,SKU015128PI,4
REG-20250925-BR001-SKU015256BL,20250925,BR001,SKU015256BL,1
REG-20250925-BR001-SKU015256SI,20250925,BR001,SKU015256SI,5
REG-20250925-BR001-SKU015256PI,20250925,BR001,SKU015256PI,1
REG-20250925-BR001-SKU016128BL,20250925,BR001,SKU016128BL,5
REG-20250925-BR001-SKU016128SI,20250925,BR001,SKU016128SI,6
REG-20250925-BR001-SKU016128PI,20250925,BR001,SKU016128PI,8
REG-20250925-BR001-SKU016256BL,20250925,BR001,SKU016256BL,8
REG-20250925-BR001-SKU016256SI,20250925,BR001,SKU016256SI,3
REG-20250925-BR001-SKU016256PI,20250925,BR001,SKU016256PI,3
REG-20250925-BR001-SKU017128BL,20250925,BR001,SKU017128BL,10
REG-20250925-BR001-SKU017128SI,20250925,BR001,SKU017128SI,10
REG-20250925-BR001-SKU017128PI,20250925,BR001,SKU017128PI,10
REG-20250925-BR001-SKU017256BL,20250925,BR001,SKU017256BL,14
REG-20250925-BR001-SKU017256SI,20250925,BR001,SKU017256SI,3
REG-20250925-BR001-SKU017256PI,20250925,BR001,SKU017256PI,11
REG-20250925-BR002-SKU015128BL,20250925,BR002,SKU015128BL,4
REG-20250925-BR002-SKU015128SI,20250925,BR002,SKU015128SI,1
REG-20250925-BR002-SKU015128PI,20250925,BR002,SKU015128PI,4
REG-20250925-BR002-SKU015256BL,20250925,BR002,SKU015256BL,2
REG-20250925-BR002-SKU015256SI,20250925,BR002,SKU015256SI,5
REG-20250925-BR002-SKU015256PI,20250925,BR002,SKU015256PI,1
REG-20250925-BR002-SKU016128BL,20250925,BR002,SKU016128BL,7
REG-20250925-BR002-SKU016128SI,20250925,BR002,SKU016128SI,9
REG-20250925-BR002-SKU016128PI,20250925,BR002,SKU016128PI,7
REG-20250925-BR002-SKU016256BL,20250925,BR002,SKU016256BL,3
REG-20250925-BR002-SKU016256SI,20250925,BR002,SKU016256SI,7
REG-20250925-BR002-SKU016256PI,20250925,BR002,SKU016256PI,7
REG-20250925-BR002-SKU017128BL,20250925,BR002,SKU017128BL,4
REG-20250925-BR002-SKU017128SI,20250925,BR002,SKU017128SI,9
REG-20250925-BR002-SKU017128PI,20250925,BR002,SKU017128PI,3
REG-20250925-BR002-SKU017256BL,20250925,BR002,SKU017256BL,7
REG-20250925-BR002-SKU017256SI,20250925,BR002,SKU017256SI,9
REG-20250925-BR002-SKU017256PI,20250925,BR002,SKU017256PI,10
REG-20250925-BR003-SKU015128BL,20250925,BR003,SKU015128BL,2
REG-20250925-BR003-SKU015128SI,20250925,BR003,SKU015128SI,1
REG-20250925-BR003-SKU015128PI,20250925,BR003,SKU015128PI,4
REG-20250925-BR003-SKU015256BL,20250925,BR003,SKU015256BL,1
REG-20250925-BR003-SKU015256SI,20250925,BR003,SKU015256SI,1
REG-20250925-BR003-SKU015256PI,20250925,BR003,SKU015256PI,2
REG-20250925-BR003-SKU016128BL,20250925,BR003,SKU016128BL,5
REG-20250925-BR003-SKU016128SI,20250925,BR003,SKU016128SI,6
REG-20250925-BR003-SKU016128PI,20250925,BR003,SKU016128PI,6
REG-20250925-BR003-SKU016256BL,20250925,BR003,SKU016256BL,7
REG-20250925-BR003-SKU016256SI,20250925,BR003,SKU016256SI,9
REG-20250925-BR003-SKU016256PI,20250925,BR003,SKU016256PI,6
REG-20250925-BR003-SKU017128BL,20250925,BR003,SKU017128BL,6
REG-20250925-BR003-SKU017128SI,20250925,BR003,SKU017128SI,8
REG-20250925-BR003-SKU017128PI,20250925,BR003,SKU017128PI,7
REG-20250925-BR003-SKU017256BL,20250925,BR003,SKU017256BL,8
REG-20250925-BR003-SKU017256SI,20250925,BR003,SKU017256SI,3
REG-20250925-BR003-SKU017256PI,20250925,BR003,SKU017256PI,12
REG-20250925-BR004-SKU015128BL,20250925,BR004,SKU015128BL,1
REG-20250925-BR004-SKU015128SI,20250925,BR004,SKU015128SI,5
REG-20250925-BR004-SKU015128PI,20250925,BR004,SKU015128PI,1
REG-20250925-BR004-SKU015256BL,20250925,BR004,SKU015256BL,5
REG-20250925-BR004-SKU015256SI,20250925,BR004,SKU015256SI,2
REG-20250925-BR004-SKU015256PI,20250925,BR004,SKU015256PI,3
REG-20250925-BR004-SKU016128BL,20250925,BR004,SKU016128BL,6
REG-20250925-BR004-SKU016128SI,20250925,BR004,SKU016128SI,5
REG-20250925-BR004-SKU016128PI,20250925,BR004,SKU016128PI,7
REG-20250925-BR004-SKU016256BL,20250925,BR004,SKU016256BL,7
REG-20250925-BR004-SKU016256SI,20250925,BR004,SKU016256SI,5
REG-20250925-BR004-SKU016256PI,20250925,BR004,SKU016256PI,5
REG-20250925-BR004-SKU017128BL,20250925,BR004,SKU017128BL,5
REG-20250925-BR004-SKU017128SI,20250925,BR004,SKU017128SI,3
REG-20250925-BR004-SKU017128PI,20250925,BR004,SKU017128PI,13
REG-20250925-BR004-SKU017256BL,20250925,BR004,SKU017256BL,6
REG-20250925-BR004-SKU017256SI,20250925,BR004,SKU017256SI,8
REG-20250925-BR004-SKU017256PI,20250925,BR004,SKU017256PI,9
REG-20250925-BR005-SKU015128BL,20250925,BR005,SKU015128BL,1
REG-20250925-BR005-SKU015128SI,20250925,BR005,SKU015128SI,1
REG-20250925-BR005-SKU015128PI,20250925,BR005,SKU015128PI,2
REG-20250925-BR005-SKU015256BL,20250925,BR005,SKU015256BL,1
REG-20250925-BR005-SKU015256SI,20250925,BR005,SKU015256SI,3
REG-20250925-BR005-SKU015256PI,20250925,BR005,SKU015256PI,6
REG-20250925-BR005-SKU016128BL,20250925,BR005,SKU016128BL,3
REG-20250925-BR005-SKU016128SI,20250925,BR005,SKU016128SI,6
REG-20250925-BR005-SKU016128PI,20250925,BR005,SKU016128PI,3
REG-20250925-BR005-SKU016256BL,20250925,BR005,SKU016256BL,6
REG-20250925-BR005-SKU016256SI,20250925,BR005,SKU016256SI,6
REG-20250925-BR005-SKU016256PI,20250925,BR005,SKU016256PI,4
REG-20250925-BR005-SKU017128BL,20250925,BR005,SKU017128BL,6
REG-20250925-BR005-SKU017128SI,20250925,BR005,SKU017128SI,11
REG-20250925-BR005-SKU017128PI,20250925,BR005,SKU017128PI,5
REG-20250925-BR005-SKU017256BL,20250925,BR005,SKU017256BL,11
REG-20250925-BR005-SKU017256SI,20250925,BR005,SKU017256SI,12
REG-20250925-BR005-SKU017256PI,20250925,BR005,SKU017256PI,11
REG-20250926-BR001-SKU015128BL,20250926,BR001,SKU015128BL,4
REG-20250926-BR001-SKU015128SI,20250926,BR001,SKU015128SI,3
REG-20250926-BR001-SKU015128PI,20250926,BR001,SKU015128PI,3
REG-20250926-BR001-SKU015256BL,20250926,BR001,SKU015256BL,1
REG-20250926-BR001-SKU015256SI,20250926,BR001,SKU015256SI,1
REG-20250926-BR001-SKU015256PI,20250926,BR001,SKU015256PI,4
REG-20250926-BR001-SKU016128BL,20250926,BR001,SKU016128BL,4
REG-20250926-BR001-SKU016128SI,20250926,BR001,SKU016128SI,8
REG-20250926-BR001-SKU016128PI,20250926,BR001,SKU016128PI,7
REG-20250926-BR001-SKU016256BL,20250926,BR001,SKU016256BL,6
REG-20250926-BR001-SKU016256SI,20250926,BR001,SKU016256SI,6
REG-20250926-BR001-SKU016256PI,20250926,BR001,SKU016256PI,5
REG-20250926-BR001-SKU017128BL,20250926,BR001,SKU017128BL,9
REG-20250926-BR001-SKU017128SI,20250926,BR001,SKU017128SI,6
REG-20250926-BR001-SKU017128PI,20250926,BR001,SKU017128PI,9
REG-20250926-BR001-SKU017256BL,20250926,BR001,SKU017256BL,8
REG-20250926-BR001-SKU017256SI,20250926,BR001,SKU017256SI,4
REG-20250926-BR001-SKU017256PI,20250926,BR001,SKU017256PI,7
REG-20250926-BR002-SKU015128BL,20250926,BR002,SKU015128BL,3
REG-20250926-BR002-SKU015128SI,20250926,BR002,SKU015128SI,6
REG-20250926-BR002-SKU015128PI,20250926,BR002,SKU015128PI,1
REG-20250926-BR002-SKU015256BL,20250926,BR002,SKU015256BL,5
REG-20250926-BR002-SKU015256SI,20250926,BR002,SKU015256SI,3
REG-20250926-BR002-SKU015256PI,20250926,BR002,SKU015256PI,4
REG-20250926-BR002-SKU016128BL,20250926,BR002,SKU016128BL,6
REG-20250926-BR002-SKU016128SI,20250926,BR002,SKU016128SI,8
REG-20250926-BR002-SKU016128PI,20250926,BR002,SKU016128PI,5
REG-20250926-BR002-SKU016256BL,20250926,BR002,SKU016256BL,9
REG-20250926-BR002-SKU016256SI,20250926,BR002,SKU016256SI,4
REG-20250926-BR002-SKU016256PI,20250926,BR002,SKU016256PI,7
REG-20250926-BR002-SKU017128BL,20250926,BR002,SKU017128BL,4
REG-20250926-BR002-SKU017128SI,20250926,BR002,SKU017128SI,9
REG-20250926-BR002-SKU017128PI,20250926,BR002,SKU017128PI,8
REG-20250926-BR002-SKU017256BL,20250926,BR002,SKU017256BL,6
REG-20250926-BR002-SKU017256SI,20250926,BR002,SKU017256SI,8
REG-20250926-BR002-SKU017256PI,20250926,BR002,SKU017256PI,8
REG-20250926-BR003-SKU015128BL,20250926,BR003,SKU015128BL,3
REG-20250926-BR003-SKU015128SI,20250926,BR003,SKU015128SI,1
REG-20250926-BR003-SKU015128PI,20250926,BR003,SKU015128PI,3
REG-20250926-BR003-SKU015256BL,20250926,BR003,SKU015256BL,1
REG-20250926-BR003-SKU015256SI,20250926,BR003,SKU015256SI,4
REG-20250926-BR003-SKU015256PI,20250926,BR003,SKU015256PI,4
REG-20250926-BR003-SKU016128BL,20250926,BR003,SKU016128BL,7
REG-20250926-BR003-SKU016128SI,20250926,BR003,SKU016128SI,1
REG-20250926-BR003-SKU016128PI,20250926,BR003,SKU016128PI,8
REG-20250926-BR003-SKU016256BL,20250926,BR003,SKU016256BL,5
REG-20250926-BR003-SKU016256SI,20250926,BR003,SKU016256SI,8
REG-20250926-BR003-SKU016256PI,20250926,BR003,SKU016256PI,8
REG-20250926-BR003-SKU017128BL,20250926,BR003,SKU017128BL,8
REG-20250926-BR003-SKU017128SI,20250926,BR003,SKU017128SI,11
REG-20250926-BR003-SKU017128PI,20250926,BR003,SKU017128PI,8
REG-20250926-BR003-SKU017256BL,20250926,BR003,SKU017256BL,10
REG-20250926-BR003-SKU017256SI,20250926,BR003,SKU017256SI,10
REG-20250926-BR003-SKU017256PI,20250926,BR003,SKU017256PI,11
REG-20250926-BR004-SKU015128BL,20250926,BR004,SKU015128BL,4
REG-20250926-BR004-SKU015128SI,20250926,BR004,SKU015128SI,6
REG-20250926-BR004-SKU015128PI,20250926,BR004,SKU015128PI,3
REG-20250926-BR004-SKU015256BL,20250926,BR004,SKU015256BL,3
REG-20250926-BR004-SKU015256SI,20250926,BR004,SKU015256SI,1
REG-20250926-BR004-SKU015256PI,20250926,BR004,SKU015256PI,3
REG-20250926-BR004-SKU016128BL,20250926,BR004,SKU016128BL,8
REG-20250926-BR004-SKU016128SI,20250926,BR004,SKU016128SI,3
REG-20250926-BR004-SKU016128PI,20250926,BR004,SKU016128PI,3
REG-20250926-BR004-SKU016256BL,20250926,BR004,SKU016256BL,7
REG-20250926-BR004-SKU016256SI,20250926,BR004,SKU016256SI,6
REG-20250926-BR004-SKU016256PI,20250926,BR004,SKU016256PI,7
REG-20250926-BR004-SKU017128BL,20250926,BR004,SKU017128BL,11
REG-20250926-BR004-SKU017128SI,20250926,BR004,SKU017128SI,7
REG-20250926-BR004-SKU017128PI,20250926,BR004,SKU017128PI,13
REG-20250926-BR004-SKU017256BL,20250926,BR004,SKU017256BL,10
REG-20250926-BR004-SKU017256SI,20250926,BR004,SKU017256SI,8
REG-20250926-BR004-SKU017256PI,20250926,BR004,SKU017256PI,4
REG-20250926-BR005-SKU015128BL,20250926,BR005,SKU015128BL,1
REG-20250926-BR005-SKU015128SI,20250926,BR005,SKU015128SI,1
REG-20250926-BR005-SKU015128PI,20250926,BR005,SKU015128PI,3
REG-20250926-BR005-SKU015256BL,20250926,BR005,SKU015256BL,1
REG-20250926-BR005-SKU015256SI,20250926,BR005,SKU015256SI,2
REG-20250926-BR005-SKU015256PI,20250926,BR005,SKU015256PI,4
REG-20250926-BR005-SKU016128BL,20250926,BR005,SKU016128BL,8
REG-20250926-BR005-SKU016128SI,20250926,BR005,SKU016128SI,5
REG-20250926-BR005-SKU016128PI,20250926,BR005,SKU016128PI,8
REG-20250926-BR005-SKU016256BL,20250926,BR005,SKU016256BL,2
REG-20250926-BR005-SKU016256SI,20250926,BR005,SKU016256SI,8
REG-20250926-BR005-SKU016256PI,20250926,BR005,SKU016256PI,7
REG-20250926-BR005-SKU017128BL,20250926,BR005,SKU017128BL,6
REG-20250926-BR005-SKU017128SI,20250926,BR005,SKU017128SI,13
REG-20250926-BR005-SKU017128PI,20250926,BR005,SKU017128PI,9
REG-20250926-BR005-SKU017256BL,20250926,BR005,SKU017256BL,9
REG-20250926-BR005-SKU017256SI,20250926,BR005,SKU017256SI,8
REG-20250926-BR005-SKU017256PI,20250926,BR005,SKU017256PI,11
REG-20250927-BR001-SKU015128BL,20250927,BR001,SKU015128BL,1
REG-20250927-BR001-SKU015128SI,20250927,BR001,SKU015128SI,5
REG-20250927-BR001-SKU015128PI,20250927,BR001,SKU015128PI,1
REG-20250927-BR001-SKU015256BL,20250927,BR001,SKU015256BL,1
REG-20250927-BR001-SKU015256SI,20250927,BR001,SKU015256SI,3
REG-20250927-BR001-SKU015256PI,20250927,BR001,SKU015256PI,1
REG-20250927-BR001-SKU016128BL,20250927,BR001,SKU016128BL,8
REG-20250927-BR001-SKU016128SI,20250927,BR001,SKU016128SI,5
REG-20250927-BR001-SKU016128PI,20250927,BR001,SKU016128PI,9
REG-20250927-BR001-SKU016256BL,20250927,BR001,SKU016256BL,1
REG-20250927-BR001-SKU016256SI,20250927,BR001,SKU016256SI,5
REG-20250927-BR001-SKU016256PI,20250927,BR001,SKU016256PI,9
REG-20250927-BR001-SKU017128BL,20250927,BR001,SKU017128BL,6
REG-20250927-BR001-SKU017128SI,20250927,BR001,SKU017128SI,11
REG-20250927-BR001-SKU017128PI,20250927,BR001,SKU017128PI,7
REG-20250927-BR001-SKU017256BL,20250927,BR001,SKU017256BL,10
REG-20250927-BR001-SKU017256SI,20250927,BR001,SKU017256SI,13
REG-20250927-BR001-SKU017256PI,20250927,BR001,SKU017256PI,12
REG-20250927-BR002-SKU015128BL,20250927,BR002,SKU015128BL,2
REG-20250927-BR002-SKU015128SI,20250927,BR002,SKU015128SI,2
REG-20250927-BR002-SKU015128PI,20250927,BR002,SKU015128PI,3
REG-20250927-BR002-SKU015256BL,20250927,BR002,SKU015256BL,1
REG-20250927-BR002-SKU015256SI,20250927,BR002,SKU015256SI,4
REG-20250927-BR002-SKU015256PI,20250927,BR002,SKU015256PI,1
REG-20250927-BR002-SKU016128BL,20250927,BR002,SKU016128BL,6
REG-20250927-BR002-SKU016128SI,20250927,BR002,SKU016128SI,9
REG-20250927-BR002-SKU016128PI,20250927,BR002,SKU016128PI,5
REG-20250927-BR002-SKU016256BL,20250927,BR002,SKU016256BL,4
REG-20250927-BR002-SKU016256SI,20250927,BR002,SKU016256SI,7
REG-20250927-BR002-SKU016256PI,20250927,BR002,SKU016256PI,8
REG-20250927-BR002-SKU017128BL,20250927,BR002,SKU017128BL,11
REG-20250927-BR002-SKU017128SI,20250927,BR002,SKU017128SI,5
REG-20250927-BR002-SKU017128PI,20250927,BR002,SKU017128PI,13
REG-20250927-BR002-SKU017256BL,20250927,BR002,SKU017256BL,9
REG-20250927-BR002-SKU017256SI,20250927,BR002,SKU017256SI,13
REG-20250927-BR002-SKU017256PI,20250927,BR002,SKU017256PI,12
REG-20250927-BR003-SKU015128BL,20250927,BR003,SKU015128BL,4
REG-20250927-BR003-SKU015128SI,20250927,BR003,SKU015128SI,3
REG-20250927-BR003-SKU015128PI,20250927,BR003,SKU015128PI,3
REG-20250927-BR003-SKU015256BL,20250927,BR003,SKU015256BL,5
REG-20250927-BR003-SKU015256SI,20250927,BR003,SKU015256SI,4
REG-20250927-BR003-SKU015256PI,20250927,BR003,SKU015256PI,5
REG-20250927-BR003-SKU016128BL,20250927,BR003,SKU016128BL,6
REG-20250927-BR003-SKU016128SI,20250927,BR003,SKU016128SI,7
REG-20250927-BR003-SKU016128PI,20250927,BR003,SKU016128PI,6
REG-20250927-BR003-SKU016256BL,20250927,BR003,SKU016256BL,7
REG-20250927-BR003-SKU016256SI,20250927,BR003,SKU016256SI,5
REG-20250927-BR003-SKU016256PI,20250927,BR003,SKU016256PI,2
REG-20250927-BR003-SKU017128BL,20250927,BR003,SKU017128BL,11
REG-20250927-BR003-SKU017128SI,20250927,BR003,SKU017128SI,4
REG-20250927-BR003-SKU017128PI,20250927,BR003,SKU017128PI,9
REG-20250927-BR003-SKU017256BL,20250927,BR003,SKU017256BL,5
REG-20250927-BR003-SKU017256SI,20250927,BR003,SKU017256SI,14
REG-20250927-BR003-SKU017256PI,20250927,BR003,SKU017256PI,9
REG-20250927-BR004-SKU015128BL,20250927,BR004,SKU015128BL,1
REG-20250927-BR004-SKU015128SI,20250927,BR004,SKU015128SI,2
REG-20250927-BR004-SKU015128PI,20250927,BR004,SKU015128PI,3
REG-20250927-BR004-SKU015256BL,20250927,BR004,SKU015256BL,2
REG-20250927-BR004-SKU015256SI,20250927,BR004,SKU015256SI,6
REG-20250927-BR004-SKU015256PI,20250927,BR004,SKU015256PI,5
REG-20250927-BR004-SKU016128BL,20250927,BR004,SKU016128BL,2
REG-20250927-BR004-SKU016128SI,20250927,BR004,SKU016128SI,9
REG-20250927-BR004-SKU016128PI,20250927,BR004,SKU016128PI,4
REG-20250927-BR004-SKU016256BL,20250927,BR004,SKU016256BL,6
REG-20250927-BR004-SKU016256SI,20250927,BR004,SKU016256SI,4
REG-20250927-BR004-SKU016256PI,20250927,BR004,SKU016256PI,5
REG-20250927-BR004-SKU017128BL,20250927,BR004,SKU017128BL,10
REG-20250927-BR004-SKU017128SI,20250927,BR004,SKU017128SI,5
REG-20250927-BR004-SKU017128PI,20250927,BR004,SKU017128PI,9
REG-20250927-BR004-SKU017256BL,20250927,BR004,SKU017256BL,4
REG-20250927-BR004-SKU017256SI,20250927,BR004,SKU017256SI,6
REG-20250927-BR004-SKU017256PI,20250927,BR004,SKU017256PI,11
REG-20250927-BR005-SKU015128BL,20250927,BR005,SKU015128BL,5
REG-20250927-BR005-SKU015128SI,20250927,BR005,SKU015128SI,4
REG-20250927-BR005-SKU015128PI,20250927,BR005,SKU015128PI,1
REG-20250927-BR005-SKU015256BL,20250927,BR005,SKU015256BL,3
REG-20250927-BR005-SKU015256SI,20250927,BR005,SKU015256SI,5
REG-20250927-BR005-SKU015256PI,20250927,BR005,SKU015256PI,3
REG-20250927-BR005-SKU016128BL,20250927,BR005,SKU016128BL,4
REG-20250927-BR005-SKU016128SI,20250927,BR005,SKU016128SI,6
REG-20250927-BR005-SKU016128PI,20250927,BR005,SKU016128PI,7
REG-20250927-BR005-SKU016256BL,20250927,BR005,SKU016256BL,5
REG-20250927-BR005-SKU016256SI,20250927,BR005,SKU016256SI,4
REG-20250927-BR005-SKU016256PI,20250927,BR005,SKU016256PI,8
REG-20250927-BR005-SKU017128BL,20250927,BR005,SKU017128BL,8
REG-20250927-BR005-SKU017128SI,20250927,BR005,SKU017128SI,8
REG-20250927-BR005-SKU017128PI,20250927,BR005,SKU017128PI,9
REG-20250927-BR005-SKU017256BL,20250927,BR005,SKU017256BL,8
REG-20250927-BR005-SKU017256SI,20250927,BR005,SKU017256SI,11
REG-20250927-BR005-SKU017256PI,20250927,BR005,SKU017256PI,10
REG-20250928-BR001-SKU015128BL,20250928,BR001,SKU015128BL,6
REG-20250928-BR001-SKU015128SI,20250928,BR001,SKU015128SI,3
REG-20250928-BR001-SKU015128PI,20250928,BR001,SKU015128PI,4
REG-20250928-BR001-SKU015256BL,20250928,BR001,SKU015256BL,6
REG-20250928-BR001-SKU015256SI,20250928,BR001,SKU015256SI,2
REG-20250928-BR001-SKU015256PI,20250928,BR001,SKU015256PI,1
REG-20250928-BR001-SKU016128BL,20250928,BR001,SKU016128BL,4
REG-20250928-BR001-SKU016128SI,20250928,BR001,SKU016128SI,7
REG-20250928-BR001-SKU016128PI,20250928,BR001,SKU016128PI,7
REG-20250928-BR001-SKU016256BL,20250928,BR001,SKU016256BL,6
REG-20250928-BR001-SKU016256SI,20250928,BR001,SKU016256SI,7
REG-20250928-BR001-SKU016256PI,20250928,BR001,SKU016256PI,5
REG-20250928-BR001-SKU017128BL,20250928,BR001,SKU017128BL,8
REG-20250928-BR001-SKU017128SI,20250928,BR001,SKU017128SI,7
REG-20250928-BR001-SKU017128PI,20250928,BR001,SKU017128PI,11
REG-20250928-BR001-SKU017256BL,20250928,BR001,SKU017256BL,8
REG-20250928-BR001-SKU017256SI,20250928,BR001,SKU017256SI,8
REG-20250928-BR001-SKU017256PI,20250928,BR001,SKU017256PI,10
REG-20250928-BR002-SKU015128BL,20250928,BR002,SKU015128BL,4
REG-20250928-BR002-SKU015128SI,20250928,BR002,SKU015128SI,2
REG-20250928-BR002-SKU015128PI,20250928,BR002,SKU015128PI,3
REG-20250928-BR002-SKU015256BL,20250928,BR002,SKU015256BL,1
REG-20250928-BR002-SKU015256SI,20250928,BR002,SKU015256SI,2
REG-20250928-BR002-SKU015256PI,20250928,BR002,SKU015256PI,1
REG-20250928-BR002-SKU016128BL,20250928,BR002,SKU016128BL,3
REG-20250928-BR002-SKU016128SI,20250928,BR002,SKU016128SI,7
REG-20250928-BR002-SKU016128PI,20250928,BR002,SKU016128PI,2
REG-20250928-BR002-SKU016256BL,20250928,BR002,SKU016256BL,1
REG-20250928-BR002-SKU016256SI,20250928,BR002,SKU016256SI,9
REG-20250928-BR002-SKU016256PI,20250928,BR002,SKU016256PI,5
REG-20250928-BR002-SKU017128BL,20250928,BR002,SKU017128BL,6
REG-20250928-BR002-SKU017128SI,20250928,BR002,SKU017128SI,12
REG-20250928-BR002-SKU017128PI,20250928,BR002,SKU017128PI,11
REG-20250928-BR002-SKU017256BL,20250928,BR002,SKU017256BL,10
REG-20250928-BR002-SKU017256SI,20250928,BR002,SKU017256SI,9
REG-20250928-BR002-SKU017256PI,20250928,BR002,SKU017256PI,10
REG-20250928-BR003-SKU015128BL,20250928,BR003,SKU015128BL,4
REG-20250928-BR003-SKU015128SI,20250928,BR003,SKU015128SI,1
REG-20250928-BR003-SKU015128PI,20250928,BR003,SKU015128PI,5
REG-20250928-BR003-SKU015256BL,20250928,BR003,SKU015256BL,3
REG-20250928-BR003-SKU015256SI,20250928,BR003,SKU015256SI,4
REG-20250928-BR003-SKU015256PI,20250928,BR003,SKU015256PI,3
REG-20250928-BR003-SKU016128BL,20250928,BR003,SKU016128BL,5
REG-20250928-BR003-SKU016128SI,20250928,BR003,SKU016128SI,6
REG-20250928-BR003-SKU016128PI,20250928,BR003,SKU016128PI,6
REG-20250928-BR003-SKU016256BL,20250928,BR003,SKU016256BL,2
REG-20250928-BR003-SKU016256SI,20250928,BR003,SKU016256SI,8
REG-20250928-BR003-SKU016256PI,20250928,BR003,SKU016256PI,3
REG-20250928-BR003-SKU017128BL,20250928,BR003,SKU017128BL,12
REG-20250928-BR003-SKU017128SI,20250928,BR003,SKU017128SI,8
REG-20250928-BR003-SKU017128PI,20250928,BR003,SKU017128PI,8
REG-20250928-BR003-SKU017256BL,20250928,BR003,SKU017256BL,10
REG-20250928-BR003-SKU017256SI,20250928,BR003,SKU017256SI,10
REG-20250928-BR003-SKU017256PI,20250928,BR003,SKU017256PI,8
REG-20250928-BR004-SKU015128BL,20250928,BR004,SKU015128BL,3
REG-20250928-BR004-SKU015128SI,20250928,BR004,SKU015128SI,4
REG-20250928-BR004-SKU015128PI,20250928,BR004,SKU015128PI,4
REG-20250928-BR004-SKU015256BL,20250928,BR004,SKU015256BL,4
REG-20250928-BR004-SKU015256SI,20250928,BR004,SKU015256SI,4
REG-20250928-BR004-SKU015256PI,20250928,BR004,SKU015256PI,4
REG-20250928-BR004-SKU016128BL,20250928,BR004,SKU016128BL,7
REG-20250928-BR004-SKU016128SI,20250928,BR004,SKU016128SI,3
REG-20250928-BR004-SKU016128PI,20250928,BR004,SKU016128PI,6
REG-20250928-BR004-SKU016256BL,20250928,BR004,SKU016256BL,7
REG-20250928-BR004-SKU016256SI,20250928,BR004,SKU016256SI,3
REG-20250928-BR004-SKU016256PI,20250928,BR004,SKU016256PI,7
REG-20250928-BR004-SKU017128BL,20250928,BR004,SKU017128BL,10
REG-20250928-BR004-SKU017128SI,20250928,BR004,SKU017128SI,8
REG-20250928-BR004-SKU017128PI,20250928,BR004,SKU017128PI,11
REG-20250928-BR004-SKU017256BL,20250928,BR004,SKU017256BL,11
REG-20250928-BR004-SKU017256SI,20250928,BR004,SKU017256SI,9
REG-20250928-BR004-SKU017256PI,20250928,BR004,SKU017256PI,6
REG-20250928-BR005-SKU015128BL,20250928,BR005,SKU015128BL,1
REG-20250928-BR005-SKU015128SI,20250928,BR005,SKU015128SI,1
REG-20250928-BR005-SKU015128PI,20250928,BR005,SKU015128PI,4
REG-20250928-BR005-SKU015256BL,20250928,BR005,SKU015256BL,2
REG-20250928-BR005-SKU015256SI,20250928,BR005,SKU015256SI,3
REG-20250928-BR005-SKU015256PI,20250928,BR005,SKU015256PI,3
REG-20250928-BR005-SKU016128BL,20250928,BR005,SKU016128BL,9
REG-20250928-BR005-SKU016128SI,20250928,BR005,SKU016128SI,5
REG-20250928-BR005-SKU016128PI,20250928,BR005,SKU016128PI,4
REG-20250928-BR005-SKU016256BL,20250928,BR005,SKU016256BL,3
REG-20250928-BR005-SKU016256SI,20250928,BR005,SKU016256SI,10
REG-20250928-BR005-SKU016256PI,20250928,BR005,SKU016256PI,6
REG-20250928-BR005-SKU017128BL,20250928,BR005,SKU017128BL,7
REG-20250928-BR005-SKU017128SI,20250928,BR005,SKU017128SI,10
REG-20250928-BR005-SKU017128PI,20250928,BR005,SKU017128PI,13
REG-20250928-BR005-SKU017256BL,20250928,BR005,SKU017256BL,7
REG-20250928-BR005-SKU017256SI,20250928,BR005,SKU017256SI,10
REG-20250928-BR005-SKU017256PI,20250928,BR005,SKU017256PI,6
REG-20250929-BR001-SKU015128BL,20250929,BR001,SKU015128BL,4
REG-20250929-BR001-SKU015128SI,20250929,BR001,SKU015128SI,2
REG-20250929-BR001-SKU015128PI,20250929,BR001,SKU015128PI,1
REG-20250929-BR001-SKU015256BL,20250929,BR001,SKU015256BL,2
REG-20250929-BR001-SKU015256SI,20250929,BR001,SKU015256SI,3
REG-20250929-BR001-SKU015256PI,20250929,BR001,SKU015256PI,3
REG-20250929-BR001-SKU016128BL,20250929,BR001,SKU016128BL,8
REG-20250929-BR001-SKU016128SI,20250929,BR001,SKU016128SI,6
REG-20250929-BR001-SKU016128PI,20250929,BR001,SKU016128PI,7
REG-20250929-BR001-SKU016256BL,20250929,BR001,SKU016256BL,8
REG-20250929-BR001-SKU016256SI,20250929,BR001,SKU016256SI,5
REG-20250929-BR001-SKU016256PI,20250929,BR001,SKU016256PI,2
REG-20250929-BR001-SKU017128BL,20250929,BR001,SKU017128BL,6
REG-20250929-BR001-SKU017128SI,20250929,BR001,SKU017128SI,7
REG-20250929-BR001-SKU017128PI,20250929,BR001,SKU017128PI,7
REG-20250929-BR001-SKU017256BL,20250929,BR001,SKU017256BL,9
REG-20250929-BR001-SKU017256SI,20250929,BR001,SKU017256SI,4
REG-20250929-BR001-SKU017256PI,20250929,BR001,SKU017256PI,14
REG-20250929-BR002-SKU015128BL,20250929,BR002,SKU015128BL,1
REG-20250929-BR002-SKU015128SI,20250929,BR002,SKU015128SI,6
REG-20250929-BR002-SKU015128PI,20250929,BR002,SKU015128PI,1
REG-20250929-BR002-SKU015256BL,20250929,BR002,SKU015256BL,5
REG-20250929-BR002-SKU015256SI,20250929,BR002,SKU015256SI,1
REG-20250929-BR002-SKU015256PI,20250929,BR002,SKU015256PI,4
REG-20250929-BR002-SKU016128BL,20250929,BR002,SKU016128BL,3
REG-20250929-BR002-SKU016128SI,20250929,BR002,SKU016128SI,8
REG-20250929-BR002-SKU016128PI,20250929,BR002,SKU016128PI,5
REG-20250929-BR002-SKU016256BL,20250929,BR002,SKU016256BL,6
REG-20250929-BR002-SKU016256SI,20250929,BR002,SKU016256SI,2
REG-20250929-BR002-SKU016256PI,20250929,BR002,SKU016256PI,3
REG-20250929-BR002-SKU017128BL,20250929,BR002,SKU017128BL,11
REG-20250929-BR002-SKU017128SI,20250929,BR002,SKU017128SI,14
REG-20250929-BR002-SKU017128PI,20250929,BR002,SKU017128PI,11
REG-20250929-BR002-SKU017256BL,20250929,BR002,SKU017256BL,11
REG-20250929-BR002-SKU017256SI,20250929,BR002,SKU017256SI,9
REG-20250929-BR002-SKU017256PI,20250929,BR002,SKU017256PI,14
REG-20250929-BR003-SKU015128BL,20250929,BR003,SKU015128BL,6
REG-20250929-BR003-SKU015128SI,20250929,BR003,SKU015128SI,3
REG-20250929-BR003-SKU015128PI,20250929,BR003,SKU015128PI,6
REG-20250929-BR003-SKU015256BL,20250929,BR003,SKU015256BL,1
REG-20250929-BR003-SKU015256SI,20250929,BR003,SKU015256SI,4
REG-20250929-BR003-SKU015256PI,20250929,BR003,SKU015256PI,4
REG-20250929-BR003-SKU016128BL,20250929,BR003,SKU016128BL,4
REG-20250929-BR003-SKU016128SI,20250929,BR003,SKU016128SI,3
REG-20250929-BR003-SKU016128PI,20250929,BR003,SKU016128PI,5
REG-20250929-BR003-SKU016256BL,20250929,BR003,SKU016256BL,4
REG-20250929-BR003-SKU016256SI,20250929,BR003,SKU016256SI,6
REG-20250929-BR003-SKU016256PI,20250929,BR003,SKU016256PI,5
REG-20250929-BR003-SKU017128BL,20250929,BR003,SKU017128BL,13
REG-20250929-BR003-SKU017128SI,20250929,BR003,SKU017128SI,7
REG-20250929-BR003-SKU017128PI,20250929,BR003,SKU017128PI,11
REG-20250929-BR003-SKU017256BL,20250929,BR003,SKU017256BL,6
REG-20250929-BR003-SKU017256SI,20250929,BR003,SKU017256SI,9
REG-20250929-BR003-SKU017256PI,20250929,BR003,SKU017256PI,13
REG-20250929-BR004-SKU015128BL,20250929,BR004,SKU015128BL,5
REG-20250929-BR004-SKU015128SI,20250929,BR004,SKU015128SI,1
REG-20250929-BR004-SKU015128PI,20250929,BR004,SKU015128PI,5
REG-20250929-BR004-SKU015256BL,20250929,BR004,SKU015256BL,2
REG-20250929-BR004-SKU015256SI,20250929,BR004,SKU015256SI,2
REG-20250929-BR004-SKU015256PI,20250929,BR004,SKU015256PI,4
REG-20250929-BR004-SKU016128BL,20250929,BR004,SKU016128BL,7
REG-20250929-BR004-SKU016128SI,20250929,BR004,SKU016128SI,7
REG-20250929-BR004-SKU016128PI,20250929,BR004,SKU016128PI,6
REG-20250929-BR004-SKU016256BL,20250929,BR004,SKU016256BL,2
REG-20250929-BR004-SKU016256SI,20250929,BR004,SKU016256SI,3
REG-20250929-BR004-SKU016256PI,20250929,BR004,SKU016256PI,3
REG-20250929-BR004-SKU017128BL,20250929,BR004,SKU017128BL,14
REG-20250929-BR004-SKU017128SI,20250929,BR004,SKU017128SI,12
REG-20250929-BR004-SKU017128PI,20250929,BR004,SKU017128PI,11
REG-20250929-BR004-SKU017256BL,20250929,BR004,SKU017256BL,8
REG-20250929-BR004-SKU017256SI,20250929,BR004,SKU017256SI,5
REG-20250929-BR004-SKU017256PI,20250929,BR004,SKU017256PI,4
REG-20250929-BR005-SKU015128BL,20250929,BR005,SKU015128BL,1
REG-20250929-BR005-SKU015128SI,20250929,BR005,SKU015128SI,2
REG-20250929-BR005-SKU015128PI,20250929,BR005,SKU015128PI,2
REG-20250929-BR005-SKU015256BL,20250929,BR005,SKU015256BL,1
REG-20250929-BR005-SKU015256SI,20250929,BR005,SKU015256SI,1
REG-20250929-BR005-SKU015256PI,20250929,BR005,SKU015256PI,3
REG-20250929-BR005-SKU016128BL,20250929,BR005,SKU016128BL,6
REG-20250929-BR005-SKU016128SI,20250929,BR005,SKU016128SI,6
REG-20250929-BR005-SKU016128PI,20250929,BR005,SKU016128PI,6
REG-20250929-BR005-SKU016256BL,20250929,BR005,SKU016256BL,6
REG-20250929-BR005-SKU016256SI,20250929,BR005,SKU016256SI,3
REG-20250929-BR005-SKU016256PI,20250929,BR005,SKU016256PI,2
REG-20250929-BR005-SKU017128BL,20250929,BR005,SKU017128BL,10
REG-20250929-BR005-SKU017128SI,20250929,BR005,SKU017128SI,8
REG-20250929-BR005-SKU017128PI,20250929,BR005,SKU017128PI,11
REG-20250929-BR005-SKU017256BL,20250929,BR005,SKU017256BL,8
REG-20250929-BR005-SKU017256SI,20250929,BR005,SKU017256SI,9
REG-20250929-BR005-SKU017256PI,20250929,BR005,SKU017256PI,5
REG-20250930-BR001-SKU015128BL,20250930,BR001,SKU015128BL,5
REG-20250930-BR001-SKU015128SI,20250930,BR001,SKU015128SI,1
REG-20250930-BR001-SKU015128PI,20250930,BR001,SKU015128PI,3
REG-20250930-BR001-SKU015256BL,20250930,BR001,SKU015256BL,3
REG-20250930-BR001-SKU015256SI,20250930,BR001,SKU015256SI,3
REG-20250930-BR001-SKU015256PI,20250930,BR001,SKU015256PI,4
REG-20250930-BR001-SKU016128BL,20250930,BR001,SKU016128BL,4
REG-20250930-BR001-SKU016128SI,20250930,BR001,SKU016128SI,6
REG-20250930-BR001-SKU016128PI,20250930,BR001,SKU016128PI,10
REG-20250930-BR001-SKU016256BL,20250930,BR001,SKU016256BL,5
REG-20250930-BR001-SKU016256SI,20250930,BR001,SKU016256SI,6
REG-20250930-BR001-SKU016256PI,20250930,BR001,SKU016256PI,8
REG-20250930-BR001-SKU017128BL,20250930,BR001,SKU017128BL,8
REG-20250930-BR001-SKU017128SI,20250930,BR001,SKU017128SI,4
REG-20250930-BR001-SKU017128PI,20250930,BR001,SKU017128PI,5
REG-20250930-BR001-SKU017256BL,20250930,BR001,SKU017256BL,11
REG-20250930-BR001-SKU017256SI,20250930,BR001,SKU017256SI,4
REG-20250930-BR001-SKU017256PI,20250930,BR001,SKU017256PI,11
REG-20250930-BR002-SKU015128BL,20250930,BR002,SKU015128BL,2
REG-20250930-BR002-SKU015128SI,20250930,BR002,SKU015128SI,1
REG-20250930-BR002-SKU015128PI,20250930,BR002,SKU015128PI,3
REG-20250930-BR002-SKU015256BL,20250930,BR002,SKU015256BL,6
REG-20250930-BR002-SKU015256SI,20250930,BR002,SKU015256SI,2
REG-20250930-BR002-SKU015256PI,20250930,BR002,SKU015256PI,1
REG-20250930-BR002-SKU016128BL,20250930,BR002,SKU016128BL,5
REG-20250930-BR002-SKU016128SI,20250930,BR002,SKU016128SI,5
REG-20250930-BR002-SKU016128PI,20250930,BR002,SKU016128PI,3
REG-20250930-BR002-SKU016256BL,20250930,BR002,SKU016256BL,3
REG-20250930-BR002-SKU016256SI,20250930,BR002,SKU016256SI,7
REG-20250930-BR002-SKU016256PI,20250930,BR002,SKU016256PI,10
REG-20250930-BR002-SKU017128BL,20250930,BR002,SKU017128BL,5
REG-20250930-BR002-SKU017128SI,20250930,BR002,SKU017128SI,11
REG-20250930-BR002-SKU017128PI,20250930,BR002,SKU017128PI,12
REG-20250930-BR002-SKU017256BL,20250930,BR002,SKU017256BL,11
REG-20250930-BR002-SKU017256SI,20250930,BR002,SKU017256SI,6
REG-20250930-BR002-SKU017256PI,20250930,BR002,SKU017256PI,11
REG-20250930-BR003-SKU015128BL,20250930,BR003,SKU015128BL,2
REG-20250930-BR003-SKU015128SI,20250930,BR003,SKU015128SI,2
REG-20250930-BR003-SKU015128PI,20250930,BR003,SKU015128PI,6
REG-20250930-BR003-SKU015256BL,20250930,BR003,SKU015256BL,5
REG-20250930-BR003-SKU015256SI,20250930,BR003,SKU015256SI,3
REG-20250930-BR003-SKU015256PI,20250930,BR003,SKU015256PI,4
REG-20250930-BR003-SKU016128BL,20250930,BR003,SKU016128BL,5
REG-20250930-BR003-SKU016128SI,20250930,BR003,SKU016128SI,9
REG-20250930-BR003-SKU016128PI,20250930,BR003,SKU016128PI,7
REG-20250930-BR003-SKU016256BL,20250930,BR003,SKU016256BL,6
REG-20250930-BR003-SKU016256SI,20250930,BR003,SKU016256SI,5
REG-20250930-BR003-SKU016256PI,20250930,BR003,SKU016256PI,5
REG-20250930-BR003-SKU017128BL,20250930,BR003,SKU017128BL,9
REG-20250930-BR003-SKU017128SI,20250930,BR003,SKU017128SI,11
REG-20250930-BR003-SKU017128PI,20250930,BR003,SKU017128PI,7
REG-20250930-BR003-SKU017256BL,20250930,BR003,SKU017256BL,10
REG-20250930-BR003-SKU017256SI,20250930,BR003,SKU017256SI,7
REG-20250930-BR003-SKU017256PI,20250930,BR003,SKU017256PI,12
REG-20250930-BR004-SKU015128BL,20250930,BR004,SKU015128BL,2
REG-20250930-BR004-SKU015128SI,20250930,BR004,SKU015128SI,3
REG-20250930-BR004-SKU015128PI,20250930,BR004,SKU015128PI,3
REG-20250930-BR004-SKU015256BL,20250930,BR004,SKU015256BL,6
REG-20250930-BR004-SKU015256SI,20250930,BR004,SKU015256SI,4
REG-20250930-BR004-SKU015256PI,20250930,BR004,SKU015256PI,3
REG-20250930-BR004-SKU016128BL,20250930,BR004,SKU016128BL,6
REG-20250930-BR004-SKU016128SI,20250930,BR004,SKU016128SI,1
REG-20250930-BR004-SKU016128PI,20250930,BR004,SKU016128PI,5
REG-20250930-BR004-SKU016256BL,20250930,BR004,SKU016256BL,2
REG-20250930-BR004-SKU016256SI,20250930,BR004,SKU016256SI,2
REG-20250930-BR004-SKU016256PI,20250930,BR004,SKU016256PI,2
REG-20250930-BR004-SKU017128BL,20250930,BR004,SKU017128BL,11
REG-20250930-BR004-SKU017128SI,20250930,BR004,SKU017128SI,4
REG-20250930-BR004-SKU017128PI,20250930,BR004,SKU017128PI,12
REG-20250930-BR004-SKU017256BL,20250930,BR004,SKU017256BL,7
REG-20250930-BR004-SKU017256SI,20250930,BR004,SKU017256SI,9
REG-20250930-BR004-SKU017256PI,20250930,BR004,SKU017256PI,4
REG-20250930-BR005-SKU015128BL,20250930,BR005,SKU015128BL,3
REG-20250930-BR005-SKU015128SI,20250930,BR005,SKU015128SI,2
REG-20250930-BR005-SKU015128PI,20250930,BR005,SKU015128PI,1
REG-20250930-BR005-SKU015256BL,20250930,BR005,SKU015256BL,4
REG-20250930-BR005-SKU015256SI,20250930,BR005,SKU015256SI,3
REG-20250930-BR005-SKU015256PI,20250930,BR005,SKU015256PI,5
REG-20250930-BR005-SKU016128BL,20250930,BR005,SKU016128BL,1
REG-20250930-BR005-SKU016128SI,20250930,BR005,SKU016128SI,3
REG-20250930-BR005-SKU016128PI,20250930,BR005,SKU016128PI,6
REG-20250930-BR005-SKU016256BL,20250930,BR005,SKU016256BL,1
REG-20250930-BR005-SKU016256SI,20250930,BR005,SKU016256SI,7
REG-20250930-BR005-SKU016256PI,20250930,BR005,SKU016256PI,8
REG-20250930-BR005-SKU017128BL,20250930,BR005,SKU017128BL,7
REG-20250930-BR005-SKU017128SI,20250930,BR005,SKU017128SI,10
REG-20250930-BR005-SKU017128PI,20250930,BR005,SKU017128PI,9
REG-20250930-BR005-SKU017256BL,20250930,BR005,SKU017256BL,9
REG-20250930-BR005-SKU017256SI,20250930,BR005,SKU017256SI,11
REG-20250930-BR005-SKU017256PI,20250930,BR005,SKU017256PI,9
REG-20251001-BR001-SKU015128BL,20251001,BR001,SKU015128BL,1
REG-20251001-BR001-SKU015128SI,20251001,BR001,SKU015128SI,6
REG-20251001-BR001-SKU015128PI,20251001,BR001,SKU015128PI,2
REG-20251001-BR001-SKU015256BL,20251001,BR001,SKU015256BL,4
REG-20251001-BR001-SKU015256SI,20251001,BR001,SKU015256SI,5
REG-20251001-BR001-SKU015256PI,20251001,BR001,SKU015256PI,3
REG-20251001-BR001-SKU016128BL,20251001,BR001,SKU016128BL,7
REG-20251001-BR001-SKU016128SI,20251001,BR001,SKU016128SI,8
REG-20251001-BR001-SKU016128PI,20251001,BR001,SKU016128PI,6
REG-20251001-BR001-SKU016256BL,20251001,BR001,SKU016256BL,9
REG-20251001-BR001-SKU016256SI,20251001,BR001,SKU016256SI,5
REG-20251001-BR001-SKU016256PI,20251001,BR001,SKU016256PI,7
REG-20251001-BR001-SKU017128BL,20251001,BR001,SKU017128BL,11
REG-20251001-BR001-SKU017128SI,20251001,BR001,SKU017128SI,13
REG-20251001-BR001-SKU017128PI,20251001,BR001,SKU017128PI,3
REG-20251001-BR001-SKU017256BL,20251001,BR001,SKU017256BL,11
REG-20251001-BR001-SKU017256SI,20251001,BR001,SKU017256SI,7
REG-20251001-BR001-SKU017256PI,20251001,BR001,SKU017256PI,7
REG-20251001-BR002-SKU015128BL,20251001,BR002,SKU015128BL,1
REG-20251001-BR002-SKU015128SI,20251001,BR002,SKU015128SI,1
REG-20251001-BR002-SKU015128PI,20251001,BR002,SKU015128PI,1
REG-20251001-BR002-SKU015256BL,20251001,BR002,SKU015256BL,5
REG-20251001-BR002-SKU015256SI,20251001,BR002,SKU015256SI,1
REG-20251001-BR002-SKU015256PI,20251001,BR002,SKU015256PI,2
REG-20251001-BR002-SKU016128BL,20251001,BR002,SKU016128BL,4
REG-20251001-BR002-SKU016128SI,20251001,BR002,SKU016128SI,4
REG-20251001-BR002-SKU016128PI,20251001,BR002,SKU016128PI,7
REG-20251001-BR002-SKU016256BL,20251001,BR002,SKU016256BL,3
REG-20251001-BR002-SKU016256SI,20251001,BR002,SKU016256SI,5
REG-20251001-BR002-SKU016256PI,20251001,BR002,SKU016256PI,5
REG-20251001-BR002-SKU017128BL,20251001,BR002,SKU017128BL,13
REG-20251001-BR002-SKU017128SI,20251001,BR002,SKU017128SI,6
REG-20251001-BR002-SKU017128PI,20251001,BR002,SKU017128PI,11
REG-20251001-BR002-SKU017256BL,20251001,BR002,SKU017256BL,8
REG-20251001-BR002-SKU017256SI,20251001,BR002,SKU017256SI,8
REG-20251001-BR002-SKU017256PI,20251001,BR002,SKU017256PI,7
REG-20251001-BR003-SKU015128BL,20251001,BR003,SKU015128BL,2
REG-20251001-BR003-SKU015128SI,20251001,BR003,SKU015128SI,1
REG-20251001-BR003-SKU015128PI,20251001,BR003,SKU015128PI,4
REG-20251001-BR003-SKU015256BL,20251001,BR003,SKU015256BL,2
REG-20251001-BR003-SKU015256SI,20251001,BR003,SKU015256SI,4
REG-20251001-BR003-SKU015256PI,20251001,BR003,SKU015256PI,2
REG-20251001-BR003-SKU016128BL,20251001,BR003,SKU016128BL,3
REG-20251001-BR003-SKU016128SI,20251001,BR003,SKU016128SI,5
REG-20251001-BR003-SKU016128PI,20251001,BR003,SKU016128PI,7
REG-20251001-BR003-SKU016256BL,20251001,BR003,SKU016256BL,6
REG-20251001-BR003-SKU016256SI,20251001,BR003,SKU016256SI,7
REG-20251001-BR003-SKU016256PI,20251001,BR003,SKU016256PI,7
REG-20251001-BR003-SKU017128BL,20251001,BR003,SKU017128BL,5
REG-20251001-BR003-SKU017128SI,20251001,BR003,SKU017128SI,12
REG-20251001-BR003-SKU017128PI,20251001,BR003,SKU017128PI,5
REG-20251001-BR003-SKU017256BL,20251001,BR003,SKU017256BL,11
REG-20251001-BR003-SKU017256SI,20251001,BR003,SKU017256SI,10
REG-20251001-BR003-SKU017256PI,20251001,BR003,SKU017256PI,7
REG-20251001-BR004-SKU015128BL,20251001,BR004,SKU015128BL,2
REG-20251001-BR004-SKU015128SI,20251001,BR004,SKU015128SI,3
REG-20251001-BR004-SKU015128PI,20251001,BR004,SKU015128PI,4
REG-20251001-BR004-SKU015256BL,20251001,BR004,SKU015256BL,2
REG-20251001-BR004-SKU015256SI,20251001,BR004,SKU015256SI,3
REG-20251001-BR004-SKU015256PI,20251001,BR004,SKU015256PI,3
REG-20251001-BR004-SKU016128BL,20251001,BR004,SKU016128BL,6
REG-20251001-BR004-SKU016128SI,20251001,BR004,SKU016128SI,7
REG-20251001-BR004-SKU016128PI,20251001,BR004,SKU016128PI,10
REG-20251001-BR004-SKU016256BL,20251001,BR004,SKU016256BL,6
REG-20251001-BR004-SKU016256SI,20251001,BR004,SKU016256SI,9
REG-20251001-BR004-SKU016256PI,20251001,BR004,SKU016256PI,3
REG-20251001-BR004-SKU017128BL,20251001,BR004,SKU017128BL,6
REG-20251001-BR004-SKU017128SI,20251001,BR004,SKU017128SI,11
REG-20251001-BR004-SKU017128PI,20251001,BR004,SKU017128PI,4
REG-20251001-BR004-SKU017256BL,20251001,BR004,SKU017256BL,12
REG-20251001-BR004-SKU017256SI,20251001,BR004,SKU017256SI,10
REG-20251001-BR004-SKU017256PI,20251001,BR004,SKU017256PI,8
REG-20251001-BR005-SKU015128BL,20251001,BR005,SKU015128BL,5
REG-20251001-BR005-SKU015128SI,20251001,BR005,SKU015128SI,1
REG-20251001-BR005-SKU015128PI,20251001,BR005,SKU015128PI,2
REG-20251001-BR005-SKU015256BL,20251001,BR005,SKU015256BL,6
REG-20251001-BR005-SKU015256SI,20251001,BR005,SKU015256SI,3
REG-20251001-BR005-SKU015256PI,20251001,BR005,SKU015256PI,1
REG-20251001-BR005-SKU016128BL,20251001,BR005,SKU016128BL,4
REG-20251001-BR005-SKU016128SI,20251001,BR005,SKU016128SI,2
REG-20251001-BR005-SKU016128PI,20251001,BR005,SKU016128PI,1
REG-20251001-BR005-SKU016256BL,20251001,BR005,SKU016256BL,6
REG-20251001-BR005-SKU016256SI,20251001,BR005,SKU016256SI,4
REG-20251001-BR005-SKU016256PI,20251001,BR005,SKU016256PI,3
REG-20251001-BR005-SKU017128BL,20251001,BR005,SKU017128BL,6
REG-20251001-BR005-SKU017128SI,20251001,BR005,SKU017128SI,13
REG-20251001-BR005-SKU017128PI,20251001,BR005,SKU017128PI,5
REG-20251001-BR005-SKU017256BL,20251001,BR005,SKU017256BL,10
REG-20251001-BR005-SKU017256SI,20251001,BR005,SKU017256SI,7
REG-20251001-BR005-SKU017256PI,20251001,BR005,SKU017256PI,11
REG-20251002-BR001-SKU015128BL,20251002,BR001,SKU015128BL,6
REG-20251002-BR001-SKU015128SI,20251002,BR001,SKU015128SI,1
REG-20251002-BR001-SKU015128PI,20251002,BR001,SKU015128PI,6
REG-20251002-BR001-SKU015256BL,20251002,BR001,SKU015256BL,1
REG-20251002-BR001-SKU015256SI,20251002,BR001,SKU015256SI,1
REG-20251002-BR001-SKU015256PI,20251002,BR001,SKU015256PI,2
REG-20251002-BR001-SKU016128BL,20251002,BR001,SKU016128BL,10
REG-20251002-BR001-SKU016128SI,20251002,BR001,SKU016128SI,3
REG-20251002-BR001-SKU016128PI,20251002,BR001,SKU016128PI,4
REG-20251002-BR001-SKU016256BL,20251002,BR001,SKU016256BL,4
REG-20251002-BR001-SKU016256SI,20251002,BR001,SKU016256SI,8
REG-20251002-BR001-SKU016256PI,20251002,BR001,SKU016256PI,8
REG-20251002-BR001-SKU017128BL,20251002,BR001,SKU017128BL,4
REG-20251002-BR001-SKU017128SI,20251002,BR001,SKU017128SI,10
REG-20251002-BR001-SKU017128PI,20251002,BR001,SKU017128PI,9
REG-20251002-BR001-SKU017256BL,20251002,BR001,SKU017256BL,6
REG-20251002-BR001-SKU017256SI,20251002,BR001,SKU017256SI,14
REG-20251002-BR001-SKU017256PI,20251002,BR001,SKU017256PI,5
REG-20251002-BR002-SKU015128BL,20251002,BR002,SKU015128BL,4
REG-20251002-BR002-SKU015128SI,20251002,BR002,SKU015128SI,6
REG-20251002-BR002-SKU015128PI,20251002,BR002,SKU015128PI,1
REG-20251002-BR002-SKU015256BL,20251002,BR002,SKU015256BL,4
REG-20251002-BR002-SKU015256SI,20251002,BR002,SKU015256SI,3
REG-20251002-BR002-SKU015256PI,20251002,BR002,SKU015256PI,5
REG-20251002-BR002-SKU016128BL,20251002,BR002,SKU016128BL,7
REG-20251002-BR002-SKU016128SI,20251002,BR002,SKU016128SI,3
REG-20251002-BR002-SKU016128PI,20251002,BR002,SKU016128PI,8
REG-20251002-BR002-SKU016256BL,20251002,BR002,SKU016256BL,5
REG-20251002-BR002-SKU016256SI,20251002,BR002,SKU016256SI,6
REG-20251002-BR002-SKU016256PI,20251002,BR002,SKU016256PI,3
REG-20251002-BR002-SKU017128BL,20251002,BR002,SKU017128BL,10
REG-20251002-BR002-SKU017128SI,20251002,BR002,SKU017128SI,7
REG-20251002-BR002-SKU017128PI,20251002,BR002,SKU017128PI,8
REG-20251002-BR002-SKU017256BL,20251002,BR002,SKU017256BL,7
REG-20251002-BR002-SKU017256SI,20251002,BR002,SKU017256SI,10
REG-20251002-BR002-SKU017256PI,20251002,BR002,SKU017256PI,7
REG-20251002-BR003-SKU015128BL,20251002,BR003,SKU015128BL,3
REG-20251002-BR003-SKU015128SI,20251002,BR003,SKU015128SI,4
REG-20251002-BR003-SKU015128PI,20251002,BR003,SKU015128PI,3
REG-20251002-BR003-SKU015256BL,20251002,BR003,SKU015256BL,5
REG-20251002-BR003-SKU015256SI,20251002,BR003,SKU015256SI,4
REG-20251002-BR003-SKU015256PI,20251002,BR003,SKU015256PI,1
REG-20251002-BR003-SKU016128BL,20251002,BR003,SKU016128BL,7
REG-20251002-BR003-SKU016128SI,20251002,BR003,SKU016128SI,9
REG-20251002-BR003-SKU016128PI,20251002,BR003,SKU016128PI,7
REG-20251002-BR003-SKU016256BL,20251002,BR003,SKU016256BL,4
REG-20251002-BR003-SKU016256SI,20251002,BR003,SKU016256SI,10
REG-20251002-BR003-SKU016256PI,20251002,BR003,SKU016256PI,5
REG-20251002-BR003-SKU017128BL,20251002,BR003,SKU017128BL,9
REG-20251002-BR003-SKU017128SI,20251002,BR003,SKU017128SI,7
REG-20251002-BR003-SKU017128PI,20251002,BR003,SKU017128PI,8
REG-20251002-BR003-SKU017256BL,20251002,BR003,SKU017256BL,5
REG-20251002-BR003-SKU017256SI,20251002,BR003,SKU017256SI,9
REG-20251002-BR003-SKU017256PI,20251002,BR003,SKU017256PI,5
REG-20251002-BR004-SKU015128BL,20251002,BR004,SKU015128BL,5
REG-20251002-BR004-SKU015128SI,20251002,BR004,SKU015128SI,4
REG-20251002-BR004-SKU015128PI,20251002,BR004,SKU015128PI,2
REG-20251002-BR004-SKU015256BL,20251002,BR004,SKU015256BL,1
REG-20251002-BR004-SKU015256SI,20251002,BR004,SKU015256SI,1
REG-20251002-BR004-SKU015256PI,20251002,BR004,SKU015256PI,3
REG-20251002-BR004-SKU016128BL,20251002,BR004,SKU016128BL,7
REG-20251002-BR004-SKU016128SI,20251002,BR004,SKU016128SI,9
REG-20251002-BR004-SKU016128PI,20251002,BR004,SKU016128PI,6
REG-20251002-BR004-SKU016256BL,20251002,BR004,SKU016256BL,6
REG-20251002-BR004-SKU016256SI,20251002,BR004,SKU016256SI,2
REG-20251002-BR004-SKU016256PI,20251002,BR004,SKU016256PI,3
REG-20251002-BR004-SKU017128BL,20251002,BR004,SKU017128BL,11
REG-20251002-BR004-SKU017128SI,20251002,BR004,SKU017128SI,12
REG-20251002-BR004-SKU017128PI,20251002,BR004,SKU017128PI,8
REG-20251002-BR004-SKU017256BL,20251002,BR004,SKU017256BL,13
REG-20251002-BR004-SKU017256SI,20251002,BR004,SKU017256SI,6
REG-20251002-BR004-SKU017256PI,20251002,BR004,SKU017256PI,7
REG-20251002-BR005-SKU015128BL,20251002,BR005,SKU015128BL,2
REG-20251002-BR005-SKU015128SI,20251002,BR005,SKU015128SI,1
REG-20251002-BR005-SKU015128PI,20251002,BR005,SKU015128PI,3
REG-20251002-BR005-SKU015256BL,20251002,BR005,SKU015256BL,1
REG-20251002-BR005-SKU015256SI,20251002,BR005,SKU015256SI,1
REG-20251002-BR005-SKU015256PI,20251002,BR005,SKU015256PI,6
REG-20251002-BR005-SKU016128BL,20251002,BR005,SKU016128BL,6
REG-20251002-BR005-SKU016128SI,20251002,BR005,SKU016128SI,5
REG-20251002-BR005-SKU016128PI,20251002,BR005,SKU016128PI,7
REG-20251002-BR005-SKU016256BL,20251002,BR005,SKU016256BL,5
REG-20251002-BR005-SKU016256SI,20251002,BR005,SKU016256SI,9
REG-20251002-BR005-SKU016256PI,20251002,BR005,SKU016256PI,8
REG-20251002-BR005-SKU017128BL,20251002,BR005,SKU017128BL,13
REG-20251002-BR005-SKU017128SI,20251002,BR005,SKU017128SI,7
REG-20251002-BR005-SKU017128PI,20251002,BR005,SKU017128PI,7
REG-20251002-BR005-SKU017256BL,20251002,BR005,SKU017256BL,10
REG-20251002-BR005-SKU017256SI,20251002,BR005,SKU017256SI,10
REG-20251002-BR005-SKU017256PI,20251002,BR005,SKU017256PI,9
REG-20251003-BR001-SKU015128BL,20251003,BR001,SKU015128BL,6
REG-20251003-BR001-SKU015128SI,20251003,BR001,SKU015128SI,1
REG-20251003-BR001-SKU015128PI,20251003,BR001,SKU015128PI,4
REG-20251003-BR001-SKU015256BL,20251003,BR001,SKU015256BL,4
REG-20251003-BR001-SKU015256SI,20251003,BR001,SKU015256SI,4
REG-20251003-BR001-SKU015256PI,20251003,BR001,SKU015256PI,3
REG-20251003-BR001-SKU016128BL,20251003,BR001,SKU016128BL,7
REG-20251003-BR001-SKU016128SI,20251003,BR001,SKU016128SI,5
REG-20251003-BR001-SKU016128PI,20251003,BR001,SKU016128PI,5
REG-20251003-BR001-SKU016256BL,20251003,BR001,SKU016256BL,9
REG-20251003-BR001-SKU016256SI,20251003,BR001,SKU016256SI,5
REG-20251003-BR001-SKU016256PI,20251003,BR001,SKU016256PI,2
REG-20251003-BR001-SKU017128BL,20251003,BR001,SKU017128BL,8
REG-20251003-BR001-SKU017128SI,20251003,BR001,SKU017128SI,11
REG-20251003-BR001-SKU017128PI,20251003,BR001,SKU017128PI,10
REG-20251003-BR001-SKU017256BL,20251003,BR001,SKU017256BL,8
REG-20251003-BR001-SKU017256SI,20251003,BR001,SKU017256SI,9
REG-20251003-BR001-SKU017256PI,20251003,BR001,SKU017256PI,6
REG-20251003-BR002-SKU015128BL,20251003,BR002,SKU015128BL,2
REG-20251003-BR002-SKU015128SI,20251003,BR002,SKU015128SI,1
REG-20251003-BR002-SKU015128PI,20251003,BR002,SKU015128PI,2
REG-20251003-BR002-SKU015256BL,20251003,BR002,SKU015256BL,1
REG-20251003-BR002-SKU015256SI,20251003,BR002,SKU015256SI,6
REG-20251003-BR002-SKU015256PI,20251003,BR002,SKU015256PI,3
REG-20251003-BR002-SKU016128BL,20251003,BR002,SKU016128BL,8
REG-20251003-BR002-SKU016128SI,20251003,BR002,SKU016128SI,2
REG-20251003-BR002-SKU016128PI,20251003,BR002,SKU016128PI,7
REG-20251003-BR002-SKU016256BL,20251003,BR002,SKU016256BL,7
REG-20251003-BR002-SKU016256SI,20251003,BR002,SKU016256SI,3
REG-20251003-BR002-SKU016256PI,20251003,BR002,SKU016256PI,2
REG-20251003-BR002-SKU017128BL,20251003,BR002,SKU017128BL,11
REG-20251003-BR002-SKU017128SI,20251003,BR002,SKU017128SI,10
REG-20251003-BR002-SKU017128PI,20251003,BR002,SKU017128PI,8
REG-20251003-BR002-SKU017256BL,20251003,BR002,SKU017256BL,5
REG-20251003-BR002-SKU017256SI,20251003,BR002,SKU017256SI,6
REG-20251003-BR002-SKU017256PI,20251003,BR002,SKU017256PI,7
REG-20251003-BR003-SKU015128BL,20251003,BR003,SKU015128BL,5
REG-20251003-BR003-SKU015128SI,20251003,BR003,SKU015128SI,6
REG-20251003-BR003-SKU015128PI,20251003,BR003,SKU015128PI,3
REG-20251003-BR003-SKU015256BL,20251003,BR003,SKU015256BL,3
REG-20251003-BR003-SKU015256SI,20251003,BR003,SKU015256SI,4
REG-20251003-BR003-SKU015256PI,20251003,BR003,SKU015256PI,5
REG-20251003-BR003-SKU016128BL,20251003,BR003,SKU016128BL,7
REG-20251003-BR003-SKU016128SI,20251003,BR003,SKU016128SI,5
REG-20251003-BR003-SKU016128PI,20251003,BR003,SKU016128PI,5
REG-20251003-BR003-SKU016256BL,20251003,BR003,SKU016256BL,6
REG-20251003-BR003-SKU016256SI,20251003,BR003,SKU016256SI,7
REG-20251003-BR003-SKU016256PI,20251003,BR003,SKU016256PI,10
REG-20251003-BR003-SKU017128BL,20251003,BR003,SKU017128BL,6
REG-20251003-BR003-SKU017128SI,20251003,BR003,SKU017128SI,6
REG-20251003-BR003-SKU017128PI,20251003,BR003,SKU017128PI,5
REG-20251003-BR003-SKU017256BL,20251003,BR003,SKU017256BL,4
REG-20251003-BR003-SKU017256SI,20251003,BR003,SKU017256SI,7
REG-20251003-BR003-SKU017256PI,20251003,BR003,SKU017256PI,9
REG-20251003-BR004-SKU015128BL,20251003,BR004,SKU015128BL,1
REG-20251003-BR004-SKU015128SI,20251003,BR004,SKU015128SI,2
REG-20251003-BR004-SKU015128PI,20251003,BR004,SKU015128PI,1
REG-20251003-BR004-SKU015256BL,20251003,BR004,SKU015256BL,5
REG-20251003-BR004-SKU015256SI,20251003,BR004,SKU015256SI,3
REG-20251003-BR004-SKU015256PI,20251003,BR004,SKU015256PI,1
REG-20251003-BR004-SKU016128BL,20251003,BR004,SKU016128BL,3
REG-20251003-BR004-SKU016128SI,20251003,BR004,SKU016128SI,5
REG-20251003-BR004-SKU016128PI,20251003,BR004,SKU016128PI,4
REG-20251003-BR004-SKU016256BL,20251003,BR004,SKU016256BL,8
REG-20251003-BR004-SKU016256SI,20251003,BR004,SKU016256SI,3
REG-20251003-BR004-SKU016256PI,20251003,BR004,SKU016256PI,5
REG-20251003-BR004-SKU017128BL,20251003,BR004,SKU017128BL,6
REG-20251003-BR004-SKU017128SI,20251003,BR004,SKU017128SI,12
REG-20251003-BR004-SKU017128PI,20251003,BR004,SKU017128PI,13
REG-20251003-BR004-SKU017256BL,20251003,BR004,SKU017256BL,7
REG-20251003-BR004-SKU017256SI,20251003,BR004,SKU017256SI,3
REG-20251003-BR004-SKU017256PI,20251003,BR004,SKU017256PI,7
REG-20251003-BR005-SKU015128BL,20251003,BR005,SKU015128BL,4
REG-20251003-BR005-SKU015128SI,20251003,BR005,SKU015128SI,3
REG-20251003-BR005-SKU015128PI,20251003,BR005,SKU015128PI,2
REG-20251003-BR005-SKU015256BL,20251003,BR005,SKU015256BL,6
REG-20251003-BR005-SKU015256SI,20251003,BR005,SKU015256SI,5
REG-20251003-BR005-SKU015256PI,20251003,BR005,SKU015256PI,4
REG-20251003-BR005-SKU016128BL,20251003,BR005,SKU016128BL,4
REG-20251003-BR005-SKU016128SI,20251003,BR005,SKU016128SI,2
REG-20251003-BR005-SKU016128PI,20251003,BR005,SKU016128PI,1
REG-20251003-BR005-SKU016256BL,20251003,BR005,SKU016256BL,4
REG-20251003-BR005-SKU016256SI,20251003,BR005,SKU016256SI,7
REG-20251003-BR005-SKU016256PI,20251003,BR005,SKU016256PI,8
REG-20251003-BR005-SKU017128BL,20251003,BR005,SKU017128BL,9
REG-20251003-BR005-SKU017128SI,20251003,BR005,SKU017128SI,10
REG-20251003-BR005-SKU017128PI,20251003,BR005,SKU017128PI,6
REG-20251003-BR005-SKU017256BL,20251003,BR005,SKU017256BL,8
REG-20251003-BR005-SKU017256SI,20251003,BR005,SKU017256SI,7
REG-20251003-BR005-SKU017256PI,20251003,BR005,SKU017256PI,9
REG-20251004-BR001-SKU015128BL,20251004,BR001,SKU015128BL,1
REG-20251004-BR001-SKU015128SI,20251004,BR001,SKU015128SI,1
REG-20251004-BR001-SKU015128PI,20251004,BR001,SKU015128PI,4
REG-20251004-BR001-SKU015256BL,20251004,BR001,SKU015256BL,1
REG-20251004-BR001-SKU015256SI,20251004,BR001,SKU015256SI,2
REG-20251004-BR001-SKU015256PI,20251004,BR001,SKU015256PI,4
REG-20251004-BR001-SKU016128BL,20251004,BR001,SKU016128BL,4
REG-20251004-BR001-SKU016128SI,20251004,BR001,SKU016128SI,7
REG-20251004-BR001-SKU016128PI,20251004,BR001,SKU016128PI,5
REG-20251004-BR001-SKU016256BL,20251004,BR001,SKU016256BL,9
REG-20251004-BR001-SKU016256SI,20251004,BR001,SKU016256SI,7
REG-20251004-BR001-SKU016256PI,20251004,BR001,SKU016256PI,7
REG-20251004-BR001-SKU017128BL,20251004,BR001,SKU017128BL,7
REG-20251004-BR001-SKU017128SI,20251004,BR001,SKU017128SI,11
REG-20251004-BR001-SKU017128PI,20251004,BR001,SKU017128PI,12
REG-20251004-BR001-SKU017256BL,20251004,BR001,SKU017256BL,4
REG-20251004-BR001-SKU017256SI,20251004,BR001,SKU017256SI,10
REG-20251004-BR001-SKU017256PI,20251004,BR001,SKU017256PI,5
REG-20251004-BR002-SKU015128BL,20251004,BR002,SKU015128BL,1
REG-20251004-BR002-SKU015128SI,20251004,BR002,SKU015128SI,4
REG-20251004-BR002-SKU015128PI,20251004,BR002,SKU015128PI,4
REG-20251004-BR002-SKU015256BL,20251004,BR002,SKU015256BL,3
REG-20251004-BR002-SKU015256SI,20251004,BR002,SKU015256SI,1
REG-20251004-BR002-SKU015256PI,20251004,BR002,SKU015256PI,1
REG-20251004-BR002-SKU016128BL,20251004,BR002,SKU016128BL,6
REG-20251004-BR002-SKU016128SI,20251004,BR002,SKU016128SI,4
REG-20251004-BR002-SKU016128PI,20251004,BR002,SKU016128PI,4
REG-20251004-BR002-SKU016256BL,20251004,BR002,SKU016256BL,6
REG-20251004-BR002-SKU016256SI,20251004,BR002,SKU016256SI,6
REG-20251004-BR002-SKU016256PI,20251004,BR002,SKU016256PI,4
REG-20251004-BR002-SKU017128BL,20251004,BR002,SKU017128BL,6
REG-20251004-BR002-SKU017128SI,20251004,BR002,SKU017128SI,4
REG-20251004-BR002-SKU017128PI,20251004,BR002,SKU017128PI,7
REG-20251004-BR002-SKU017256BL,20251004,BR002,SKU017256BL,6
REG-20251004-BR002-SKU017256SI,20251004,BR002,SKU017256SI,6
REG-20251004-BR002-SKU017256PI,20251004,BR002,SKU017256PI,11
REG-20251004-BR003-SKU015128BL,20251004,BR003,SKU015128BL,3
REG-20251004-BR003-SKU015128SI,20251004,BR003,SKU015128SI,1
REG-20251004-BR003-SKU015128PI,20251004,BR003,SKU015128PI,1
REG-20251004-BR003-SKU015256BL,20251004,BR003,SKU015256BL,2
REG-20251004-BR003-SKU015256SI,20251004,BR003,SKU015256SI,6
REG-20251004-BR003-SKU015256PI,20251004,BR003,SKU015256PI,1
REG-20251004-BR003-SKU016128BL,20251004,BR003,SKU016128BL,3
REG-20251004-BR003-SKU016128SI,20251004,BR003,SKU016128SI,10
REG-20251004-BR003-SKU016128PI,20251004,BR003,SKU016128PI,3
REG-20251004-BR003-SKU016256BL,20251004,BR003,SKU016256BL,4
REG-20251004-BR003-SKU016256SI,20251004,BR003,SKU016256SI,5
REG-20251004-BR003-SKU016256PI,20251004,BR003,SKU016256PI,8
REG-20251004-BR003-SKU017128BL,20251004,BR003,SKU017128BL,7
REG-20251004-BR003-SKU017128SI,20251004,BR003,SKU017128SI,8
REG-20251004-BR003-SKU017128PI,20251004,BR003,SKU017128PI,9
REG-20251004-BR003-SKU017256BL,20251004,BR003,SKU017256BL,8
REG-20251004-BR003-SKU017256SI,20251004,BR003,SKU017256SI,11
REG-20251004-BR003-SKU017256PI,20251004,BR003,SKU017256PI,11
REG-20251004-BR004-SKU015128BL,20251004,BR004,SKU015128BL,1
REG-20251004-BR004-SKU015128SI,20251004,BR004,SKU015128SI,1
REG-20251004-BR004-SKU015128PI,20251004,BR004,SKU015128PI,1
REG-20251004-BR004-SKU015256BL,20251004,BR004,SKU015256BL,3
REG-20251004-BR004-SKU015256SI,20251004,BR004,SKU015256SI,1
REG-20251004-BR004-SKU015256PI,20251004,BR004,SKU015256PI,5
REG-20251004-BR004-SKU016128BL,20251004,BR004,SKU016128BL,5
REG-20251004-BR004-SKU016128SI,20251004,BR004,SKU016128SI,4
REG-20251004-BR004-SKU016128PI,20251004,BR004,SKU016128PI,6
REG-20251004-BR004-SKU016256BL,20251004,BR004,SKU016256BL,2
REG-20251004-BR004-SKU016256SI,20251004,BR004,SKU016256SI,7
REG-20251004-BR004-SKU016256PI,20251004,BR004,SKU016256PI,7
REG-20251004-BR004-SKU017128BL,20251004,BR004,SKU017128BL,10
REG-20251004-BR004-SKU017128SI,20251004,BR004,SKU017128SI,5
REG-20251004-BR004-SKU017128PI,20251004,BR004,SKU017128PI,10
REG-20251004-BR004-SKU017256BL,20251004,BR004,SKU017256BL,7
REG-20251004-BR004-SKU017256SI,20251004,BR004,SKU017256SI,3
REG-20251004-BR004-SKU017256PI,20251004,BR004,SKU017256PI,12
REG-20251004-BR005-SKU015128BL,20251004,BR005,SKU015128BL,4
REG-20251004-BR005-SKU015128SI,20251004,BR005,SKU015128SI,6
REG-20251004-BR005-SKU015128PI,20251004,BR005,SKU015128PI,3
REG-20251004-BR005-SKU015256BL,20251004,BR005,SKU015256BL,2
REG-20251004-BR005-SKU015256SI,20251004,BR005,SKU015256SI,2
REG-20251004-BR005-SKU015256PI,20251004,BR005,SKU015256PI,1
REG-20251004-BR005-SKU016128BL,20251004,BR005,SKU016128BL,9
REG-20251004-BR005-SKU016128SI,20251004,BR005,SKU016128SI,4
REG-20251004-BR005-SKU016128PI,20251004,BR005,SKU016128PI,6
REG-20251004-BR005-SKU016256BL,20251004,BR005,SKU016256BL,5
REG-20251004-BR005-SKU016256SI,20251004,BR005,SKU016256SI,3
REG-20251004-BR005-SKU016256PI,20251004,BR005,SKU016256PI,7
REG-20251004-BR005-SKU017128BL,20251004,BR005,SKU017128BL,11
REG-20251004-BR005-SKU017128SI,20251004,BR005,SKU017128SI,7
REG-20251004-BR005-SKU017128PI,20251004,BR005,SKU017128PI,11
REG-20251004-BR005-SKU017256BL,20251004,BR005,SKU017256BL,10
REG-20251004-BR005-SKU017256SI,20251004,BR005,SKU017256SI,7
REG-20251004-BR005-SKU017256PI,20251004,BR005,SKU017256PI,6
REG-20251005-BR001-SKU015128BL,20251005,BR001,SKU015128BL,5
REG-20251005-BR001-SKU015128SI,20251005,BR001,SKU015128SI,2
REG-20251005-BR001-SKU015128PI,20251005,BR001,SKU015128PI,5
REG-20251005-BR001-SKU015256BL,20251005,BR001,SKU015256BL,4
REG-20251005-BR001-SKU015256SI,20251005,BR001,SKU015256SI,2
REG-20251005-BR001-SKU015256PI,20251005,BR001,SKU015256PI,1
REG-20251005-BR001-SKU016128BL,20251005,BR001,SKU016128BL,5
REG-20251005-BR001-SKU016128SI,20251005,BR001,SKU016128SI,7
REG-20251005-BR001-SKU016128PI,20251005,BR001,SKU016128PI,7
REG-20251005-BR001-SKU016256BL,20251005,BR001,SKU016256BL,8
REG-20251005-BR001-SKU016256SI,20251005,BR001,SKU016256SI,6
REG-20251005-BR001-SKU016256PI,20251005,BR001,SKU016256PI,6
REG-20251005-BR001-SKU017128BL,20251005,BR001,SKU017128BL,8
REG-20251005-BR001-SKU017128SI,20251005,BR001,SKU017128SI,9
REG-20251005-BR001-SKU017128PI,20251005,BR001,SKU017128PI,9
REG-20251005-BR001-SKU017256BL,20251005,BR001,SKU017256BL,12
REG-20251005-BR001-SKU017256SI,20251005,BR001,SKU017256SI,12
REG-20251005-BR001-SKU017256PI,20251005,BR001,SKU017256PI,7
REG-20251005-BR002-SKU015128BL,20251005,BR002,SKU015128BL,3
REG-20251005-BR002-SKU015128SI,20251005,BR002,SKU015128SI,2
REG-20251005-BR002-SKU015128PI,20251005,BR002,SKU015128PI,4
REG-20251005-BR002-SKU015256BL,20251005,BR002,SKU015256BL,2
REG-20251005-BR002-SKU015256SI,20251005,BR002,SKU015256SI,2
REG-20251005-BR002-SKU015256PI,20251005,BR002,SKU015256PI,2
REG-20251005-BR002-SKU016128BL,20251005,BR002,SKU016128BL,5
REG-20251005-BR002-SKU016128SI,20251005,BR002,SKU016128SI,10
REG-20251005-BR002-SKU016128PI,20251005,BR002,SKU016128PI,6
REG-20251005-BR002-SKU016256BL,20251005,BR002,SKU016256BL,4
REG-20251005-BR002-SKU016256SI,20251005,BR002,SKU016256SI,2
REG-20251005-BR002-SKU016256PI,20251005,BR002,SKU016256PI,6
REG-20251005-BR002-SKU017128BL,20251005,BR002,SKU017128BL,4
REG-20251005-BR002-SKU017128SI,20251005,BR002,SKU017128SI,8
REG-20251005-BR002-SKU017128PI,20251005,BR002,SKU017128PI,10
REG-20251005-BR002-SKU017256BL,20251005,BR002,SKU017256BL,11
REG-20251005-BR002-SKU017256SI,20251005,BR002,SKU017256SI,8
REG-20251005-BR002-SKU017256PI,20251005,BR002,SKU017256PI,11
REG-20251005-BR003-SKU015128BL,20251005,BR003,SKU015128BL,4
REG-20251005-BR003-SKU015128SI,20251005,BR003,SKU015128SI,1
REG-20251005-BR003-SKU015128PI,20251005,BR003,SKU015128PI,3
REG-20251005-BR003-SKU015256BL,20251005,BR003,SKU015256BL,3
REG-20251005-BR003-SKU015256SI,20251005,BR003,SKU015256SI,1
REG-20251005-BR003-SKU015256PI,20251005,BR003,SKU015256PI,5
REG-20251005-BR003-SKU016128BL,20251005,BR003,SKU016128BL,1
REG-20251005-BR003-SKU016128SI,20251005,BR003,SKU016128SI,10
REG-20251005-BR003-SKU016128PI,20251005,BR003,SKU016128PI,3
REG-20251005-BR003-SKU016256BL,20251005,BR003,SKU016256BL,3
REG-20251005-BR003-SKU016256SI,20251005,BR003,SKU016256SI,5
REG-20251005-BR003-SKU016256PI,20251005,BR003,SKU016256PI,10
REG-20251005-BR003-SKU017128BL,20251005,BR003,SKU017128BL,11
REG-20251005-BR003-SKU017128SI,20251005,BR003,SKU017128SI,12
REG-20251005-BR003-SKU017128PI,20251005,BR003,SKU017128PI,12
REG-20251005-BR003-SKU017256BL,20251005,BR003,SKU017256BL,7
REG-20251005-BR003-SKU017256SI,20251005,BR003,SKU017256SI,11
REG-20251005-BR003-SKU017256PI,20251005,BR003,SKU017256PI,10
REG-20251005-BR004-SKU015128BL,20251005,BR004,SKU015128BL,4
REG-20251005-BR004-SKU015128SI,20251005,BR004,SKU015128SI,3
REG-20251005-BR004-SKU015128PI,20251005,BR004,SKU015128PI,2
REG-20251005-BR004-SKU015256BL,20251005,BR004,SKU015256BL,1
REG-20251005-BR004-SKU015256SI,20251005,BR004,SKU015256SI,1
REG-20251005-BR004-SKU015256PI,20251005,BR004,SKU015256PI,3
REG-20251005-BR004-SKU016128BL,20251005,BR004,SKU016128BL,9
REG-20251005-BR004-SKU016128SI,20251005,BR004,SKU016128SI,2
REG-20251005-BR004-SKU016128PI,20251005,BR004,SKU016128PI,5
REG-20251005-BR004-SKU016256BL,20251005,BR004,SKU016256BL,8
REG-20251005-BR004-SKU016256SI,20251005,BR004,SKU016256SI,8
REG-20251005-BR004-SKU016256PI,20251005,BR004,SKU016256PI,5
REG-20251005-BR004-SKU017128BL,20251005,BR004,SKU017128BL,13
REG-20251005-BR004-SKU017128SI,20251005,BR004,SKU017128SI,13
REG-20251005-BR004-SKU017128PI,20251005,BR004,SKU017128PI,9
REG-20251005-BR004-SKU017256BL,20251005,BR004,SKU017256BL,8
REG-20251005-BR004-SKU017256SI,20251005,BR004,SKU017256SI,7
REG-20251005-BR004-SKU017256PI,20251005,BR004,SKU017256PI,11
REG-20251005-BR005-SKU015128BL,20251005,BR005,SKU015128BL,4
REG-20251005-BR005-SKU015128SI,20251005,BR005,SKU015128SI,1
REG-20251005-BR005-SKU015128PI,20251005,BR005,SKU015128PI,3
REG-20251005-BR005-SKU015256BL,20251005,BR005,SKU015256BL,4
REG-20251005-BR005-SKU015256SI,20251005,BR005,SKU015256SI,3
REG-20251005-BR005-SKU015256PI,20251005,BR005,SKU015256PI,2
REG-20251005-BR005-SKU016128BL,20251005,BR005,SKU016128BL,6
REG-20251005-BR005-SKU016128SI,20251005,BR005,SKU016128SI,6
REG-20251005-BR005-SKU016128PI,20251005,BR005,SKU016128PI,5
REG-20251005-BR005-SKU016256BL,20251005,BR005,SKU016256BL,9
REG-20251005-BR005-SKU016256SI,20251005,BR005,SKU016256SI,2
REG-20251005-BR005-SKU016256PI,20251005,BR005,SKU016256PI,4
REG-20251005-BR005-SKU017128BL,20251005,BR005,SKU017128BL,11
REG-20251005-BR005-SKU017128SI,20251005,BR005,SKU017128SI,5
REG-20251005-BR005-SKU017128PI,20251005,BR005,SKU017128PI,6
REG-20251005-BR005-SKU017256BL,20251005,BR005,SKU017256BL,14
REG-20251005-BR005-SKU017256SI,20251005,BR005,SKU017256SI,14
REG-20251005-BR005-SKU017256PI,20251005,BR005,SKU017256PI,11
REG-20251006-BR001-SKU015128BL,20251006,BR001,SKU015128BL,3
REG-20251006-BR001-SKU015128SI,20251006,BR001,SKU015128SI,2
REG-20251006-BR001-SKU015128PI,20251006,BR001,SKU015128PI,3
REG-20251006-BR001-SKU015256BL,20251006,BR001,SKU015256BL,5
REG-20251006-BR001-SKU015256SI,20251006,BR001,SKU015256SI,1
REG-20251006-BR001-SKU015256PI,20251006,BR001,SKU015256PI,6
REG-20251006-BR001-SKU016128BL,20251006,BR001,SKU016128BL,6
REG-20251006-BR001-SKU016128SI,20251006,BR001,SKU016128SI,3
REG-20251006-BR001-SKU016128PI,20251006,BR001,SKU016128PI,10
REG-20251006-BR001-SKU016256BL,20251006,BR001,SKU016256BL,3
REG-20251006-BR001-SKU016256SI,20251006,BR001,SKU016256SI,4
REG-20251006-BR001-SKU016256PI,20251006,BR001,SKU016256PI,6
REG-20251006-BR001-SKU017128BL,20251006,BR001,SKU017128BL,6
REG-20251006-BR001-SKU017128SI,20251006,BR001,SKU017128SI,8
REG-20251006-BR001-SKU017128PI,20251006,BR001,SKU017128PI,9
REG-20251006-BR001-SKU017256BL,20251006,BR001,SKU017256BL,7
REG-20251006-BR001-SKU017256SI,20251006,BR001,SKU017256SI,8
REG-20251006-BR001-SKU017256PI,20251006,BR001,SKU017256PI,9
REG-20251006-BR002-SKU015128BL,20251006,BR002,SKU015128BL,3
REG-20251006-BR002-SKU015128SI,20251006,BR002,SKU015128SI,2
REG-20251006-BR002-SKU015128PI,20251006,BR002,SKU015128PI,2
REG-20251006-BR002-SKU015256BL,20251006,BR002,SKU015256BL,3
REG-20251006-BR002-SKU015256SI,20251006,BR002,SKU015256SI,1
REG-20251006-BR002-SKU015256PI,20251006,BR002,SKU015256PI,1
REG-20251006-BR002-SKU016128BL,20251006,BR002,SKU016128BL,6
REG-20251006-BR002-SKU016128SI,20251006,BR002,SKU016128SI,7
REG-20251006-BR002-SKU016128PI,20251006,BR002,SKU016128PI,5
REG-20251006-BR002-SKU016256BL,20251006,BR002,SKU016256BL,9
REG-20251006-BR002-SKU016256SI,20251006,BR002,SKU016256SI,7
REG-20251006-BR002-SKU016256PI,20251006,BR002,SKU016256PI,6
REG-20251006-BR002-SKU017128BL,20251006,BR002,SKU017128BL,8
REG-20251006-BR002-SKU017128SI,20251006,BR002,SKU017128SI,7
REG-20251006-BR002-SKU017128PI,20251006,BR002,SKU017128PI,4
REG-20251006-BR002-SKU017256BL,20251006,BR002,SKU017256BL,13
REG-20251006-BR002-SKU017256SI,20251006,BR002,SKU017256SI,12
REG-20251006-BR002-SKU017256PI,20251006,BR002,SKU017256PI,14
REG-20251006-BR003-SKU015128BL,20251006,BR003,SKU015128BL,3
REG-20251006-BR003-SKU015128SI,20251006,BR003,SKU015128SI,5
REG-20251006-BR003-SKU015128PI,20251006,BR003,SKU015128PI,2
REG-20251006-BR003-SKU015256BL,20251006,BR003,SKU015256BL,2
REG-20251006-BR003-SKU015256SI,20251006,BR003,SKU015256SI,4
REG-20251006-BR003-SKU015256PI,20251006,BR003,SKU015256PI,4
REG-20251006-BR003-SKU016128BL,20251006,BR003,SKU016128BL,5
REG-20251006-BR003-SKU016128SI,20251006,BR003,SKU016128SI,5
REG-20251006-BR003-SKU016128PI,20251006,BR003,SKU016128PI,8
REG-20251006-BR003-SKU016256BL,20251006,BR003,SKU016256BL,8
REG-20251006-BR003-SKU016256SI,20251006,BR003,SKU016256SI,8
REG-20251006-BR003-SKU016256PI,20251006,BR003,SKU016256PI,5
REG-20251006-BR003-SKU017128BL,20251006,BR003,SKU017128BL,7
REG-20251006-BR003-SKU017128SI,20251006,BR003,SKU017128SI,11
REG-20251006-BR003-SKU017128PI,20251006,BR003,SKU017128PI,12
REG-20251006-BR003-SKU017256BL,20251006,BR003,SKU017256BL,10
REG-20251006-BR003-SKU017256SI,20251006,BR003,SKU017256SI,10
REG-20251006-BR003-SKU017256PI,20251006,BR003,SKU017256PI,9
REG-20251006-BR004-SKU015128BL,20251006,BR004,SKU015128BL,5
REG-20251006-BR004-SKU015128SI,20251006,BR004,SKU015128SI,1
REG-20251006-BR004-SKU015128PI,20251006,BR004,SKU015128PI,1
REG-20251006-BR004-SKU015256BL,20251006,BR004,SKU015256BL,2
REG-20251006-BR004-SKU015256SI,20251006,BR004,SKU015256SI,2
REG-20251006-BR004-SKU015256PI,20251006,BR004,SKU015256PI,2
REG-20251006-BR004-SKU016128BL,20251006,BR004,SKU016128BL,8
REG-20251006-BR004-SKU016128SI,20251006,BR004,SKU016128SI,4
REG-20251006-BR004-SKU016128PI,20251006,BR004,SKU016128PI,1
REG-20251006-BR004-SKU016256BL,20251006,BR004,SKU016256BL,5
REG-20251006-BR004-SKU016256SI,20251006,BR004,SKU016256SI,5
REG-20251006-BR004-SKU016256PI,20251006,BR004,SKU016256PI,7
REG-20251006-BR004-SKU017128BL,20251006,BR004,SKU017128BL,4
REG-20251006-BR004-SKU017128SI,20251006,BR004,SKU017128SI,8
REG-20251006-BR004-SKU017128PI,20251006,BR004,SKU017128PI,8
REG-20251006-BR004-SKU017256BL,20251006,BR004,SKU017256BL,5
REG-20251006-BR004-SKU017256SI,20251006,BR004,SKU017256SI,7
REG-20251006-BR004-SKU017256PI,20251006,BR004,SKU017256PI,10
REG-20251006-BR005-SKU015128BL,20251006,BR005,SKU015128BL,2
REG-20251006-BR005-SKU015128SI,20251006,BR005,SKU015128SI,4
REG-20251006-BR005-SKU015128PI,20251006,BR005,SKU015128PI,3
REG-20251006-BR005-SKU015256BL,20251006,BR005,SKU015256BL,1
REG-20251006-BR005-SKU015256SI,20251006,BR005,SKU015256SI,1
REG-20251006-BR005-SKU015256PI,20251006,BR005,SKU015256PI,5
REG-20251006-BR005-SKU016128BL,20251006,BR005,SKU016128BL,3
REG-20251006-BR005-SKU016128SI,20251006,BR005,SKU016128SI,5
REG-20251006-BR005-SKU016128PI,20251006,BR005,SKU016128PI,5
REG-20251006-BR005-SKU016256BL,20251006,BR005,SKU016256BL,4
REG-20251006-BR005-SKU016256SI,20251006,BR005,SKU016256SI,6
REG-20251006-BR005-SKU016256PI,20251006,BR005,SKU016256PI,5
REG-20251006-BR005-SKU017128BL,20251006,BR005,SKU017128BL,10
REG-20251006-BR005-SKU017128SI,20251006,BR005,SKU017128SI,9
REG-20251006-BR005-SKU017128PI,20251006,BR005,SKU017128PI,10
REG-20251006-BR005-SKU017256BL,20251006,BR005,SKU017256BL,7
REG-20251006-BR005-SKU017256SI,20251006,BR005,SKU017256SI,7
REG-20251006-BR005-SKU017256PI,20251006,BR005,SKU017256PI,3
REG-20251007-BR001-SKU015128BL,20251007,BR001,SKU015128BL,3
REG-20251007-BR001-SKU015128SI,20251007,BR001,SKU015128SI,4
REG-20251007-BR001-SKU015128PI,20251007,BR001,SKU015128PI,2
REG-20251007-BR001-SKU015256BL,20251007,BR001,SKU015256BL,1
REG-20251007-BR001-SKU015256SI,20251007,BR001,SKU015256SI,2
REG-20251007-BR001-SKU015256PI,20251007,BR001,SKU015256PI,2
REG-20251007-BR001-SKU016128BL,20251007,BR001,SKU016128BL,8
REG-20251007-BR001-SKU016128SI,20251007,BR001,SKU016128SI,8
REG-20251007-BR001-SKU016128PI,20251007,BR001,SKU016128PI,5
REG-20251007-BR001-SKU016256BL,20251007,BR001,SKU016256BL,9
REG-20251007-BR001-SKU016256SI,20251007,BR001,SKU016256SI,7
REG-20251007-BR001-SKU016256PI,20251007,BR001,SKU016256PI,4
REG-20251007-BR001-SKU017128BL,20251007,BR001,SKU017128BL,6
REG-20251007-BR001-SKU017128SI,20251007,BR001,SKU017128SI,12
REG-20251007-BR001-SKU017128PI,20251007,BR001,SKU017128PI,8
REG-20251007-BR001-SKU017256BL,20251007,BR001,SKU017256BL,10
REG-20251007-BR001-SKU017256SI,20251007,BR001,SKU017256SI,10
REG-20251007-BR001-SKU017256PI,20251007,BR001,SKU017256PI,3
REG-20251007-BR002-SKU015128BL,20251007,BR002,SKU015128BL,5
REG-20251007-BR002-SKU015128SI,20251007,BR002,SKU015128SI,1
REG-20251007-BR002-SKU015128PI,20251007,BR002,SKU015128PI,4
REG-20251007-BR002-SKU015256BL,20251007,BR002,SKU015256BL,1
REG-20251007-BR002-SKU015256SI,20251007,BR002,SKU015256SI,2
REG-20251007-BR002-SKU015256PI,20251007,BR002,SKU015256PI,2
REG-20251007-BR002-SKU016128BL,20251007,BR002,SKU016128BL,9
REG-20251007-BR002-SKU016128SI,20251007,BR002,SKU016128SI,3
REG-20251007-BR002-SKU016128PI,20251007,BR002,SKU016128PI,4
REG-20251007-BR002-SKU016256BL,20251007,BR002,SKU016256BL,9
REG-20251007-BR002-SKU016256SI,20251007,BR002,SKU016256SI,7
REG-20251007-BR002-SKU016256PI,20251007,BR002,SKU016256PI,2
REG-20251007-BR002-SKU017128BL,20251007,BR002,SKU017128BL,6
REG-20251007-BR002-SKU017128SI,20251007,BR002,SKU017128SI,9
REG-20251007-BR002-SKU017128PI,20251007,BR002,SKU017128PI,9
REG-20251007-BR002-SKU017256BL,20251007,BR002,SKU017256BL,10
REG-20251007-BR002-SKU017256SI,20251007,BR002,SKU017256SI,10
REG-20251007-BR002-SKU017256PI,20251007,BR002,SKU017256PI,5
REG-20251007-BR003-SKU015128BL,20251007,BR003,SKU015128BL,1
REG-20251007-BR003-SKU015128SI,20251007,BR003,SKU015128SI,2
REG-20251007-BR003-SKU015128PI,20251007,BR003,SKU015128PI,1
REG-20251007-BR003-SKU015256BL,20251007,BR003,SKU015256BL,6
REG-20251007-BR003-SKU015256SI,20251007,BR003,SKU015256SI,4
REG-20251007-BR003-SKU015256PI,20251007,BR003,SKU015256PI,1
REG-20251007-BR003-SKU016128BL,20251007,BR003,SKU016128BL,2
REG-20251007-BR003-SKU016128SI,20251007,BR003,SKU016128SI,4
REG-20251007-BR003-SKU016128PI,20251007,BR003,SKU016128PI,8
REG-20251007-BR003-SKU016256BL,20251007,BR003,SKU016256BL,2
REG-20251007-BR003-SKU016256SI,20251007,BR003,SKU016256SI,7
REG-20251007-BR003-SKU016256PI,20251007,BR003,SKU016256PI,2
REG-20251007-BR003-SKU017128BL,20251007,BR003,SKU017128BL,5
REG-20251007-BR003-SKU017128SI,20251007,BR003,SKU017128SI,7
REG-20251007-BR003-SKU017128PI,20251007,BR003,SKU017128PI,9
REG-20251007-BR003-SKU017256BL,20251007,BR003,SKU017256BL,4
REG-20251007-BR003-SKU017256SI,20251007,BR003,SKU017256SI,7
REG-20251007-BR003-SKU017256PI,20251007,BR003,SKU017256PI,6
REG-20251007-BR004-SKU015128BL,20251007,BR004,SKU015128BL,3
REG-20251007-BR004-SKU015128SI,20251007,BR004,SKU015128SI,4
REG-20251007-BR004-SKU015128PI,20251007,BR004,SKU015128PI,1
REG-20251007-BR004-SKU015256BL,20251007,BR004,SKU015256BL,2
REG-20251007-BR004-SKU015256SI,20251007,BR004,SKU015256SI,1
REG-20251007-BR004-SKU015256PI,20251007,BR004,SKU015256PI,2
REG-20251007-BR004-SKU016128BL,20251007,BR004,SKU016128BL,1
REG-20251007-BR004-SKU016128SI,20251007,BR004,SKU016128SI,4
REG-20251007-BR004-SKU016128PI,20251007,BR004,SKU016128PI,5
REG-20251007-BR004-SKU016256BL,20251007,BR004,SKU016256BL,8
REG-20251007-BR004-SKU016256SI,20251007,BR004,SKU016256SI,6
REG-20251007-BR004-SKU016256PI,20251007,BR004,SKU016256PI,5
REG-20251007-BR004-SKU017128BL,20251007,BR004,SKU017128BL,4
REG-20251007-BR004-SKU017128SI,20251007,BR004,SKU017128SI,8
REG-20251007-BR004-SKU017128PI,20251007,BR004,SKU017128PI,10
REG-20251007-BR004-SKU017256BL,20251007,BR004,SKU017256BL,6
REG-20251007-BR004-SKU017256SI,20251007,BR004,SKU017256SI,4
REG-20251007-BR004-SKU017256PI,20251007,BR004,SKU017256PI,4
REG-20251007-BR005-SKU015128BL,20251007,BR005,SKU015128BL,3
REG-20251007-BR005-SKU015128SI,20251007,BR005,SKU015128SI,4
REG-20251007-BR005-SKU015128PI,20251007,BR005,SKU015128PI,3
REG-20251007-BR005-SKU015256BL,20251007,BR005,SKU015256BL,1
REG-20251007-BR005-SKU015256SI,20251007,BR005,SKU015256SI,5
REG-20251007-BR005-SKU015256PI,20251007,BR005,SKU015256PI,5
REG-20251007-BR005-SKU016128BL,20251007,BR005,SKU016128BL,3
REG-20251007-BR005-SKU016128SI,20251007,BR005,SKU016128SI,5
REG-20251007-BR005-SKU016128PI,20251007,BR005,SKU016128PI,6
REG-20251007-BR005-SKU016256BL,20251007,BR005,SKU016256BL,9
REG-20251007-BR005-SKU016256SI,20251007,BR005,SKU016256SI,5
REG-20251007-BR005-SKU016256PI,20251007,BR005,SKU016256PI,8
REG-20251007-BR005-SKU017128BL,20251007,BR005,SKU017128BL,11
REG-20251007-BR005-SKU017128SI,20251007,BR005,SKU017128SI,7
REG-20251007-BR005-SKU017128PI,20251007,BR005,SKU017128PI,7
REG-20251007-BR005-SKU017256BL,20251007,BR005,SKU017256BL,8
REG-20251007-BR005-SKU017256SI,20251007,BR005,SKU017256SI,8
REG-20251007-BR005-SKU017256PI,20251007,BR005,SKU017256PI,12
REG-20251008-BR001-SKU015128BL,20251008,BR001,SKU015128BL,3
REG-20251008-BR001-SKU015128SI,20251008,BR001,SKU015128SI,2
REG-20251008-BR001-SKU015128PI,20251008,BR001,SKU015128PI,1
REG-20251008-BR001-SKU015256BL,20251008,BR001,SKU015256BL,1
REG-20251008-BR001-SKU015256SI,20251008,BR001,SKU015256SI,5
REG-20251008-BR001-SKU015256PI,20251008,BR001,SKU015256PI,1
REG-20251008-BR001-SKU016128BL,20251008,BR001,SKU016128BL,6
REG-20251008-BR001-SKU016128SI,20251008,BR001,SKU016128SI,3
REG-20251008-BR001-SKU016128PI,20251008,BR001,SKU016128PI,4
REG-20251008-BR001-SKU016256BL,20251008,BR001,SKU016256BL,6
REG-20251008-BR001-SKU016256SI,20251008,BR001,SKU016256SI,7
REG-20251008-BR001-SKU016256PI,20251008,BR001,SKU016256PI,4
REG-20251008-BR001-SKU017128BL,20251008,BR001,SKU017128BL,4
REG-20251008-BR001-SKU017128SI,20251008,BR001,SKU017128SI,6
REG-20251008-BR001-SKU017128PI,20251008,BR001,SKU017128PI,6
REG-20251008-BR001-SKU017256BL,20251008,BR001,SKU017256BL,4
REG-20251008-BR001-SKU017256SI,20251008,BR001,SKU017256SI,9
REG-20251008-BR001-SKU017256PI,20251008,BR001,SKU017256PI,11
REG-20251008-BR002-SKU015128BL,20251008,BR002,SKU015128BL,2
REG-20251008-BR002-SKU015128SI,20251008,BR002,SKU015128SI,1
REG-20251008-BR002-SKU015128PI,20251008,BR002,SKU015128PI,2
REG-20251008-BR002-SKU015256BL,20251008,BR002,SKU015256BL,1
REG-20251008-BR002-SKU015256SI,20251008,BR002,SKU015256SI,3
REG-20251008-BR002-SKU015256PI,20251008,BR002,SKU015256PI,3
REG-20251008-BR002-SKU016128BL,20251008,BR002,SKU016128BL,4
REG-20251008-BR002-SKU016128SI,20251008,BR002,SKU016128SI,8
REG-20251008-BR002-SKU016128PI,20251008,BR002,SKU016128PI,4
REG-20251008-BR002-SKU016256BL,20251008,BR002,SKU016256BL,3
REG-20251008-BR002-SKU016256SI,20251008,BR002,SKU016256SI,8
REG-20251008-BR002-SKU016256PI,20251008,BR002,SKU016256PI,5
REG-20251008-BR002-SKU017128BL,20251008,BR002,SKU017128BL,9
REG-20251008-BR002-SKU017128SI,20251008,BR002,SKU017128SI,11
REG-20251008-BR002-SKU017128PI,20251008,BR002,SKU017128PI,10
REG-20251008-BR002-SKU017256BL,20251008,BR002,SKU017256BL,8
REG-20251008-BR002-SKU017256SI,20251008,BR002,SKU017256SI,5
REG-20251008-BR002-SKU017256PI,20251008,BR002,SKU017256PI,5
REG-20251008-BR003-SKU015128BL,20251008,BR003,SKU015128BL,1
REG-20251008-BR003-SKU015128SI,20251008,BR003,SKU015128SI,5
REG-20251008-BR003-SKU015128PI,20251008,BR003,SKU015128PI,3
REG-20251008-BR003-SKU015256BL,20251008,BR003,SKU015256BL,2
REG-20251008-BR003-SKU015256SI,20251008,BR003,SKU015256SI,5
REG-20251008-BR003-SKU015256PI,20251008,BR003,SKU015256PI,4
REG-20251008-BR003-SKU016128BL,20251008,BR003,SKU016128BL,6
REG-20251008-BR003-SKU016128SI,20251008,BR003,SKU016128SI,6
REG-20251008-BR003-SKU016128PI,20251008,BR003,SKU016128PI,4
REG-20251008-BR003-SKU016256BL,20251008,BR003,SKU016256BL,8
REG-20251008-BR003-SKU016256SI,20251008,BR003,SKU016256SI,6
REG-20251008-BR003-SKU016256PI,20251008,BR003,SKU016256PI,7
REG-20251008-BR003-SKU017128BL,20251008,BR003,SKU017128BL,7
REG-20251008-BR003-SKU017128SI,20251008,BR003,SKU017128SI,10
REG-20251008-BR003-SKU017128PI,20251008,BR003,SKU017128PI,8
REG-20251008-BR003-SKU017256BL,20251008,BR003,SKU017256BL,13
REG-20251008-BR003-SKU017256SI,20251008,BR003,SKU017256SI,10
REG-20251008-BR003-SKU017256PI,20251008,BR003,SKU017256PI,9
REG-20251008-BR004-SKU015128BL,20251008,BR004,SKU015128BL,2
REG-20251008-BR004-SKU015128SI,20251008,BR004,SKU015128SI,1
REG-20251008-BR004-SKU015128PI,20251008,BR004,SKU015128PI,6
REG-20251008-BR004-SKU015256BL,20251008,BR004,SKU015256BL,2
REG-20251008-BR004-SKU015256SI,20251008,BR004,SKU015256SI,5
REG-20251008-BR004-SKU015256PI,20251008,BR004,SKU015256PI,2
REG-20251008-BR004-SKU016128BL,20251008,BR004,SKU016128BL,5
REG-20251008-BR004-SKU016128SI,20251008,BR004,SKU016128SI,5
REG-20251008-BR004-SKU016128PI,20251008,BR004,SKU016128PI,4
REG-20251008-BR004-SKU016256BL,20251008,BR004,SKU016256BL,3
REG-20251008-BR004-SKU016256SI,20251008,BR004,SKU016256SI,5
REG-20251008-BR004-SKU016256PI,20251008,BR004,SKU016256PI,2
REG-20251008-BR004-SKU017128BL,20251008,BR004,SKU017128BL,6
REG-20251008-BR004-SKU017128SI,20251008,BR004,SKU017128SI,8
REG-20251008-BR004-SKU017128PI,20251008,BR004,SKU017128PI,14
REG-20251008-BR004-SKU017256BL,20251008,BR004,SKU017256BL,6
REG-20251008-BR004-SKU017256SI,20251008,BR004,SKU017256SI,11
REG-20251008-BR004-SKU017256PI,20251008,BR004,SKU017256PI,10
REG-20251008-BR005-SKU015128BL,20251008,BR005,SKU015128BL,4
REG-20251008-BR005-SKU015128SI,20251008,BR005,SKU015128SI,1
REG-20251008-BR005-SKU015128PI,20251008,BR005,SKU015128PI,4
REG-20251008-BR005-SKU015256BL,20251008,BR005,SKU015256BL,1
REG-20251008-BR005-SKU015256SI,20251008,BR005,SKU015256SI,4
REG-20251008-BR005-SKU015256PI,20251008,BR005,SKU015256PI,1
REG-20251008-BR005-SKU016128BL,20251008,BR005,SKU016128BL,7
REG-20251008-BR005-SKU016128SI,20251008,BR005,SKU016128SI,6
REG-20251008-BR005-SKU016128PI,20251008,BR005,SKU016128PI,7
REG-20251008-BR005-SKU016256BL,20251008,BR005,SKU016256BL,1
REG-20251008-BR005-SKU016256SI,20251008,BR005,SKU016256SI,6
REG-20251008-BR005-SKU016256PI,20251008,BR005,SKU016256PI,8
REG-20251008-BR005-SKU017128BL,20251008,BR005,SKU017128BL,5
REG-20251008-BR005-SKU017128SI,20251008,BR005,SKU017128SI,9
REG-20251008-BR005-SKU017128PI,20251008,BR005,SKU017128PI,8
REG-20251008-BR005-SKU017256BL,20251008,BR005,SKU017256BL,7
REG-20251008-BR005-SKU017256SI,20251008,BR005,SKU017256SI,9
REG-20251008-BR005-SKU017256PI,20251008,BR005,SKU017256PI,7
REG-20251009-BR001-SKU015128BL,20251009,BR001,SKU015128BL,1
REG-20251009-BR001-SKU015128SI,20251009,BR001,SKU015128SI,3
REG-20251009-BR001-SKU015128PI,20251009,BR001,SKU015128PI,5
REG-20251009-BR001-SKU015256BL,20251009,BR001,SKU015256BL,4
REG-20251009-BR001-SKU015256SI,20251009,BR001,SKU015256SI,1
REG-20251009-BR001-SKU015256PI,20251009,BR001,SKU015256PI,3
REG-20251009-BR001-SKU016128BL,20251009,BR001,SKU016128BL,7
REG-20251009-BR001-SKU016128SI,20251009,BR001,SKU016128SI,9
REG-20251009-BR001-SKU016128PI,20251009,BR001,SKU016128PI,4
REG-20251009-BR001-SKU016256BL,20251009,BR001,SKU016256BL,10
REG-20251009-BR001-SKU016256SI,20251009,BR001,SKU016256SI,10
REG-20251009-BR001-SKU016256PI,20251009,BR001,SKU016256PI,6
REG-20251009-BR001-SKU017128BL,20251009,BR001,SKU017128BL,8
REG-20251009-BR001-SKU017128SI,20251009,BR001,SKU017128SI,9
REG-20251009-BR001-SKU017128PI,20251009,BR001,SKU017128PI,4
REG-20251009-BR001-SKU017256BL,20251009,BR001,SKU017256BL,10
REG-20251009-BR001-SKU017256SI,20251009,BR001,SKU017256SI,7
REG-20251009-BR001-SKU017256PI,20251009,BR001,SKU017256PI,5
REG-20251009-BR002-SKU015128BL,20251009,BR002,SKU015128BL,1
REG-20251009-BR002-SKU015128SI,20251009,BR002,SKU015128SI,3
REG-20251009-BR002-SKU015128PI,20251009,BR002,SKU015128PI,1
REG-20251009-BR002-SKU015256BL,20251009,BR002,SKU015256BL,1
REG-20251009-BR002-SKU015256SI,20251009,BR002,SKU015256SI,6
REG-20251009-BR002-SKU015256PI,20251009,BR002,SKU015256PI,3
REG-20251009-BR002-SKU016128BL,20251009,BR002,SKU016128BL,6
REG-20251009-BR002-SKU016128SI,20251009,BR002,SKU016128SI,4
REG-20251009-BR002-SKU016128PI,20251009,BR002,SKU016128PI,4
REG-20251009-BR002-SKU016256BL,20251009,BR002,SKU016256BL,1
REG-20251009-BR002-SKU016256SI,20251009,BR002,SKU016256SI,6
REG-20251009-BR002-SKU016256PI,20251009,BR002,SKU016256PI,8
REG-20251009-BR002-SKU017128BL,20251009,BR002,SKU017128BL,13
REG-20251009-BR002-SKU017128SI,20251009,BR002,SKU017128SI,10
REG-20251009-BR002-SKU017128PI,20251009,BR002,SKU017128PI,14
REG-20251009-BR002-SKU017256BL,20251009,BR002,SKU017256BL,13
REG-20251009-BR002-SKU017256SI,20251009,BR002,SKU017256SI,11
REG-20251009-BR002-SKU017256PI,20251009,BR002,SKU017256PI,7
REG-20251009-BR003-SKU015128BL,20251009,BR003,SKU015128BL,2
REG-20251009-BR003-SKU015128SI,20251009,BR003,SKU015128SI,3
REG-20251009-BR003-SKU015128PI,20251009,BR003,SKU015128PI,3
REG-20251009-BR003-SKU015256BL,20251009,BR003,SKU015256BL,1
REG-20251009-BR003-SKU015256SI,20251009,BR003,SKU015256SI,3
REG-20251009-BR003-SKU015256PI,20251009,BR003,SKU015256PI,3
REG-20251009-BR003-SKU016128BL,20251009,BR003,SKU016128BL,6
REG-20251009-BR003-SKU016128SI,20251009,BR003,SKU016128SI,10
REG-20251009-BR003-SKU016128PI,20251009,BR003,SKU016128PI,4
REG-20251009-BR003-SKU016256BL,20251009,BR003,SKU016256BL,3
REG-20251009-BR003-SKU016256SI,20251009,BR003,SKU016256SI,3
REG-20251009-BR003-SKU016256PI,20251009,BR003,SKU016256PI,1
REG-20251009-BR003-SKU017128BL,20251009,BR003,SKU017128BL,12
REG-20251009-BR003-SKU017128SI,20251009,BR003,SKU017128SI,8
REG-20251009-BR003-SKU017128PI,20251009,BR003,SKU017128PI,9
REG-20251009-BR003-SKU017256BL,20251009,BR003,SKU017256BL,6
REG-20251009-BR003-SKU017256SI,20251009,BR003,SKU017256SI,5
REG-20251009-BR003-SKU017256PI,20251009,BR003,SKU017256PI,9
REG-20251009-BR004-SKU015128BL,20251009,BR004,SKU015128BL,4
REG-20251009-BR004-SKU015128SI,20251009,BR004,SKU015128SI,4
REG-20251009-BR004-SKU015128PI,20251009,BR004,SKU015128PI,1
REG-20251009-BR004-SKU015256BL,20251009,BR004,SKU015256BL,2
REG-20251009-BR004-SKU015256SI,20251009,BR004,SKU015256SI,3
REG-20251009-BR004-SKU015256PI,20251009,BR004,SKU015256PI,4
REG-20251009-BR004-SKU016128BL,20251009,BR004,SKU016128BL,2
REG-20251009-BR004-SKU016128SI,20251009,BR004,SKU016128SI,10
REG-20251009-BR004-SKU016128PI,20251009,BR004,SKU016128PI,7
REG-20251009-BR004-SKU016256BL,20251009,BR004,SKU016256BL,8
REG-20251009-BR004-SKU016256SI,20251009,BR004,SKU016256SI,6
REG-20251009-BR004-SKU016256PI,20251009,BR004,SKU016256PI,6
REG-20251009-BR004-SKU017128BL,20251009,BR004,SKU017128BL,12
REG-20251009-BR004-SKU017128SI,20251009,BR004,SKU017128SI,7
REG-20251009-BR004-SKU017128PI,20251009,BR004,SKU017128PI,4
REG-20251009-BR004-SKU017256BL,20251009,BR004,SKU017256BL,6
REG-20251009-BR004-SKU017256SI,20251009,BR004,SKU017256SI,6
REG-20251009-BR004-SKU017256PI,20251009,BR004,SKU017256PI,9
REG-20251009-BR005-SKU015128BL,20251009,BR005,SKU015128BL,1
REG-20251009-BR005-SKU015128SI,20251009,BR005,SKU015128SI,1
REG-20251009-BR005-SKU015128PI,20251009,BR005,SKU015128PI,4
REG-20251009-BR005-SKU015256BL,20251009,BR005,SKU015256BL,2
REG-20251009-BR005-SKU015256SI,20251009,BR005,SKU015256SI,1
REG-20251009-BR005-SKU015256PI,20251009,BR005,SKU015256PI,3
REG-20251009-BR005-SKU016128BL,20251009,BR005,SKU016128BL,4
REG-20251009-BR005-SKU016128SI,20251009,BR005,SKU016128SI,8
REG-20251009-BR005-SKU016128PI,20251009,BR005,SKU016128PI,5
REG-20251009-BR005-SKU016256BL,20251009,BR005,SKU016256BL,7
REG-20251009-BR005-SKU016256SI,20251009,BR005,SKU016256SI,9
REG-20251009-BR005-SKU016256PI,20251009,BR005,SKU016256PI,3
REG-20251009-BR005-SKU017128BL,20251009,BR005,SKU017128BL,10
REG-20251009-BR005-SKU017128SI,20251009,BR005,SKU017128SI,11
REG-20251009-BR005-SKU017128PI,20251009,BR005,SKU017128PI,11
REG-20251009-BR005-SKU017256BL,20251009,BR005,SKU017256BL,5
REG-20251009-BR005-SKU017256SI,20251009,BR005,SKU017256SI,10
REG-20251009-BR005-SKU017256PI,20251009,BR005,SKU017256PI,10
REG-20251010-BR001-SKU015128BL,20251010,BR001,SKU015128BL,1
REG-20251010-BR001-SKU015128SI,20251010,BR001,SKU015128SI,5
REG-20251010-BR001-SKU015128PI,20251010,BR001,SKU015128PI,4
REG-20251010-BR001-SKU015256BL,20251010,BR001,SKU015256BL,3
REG-20251010-BR001-SKU015256SI,20251010,BR001,SKU015256SI,3
REG-20251010-BR001-SKU015256PI,20251010,BR001,SKU015256PI,1
REG-20251010-BR001-SKU016128BL,20251010,BR001,SKU016128BL,4
REG-20251010-BR001-SKU016128SI,20251010,BR001,SKU016128SI,8
REG-20251010-BR001-SKU016128PI,20251010,BR001,SKU016128PI,3
REG-20251010-BR001-SKU016256BL,20251010,BR001,SKU016256BL,8
REG-20251010-BR001-SKU016256SI,20251010,BR001,SKU016256SI,1
REG-20251010-BR001-SKU016256PI,20251010,BR001,SKU016256PI,6
REG-20251010-BR001-SKU017128BL,20251010,BR001,SKU017128BL,10
REG-20251010-BR001-SKU017128SI,20251010,BR001,SKU017128SI,14
REG-20251010-BR001-SKU017128PI,20251010,BR001,SKU017128PI,6
REG-20251010-BR001-SKU017256BL,20251010,BR001,SKU017256BL,8
REG-20251010-BR001-SKU017256SI,20251010,BR001,SKU017256SI,11
REG-20251010-BR001-SKU017256PI,20251010,BR001,SKU017256PI,10
REG-20251010-BR002-SKU015128BL,20251010,BR002,SKU015128BL,5
REG-20251010-BR002-SKU015128SI,20251010,BR002,SKU015128SI,4
REG-20251010-BR002-SKU015128PI,20251010,BR002,SKU015128PI,3
REG-20251010-BR002-SKU015256BL,20251010,BR002,SKU015256BL,1
REG-20251010-BR002-SKU015256SI,20251010,BR002,SKU015256SI,2
REG-20251010-BR002-SKU015256PI,20251010,BR002,SKU015256PI,4
REG-20251010-BR002-SKU016128BL,20251010,BR002,SKU016128BL,3
REG-20251010-BR002-SKU016128SI,20251010,BR002,SKU016128SI,5
REG-20251010-BR002-SKU016128PI,20251010,BR002,SKU016128PI,5
REG-20251010-BR002-SKU016256BL,20251010,BR002,SKU016256BL,1
REG-20251010-BR002-SKU016256SI,20251010,BR002,SKU016256SI,6
REG-20251010-BR002-SKU016256PI,20251010,BR002,SKU016256PI,5
REG-20251010-BR002-SKU017128BL,20251010,BR002,SKU017128BL,12
REG-20251010-BR002-SKU017128SI,20251010,BR002,SKU017128SI,14
REG-20251010-BR002-SKU017128PI,20251010,BR002,SKU017128PI,11
REG-20251010-BR002-SKU017256BL,20251010,BR002,SKU017256BL,10
REG-20251010-BR002-SKU017256SI,20251010,BR002,SKU017256SI,12
REG-20251010-BR002-SKU017256PI,20251010,BR002,SKU017256PI,5
REG-20251010-BR003-SKU015128BL,20251010,BR003,SKU015128BL,4
REG-20251010-BR003-SKU015128SI,20251010,BR003,SKU015128SI,1
REG-20251010-BR003-SKU015128PI,20251010,BR003,SKU015128PI,4
REG-20251010-BR003-SKU015256BL,20251010,BR003,SKU015256BL,2
REG-20251010-BR003-SKU015256SI,20251010,BR003,SKU015256SI,1
REG-20251010-BR003-SKU015256PI,20251010,BR003,SKU015256PI,3
REG-20251010-BR003-SKU016128BL,20251010,BR003,SKU016128BL,6
REG-20251010-BR003-SKU016128SI,20251010,BR003,SKU016128SI,3
REG-20251010-BR003-SKU016128PI,20251010,BR003,SKU016128PI,7
REG-20251010-BR003-SKU016256BL,20251010,BR003,SKU016256BL,6
REG-20251010-BR003-SKU016256SI,20251010,BR003,SKU016256SI,6
REG-20251010-BR003-SKU016256PI,20251010,BR003,SKU016256PI,7
REG-20251010-BR003-SKU017128BL,20251010,BR003,SKU017128BL,8
REG-20251010-BR003-SKU017128SI,20251010,BR003,SKU017128SI,9
REG-20251010-BR003-SKU017128PI,20251010,BR003,SKU017128PI,10
REG-20251010-BR003-SKU017256BL,20251010,BR003,SKU017256BL,9
REG-20251010-BR003-SKU017256SI,20251010,BR003,SKU017256SI,8
REG-20251010-BR003-SKU017256PI,20251010,BR003,SKU017256PI,9
REG-20251010-BR004-SKU015128BL,20251010,BR004,SKU015128BL,1
REG-20251010-BR004-SKU015128SI,20251010,BR004,SKU015128SI,3
REG-20251010-BR004-SKU015128PI,20251010,BR004,SKU015128PI,5
REG-20251010-BR004-SKU015256BL,20251010,BR004,SKU015256BL,2
REG-20251010-BR004-SKU015256SI,20251010,BR004,SKU015256SI,1
REG-20251010-BR004-SKU015256PI,20251010,BR004,SKU015256PI,4
REG-20251010-BR004-SKU016128BL,20251010,BR004,SKU016128BL,3
REG-20251010-BR004-SKU016128SI,20251010,BR004,SKU016128SI,9
REG-20251010-BR004-SKU016128PI,20251010,BR004,SKU016128PI,10
REG-20251010-BR004-SKU016256BL,20251010,BR004,SKU016256BL,9
REG-20251010-BR004-SKU016256SI,20251010,BR004,SKU016256SI,6
REG-20251010-BR004-SKU016256PI,20251010,BR004,SKU016256PI,7
REG-20251010-BR004-SKU017128BL,20251010,BR004,SKU017128BL,4
REG-20251010-BR004-SKU017128SI,20251010,BR004,SKU017128SI,5
REG-20251010-BR004-SKU017128PI,20251010,BR004,SKU017128PI,12
REG-20251010-BR004-SKU017256BL,20251010,BR004,SKU017256BL,9
REG-20251010-BR004-SKU017256SI,20251010,BR004,SKU017256SI,8
REG-20251010-BR004-SKU017256PI,20251010,BR004,SKU017256PI,9
REG-20251010-BR005-SKU015128BL,20251010,BR005,SKU015128BL,1
REG-20251010-BR005-SKU015128SI,20251010,BR005,SKU015128SI,1
REG-20251010-BR005-SKU015128PI,20251010,BR005,SKU015128PI,1
REG-20251010-BR005-SKU015256BL,20251010,BR005,SKU015256BL,2
REG-20251010-BR005-SKU015256SI,20251010,BR005,SKU015256SI,1
REG-20251010-BR005-SKU015256PI,20251010,BR005,SKU015256PI,1
REG-20251010-BR005-SKU016128BL,20251010,BR005,SKU016128BL,4
REG-20251010-BR005-SKU016128SI,20251010,BR005,SKU016128SI,1
REG-20251010-BR005-SKU016128PI,20251010,BR005,SKU016128PI,7
REG-20251010-BR005-SKU016256BL,20251010,BR005,SKU016256BL,2
REG-20251010-BR005-SKU016256SI,20251010,BR005,SKU016256SI,1
REG-20251010-BR005-SKU016256PI,20251010,BR005,SKU016256PI,10
REG-20251010-BR005-SKU017128BL,20251010,BR005,SKU017128BL,6
REG-20251010-BR005-SKU017128SI,20251010,BR005,SKU017128SI,6
REG-20251010-BR005-SKU017128PI,20251010,BR005,SKU017128PI,3
REG-20251010-BR005-SKU017256BL,20251010,BR005,SKU017256BL,7
REG-20251010-BR005-SKU017256SI,20251010,BR005,SKU017256SI,4
REG-20251010-BR005-SKU017256PI,20251010,BR005,SKU017256PI,10
REG-20251011-BR001-SKU015128BL,20251011,BR001,SKU015128BL,1
REG-20251011-BR001-SKU015128SI,20251011,BR001,SKU015128SI,1
REG-20251011-BR001-SKU015128PI,20251011,BR001,SKU015128PI,1
REG-20251011-BR001-SKU015256BL,20251011,BR001,SKU015256BL,5
REG-20251011-BR001-SKU015256SI,20251011,BR001,SKU015256SI,3
REG-20251011-BR001-SKU015256PI,20251011,BR001,SKU015256PI,4
REG-20251011-BR001-SKU016128BL,20251011,BR001,SKU016128BL,10
REG-20251011-BR001-SKU016128SI,20251011,BR001,SKU016128SI,6
REG-20251011-BR001-SKU016128PI,20251011,BR001,SKU016128PI,5
REG-20251011-BR001-SKU016256BL,20251011,BR001,SKU016256BL,5
REG-20251011-BR001-SKU016256SI,20251011,BR001,SKU016256SI,5
REG-20251011-BR001-SKU016256PI,20251011,BR001,SKU016256PI,3
REG-20251011-BR001-SKU017128BL,20251011,BR001,SKU017128BL,8
REG-20251011-BR001-SKU017128SI,20251011,BR001,SKU017128SI,3
REG-20251011-BR001-SKU017128PI,20251011,BR001,SKU017128PI,10
REG-20251011-BR001-SKU017256BL,20251011,BR001,SKU017256BL,12
REG-20251011-BR001-SKU017256SI,20251011,BR001,SKU017256SI,8
REG-20251011-BR001-SKU017256PI,20251011,BR001,SKU017256PI,5
REG-20251011-BR002-SKU015128BL,20251011,BR002,SKU015128BL,4
REG-20251011-BR002-SKU015128SI,20251011,BR002,SKU015128SI,3
REG-20251011-BR002-SKU015128PI,20251011,BR002,SKU015128PI,3
REG-20251011-BR002-SKU015256BL,20251011,BR002,SKU015256BL,1
REG-20251011-BR002-SKU015256SI,20251011,BR002,SKU015256SI,2
REG-20251011-BR002-SKU015256PI,20251011,BR002,SKU015256PI,3
REG-20251011-BR002-SKU016128BL,20251011,BR002,SKU016128BL,5
REG-20251011-BR002-SKU016128SI,20251011,BR002,SKU016128SI,5
REG-20251011-BR002-SKU016128PI,20251011,BR002,SKU016128PI,5
REG-20251011-BR002-SKU016256BL,20251011,BR002,SKU016256BL,3
REG-20251011-BR002-SKU016256SI,20251011,BR002,SKU016256SI,4
REG-20251011-BR002-SKU016256PI,20251011,BR002,SKU016256PI,6
REG-20251011-BR002-SKU017128BL,20251011,BR002,SKU017128BL,14
REG-20251011-BR002-SKU017128SI,20251011,BR002,SKU017128SI,10
REG-20251011-BR002-SKU017128PI,20251011,BR002,SKU017128PI,10
REG-20251011-BR002-SKU017256BL,20251011,BR002,SKU017256BL,11
REG-20251011-BR002-SKU017256SI,20251011,BR002,SKU017256SI,10
REG-20251011-BR002-SKU017256PI,20251011,BR002,SKU017256PI,7
REG-20251011-BR003-SKU015128BL,20251011,BR003,SKU015128BL,2
REG-20251011-BR003-SKU015128SI,20251011,BR003,SKU015128SI,2
REG-20251011-BR003-SKU015128PI,20251011,BR003,SKU015128PI,2
REG-20251011-BR003-SKU015256BL,20251011,BR003,SKU015256BL,6
REG-20251011-BR003-SKU015256SI,20251011,BR003,SKU015256SI,1
REG-20251011-BR003-SKU015256PI,20251011,BR003,SKU015256PI,3
REG-20251011-BR003-SKU016128BL,20251011,BR003,SKU016128BL,8
REG-20251011-BR003-SKU016128SI,20251011,BR003,SKU016128SI,2
REG-20251011-BR003-SKU016128PI,20251011,BR003,SKU016128PI,3
REG-20251011-BR003-SKU016256BL,20251011,BR003,SKU016256BL,4
REG-20251011-BR003-SKU016256SI,20251011,BR003,SKU016256SI,6
REG-20251011-BR003-SKU016256PI,20251011,BR003,SKU016256PI,4
REG-20251011-BR003-SKU017128BL,20251011,BR003,SKU017128BL,9
REG-20251011-BR003-SKU017128SI,20251011,BR003,SKU017128SI,12
REG-20251011-BR003-SKU017128PI,20251011,BR003,SKU017128PI,10
REG-20251011-BR003-SKU017256BL,20251011,BR003,SKU017256BL,11
REG-20251011-BR003-SKU017256SI,20251011,BR003,SKU017256SI,12
REG-20251011-BR003-SKU017256PI,20251011,BR003,SKU017256PI,8
REG-20251011-BR004-SKU015128BL,20251011,BR004,SKU015128BL,2
REG-20251011-BR004-SKU015128SI,20251011,BR004,SKU015128SI,1
REG-20251011-BR004-SKU015128PI,20251011,BR004,SKU015128PI,5
REG-20251011-BR004-SKU015256BL,20251011,BR004,SKU015256BL,1
REG-20251011-BR004-SKU015256SI,20251011,BR004,SKU015256SI,1
REG-20251011-BR004-SKU015256PI,20251011,BR004,SKU015256PI,1
REG-20251011-BR004-SKU016128BL,20251011,BR004,SKU016128BL,4
REG-20251011-BR004-SKU016128SI,20251011,BR004,SKU016128SI,5
REG-20251011-BR004-SKU016128PI,20251011,BR004,SKU016128PI,7
REG-20251011-BR004-SKU016256BL,20251011,BR004,SKU016256BL,4
REG-20251011-BR004-SKU016256SI,20251011,BR004,SKU016256SI,9
REG-20251011-BR004-SKU016256PI,20251011,BR004,SKU016256PI,1
REG-20251011-BR004-SKU017128BL,20251011,BR004,SKU017128BL,13
REG-20251011-BR004-SKU017128SI,20251011,BR004,SKU017128SI,8
REG-20251011-BR004-SKU017128PI,20251011,BR004,SKU017128PI,13
REG-20251011-BR004-SKU017256BL,20251011,BR004,SKU017256BL,11
REG-20251011-BR004-SKU017256SI,20251011,BR004,SKU017256SI,12
REG-20251011-BR004-SKU017256PI,20251011,BR004,SKU017256PI,3
REG-20251011-BR005-SKU015128BL,20251011,BR005,SKU015128BL,2
REG-20251011-BR005-SKU015128SI,20251011,BR005,SKU015128SI,5
REG-20251011-BR005-SKU015128PI,20251011,BR005,SKU015128PI,4
REG-20251011-BR005-SKU015256BL,20251011,BR005,SKU015256BL,5
REG-20251011-BR005-SKU015256SI,20251011,BR005,SKU015256SI,1
REG-20251011-BR005-SKU015256PI,20251011,BR005,SKU015256PI,4
REG-20251011-BR005-SKU016128BL,20251011,BR005,SKU016128BL,8
REG-20251011-BR005-SKU016128SI,20251011,BR005,SKU016128SI,7
REG-20251011-BR005-SKU016128PI,20251011,BR005,SKU016128PI,7
REG-20251011-BR005-SKU016256BL,20251011,BR005,SKU016256BL,4
REG-20251011-BR005-SKU016256SI,20251011,BR005,SKU016256SI,9
REG-20251011-BR005-SKU016256PI,20251011,BR005,SKU016256PI,4
REG-20251011-BR005-SKU017128BL,20251011,BR005,SKU017128BL,14
REG-20251011-BR005-SKU017128SI,20251011,BR005,SKU017128SI,13
REG-20251011-BR005-SKU017128PI,20251011,BR005,SKU017128PI,9
REG-20251011-BR005-SKU017256BL,20251011,BR005,SKU017256BL,6
REG-20251011-BR005-SKU017256SI,20251011,BR005,SKU017256SI,10
REG-20251011-BR005-SKU017256PI,20251011,BR005,SKU017256PI,13
REG-20251012-BR001-SKU015128BL,20251012,BR001,SKU015128BL,3
REG-20251012-BR001-SKU015128SI,20251012,BR001,SKU015128SI,1
REG-20251012-BR001-SKU015128PI,20251012,BR001,SKU015128PI,3
REG-20251012-BR001-SKU015256BL,20251012,BR001,SKU015256BL,1
REG-20251012-BR001-SKU015256SI,20251012,BR001,SKU015256SI,3
REG-20251012-BR001-SKU015256PI,20251012,BR001,SKU015256PI,1
REG-20251012-BR001-SKU016128BL,20251012,BR001,SKU016128BL,4
REG-20251012-BR001-SKU016128SI,20251012,BR001,SKU016128SI,6
REG-20251012-BR001-SKU016128PI,20251012,BR001,SKU016128PI,6
REG-20251012-BR001-SKU016256BL,20251012,BR001,SKU016256BL,3
REG-20251012-BR001-SKU016256SI,20251012,BR001,SKU016256SI,7
REG-20251012-BR001-SKU016256PI,20251012,BR001,SKU016256PI,3
REG-20251012-BR001-SKU017128BL,20251012,BR001,SKU017128BL,11
REG-20251012-BR001-SKU017128SI,20251012,BR001,SKU017128SI,4
REG-20251012-BR001-SKU017128PI,20251012,BR001,SKU017128PI,7
REG-20251012-BR001-SKU017256BL,20251012,BR001,SKU017256BL,9
REG-20251012-BR001-SKU017256SI,20251012,BR001,SKU017256SI,7
REG-20251012-BR001-SKU017256PI,20251012,BR001,SKU017256PI,8
REG-20251012-BR002-SKU015128BL,20251012,BR002,SKU015128BL,5
REG-20251012-BR002-SKU015128SI,20251012,BR002,SKU015128SI,4
REG-20251012-BR002-SKU015128PI,20251012,BR002,SKU015128PI,2
REG-20251012-BR002-SKU015256BL,20251012,BR002,SKU015256BL,1
REG-20251012-BR002-SKU015256SI,20251012,BR002,SKU015256SI,6
REG-20251012-BR002-SKU015256PI,20251012,BR002,SKU015256PI,4
REG-20251012-BR002-SKU016128BL,20251012,BR002,SKU016128BL,5
REG-20251012-BR002-SKU016128SI,20251012,BR002,SKU016128SI,4
REG-20251012-BR002-SKU016128PI,20251012,BR002,SKU016128PI,7
REG-20251012-BR002-SKU016256BL,20251012,BR002,SKU016256BL,6
REG-20251012-BR002-SKU016256SI,20251012,BR002,SKU016256SI,7
REG-20251012-BR002-SKU016256PI,20251012,BR002,SKU016256PI,6
REG-20251012-BR002-SKU017128BL,20251012,BR002,SKU017128BL,9
REG-20251012-BR002-SKU017128SI,20251012,BR002,SKU017128SI,10
REG-20251012-BR002-SKU017128PI,20251012,BR002,SKU017128PI,10
REG-20251012-BR002-SKU017256BL,20251012,BR002,SKU017256BL,8
REG-20251012-BR002-SKU017256SI,20251012,BR002,SKU017256SI,7
REG-20251012-BR002-SKU017256PI,20251012,BR002,SKU017256PI,11
REG-20251012-BR003-SKU015128BL,20251012,BR003,SKU015128BL,3
REG-20251012-BR003-SKU015128SI,20251012,BR003,SKU015128SI,3
REG-20251012-BR003-SKU015128PI,20251012,BR003,SKU015128PI,3
REG-20251012-BR003-SKU015256BL,20251012,BR003,SKU015256BL,3
REG-20251012-BR003-SKU015256SI,20251012,BR003,SKU015256SI,3
REG-20251012-BR003-SKU015256PI,20251012,BR003,SKU015256PI,5
REG-20251012-BR003-SKU016128BL,20251012,BR003,SKU016128BL,4
REG-20251012-BR003-SKU016128SI,20251012,BR003,SKU016128SI,3
REG-20251012-BR003-SKU016128PI,20251012,BR003,SKU016128PI,7
REG-20251012-BR003-SKU016256BL,20251012,BR003,SKU016256BL,8
REG-20251012-BR003-SKU016256SI,20251012,BR003,SKU016256SI,4
REG-20251012-BR003-SKU016256PI,20251012,BR003,SKU016256PI,7
REG-20251012-BR003-SKU017128BL,20251012,BR003,SKU017128BL,11
REG-20251012-BR003-SKU017128SI,20251012,BR003,SKU017128SI,14
REG-20251012-BR003-SKU017128PI,20251012,BR003,SKU017128PI,5
REG-20251012-BR003-SKU017256BL,20251012,BR003,SKU017256BL,9
REG-20251012-BR003-SKU017256SI,20251012,BR003,SKU017256SI,11
REG-20251012-BR003-SKU017256PI,20251012,BR003,SKU017256PI,12
REG-20251012-BR004-SKU015128BL,20251012,BR004,SKU015128BL,6
REG-20251012-BR004-SKU015128SI,20251012,BR004,SKU015128SI,3
REG-20251012-BR004-SKU015128PI,20251012,BR004,SKU015128PI,2
REG-20251012-BR004-SKU015256BL,20251012,BR004,SKU015256BL,3
REG-20251012-BR004-SKU015256SI,20251012,BR004,SKU015256SI,1
REG-20251012-BR004-SKU015256PI,20251012,BR004,SKU015256PI,4
REG-20251012-BR004-SKU016128BL,20251012,BR004,SKU016128BL,6
REG-20251012-BR004-SKU016128SI,20251012,BR004,SKU016128SI,2
REG-20251012-BR004-SKU016128PI,20251012,BR004,SKU016128PI,6
REG-20251012-BR004-SKU016256BL,20251012,BR004,SKU016256BL,4
REG-20251012-BR004-SKU016256SI,20251012,BR004,SKU016256SI,7
REG-20251012-BR004-SKU016256PI,20251012,BR004,SKU016256PI,5
REG-20251012-BR004-SKU017128BL,20251012,BR004,SKU017128BL,6
REG-20251012-BR004-SKU017128SI,20251012,BR004,SKU017128SI,6
REG-20251012-BR004-SKU017128PI,20251012,BR004,SKU017128PI,4
REG-20251012-BR004-SKU017256BL,20251012,BR004,SKU017256BL,10
REG-20251012-BR004-SKU017256SI,20251012,BR004,SKU017256SI,14
REG-20251012-BR004-SKU017256PI,20251012,BR004,SKU017256PI,12
REG-20251012-BR005-SKU015128BL,20251012,BR005,SKU015128BL,1
REG-20251012-BR005-SKU015128SI,20251012,BR005,SKU015128SI,2
REG-20251012-BR005-SKU015128PI,20251012,BR005,SKU015128PI,1
REG-20251012-BR005-SKU015256BL,20251012,BR005,SKU015256BL,3
REG-20251012-BR005-SKU015256SI,20251012,BR005,SKU015256SI,1
REG-20251012-BR005-SKU015256PI,20251012,BR005,SKU015256PI,2
REG-20251012-BR005-SKU016128BL,20251012,BR005,SKU016128BL,1
REG-20251012-BR005-SKU016128SI,20251012,BR005,SKU016128SI,7
REG-20251012-BR005-SKU016128PI,20251012,BR005,SKU016128PI,3
REG-20251012-BR005-SKU016256BL,20251012,BR005,SKU016256BL,6
REG-20251012-BR005-SKU016256SI,20251012,BR005,SKU016256SI,6
REG-20251012-BR005-SKU016256PI,20251012,BR005,SKU016256PI,5
REG-20251012-BR005-SKU017128BL,20251012,BR005,SKU017128BL,6
REG-20251012-BR005-SKU017128SI,20251012,BR005,SKU017128SI,8
REG-20251012-BR005-SKU017128PI,20251012,BR005,SKU017128PI,10
REG-20251012-BR005-SKU017256BL,20251012,BR005,SKU017256BL,5
REG-20251012-BR005-SKU017256SI,20251012,BR005,SKU017256SI,6
REG-20251012-BR005-SKU017256PI,20251012,BR005,SKU017256PI,12
REG-20251013-BR001-SKU015128BL,20251013,BR001,SKU015128BL,3
REG-20251013-BR001-SKU015128SI,20251013,BR001,SKU015128SI,3
REG-20251013-BR001-SKU015128PI,20251013,BR001,SKU015128PI,1
REG-20251013-BR001-SKU015256BL,20251013,BR001,SKU015256BL,1
REG-20251013-BR001-SKU015256SI,20251013,BR001,SKU015256SI,4
REG-20251013-BR001-SKU015256PI,20251013,BR001,SKU015256PI,4
REG-20251013-BR001-SKU016128BL,20251013,BR001,SKU016128BL,5
REG-20251013-BR001-SKU016128SI,20251013,BR001,SKU016128SI,8
REG-20251013-BR001-SKU016128PI,20251013,BR001,SKU016128PI,3
REG-20251013-BR001-SKU016256BL,20251013,BR001,SKU016256BL,7
REG-20251013-BR001-SKU016256SI,20251013,BR001,SKU016256SI,7
REG-20251013-BR001-SKU016256PI,20251013,BR001,SKU016256PI,7
REG-20251013-BR001-SKU017128BL,20251013,BR001,SKU017128BL,8
REG-20251013-BR001-SKU017128SI,20251013,BR001,SKU017128SI,11
REG-20251013-BR001-SKU017128PI,20251013,BR001,SKU017128PI,10
REG-20251013-BR001-SKU017256BL,20251013,BR001,SKU017256BL,7
REG-20251013-BR001-SKU017256SI,20251013,BR001,SKU017256SI,3
REG-20251013-BR001-SKU017256PI,20251013,BR001,SKU017256PI,8
REG-20251013-BR002-SKU015128BL,20251013,BR002,SKU015128BL,4
REG-20251013-BR002-SKU015128SI,20251013,BR002,SKU015128SI,1
REG-20251013-BR002-SKU015128PI,20251013,BR002,SKU015128PI,3
REG-20251013-BR002-SKU015256BL,20251013,BR002,SKU015256BL,2
REG-20251013-BR002-SKU015256SI,20251013,BR002,SKU015256SI,4
REG-20251013-BR002-SKU015256PI,20251013,BR002,SKU015256PI,1
REG-20251013-BR002-SKU016128BL,20251013,BR002,SKU016128BL,4
REG-20251013-BR002-SKU016128SI,20251013,BR002,SKU016128SI,3
REG-20251013-BR002-SKU016128PI,20251013,BR002,SKU016128PI,6
REG-20251013-BR002-SKU016256BL,20251013,BR002,SKU016256BL,9
REG-20251013-BR002-SKU016256SI,20251013,BR002,SKU016256SI,3
REG-20251013-BR002-SKU016256PI,20251013,BR002,SKU016256PI,4
REG-20251013-BR002-SKU017128BL,20251013,BR002,SKU017128BL,13
REG-20251013-BR002-SKU017128SI,20251013,BR002,SKU017128SI,11
REG-20251013-BR002-SKU017128PI,20251013,BR002,SKU017128PI,5
REG-20251013-BR002-SKU017256BL,20251013,BR002,SKU017256BL,11
REG-20251013-BR002-SKU017256SI,20251013,BR002,SKU017256SI,6
REG-20251013-BR002-SKU017256PI,20251013,BR002,SKU017256PI,13
REG-20251013-BR003-SKU015128BL,20251013,BR003,SKU015128BL,4
REG-20251013-BR003-SKU015128SI,20251013,BR003,SKU015128SI,1
REG-20251013-BR003-SKU015128PI,20251013,BR003,SKU015128PI,3
REG-20251013-BR003-SKU015256BL,20251013,BR003,SKU015256BL,1
REG-20251013-BR003-SKU015256SI,20251013,BR003,SKU015256SI,3
REG-20251013-BR003-SKU015256PI,20251013,BR003,SKU015256PI,3
REG-20251013-BR003-SKU016128BL,20251013,BR003,SKU016128BL,5
REG-20251013-BR003-SKU016128SI,20251013,BR003,SKU016128SI,2
REG-20251013-BR003-SKU016128PI,20251013,BR003,SKU016128PI,6
REG-20251013-BR003-SKU016256BL,20251013,BR003,SKU016256BL,7
REG-20251013-BR003-SKU016256SI,20251013,BR003,SKU016256SI,8
REG-20251013-BR003-SKU016256PI,20251013,BR003,SKU016256PI,6
REG-20251013-BR003-SKU017128BL,20251013,BR003,SKU017128BL,11
REG-20251013-BR003-SKU017128SI,20251013,BR003,SKU017128SI,8
REG-20251013-BR003-SKU017128PI,20251013,BR003,SKU017128PI,10
REG-20251013-BR003-SKU017256BL,20251013,BR003,SKU017256BL,6
REG-20251013-BR003-SKU017256SI,20251013,BR003,SKU017256SI,11
REG-20251013-BR003-SKU017256PI,20251013,BR003,SKU017256PI,8
REG-20251013-BR004-SKU015128BL,20251013,BR004,SKU015128BL,6
REG-20251013-BR004-SKU015128SI,20251013,BR004,SKU015128SI,1
REG-20251013-BR004-SKU015128PI,20251013,BR004,SKU015128PI,3
REG-20251013-BR004-SKU015256BL,20251013,BR004,SKU015256BL,1
REG-20251013-BR004-SKU015256SI,20251013,BR004,SKU015256SI,3
REG-20251013-BR004-SKU015256PI,20251013,BR004,SKU015256PI,2
REG-20251013-BR004-SKU016128BL,20251013,BR004,SKU016128BL,4
REG-20251013-BR004-SKU016128SI,20251013,BR004,SKU016128SI,8
REG-20251013-BR004-SKU016128PI,20251013,BR004,SKU016128PI,7
REG-20251013-BR004-SKU016256BL,20251013,BR004,SKU016256BL,2
REG-20251013-BR004-SKU016256SI,20251013,BR004,SKU016256SI,4
REG-20251013-BR004-SKU016256PI,20251013,BR004,SKU016256PI,5
REG-20251013-BR004-SKU017128BL,20251013,BR004,SKU017128BL,7
REG-20251013-BR004-SKU017128SI,20251013,BR004,SKU017128SI,12
REG-20251013-BR004-SKU017128PI,20251013,BR004,SKU017128PI,10
REG-20251013-BR004-SKU017256BL,20251013,BR004,SKU017256BL,7
REG-20251013-BR004-SKU017256SI,20251013,BR004,SKU017256SI,8
REG-20251013-BR004-SKU017256PI,20251013,BR004,SKU017256PI,10
REG-20251013-BR005-SKU015128BL,20251013,BR005,SKU015128BL,3
REG-20251013-BR005-SKU015128SI,20251013,BR005,SKU015128SI,3
REG-20251013-BR005-SKU015128PI,20251013,BR005,SKU015128PI,2
REG-20251013-BR005-SKU015256BL,20251013,BR005,SKU015256BL,3
REG-20251013-BR005-SKU015256SI,20251013,BR005,SKU015256SI,3
REG-20251013-BR005-SKU015256PI,20251013,BR005,SKU015256PI,1
REG-20251013-BR005-SKU016128BL,20251013,BR005,SKU016128BL,5
REG-20251013-BR005-SKU016128SI,20251013,BR005,SKU016128SI,6
REG-20251013-BR005-SKU016128PI,20251013,BR005,SKU016128PI,5
REG-20251013-BR005-SKU016256BL,20251013,BR005,SKU016256BL,7
REG-20251013-BR005-SKU016256SI,20251013,BR005,SKU016256SI,9
REG-20251013-BR005-SKU016256PI,20251013,BR005,SKU016256PI,1
REG-20251013-BR005-SKU017128BL,20251013,BR005,SKU017128BL,11
REG-20251013-BR005-SKU017128SI,20251013,BR005,SKU017128SI,11
REG-20251013-BR005-SKU017128PI,20251013,BR005,SKU017128PI,9
REG-20251013-BR005-SKU017256BL,20251013,BR005,SKU017256BL,13
REG-20251013-BR005-SKU017256SI,20251013,BR005,SKU017256SI,7
REG-20251013-BR005-SKU017256PI,20251013,BR005,SKU017256PI,8
REG-20251014-BR001-SKU015128BL,20251014,BR001,SKU015128BL,1
REG-20251014-BR001-SKU015128SI,20251014,BR001,SKU015128SI,2
REG-20251014-BR001-SKU015128PI,20251014,BR001,SKU015128PI,4
REG-20251014-BR001-SKU015256BL,20251014,BR001,SKU015256BL,1
REG-20251014-BR001-SKU015256SI,20251014,BR001,SKU015256SI,5
REG-20251014-BR001-SKU015256PI,20251014,BR001,SKU015256PI,4
REG-20251014-BR001-SKU016128BL,20251014,BR001,SKU016128BL,6
REG-20251014-BR001-SKU016128SI,20251014,BR001,SKU016128SI,6
REG-20251014-BR001-SKU016128PI,20251014,BR001,SKU016128PI,5
REG-20251014-BR001-SKU016256BL,20251014,BR001,SKU016256BL,4
REG-20251014-BR001-SKU016256SI,20251014,BR001,SKU016256SI,6
REG-20251014-BR001-SKU016256PI,20251014,BR001,SKU016256PI,6
REG-20251014-BR001-SKU017128BL,20251014,BR001,SKU017128BL,11
REG-20251014-BR001-SKU017128SI,20251014,BR001,SKU017128SI,6
REG-20251014-BR001-SKU017128PI,20251014,BR001,SKU017128PI,10
REG-20251014-BR001-SKU017256BL,20251014,BR001,SKU017256BL,7
REG-20251014-BR001-SKU017256SI,20251014,BR001,SKU017256SI,8
REG-20251014-BR001-SKU017256PI,20251014,BR001,SKU017256PI,8
REG-20251014-BR002-SKU015128BL,20251014,BR002,SKU015128BL,3
REG-20251014-BR002-SKU015128SI,20251014,BR002,SKU015128SI,4
REG-20251014-BR002-SKU015128PI,20251014,BR002,SKU015128PI,5
REG-20251014-BR002-SKU015256BL,20251014,BR002,SKU015256BL,5
REG-20251014-BR002-SKU015256SI,20251014,BR002,SKU015256SI,4
REG-20251014-BR002-SKU015256PI,20251014,BR002,SKU015256PI,2
REG-20251014-BR002-SKU016128BL,20251014,BR002,SKU016128BL,9
REG-20251014-BR002-SKU016128SI,20251014,BR002,SKU016128SI,6
REG-20251014-BR002-SKU016128PI,20251014,BR002,SKU016128PI,9
REG-20251014-BR002-SKU016256BL,20251014,BR002,SKU016256BL,2
REG-20251014-BR002-SKU016256SI,20251014,BR002,SKU016256SI,2
REG-20251014-BR002-SKU016256PI,20251014,BR002,SKU016256PI,3
REG-20251014-BR002-SKU017128BL,20251014,BR002,SKU017128BL,6
REG-20251014-BR002-SKU017128SI,20251014,BR002,SKU017128SI,8
REG-20251014-BR002-SKU017128PI,20251014,BR002,SKU017128PI,13
REG-20251014-BR002-SKU017256BL,20251014,BR002,SKU017256BL,7
REG-20251014-BR002-SKU017256SI,20251014,BR002,SKU017256SI,6
REG-20251014-BR002-SKU017256PI,20251014,BR002,SKU017256PI,12
REG-20251014-BR003-SKU015128BL,20251014,BR003,SKU015128BL,5
REG-20251014-BR003-SKU015128SI,20251014,BR003,SKU015128SI,2
REG-20251014-BR003-SKU015128PI,20251014,BR003,SKU015128PI,1
REG-20251014-BR003-SKU015256BL,20251014,BR003,SKU015256BL,1
REG-20251014-BR003-SKU015256SI,20251014,BR003,SKU015256SI,2
REG-20251014-BR003-SKU015256PI,20251014,BR003,SKU015256PI,1
REG-20251014-BR003-SKU016128BL,20251014,BR003,SKU016128BL,10
REG-20251014-BR003-SKU016128SI,20251014,BR003,SKU016128SI,7
REG-20251014-BR003-SKU016128PI,20251014,BR003,SKU016128PI,10
REG-20251014-BR003-SKU016256BL,20251014,BR003,SKU016256BL,6
REG-20251014-BR003-SKU016256SI,20251014,BR003,SKU016256SI,5
REG-20251014-BR003-SKU016256PI,20251014,BR003,SKU016256PI,6
REG-20251014-BR003-SKU017128BL,20251014,BR003,SKU017128BL,9
REG-20251014-BR003-SKU017128SI,20251014,BR003,SKU017128SI,9
REG-20251014-BR003-SKU017128PI,20251014,BR003,SKU017128PI,6
REG-20251014-BR003-SKU017256BL,20251014,BR003,SKU017256BL,5
REG-20251014-BR003-SKU017256SI,20251014,BR003,SKU017256SI,7
REG-20251014-BR003-SKU017256PI,20251014,BR003,SKU017256PI,12
REG-20251014-BR004-SKU015128BL,20251014,BR004,SKU015128BL,1
REG-20251014-BR004-SKU015128SI,20251014,BR004,SKU015128SI,1
REG-20251014-BR004-SKU015128PI,20251014,BR004,SKU015128PI,2
REG-20251014-BR004-SKU015256BL,20251014,BR004,SKU015256BL,5
REG-20251014-BR004-SKU015256SI,20251014,BR004,SKU015256SI,5
REG-20251014-BR004-SKU015256PI,20251014,BR004,SKU015256PI,1
REG-20251014-BR004-SKU016128BL,20251014,BR004,SKU016128BL,5
REG-20251014-BR004-SKU016128SI,20251014,BR004,SKU016128SI,6
REG-20251014-BR004-SKU016128PI,20251014,BR004,SKU016128PI,10
REG-20251014-BR004-SKU016256BL,20251014,BR004,SKU016256BL,3
REG-20251014-BR004-SKU016256SI,20251014,BR004,SKU016256SI,3
REG-20251014-BR004-SKU016256PI,20251014,BR004,SKU016256PI,3
REG-20251014-BR004-SKU017128BL,20251014,BR004,SKU017128BL,8
REG-20251014-BR004-SKU017128SI,20251014,BR004,SKU017128SI,9
REG-20251014-BR004-SKU017128PI,20251014,BR004,SKU017128PI,11
REG-20251014-BR004-SKU017256BL,20251014,BR004,SKU017256BL,6
REG-20251014-BR004-SKU017256SI,20251014,BR004,SKU017256SI,9
REG-20251014-BR004-SKU017256PI,20251014,BR004,SKU017256PI,4
REG-20251014-BR005-SKU015128BL,20251014,BR005,SKU015128BL,3
REG-20251014-BR005-SKU015128SI,20251014,BR005,SKU015128SI,4
REG-20251014-BR005-SKU015128PI,20251014,BR005,SKU015128PI,1
REG-20251014-BR005-SKU015256BL,20251014,BR005,SKU015256BL,4
REG-20251014-BR005-SKU015256SI,20251014,BR005,SKU015256SI,4
REG-20251014-BR005-SKU015256PI,20251014,BR005,SKU015256PI,2
REG-20251014-BR005-SKU016128BL,20251014,BR005,SKU016128BL,6
REG-20251014-BR005-SKU016128SI,20251014,BR005,SKU016128SI,7
REG-20251014-BR005-SKU016128PI,20251014,BR005,SKU016128PI,5
REG-20251014-BR005-SKU016256BL,20251014,BR005,SKU016256BL,7
REG-20251014-BR005-SKU016256SI,20251014,BR005,SKU016256SI,6
REG-20251014-BR005-SKU016256PI,20251014,BR005,SKU016256PI,9
REG-20251014-BR005-SKU017128BL,20251014,BR005,SKU017128BL,9
REG-20251014-BR005-SKU017128SI,20251014,BR005,SKU017128SI,11
REG-20251014-BR005-SKU017128PI,20251014,BR005,SKU017128PI,8
REG-20251014-BR005-SKU017256BL,20251014,BR005,SKU017256BL,9
REG-20251014-BR005-SKU017256SI,20251014,BR005,SKU017256SI,7
REG-20251014-BR005-SKU017256PI,20251014,BR005,SKU017256PI,11
REG-20251015-BR001-SKU015128BL,20251015,BR001,SKU015128BL,1
REG-20251015-BR001-SKU015128SI,20251015,BR001,SKU015128SI,6
REG-20251015-BR001-SKU015128PI,20251015,BR001,SKU015128PI,1
REG-20251015-BR001-SKU015256BL,20251015,BR001,SKU015256BL,5
REG-20251015-BR001-SKU015256SI,20251015,BR001,SKU015256SI,2
REG-20251015-BR001-SKU015256PI,20251015,BR001,SKU015256PI,2
REG-20251015-BR001-SKU016128BL,20251015,BR001,SKU016128BL,4
REG-20251015-BR001-SKU016128SI,20251015,BR001,SKU016128SI,6
REG-20251015-BR001-SKU016128PI,20251015,BR001,SKU016128PI,6
REG-20251015-BR001-SKU016256BL,20251015,BR001,SKU016256BL,5
REG-20251015-BR001-SKU016256SI,20251015,BR001,SKU016256SI,5
REG-20251015-BR001-SKU016256PI,20251015,BR001,SKU016256PI,5
REG-20251015-BR001-SKU017128BL,20251015,BR001,SKU017128BL,8
REG-20251015-BR001-SKU017128SI,20251015,BR001,SKU017128SI,12
REG-20251015-BR001-SKU017128PI,20251015,BR001,SKU017128PI,7
REG-20251015-BR001-SKU017256BL,20251015,BR001,SKU017256BL,9
REG-20251015-BR001-SKU017256SI,20251015,BR001,SKU017256SI,11
REG-20251015-BR001-SKU017256PI,20251015,BR001,SKU017256PI,8
REG-20251015-BR002-SKU015128BL,20251015,BR002,SKU015128BL,1
REG-20251015-BR002-SKU015128SI,20251015,BR002,SKU015128SI,3
REG-20251015-BR002-SKU015128PI,20251015,BR002,SKU015128PI,3
REG-20251015-BR002-SKU015256BL,20251015,BR002,SKU015256BL,1
REG-20251015-BR002-SKU015256SI,20251015,BR002,SKU015256SI,4
REG-20251015-BR002-SKU015256PI,20251015,BR002,SKU015256PI,5
REG-20251015-BR002-SKU016128BL,20251015,BR002,SKU016128BL,9
REG-20251015-BR002-SKU016128SI,20251015,BR002,SKU016128SI,9
REG-20251015-BR002-SKU016128PI,20251015,BR002,SKU016128PI,7
REG-20251015-BR002-SKU016256BL,20251015,BR002,SKU016256BL,4
REG-20251015-BR002-SKU016256SI,20251015,BR002,SKU016256SI,3
REG-20251015-BR002-SKU016256PI,20251015,BR002,SKU016256PI,5
REG-20251015-BR002-SKU017128BL,20251015,BR002,SKU017128BL,7
REG-20251015-BR002-SKU017128SI,20251015,BR002,SKU017128SI,13
REG-20251015-BR002-SKU017128PI,20251015,BR002,SKU017128PI,3
REG-20251015-BR002-SKU017256BL,20251015,BR002,SKU017256BL,9
REG-20251015-BR002-SKU017256SI,20251015,BR002,SKU017256SI,4
REG-20251015-BR002-SKU017256PI,20251015,BR002,SKU017256PI,13
REG-20251015-BR003-SKU015128BL,20251015,BR003,SKU015128BL,6
REG-20251015-BR003-SKU015128SI,20251015,BR003,SKU015128SI,4
REG-20251015-BR003-SKU015128PI,20251015,BR003,SKU015128PI,4
REG-20251015-BR003-SKU015256BL,20251015,BR003,SKU015256BL,1
REG-20251015-BR003-SKU015256SI,20251015,BR003,SKU015256SI,1
REG-20251015-BR003-SKU015256PI,20251015,BR003,SKU015256PI,1
REG-20251015-BR003-SKU016128BL,20251015,BR003,SKU016128BL,1
REG-20251015-BR003-SKU016128SI,20251015,BR003,SKU016128SI,7
REG-20251015-BR003-SKU016128PI,20251015,BR003,SKU016128PI,2
REG-20251015-BR003-SKU016256BL,20251015,BR003,SKU016256BL,5
REG-20251015-BR003-SKU016256SI,20251015,BR003,SKU016256SI,7
REG-20251015-BR003-SKU016256PI,20251015,BR003,SKU016256PI,8
REG-20251015-BR003-SKU017128BL,20251015,BR003,SKU017128BL,6
REG-20251015-BR003-SKU017128SI,20251015,BR003,SKU017128SI,10
REG-20251015-BR003-SKU017128PI,20251015,BR003,SKU017128PI,8
REG-20251015-BR003-SKU017256BL,20251015,BR003,SKU017256BL,9
REG-20251015-BR003-SKU017256SI,20251015,BR003,SKU017256SI,5
REG-20251015-BR003-SKU017256PI,20251015,BR003,SKU017256PI,8
REG-20251015-BR004-SKU015128BL,20251015,BR004,SKU015128BL,5
REG-20251015-BR004-SKU015128SI,20251015,BR004,SKU015128SI,2
REG-20251015-BR004-SKU015128PI,20251015,BR004,SKU015128PI,1
REG-20251015-BR004-SKU015256BL,20251015,BR004,SKU015256BL,5
REG-20251015-BR004-SKU015256SI,20251015,BR004,SKU015256SI,2
REG-20251015-BR004-SKU015256PI,20251015,BR004,SKU015256PI,1
REG-20251015-BR004-SKU016128BL,20251015,BR004,SKU016128BL,4
REG-20251015-BR004-SKU016128SI,20251015,BR004,SKU016128SI,7
REG-20251015-BR004-SKU016128PI,20251015,BR004,SKU016128PI,10
REG-20251015-BR004-SKU016256BL,20251015,BR004,SKU016256BL,9
REG-20251015-BR004-SKU016256SI,20251015,BR004,SKU016256SI,3
REG-20251015-BR004-SKU016256PI,20251015,BR004,SKU016256PI,7
REG-20251015-BR004-SKU017128BL,20251015,BR004,SKU017128BL,14
REG-20251015-BR004-SKU017128SI,20251015,BR004,SKU017128SI,11
REG-20251015-BR004-SKU017128PI,20251015,BR004,SKU017128PI,7
REG-20251015-BR004-SKU017256BL,20251015,BR004,SKU017256BL,6
REG-20251015-BR004-SKU017256SI,20251015,BR004,SKU017256SI,12
REG-20251015-BR004-SKU017256PI,20251015,BR004,SKU017256PI,6
REG-20251015-BR005-SKU015128BL,20251015,BR005,SKU015128BL,5
REG-20251015-BR005-SKU015128SI,20251015,BR005,SKU015128SI,2
REG-20251015-BR005-SKU015128PI,20251015,BR005,SKU015128PI,4
REG-20251015-BR005-SKU015256BL,20251015,BR005,SKU015256BL,2
REG-20251015-BR005-SKU015256SI,20251015,BR005,SKU015256SI,2
REG-20251015-BR005-SKU015256PI,20251015,BR005,SKU015256PI,3
REG-20251015-BR005-SKU016128BL,20251015,BR005,SKU016128BL,6
REG-20251015-BR005-SKU016128SI,20251015,BR005,SKU016128SI,6
REG-20251015-BR005-SKU016128PI,20251015,BR005,SKU016128PI,6
REG-20251015-BR005-SKU016256BL,20251015,BR005,SKU016256BL,8
REG-20251015-BR005-SKU016256SI,20251015,BR005,SKU016256SI,8
REG-20251015-BR005-SKU016256PI,20251015,BR005,SKU016256PI,4
REG-20251015-BR005-SKU017128BL,20251015,BR005,SKU017128BL,12
REG-20251015-BR005-SKU017128SI,20251015,BR005,SKU017128SI,11
REG-20251015-BR005-SKU017128PI,20251015,BR005,SKU017128PI,9
REG-20251015-BR005-SKU017256BL,20251015,BR005,SKU017256BL,8
REG-20251015-BR005-SKU017256SI,20251015,BR005,SKU017256SI,7
REG-20251015-BR005-SKU017256PI,20251015,BR005,SKU017256PI,6
REG-20251016-BR001-SKU015128BL,20251016,BR001,SKU015128BL,1
REG-20251016-BR001-SKU015128SI,20251016,BR001,SKU015128SI,2
REG-20251016-BR001-SKU015128PI,20251016,BR001,SKU015128PI,5
REG-20251016-BR001-SKU015256BL,20251016,BR001,SKU015256BL,2
REG-20251016-BR001-SKU015256SI,20251016,BR001,SKU015256SI,4
REG-20251016-BR001-SKU015256PI,20251016,BR001,SKU015256PI,1
REG-20251016-BR001-SKU016128BL,20251016,BR001,SKU016128BL,5
REG-20251016-BR001-SKU016128SI,20251016,BR001,SKU016128SI,4
REG-20251016-BR001-SKU016128PI,20251016,BR001,SKU016128PI,6
REG-20251016-BR001-SKU016256BL,20251016,BR001,SKU016256BL,1
REG-20251016-BR001-SKU016256SI,20251016,BR001,SKU016256SI,6
REG-20251016-BR001-SKU016256PI,20251016,BR001,SKU016256PI,5
REG-20251016-BR001-SKU017128BL,20251016,BR001,SKU017128BL,6
REG-20251016-BR001-SKU017128SI,20251016,BR001,SKU017128SI,9
REG-20251016-BR001-SKU017128PI,20251016,BR001,SKU017128PI,9
REG-20251016-BR001-SKU017256BL,20251016,BR001,SKU017256BL,8
REG-20251016-BR001-SKU017256SI,20251016,BR001,SKU017256SI,8
REG-20251016-BR001-SKU017256PI,20251016,BR001,SKU017256PI,4
REG-20251016-BR002-SKU015128BL,20251016,BR002,SKU015128BL,5
REG-20251016-BR002-SKU015128SI,20251016,BR002,SKU015128SI,1
REG-20251016-BR002-SKU015128PI,20251016,BR002,SKU015128PI,3
REG-20251016-BR002-SKU015256BL,20251016,BR002,SKU015256BL,3
REG-20251016-BR002-SKU015256SI,20251016,BR002,SKU015256SI,1
REG-20251016-BR002-SKU015256PI,20251016,BR002,SKU015256PI,1
REG-20251016-BR002-SKU016128BL,20251016,BR002,SKU016128BL,4
REG-20251016-BR002-SKU016128SI,20251016,BR002,SKU016128SI,8
REG-20251016-BR002-SKU016128PI,20251016,BR002,SKU016128PI,9
REG-20251016-BR002-SKU016256BL,20251016,BR002,SKU016256BL,8
REG-20251016-BR002-SKU016256SI,20251016,BR002,SKU016256SI,6
REG-20251016-BR002-SKU016256PI,20251016,BR002,SKU016256PI,4
REG-20251016-BR002-SKU017128BL,20251016,BR002,SKU017128BL,9
REG-20251016-BR002-SKU017128SI,20251016,BR002,SKU017128SI,5
REG-20251016-BR002-SKU017128PI,20251016,BR002,SKU017128PI,13
REG-20251016-BR002-SKU017256BL,20251016,BR002,SKU017256BL,4
REG-20251016-BR002-SKU017256SI,20251016,BR002,SKU017256SI,12
REG-20251016-BR002-SKU017256PI,20251016,BR002,SKU017256PI,11
REG-20251016-BR003-SKU015128BL,20251016,BR003,SKU015128BL,1
REG-20251016-BR003-SKU015128SI,20251016,BR003,SKU015128SI,3
REG-20251016-BR003-SKU015128PI,20251016,BR003,SKU015128PI,4
REG-20251016-BR003-SKU015256BL,20251016,BR003,SKU015256BL,1
REG-20251016-BR003-SKU015256SI,20251016,BR003,SKU015256SI,3
REG-20251016-BR003-SKU015256PI,20251016,BR003,SKU015256PI,3
REG-20251016-BR003-SKU016128BL,20251016,BR003,SKU016128BL,7
REG-20251016-BR003-SKU016128SI,20251016,BR003,SKU016128SI,8
REG-20251016-BR003-SKU016128PI,20251016,BR003,SKU016128PI,8
REG-20251016-BR003-SKU016256BL,20251016,BR003,SKU016256BL,4
REG-20251016-BR003-SKU016256SI,20251016,BR003,SKU016256SI,2
REG-20251016-BR003-SKU016256PI,20251016,BR003,SKU016256PI,10
REG-20251016-BR003-SKU017128BL,20251016,BR003,SKU017128BL,4
REG-20251016-BR003-SKU017128SI,20251016,BR003,SKU017128SI,10
REG-20251016-BR003-SKU017128PI,20251016,BR003,SKU017128PI,10
REG-20251016-BR003-SKU017256BL,20251016,BR003,SKU017256BL,9
REG-20251016-BR003-SKU017256SI,20251016,BR003,SKU017256SI,9
REG-20251016-BR003-SKU017256PI,20251016,BR003,SKU017256PI,9
REG-20251016-BR004-SKU015128BL,20251016,BR004,SKU015128BL,3
REG-20251016-BR004-SKU015128SI,20251016,BR004,SKU015128SI,4
REG-20251016-BR004-SKU015128PI,20251016,BR004,SKU015128PI,6
REG-20251016-BR004-SKU015256BL,20251016,BR004,SKU015256BL,3
REG-20251016-BR004-SKU015256SI,20251016,BR004,SKU015256SI,1
REG-20251016-BR004-SKU015256PI,20251016,BR004,SKU015256PI,5
REG-20251016-BR004-SKU016128BL,20251016,BR004,SKU016128BL,6
REG-20251016-BR004-SKU016128SI,20251016,BR004,SKU016128SI,9
REG-20251016-BR004-SKU016128PI,20251016,BR004,SKU016128PI,5
REG-20251016-BR004-SKU016256BL,20251016,BR004,SKU016256BL,9
REG-20251016-BR004-SKU016256SI,20251016,BR004,SKU016256SI,8
REG-20251016-BR004-SKU016256PI,20251016,BR004,SKU016256PI,8
REG-20251016-BR004-SKU017128BL,20251016,BR004,SKU017128BL,10
REG-20251016-BR004-SKU017128SI,20251016,BR004,SKU017128SI,7
REG-20251016-BR004-SKU017128PI,20251016,BR004,SKU017128PI,7
REG-20251016-BR004-SKU017256BL,20251016,BR004,SKU017256BL,11
REG-20251016-BR004-SKU017256SI,20251016,BR004,SKU017256SI,9
REG-20251016-BR004-SKU017256PI,20251016,BR004,SKU017256PI,8
REG-20251016-BR005-SKU015128BL,20251016,BR005,SKU015128BL,3
REG-20251016-BR005-SKU015128SI,20251016,BR005,SKU015128SI,5
REG-20251016-BR005-SKU015128PI,20251016,BR005,SKU015128PI,2
REG-20251016-BR005-SKU015256BL,20251016,BR005,SKU015256BL,1
REG-20251016-BR005-SKU015256SI,20251016,BR005,SKU015256SI,2
REG-20251016-BR005-SKU015256PI,20251016,BR005,SKU015256PI,4
REG-20251016-BR005-SKU016128BL,20251016,BR005,SKU016128BL,5
REG-20251016-BR005-SKU016128SI,20251016,BR005,SKU016128SI,6
REG-20251016-BR005-SKU016128PI,20251016,BR005,SKU016128PI,5
REG-20251016-BR005-SKU016256BL,20251016,BR005,SKU016256BL,10
REG-20251016-BR005-SKU016256SI,20251016,BR005,SKU016256SI,3
REG-20251016-BR005-SKU016256PI,20251016,BR005,SKU016256PI,1
REG-20251016-BR005-SKU017128BL,20251016,BR005,SKU017128BL,12
REG-20251016-BR005-SKU017128SI,20251016,BR005,SKU017128SI,6
REG-20251016-BR005-SKU017128PI,20251016,BR005,SKU017128PI,9
REG-20251016-BR005-SKU017256BL,20251016,BR005,SKU017256BL,8
REG-20251016-BR005-SKU017256SI,20251016,BR005,SKU017256SI,9
REG-20251016-BR005-SKU017256PI,20251016,BR005,SKU017256PI,8
REG-20251017-BR001-SKU015128BL,20251017,BR001,SKU015128BL,1
REG-20251017-BR001-SKU015128SI,20251017,BR001,SKU015128SI,5
REG-20251017-BR001-SKU015128PI,20251017,BR001,SKU015128PI,2
REG-20251017-BR001-SKU015256BL,20251017,BR001,SKU015256BL,2
REG-20251017-BR001-SKU015256SI,20251017,BR001,SKU015256SI,3
REG-20251017-BR001-SKU015256PI,20251017,BR001,SKU015256PI,2
REG-20251017-BR001-SKU016128BL,20251017,BR001,SKU016128BL,1
REG-20251017-BR001-SKU016128SI,20251017,BR001,SKU016128SI,5
REG-20251017-BR001-SKU016128PI,20251017,BR001,SKU016128PI,5
REG-20251017-BR001-SKU016256BL,20251017,BR001,SKU016256BL,4
REG-20251017-BR001-SKU016256SI,20251017,BR001,SKU016256SI,7
REG-20251017-BR001-SKU016256PI,20251017,BR001,SKU016256PI,8
REG-20251017-BR001-SKU017128BL,20251017,BR001,SKU017128BL,11
REG-20251017-BR001-SKU017128SI,20251017,BR001,SKU017128SI,13
REG-20251017-BR001-SKU017128PI,20251017,BR001,SKU017128PI,13
REG-20251017-BR001-SKU017256BL,20251017,BR001,SKU017256BL,10
REG-20251017-BR001-SKU017256SI,20251017,BR001,SKU017256SI,9
REG-20251017-BR001-SKU017256PI,20251017,BR001,SKU017256PI,8
REG-20251017-BR002-SKU015128BL,20251017,BR002,SKU015128BL,3
REG-20251017-BR002-SKU015128SI,20251017,BR002,SKU015128SI,1
REG-20251017-BR002-SKU015128PI,20251017,BR002,SKU015128PI,5
REG-20251017-BR002-SKU015256BL,20251017,BR002,SKU015256BL,1
REG-20251017-BR002-SKU015256SI,20251017,BR002,SKU015256SI,1
REG-20251017-BR002-SKU015256PI,20251017,BR002,SKU015256PI,2
REG-20251017-BR002-SKU016128BL,20251017,BR002,SKU016128BL,3
REG-20251017-BR002-SKU016128SI,20251017,BR002,SKU016128SI,7
REG-20251017-BR002-SKU016128PI,20251017,BR002,SKU016128PI,5
REG-20251017-BR002-SKU016256BL,20251017,BR002,SKU016256BL,2
REG-20251017-BR002-SKU016256SI,20251017,BR002,SKU016256SI,5
REG-20251017-BR002-SKU016256PI,20251017,BR002,SKU016256PI,5
REG-20251017-BR002-SKU017128BL,20251017,BR002,SKU017128BL,10
REG-20251017-BR002-SKU017128SI,20251017,BR002,SKU017128SI,4
REG-20251017-BR002-SKU017128PI,20251017,BR002,SKU017128PI,9
REG-20251017-BR002-SKU017256BL,20251017,BR002,SKU017256BL,9
REG-20251017-BR002-SKU017256SI,20251017,BR002,SKU017256SI,9
REG-20251017-BR002-SKU017256PI,20251017,BR002,SKU017256PI,7
REG-20251017-BR003-SKU015128BL,20251017,BR003,SKU015128BL,2
REG-20251017-BR003-SKU015128SI,20251017,BR003,SKU015128SI,3
REG-20251017-BR003-SKU015128PI,20251017,BR003,SKU015128PI,1
REG-20251017-BR003-SKU015256BL,20251017,BR003,SKU015256BL,2
REG-20251017-BR003-SKU015256SI,20251017,BR003,SKU015256SI,6
REG-20251017-BR003-SKU015256PI,20251017,BR003,SKU015256PI,5
REG-20251017-BR003-SKU016128BL,20251017,BR003,SKU016128BL,6
REG-20251017-BR003-SKU016128SI,20251017,BR003,SKU016128SI,7
REG-20251017-BR003-SKU016128PI,20251017,BR003,SKU016128PI,10
REG-20251017-BR003-SKU016256BL,20251017,BR003,SKU016256BL,3
REG-20251017-BR003-SKU016256SI,20251017,BR003,SKU016256SI,8
REG-20251017-BR003-SKU016256PI,20251017,BR003,SKU016256PI,7
REG-20251017-BR003-SKU017128BL,20251017,BR003,SKU017128BL,7
REG-20251017-BR003-SKU017128SI,20251017,BR003,SKU017128SI,8
REG-20251017-BR003-SKU017128PI,20251017,BR003,SKU017128PI,12
REG-20251017-BR003-SKU017256BL,20251017,BR003,SKU017256BL,9
REG-20251017-BR003-SKU017256SI,20251017,BR003,SKU017256SI,12
REG-20251017-BR003-SKU017256PI,20251017,BR003,SKU017256PI,6
REG-20251017-BR004-SKU015128BL,20251017,BR004,SKU015128BL,1
REG-20251017-BR004-SKU015128SI,20251017,BR004,SKU015128SI,1
REG-20251017-BR004-SKU015128PI,20251017,BR004,SKU015128PI,5
REG-20251017-BR004-SKU015256BL,20251017,BR004,SKU015256BL,3
REG-20251017-BR004-SKU015256SI,20251017,BR004,SKU015256SI,1
REG-20251017-BR004-SKU015256PI,20251017,BR004,SKU015256PI,3
REG-20251017-BR004-SKU016128BL,20251017,BR004,SKU016128BL,6
REG-20251017-BR004-SKU016128SI,20251017,BR004,SKU016128SI,8
REG-20251017-BR004-SKU016128PI,20251017,BR004,SKU016128PI,1
REG-20251017-BR004-SKU016256BL,20251017,BR004,SKU016256BL,10
REG-20251017-BR004-SKU016256SI,20251017,BR004,SKU016256SI,2
REG-20251017-BR004-SKU016256PI,20251017,BR004,SKU016256PI,4
REG-20251017-BR004-SKU017128BL,20251017,BR004,SKU017128BL,10
REG-20251017-BR004-SKU017128SI,20251017,BR004,SKU017128SI,10
REG-20251017-BR004-SKU017128PI,20251017,BR004,SKU017128PI,11
REG-20251017-BR004-SKU017256BL,20251017,BR004,SKU017256BL,6
REG-20251017-BR004-SKU017256SI,20251017,BR004,SKU017256SI,5
REG-20251017-BR004-SKU017256PI,20251017,BR004,SKU017256PI,10
REG-20251017-BR005-SKU015128BL,20251017,BR005,SKU015128BL,2
REG-20251017-BR005-SKU015128SI,20251017,BR005,SKU015128SI,4
REG-20251017-BR005-SKU015128PI,20251017,BR005,SKU015128PI,1
REG-20251017-BR005-SKU015256BL,20251017,BR005,SKU015256BL,1
REG-20251017-BR005-SKU015256SI,20251017,BR005,SKU015256SI,2
REG-20251017-BR005-SKU015256PI,20251017,BR005,SKU015256PI,1
REG-20251017-BR005-SKU016128BL,20251017,BR005,SKU016128BL,3
REG-20251017-BR005-SKU016128SI,20251017,BR005,SKU016128SI,4
REG-20251017-BR005-SKU016128PI,20251017,BR005,SKU016128PI,5
REG-20251017-BR005-SKU016256BL,20251017,BR005,SKU016256BL,5
REG-20251017-BR005-SKU016256SI,20251017,BR005,SKU016256SI,4
REG-20251017-BR005-SKU016256PI,20251017,BR005,SKU016256PI,1
REG-20251017-BR005-SKU017128BL,20251017,BR005,SKU017128BL,10
REG-20251017-BR005-SKU017128SI,20251017,BR005,SKU017128SI,6
REG-20251017-BR005-SKU017128PI,20251017,BR005,SKU017128PI,8
REG-20251017-BR005-SKU017256BL,20251017,BR005,SKU017256BL,10
REG-20251017-BR005-SKU017256SI,20251017,BR005,SKU017256SI,9
REG-20251017-BR005-SKU017256PI,20251017,BR005,SKU017256PI,4
REG-20251018-BR001-SKU015128BL,20251018,BR001,SKU015128BL,4
REG-20251018-BR001-SKU015128SI,20251018,BR001,SKU015128SI,3
REG-20251018-BR001-SKU015128PI,20251018,BR001,SKU015128PI,2
REG-20251018-BR001-SKU015256BL,20251018,BR001,SKU015256BL,1
REG-20251018-BR001-SKU015256SI,20251018,BR001,SKU015256SI,4
REG-20251018-BR001-SKU015256PI,20251018,BR001,SKU015256PI,2
REG-20251018-BR001-SKU016128BL,20251018,BR001,SKU016128BL,4
REG-20251018-BR001-SKU016128SI,20251018,BR001,SKU016128SI,5
REG-20251018-BR001-SKU016128PI,20251018,BR001,SKU016128PI,3
REG-20251018-BR001-SKU016256BL,20251018,BR001,SKU016256BL,9
REG-20251018-BR001-SKU016256SI,20251018,BR001,SKU016256SI,6
REG-20251018-BR001-SKU016256PI,20251018,BR001,SKU016256PI,6
REG-20251018-BR001-SKU017128BL,20251018,BR001,SKU017128BL,7
REG-20251018-BR001-SKU017128SI,20251018,BR001,SKU017128SI,12
REG-20251018-BR001-SKU017128PI,20251018,BR001,SKU017128PI,8
REG-20251018-BR001-SKU017256BL,20251018,BR001,SKU017256BL,7
REG-20251018-BR001-SKU017256SI,20251018,BR001,SKU017256SI,12
REG-20251018-BR001-SKU017256PI,20251018,BR001,SKU017256PI,6
REG-20251018-BR002-SKU015128BL,20251018,BR002,SKU015128BL,6
REG-20251018-BR002-SKU015128SI,20251018,BR002,SKU015128SI,2
REG-20251018-BR002-SKU015128PI,20251018,BR002,SKU015128PI,2
REG-20251018-BR002-SKU015256BL,20251018,BR002,SKU015256BL,2
REG-20251018-BR002-SKU015256SI,20251018,BR002,SKU015256SI,1
REG-20251018-BR002-SKU015256PI,20251018,BR002,SKU015256PI,4
REG-20251018-BR002-SKU016128BL,20251018,BR002,SKU016128BL,7
REG-20251018-BR002-SKU016128SI,20251018,BR002,SKU016128SI,9
REG-20251018-BR002-SKU016128PI,20251018,BR002,SKU016128PI,4
REG-20251018-BR002-SKU016256BL,20251018,BR002,SKU016256BL,9
REG-20251018-BR002-SKU016256SI,20251018,BR002,SKU016256SI,3
REG-20251018-BR002-SKU016256PI,20251018,BR002,SKU016256PI,6
REG-20251018-BR002-SKU017128BL,20251018,BR002,SKU017128BL,6
REG-20251018-BR002-SKU017128SI,20251018,BR002,SKU017128SI,7
REG-20251018-BR002-SKU017128PI,20251018,BR002,SKU017128PI,5
REG-20251018-BR002-SKU017256BL,20251018,BR002,SKU017256BL,10
REG-20251018-BR002-SKU017256SI,20251018,BR002,SKU017256SI,10
REG-20251018-BR002-SKU017256PI,20251018,BR002,SKU017256PI,10
REG-20251018-BR003-SKU015128BL,20251018,BR003,SKU015128BL,4
REG-20251018-BR003-SKU015128SI,20251018,BR003,SKU015128SI,2
REG-20251018-BR003-SKU015128PI,20251018,BR003,SKU015128PI,3
REG-20251018-BR003-SKU015256BL,20251018,BR003,SKU015256BL,3
REG-20251018-BR003-SKU015256SI,20251018,BR003,SKU015256SI,1
REG-20251018-BR003-SKU015256PI,20251018,BR003,SKU015256PI,1
REG-20251018-BR003-SKU016128BL,20251018,BR003,SKU016128BL,8
REG-20251018-BR003-SKU016128SI,20251018,BR003,SKU016128SI,1
REG-20251018-BR003-SKU016128PI,20251018,BR003,SKU016128PI,7
REG-20251018-BR003-SKU016256BL,20251018,BR003,SKU016256BL,8
REG-20251018-BR003-SKU016256SI,20251018,BR003,SKU016256SI,9
REG-20251018-BR003-SKU016256PI,20251018,BR003,SKU016256PI,8
REG-20251018-BR003-SKU017128BL,20251018,BR003,SKU017128BL,4
REG-20251018-BR003-SKU017128SI,20251018,BR003,SKU017128SI,6
REG-20251018-BR003-SKU017128PI,20251018,BR003,SKU017128PI,6
REG-20251018-BR003-SKU017256BL,20251018,BR003,SKU017256BL,13
REG-20251018-BR003-SKU017256SI,20251018,BR003,SKU017256SI,11
REG-20251018-BR003-SKU017256PI,20251018,BR003,SKU017256PI,5
REG-20251018-BR004-SKU015128BL,20251018,BR004,SKU015128BL,2
REG-20251018-BR004-SKU015128SI,20251018,BR004,SKU015128SI,2
REG-20251018-BR004-SKU015128PI,20251018,BR004,SKU015128PI,2
REG-20251018-BR004-SKU015256BL,20251018,BR004,SKU015256BL,1
REG-20251018-BR004-SKU015256SI,20251018,BR004,SKU015256SI,3
REG-20251018-BR004-SKU015256PI,20251018,BR004,SKU015256PI,1
REG-20251018-BR004-SKU016128BL,20251018,BR004,SKU016128BL,7
REG-20251018-BR004-SKU016128SI,20251018,BR004,SKU016128SI,7
REG-20251018-BR004-SKU016128PI,20251018,BR004,SKU016128PI,5
REG-20251018-BR004-SKU016256BL,20251018,BR004,SKU016256BL,3
REG-20251018-BR004-SKU016256SI,20251018,BR004,SKU016256SI,6
REG-20251018-BR004-SKU016256PI,20251018,BR004,SKU016256PI,10
REG-20251018-BR004-SKU017128BL,20251018,BR004,SKU017128BL,6
REG-20251018-BR004-SKU017128SI,20251018,BR004,SKU017128SI,9
REG-20251018-BR004-SKU017128PI,20251018,BR004,SKU017128PI,6
REG-20251018-BR004-SKU017256BL,20251018,BR004,SKU017256BL,11
REG-20251018-BR004-SKU017256SI,20251018,BR004,SKU017256SI,10
REG-20251018-BR004-SKU017256PI,20251018,BR004,SKU017256PI,5
REG-20251018-BR005-SKU015128BL,20251018,BR005,SKU015128BL,1
REG-20251018-BR005-SKU015128SI,20251018,BR005,SKU015128SI,2
REG-20251018-BR005-SKU015128PI,20251018,BR005,SKU015128PI,4
REG-20251018-BR005-SKU015256BL,20251018,BR005,SKU015256BL,2
REG-20251018-BR005-SKU015256SI,20251018,BR005,SKU015256SI,3
REG-20251018-BR005-SKU015256PI,20251018,BR005,SKU015256PI,5
REG-20251018-BR005-SKU016128BL,20251018,BR005,SKU016128BL,4
REG-20251018-BR005-SKU016128SI,20251018,BR005,SKU016128SI,4
REG-20251018-BR005-SKU016128PI,20251018,BR005,SKU016128PI,6
REG-20251018-BR005-SKU016256BL,20251018,BR005,SKU016256BL,6
REG-20251018-BR005-SKU016256SI,20251018,BR005,SKU016256SI,5
REG-20251018-BR005-SKU016256PI,20251018,BR005,SKU016256PI,7
REG-20251018-BR005-SKU017128BL,20251018,BR005,SKU017128BL,12
REG-20251018-BR005-SKU017128SI,20251018,BR005,SKU017128SI,4
REG-20251018-BR005-SKU017128PI,20251018,BR005,SKU017128PI,5
REG-20251018-BR005-SKU017256BL,20251018,BR005,SKU017256BL,13
REG-20251018-BR005-SKU017256SI,20251018,BR005,SKU017256SI,12
REG-20251018-BR005-SKU017256PI,20251018,BR005,SKU017256PI,6
REG-20251019-BR001-SKU015128BL,20251019,BR001,SKU015128BL,2
REG-20251019-BR001-SKU015128SI,20251019,BR001,SKU015128SI,3
REG-20251019-BR001-SKU015128PI,20251019,BR001,SKU015128PI,1
REG-20251019-BR001-SKU015256BL,20251019,BR001,SKU015256BL,2
REG-20251019-BR001-SKU015256SI,20251019,BR001,SKU015256SI,1
REG-20251019-BR001-SKU015256PI,20251019,BR001,SKU015256PI,2
REG-20251019-BR001-SKU016128BL,20251019,BR001,SKU016128BL,3
REG-20251019-BR001-SKU016128SI,20251019,BR001,SKU016128SI,6
REG-20251019-BR001-SKU016128PI,20251019,BR001,SKU016128PI,4
REG-20251019-BR001-SKU016256BL,20251019,BR001,SKU016256BL,4
REG-20251019-BR001-SKU016256SI,20251019,BR001,SKU016256SI,7
REG-20251019-BR001-SKU016256PI,20251019,BR001,SKU016256PI,4
REG-20251019-BR001-SKU017128BL,20251019,BR001,SKU017128BL,7
REG-20251019-BR001-SKU017128SI,20251019,BR001,SKU017128SI,8
REG-20251019-BR001-SKU017128PI,20251019,BR001,SKU017128PI,5
REG-20251019-BR001-SKU017256BL,20251019,BR001,SKU017256BL,6
REG-20251019-BR001-SKU017256SI,20251019,BR001,SKU017256SI,10
REG-20251019-BR001-SKU017256PI,20251019,BR001,SKU017256PI,14
REG-20251019-BR002-SKU015128BL,20251019,BR002,SKU015128BL,1
REG-20251019-BR002-SKU015128SI,20251019,BR002,SKU015128SI,1
REG-20251019-BR002-SKU015128PI,20251019,BR002,SKU015128PI,4
REG-20251019-BR002-SKU015256BL,20251019,BR002,SKU015256BL,1
REG-20251019-BR002-SKU015256SI,20251019,BR002,SKU015256SI,2
REG-20251019-BR002-SKU015256PI,20251019,BR002,SKU015256PI,1
REG-20251019-BR002-SKU016128BL,20251019,BR002,SKU016128BL,8
REG-20251019-BR002-SKU016128SI,20251019,BR002,SKU016128SI,1
REG-20251019-BR002-SKU016128PI,20251019,BR002,SKU016128PI,6
REG-20251019-BR002-SKU016256BL,20251019,BR002,SKU016256BL,5
REG-20251019-BR002-SKU016256SI,20251019,BR002,SKU016256SI,6
REG-20251019-BR002-SKU016256PI,20251019,BR002,SKU016256PI,4
REG-20251019-BR002-SKU017128BL,20251019,BR002,SKU017128BL,10
REG-20251019-BR002-SKU017128SI,20251019,BR002,SKU017128SI,6
REG-20251019-BR002-SKU017128PI,20251019,BR002,SKU017128PI,12
REG-20251019-BR002-SKU017256BL,20251019,BR002,SKU017256BL,13
REG-20251019-BR002-SKU017256SI,20251019,BR002,SKU017256SI,6
REG-20251019-BR002-SKU017256PI,20251019,BR002,SKU017256PI,6
REG-20251019-BR003-SKU015128BL,20251019,BR003,SKU015128BL,5
REG-20251019-BR003-SKU015128SI,20251019,BR003,SKU015128SI,1
REG-20251019-BR003-SKU015128PI,20251019,BR003,SKU015128PI,1
REG-20251019-BR003-SKU015256BL,20251019,BR003,SKU015256BL,3
REG-20251019-BR003-SKU015256SI,20251019,BR003,SKU015256SI,4
REG-20251019-BR003-SKU015256PI,20251019,BR003,SKU015256PI,4
REG-20251019-BR003-SKU016128BL,20251019,BR003,SKU016128BL,5
REG-20251019-BR003-SKU016128SI,20251019,BR003,SKU016128SI,7
REG-20251019-BR003-SKU016128PI,20251019,BR003,SKU016128PI,10
REG-20251019-BR003-SKU016256BL,20251019,BR003,SKU016256BL,5
REG-20251019-BR003-SKU016256SI,20251019,BR003,SKU016256SI,3
REG-20251019-BR003-SKU016256PI,20251019,BR003,SKU016256PI,1
REG-20251019-BR003-SKU017128BL,20251019,BR003,SKU017128BL,7
REG-20251019-BR003-SKU017128SI,20251019,BR003,SKU017128SI,13
REG-20251019-BR003-SKU017128PI,20251019,BR003,SKU017128PI,10
REG-20251019-BR003-SKU017256BL,20251019,BR003,SKU017256BL,6
REG-20251019-BR003-SKU017256SI,20251019,BR003,SKU017256SI,12
REG-20251019-BR003-SKU017256PI,20251019,BR003,SKU017256PI,10
REG-20251019-BR004-SKU015128BL,20251019,BR004,SKU015128BL,1
REG-20251019-BR004-SKU015128SI,20251019,BR004,SKU015128SI,1
REG-20251019-BR004-SKU015128PI,20251019,BR004,SKU015128PI,4
REG-20251019-BR004-SKU015256BL,20251019,BR004,SKU015256BL,2
REG-20251019-BR004-SKU015256SI,20251019,BR004,SKU015256SI,2
REG-20251019-BR004-SKU015256PI,20251019,BR004,SKU015256PI,1
REG-20251019-BR004-SKU016128BL,20251019,BR004,SKU016128BL,3
REG-20251019-BR004-SKU016128SI,20251019,BR004,SKU016128SI,5
REG-20251019-BR004-SKU016128PI,20251019,BR004,SKU016128PI,9
REG-20251019-BR004-SKU016256BL,20251019,BR004,SKU016256BL,7
REG-20251019-BR004-SKU016256SI,20251019,BR004,SKU016256SI,9
REG-20251019-BR004-SKU016256PI,20251019,BR004,SKU016256PI,7
REG-20251019-BR004-SKU017128BL,20251019,BR004,SKU017128BL,10
REG-20251019-BR004-SKU017128SI,20251019,BR004,SKU017128SI,9
REG-20251019-BR004-SKU017128PI,20251019,BR004,SKU017128PI,7
REG-20251019-BR004-SKU017256BL,20251019,BR004,SKU017256BL,6
REG-20251019-BR004-SKU017256SI,20251019,BR004,SKU017256SI,6
REG-20251019-BR004-SKU017256PI,20251019,BR004,SKU017256PI,7
REG-20251019-BR005-SKU015128BL,20251019,BR005,SKU015128BL,6
REG-20251019-BR005-SKU015128SI,20251019,BR005,SKU015128SI,1
REG-20251019-BR005-SKU015128PI,20251019,BR005,SKU015128PI,4
REG-20251019-BR005-SKU015256BL,20251019,BR005,SKU015256BL,3
REG-20251019-BR005-SKU015256SI,20251019,BR005,SKU015256SI,3
REG-20251019-BR005-SKU015256PI,20251019,BR005,SKU015256PI,1
REG-20251019-BR005-SKU016128BL,20251019,BR005,SKU016128BL,1
REG-20251019-BR005-SKU016128SI,20251019,BR005,SKU016128SI,3
REG-20251019-BR005-SKU016128PI,20251019,BR005,SKU016128PI,5
REG-20251019-BR005-SKU016256BL,20251019,BR005,SKU016256BL,4
REG-20251019-BR005-SKU016256SI,20251019,BR005,SKU016256SI,5
REG-20251019-BR005-SKU016256PI,20251019,BR005,SKU016256PI,10
REG-20251019-BR005-SKU017128BL,20251019,BR005,SKU017128BL,8
REG-20251019-BR005-SKU017128SI,20251019,BR005,SKU017128SI,4
REG-20251019-BR005-SKU017128PI,20251019,BR005,SKU017128PI,8
REG-20251019-BR005-SKU017256BL,20251019,BR005,SKU017256BL,6
REG-20251019-BR005-SKU017256SI,20251019,BR005,SKU017256SI,8
REG-20251019-BR005-SKU017256PI,20251019,BR005,SKU017256PI,12
REG-20251020-BR001-SKU015128BL,20251020,BR001,SKU015128BL,1
REG-20251020-BR001-SKU015128SI,20251020,BR001,SKU015128SI,1
REG-20251020-BR001-SKU015128PI,20251020,BR001,SKU015128PI,2
REG-20251020-BR001-SKU015256BL,20251020,BR001,SKU015256BL,1
REG-20251020-BR001-SKU015256SI,20251020,BR001,SKU015256SI,3
REG-20251020-BR001-SKU015256PI,20251020,BR001,SKU015256PI,1
REG-20251020-BR001-SKU016128BL,20251020,BR001,SKU016128BL,4
REG-20251020-BR001-SKU016128SI,20251020,BR001,SKU016128SI,5
REG-20251020-BR001-SKU016128PI,20251020,BR001,SKU016128PI,5
REG-20251020-BR001-SKU016256BL,20251020,BR001,SKU016256BL,7
REG-20251020-BR001-SKU016256SI,20251020,BR001,SKU016256SI,9
REG-20251020-BR001-SKU016256PI,20251020,BR001,SKU016256PI,4
REG-20251020-BR001-SKU017128BL,20251020,BR001,SKU017128BL,5
REG-20251020-BR001-SKU017128SI,20251020,BR001,SKU017128SI,6
REG-20251020-BR001-SKU017128PI,20251020,BR001,SKU017128PI,10
REG-20251020-BR001-SKU017256BL,20251020,BR001,SKU017256BL,11
REG-20251020-BR001-SKU017256SI,20251020,BR001,SKU017256SI,12
REG-20251020-BR001-SKU017256PI,20251020,BR001,SKU017256PI,10
REG-20251020-BR002-SKU015128BL,20251020,BR002,SKU015128BL,3
REG-20251020-BR002-SKU015128SI,20251020,BR002,SKU015128SI,4
REG-20251020-BR002-SKU015128PI,20251020,BR002,SKU015128PI,2
REG-20251020-BR002-SKU015256BL,20251020,BR002,SKU015256BL,2
REG-20251020-BR002-SKU015256SI,20251020,BR002,SKU015256SI,1
REG-20251020-BR002-SKU015256PI,20251020,BR002,SKU015256PI,4
REG-20251020-BR002-SKU016128BL,20251020,BR002,SKU016128BL,8
REG-20251020-BR002-SKU016128SI,20251020,BR002,SKU016128SI,2
REG-20251020-BR002-SKU016128PI,20251020,BR002,SKU016128PI,8
REG-20251020-BR002-SKU016256BL,20251020,BR002,SKU016256BL,2
REG-20251020-BR002-SKU016256SI,20251020,BR002,SKU016256SI,8
REG-20251020-BR002-SKU016256PI,20251020,BR002,SKU016256PI,10
REG-20251020-BR002-SKU017128BL,20251020,BR002,SKU017128BL,11
REG-20251020-BR002-SKU017128SI,20251020,BR002,SKU017128SI,11
REG-20251020-BR002-SKU017128PI,20251020,BR002,SKU017128PI,10
REG-20251020-BR002-SKU017256BL,20251020,BR002,SKU017256BL,13
REG-20251020-BR002-SKU017256SI,20251020,BR002,SKU017256SI,12
REG-20251020-BR002-SKU017256PI,20251020,BR002,SKU017256PI,13
REG-20251020-BR003-SKU015128BL,20251020,BR003,SKU015128BL,1
REG-20251020-BR003-SKU015128SI,20251020,BR003,SKU015128SI,1
REG-20251020-BR003-SKU015128PI,20251020,BR003,SKU015128PI,3
REG-20251020-BR003-SKU015256BL,20251020,BR003,SKU015256BL,3
REG-20251020-BR003-SKU015256SI,20251020,BR003,SKU015256SI,4
REG-20251020-BR003-SKU015256PI,20251020,BR003,SKU015256PI,6
REG-20251020-BR003-SKU016128BL,20251020,BR003,SKU016128BL,4
REG-20251020-BR003-SKU016128SI,20251020,BR003,SKU016128SI,7
REG-20251020-BR003-SKU016128PI,20251020,BR003,SKU016128PI,2
REG-20251020-BR003-SKU016256BL,20251020,BR003,SKU016256BL,3
REG-20251020-BR003-SKU016256SI,20251020,BR003,SKU016256SI,8
REG-20251020-BR003-SKU016256PI,20251020,BR003,SKU016256PI,4
REG-20251020-BR003-SKU017128BL,20251020,BR003,SKU017128BL,6
REG-20251020-BR003-SKU017128SI,20251020,BR003,SKU017128SI,11
REG-20251020-BR003-SKU017128PI,20251020,BR003,SKU017128PI,13
REG-20251020-BR003-SKU017256BL,20251020,BR003,SKU017256BL,12
REG-20251020-BR003-SKU017256SI,20251020,BR003,SKU017256SI,11
REG-20251020-BR003-SKU017256PI,20251020,BR003,SKU017256PI,10
REG-20251020-BR004-SKU015128BL,20251020,BR004,SKU015128BL,2
REG-20251020-BR004-SKU015128SI,20251020,BR004,SKU015128SI,3
REG-20251020-BR004-SKU015128PI,20251020,BR004,SKU015128PI,2
REG-20251020-BR004-SKU015256BL,20251020,BR004,SKU015256BL,1
REG-20251020-BR004-SKU015256SI,20251020,BR004,SKU015256SI,1
REG-20251020-BR004-SKU015256PI,20251020,BR004,SKU015256PI,1
REG-20251020-BR004-SKU016128BL,20251020,BR004,SKU016128BL,2
REG-20251020-BR004-SKU016128SI,20251020,BR004,SKU016128SI,1
REG-20251020-BR004-SKU016128PI,20251020,BR004,SKU016128PI,3
REG-20251020-BR004-SKU016256BL,20251020,BR004,SKU016256BL,6
REG-20251020-BR004-SKU016256SI,20251020,BR004,SKU016256SI,4
REG-20251020-BR004-SKU016256PI,20251020,BR004,SKU016256PI,8
REG-20251020-BR004-SKU017128BL,20251020,BR004,SKU017128BL,9
REG-20251020-BR004-SKU017128SI,20251020,BR004,SKU017128SI,8
REG-20251020-BR004-SKU017128PI,20251020,BR004,SKU017128PI,9
REG-20251020-BR004-SKU017256BL,20251020,BR004,SKU017256BL,7
REG-20251020-BR004-SKU017256SI,20251020,BR004,SKU017256SI,9
REG-20251020-BR004-SKU017256PI,20251020,BR004,SKU017256PI,11
REG-20251020-BR005-SKU015128BL,20251020,BR005,SKU015128BL,6
REG-20251020-BR005-SKU015128SI,20251020,BR005,SKU015128SI,2
REG-20251020-BR005-SKU015128PI,20251020,BR005,SKU015128PI,3
REG-20251020-BR005-SKU015256BL,20251020,BR005,SKU015256BL,1
REG-20251020-BR005-SKU015256SI,20251020,BR005,SKU015256SI,3
REG-20251020-BR005-SKU015256PI,20251020,BR005,SKU015256PI,4
REG-20251020-BR005-SKU016128BL,20251020,BR005,SKU016128BL,9
REG-20251020-BR005-SKU016128SI,20251020,BR005,SKU016128SI,7
REG-20251020-BR005-SKU016128PI,20251020,BR005,SKU016128PI,3
REG-20251020-BR005-SKU016256BL,20251020,BR005,SKU016256BL,4
REG-20251020-BR005-SKU016256SI,20251020,BR005,SKU016256SI,7
REG-20251020-BR005-SKU016256PI,20251020,BR005,SKU016256PI,5
REG-20251020-BR005-SKU017128BL,20251020,BR005,SKU017128BL,14
REG-20251020-BR005-SKU017128SI,20251020,BR005,SKU017128SI,5
REG-20251020-BR005-SKU017128PI,20251020,BR005,SKU017128PI,9
REG-20251020-BR005-SKU017256BL,20251020,BR005,SKU017256BL,7
REG-20251020-BR005-SKU017256SI,20251020,BR005,SKU017256SI,6
REG-20251020-BR005-SKU017256PI,20251020,BR005,SKU017256PI,10
REG-20251021-BR001-SKU015128BL,20251021,BR001,SKU015128BL,3
REG-20251021-BR001-SKU015128SI,20251021,BR001,SKU015128SI,5
REG-20251021-BR001-SKU015128PI,20251021,BR001,SKU015128PI,3
REG-20251021-BR001-SKU015256BL,20251021,BR001,SKU015256BL,3
REG-20251021-BR001-SKU015256SI,20251021,BR001,SKU015256SI,1
REG-20251021-BR001-SKU015256PI,20251021,BR001,SKU015256PI,2
REG-20251021-BR001-SKU016128BL,20251021,BR001,SKU016128BL,9
REG-20251021-BR001-SKU016128SI,20251021,BR001,SKU016128SI,9
REG-20251021-BR001-SKU016128PI,20251021,BR001,SKU016128PI,7
REG-20251021-BR001-SKU016256BL,20251021,BR001,SKU016256BL,5
REG-20251021-BR001-SKU016256SI,20251021,BR001,SKU016256SI,5
REG-20251021-BR001-SKU016256PI,20251021,BR001,SKU016256PI,5
REG-20251021-BR001-SKU017128BL,20251021,BR001,SKU017128BL,10
REG-20251021-BR001-SKU017128SI,20251021,BR001,SKU017128SI,12
REG-20251021-BR001-SKU017128PI,20251021,BR001,SKU017128PI,12
REG-20251021-BR001-SKU017256BL,20251021,BR001,SKU017256BL,5
REG-20251021-BR001-SKU017256SI,20251021,BR001,SKU017256SI,8
REG-20251021-BR001-SKU017256PI,20251021,BR001,SKU017256PI,5
REG-20251021-BR002-SKU015128BL,20251021,BR002,SKU015128BL,2
REG-20251021-BR002-SKU015128SI,20251021,BR002,SKU015128SI,1
REG-20251021-BR002-SKU015128PI,20251021,BR002,SKU015128PI,2
REG-20251021-BR002-SKU015256BL,20251021,BR002,SKU015256BL,2
REG-20251021-BR002-SKU015256SI,20251021,BR002,SKU015256SI,2
REG-20251021-BR002-SKU015256PI,20251021,BR002,SKU015256PI,2
REG-20251021-BR002-SKU016128BL,20251021,BR002,SKU016128BL,3
REG-20251021-BR002-SKU016128SI,20251021,BR002,SKU016128SI,5
REG-20251021-BR002-SKU016128PI,20251021,BR002,SKU016128PI,4
REG-20251021-BR002-SKU016256BL,20251021,BR002,SKU016256BL,7
REG-20251021-BR002-SKU016256SI,20251021,BR002,SKU016256SI,2
REG-20251021-BR002-SKU016256PI,20251021,BR002,SKU016256PI,6
REG-20251021-BR002-SKU017128BL,20251021,BR002,SKU017128BL,12
REG-20251021-BR002-SKU017128SI,20251021,BR002,SKU017128SI,7
REG-20251021-BR002-SKU017128PI,20251021,BR002,SKU017128PI,7
REG-20251021-BR002-SKU017256BL,20251021,BR002,SKU017256BL,8
REG-20251021-BR002-SKU017256SI,20251021,BR002,SKU017256SI,12
REG-20251021-BR002-SKU017256PI,20251021,BR002,SKU017256PI,9
REG-20251021-BR003-SKU015128BL,20251021,BR003,SKU015128BL,5
REG-20251021-BR003-SKU015128SI,20251021,BR003,SKU015128SI,4
REG-20251021-BR003-SKU015128PI,20251021,BR003,SKU015128PI,4
REG-20251021-BR003-SKU015256BL,20251021,BR003,SKU015256BL,1
REG-20251021-BR003-SKU015256SI,20251021,BR003,SKU015256SI,3
REG-20251021-BR003-SKU015256PI,20251021,BR003,SKU015256PI,2
REG-20251021-BR003-SKU016128BL,20251021,BR003,SKU016128BL,6
REG-20251021-BR003-SKU016128SI,20251021,BR003,SKU016128SI,7
REG-20251021-BR003-SKU016128PI,20251021,BR003,SKU016128PI,8
REG-20251021-BR003-SKU016256BL,20251021,BR003,SKU016256BL,7
REG-20251021-BR003-SKU016256SI,20251021,BR003,SKU016256SI,5
REG-20251021-BR003-SKU016256PI,20251021,BR003,SKU016256PI,6
REG-20251021-BR003-SKU017128BL,20251021,BR003,SKU017128BL,10
REG-20251021-BR003-SKU017128SI,20251021,BR003,SKU017128SI,10
REG-20251021-BR003-SKU017128PI,20251021,BR003,SKU017128PI,13
REG-20251021-BR003-SKU017256BL,20251021,BR003,SKU017256BL,8
REG-20251021-BR003-SKU017256SI,20251021,BR003,SKU017256SI,7
REG-20251021-BR003-SKU017256PI,20251021,BR003,SKU017256PI,12
REG-20251021-BR004-SKU015128BL,20251021,BR004,SKU015128BL,3
REG-20251021-BR004-SKU015128SI,20251021,BR004,SKU015128SI,2
REG-20251021-BR004-SKU015128PI,20251021,BR004,SKU015128PI,1
REG-20251021-BR004-SKU015256BL,20251021,BR004,SKU015256BL,2
REG-20251021-BR004-SKU015256SI,20251021,BR004,SKU015256SI,1
REG-20251021-BR004-SKU015256PI,20251021,BR004,SKU015256PI,3
REG-20251021-BR004-SKU016128BL,20251021,BR004,SKU016128BL,8
REG-20251021-BR004-SKU016128SI,20251021,BR004,SKU016128SI,3
REG-20251021-BR004-SKU016128PI,20251021,BR004,SKU016128PI,1
REG-20251021-BR004-SKU016256BL,20251021,BR004,SKU016256BL,7
REG-20251021-BR004-SKU016256SI,20251021,BR004,SKU016256SI,7
REG-20251021-BR004-SKU016256PI,20251021,BR004,SKU016256PI,4
REG-20251021-BR004-SKU017128BL,20251021,BR004,SKU017128BL,10
REG-20251021-BR004-SKU017128SI,20251021,BR004,SKU017128SI,6
REG-20251021-BR004-SKU017128PI,20251021,BR004,SKU017128PI,3
REG-20251021-BR004-SKU017256BL,20251021,BR004,SKU017256BL,13
REG-20251021-BR004-SKU017256SI,20251021,BR004,SKU017256SI,11
REG-20251021-BR004-SKU017256PI,20251021,BR004,SKU017256PI,9
REG-20251021-BR005-SKU015128BL,20251021,BR005,SKU015128BL,1
REG-20251021-BR005-SKU015128SI,20251021,BR005,SKU015128SI,1
REG-20251021-BR005-SKU015128PI,20251021,BR005,SKU015128PI,2
REG-20251021-BR005-SKU015256BL,20251021,BR005,SKU015256BL,5
REG-20251021-BR005-SKU015256SI,20251021,BR005,SKU015256SI,2
REG-20251021-BR005-SKU015256PI,20251021,BR005,SKU015256PI,3
REG-20251021-BR005-SKU016128BL,20251021,BR005,SKU016128BL,7
REG-20251021-BR005-SKU016128SI,20251021,BR005,SKU016128SI,9
REG-20251021-BR005-SKU016128PI,20251021,BR005,SKU016128PI,5
REG-20251021-BR005-SKU016256BL,20251021,BR005,SKU016256BL,4
REG-20251021-BR005-SKU016256SI,20251021,BR005,SKU016256SI,2
REG-20251021-BR005-SKU016256PI,20251021,BR005,SKU016256PI,5
REG-20251021-BR005-SKU017128BL,20251021,BR005,SKU017128BL,7
REG-20251021-BR005-SKU017128SI,20251021,BR005,SKU017128SI,8
REG-20251021-BR005-SKU017128PI,20251021,BR005,SKU017128PI,10
REG-20251021-BR005-SKU017256BL,20251021,BR005,SKU017256BL,4
REG-20251021-BR005-SKU017256SI,20251021,BR005,SKU017256SI,8
REG-20251021-BR005-SKU017256PI,20251021,BR005,SKU017256PI,12
REG-20251022-BR001-SKU015128BL,20251022,BR001,SKU015128BL,1
REG-20251022-BR001-SKU015128SI,20251022,BR001,SKU015128SI,3
REG-20251022-BR001-SKU015128PI,20251022,BR001,SKU015128PI,3
REG-20251022-BR001-SKU015256BL,20251022,BR001,SKU015256BL,3
REG-20251022-BR001-SKU015256SI,20251022,BR001,SKU015256SI,2
REG-20251022-BR001-SKU015256PI,20251022,BR001,SKU015256PI,4
REG-20251022-BR001-SKU016128BL,20251022,BR001,SKU016128BL,5
REG-20251022-BR001-SKU016128SI,20251022,BR001,SKU016128SI,1
REG-20251022-BR001-SKU016128PI,20251022,BR001,SKU016128PI,5
REG-20251022-BR001-SKU016256BL,20251022,BR001,SKU016256BL,4
REG-20251022-BR001-SKU016256SI,20251022,BR001,SKU016256SI,3
REG-20251022-BR001-SKU016256PI,20251022,BR001,SKU016256PI,1
REG-20251022-BR001-SKU017128BL,20251022,BR001,SKU017128BL,9
REG-20251022-BR001-SKU017128SI,20251022,BR001,SKU017128SI,5
REG-20251022-BR001-SKU017128PI,20251022,BR001,SKU017128PI,6
REG-20251022-BR001-SKU017256BL,20251022,BR001,SKU017256BL,6
REG-20251022-BR001-SKU017256SI,20251022,BR001,SKU017256SI,6
REG-20251022-BR001-SKU017256PI,20251022,BR001,SKU017256PI,6
REG-20251022-BR002-SKU015128BL,20251022,BR002,SKU015128BL,1
REG-20251022-BR002-SKU015128SI,20251022,BR002,SKU015128SI,5
REG-20251022-BR002-SKU015128PI,20251022,BR002,SKU015128PI,4
REG-20251022-BR002-SKU015256BL,20251022,BR002,SKU015256BL,4
REG-20251022-BR002-SKU015256SI,20251022,BR002,SKU015256SI,5
REG-20251022-BR002-SKU015256PI,20251022,BR002,SKU015256PI,1
REG-20251022-BR002-SKU016128BL,20251022,BR002,SKU016128BL,2
REG-20251022-BR002-SKU016128SI,20251022,BR002,SKU016128SI,5
REG-20251022-BR002-SKU016128PI,20251022,BR002,SKU016128PI,2
REG-20251022-BR002-SKU016256BL,20251022,BR002,SKU016256BL,6
REG-20251022-BR002-SKU016256SI,20251022,BR002,SKU016256SI,4
REG-20251022-BR002-SKU016256PI,20251022,BR002,SKU016256PI,5
REG-20251022-BR002-SKU017128BL,20251022,BR002,SKU017128BL,6
REG-20251022-BR002-SKU017128SI,20251022,BR002,SKU017128SI,11
REG-20251022-BR002-SKU017128PI,20251022,BR002,SKU017128PI,8
REG-20251022-BR002-SKU017256BL,20251022,BR002,SKU017256BL,5
REG-20251022-BR002-SKU017256SI,20251022,BR002,SKU017256SI,11
REG-20251022-BR002-SKU017256PI,20251022,BR002,SKU017256PI,10
REG-20251022-BR003-SKU015128BL,20251022,BR003,SKU015128BL,2
REG-20251022-BR003-SKU015128SI,20251022,BR003,SKU015128SI,3
REG-20251022-BR003-SKU015128PI,20251022,BR003,SKU015128PI,4
REG-20251022-BR003-SKU015256BL,20251022,BR003,SKU015256BL,2
REG-20251022-BR003-SKU015256SI,20251022,BR003,SKU015256SI,2
REG-20251022-BR003-SKU015256PI,20251022,BR003,SKU015256PI,2
REG-20251022-BR003-SKU016128BL,20251022,BR003,SKU016128BL,3
REG-20251022-BR003-SKU016128SI,20251022,BR003,SKU016128SI,9
REG-20251022-BR003-SKU016128PI,20251022,BR003,SKU016128PI,7
REG-20251022-BR003-SKU016256BL,20251022,BR003,SKU016256BL,6
REG-20251022-BR003-SKU016256SI,20251022,BR003,SKU016256SI,9
REG-20251022-BR003-SKU016256PI,20251022,BR003,SKU016256PI,6
REG-20251022-BR003-SKU017128BL,20251022,BR003,SKU017128BL,6
REG-20251022-BR003-SKU017128SI,20251022,BR003,SKU017128SI,6
REG-20251022-BR003-SKU017128PI,20251022,BR003,SKU017128PI,9
REG-20251022-BR003-SKU017256BL,20251022,BR003,SKU017256BL,10
REG-20251022-BR003-SKU017256SI,20251022,BR003,SKU017256SI,4
REG-20251022-BR003-SKU017256PI,20251022,BR003,SKU017256PI,7
REG-20251022-BR004-SKU015128BL,20251022,BR004,SKU015128BL,4
REG-20251022-BR004-SKU015128SI,20251022,BR004,SKU015128SI,1
REG-20251022-BR004-SKU015128PI,20251022,BR004,SKU015128PI,3
REG-20251022-BR004-SKU015256BL,20251022,BR004,SKU015256BL,1
REG-20251022-BR004-SKU015256SI,20251022,BR004,SKU015256SI,4
REG-20251022-BR004-SKU015256PI,20251022,BR004,SKU015256PI,2
REG-20251022-BR004-SKU016128BL,20251022,BR004,SKU016128BL,3
REG-20251022-BR004-SKU016128SI,20251022,BR004,SKU016128SI,8
REG-20251022-BR004-SKU016128PI,20251022,BR004,SKU016128PI,8
REG-20251022-BR004-SKU016256BL,20251022,BR004,SKU016256BL,2
REG-20251022-BR004-SKU016256SI,20251022,BR004,SKU016256SI,8
REG-20251022-BR004-SKU016256PI,20251022,BR004,SKU016256PI,4
REG-20251022-BR004-SKU017128BL,20251022,BR004,SKU017128BL,10
REG-20251022-BR004-SKU017128SI,20251022,BR004,SKU017128SI,4
REG-20251022-BR004-SKU017128PI,20251022,BR004,SKU017128PI,10
REG-20251022-BR004-SKU017256BL,20251022,BR004,SKU017256BL,13
REG-20251022-BR004-SKU017256SI,20251022,BR004,SKU017256SI,9
REG-20251022-BR004-SKU017256PI,20251022,BR004,SKU017256PI,10
REG-20251022-BR005-SKU015128BL,20251022,BR005,SKU015128BL,2
REG-20251022-BR005-SKU015128SI,20251022,BR005,SKU015128SI,1
REG-20251022-BR005-SKU015128PI,20251022,BR005,SKU015128PI,1
REG-20251022-BR005-SKU015256BL,20251022,BR005,SKU015256BL,1
REG-20251022-BR005-SKU015256SI,20251022,BR005,SKU015256SI,1
REG-20251022-BR005-SKU015256PI,20251022,BR005,SKU015256PI,1
REG-20251022-BR005-SKU016128BL,20251022,BR005,SKU016128BL,5
REG-20251022-BR005-SKU016128SI,20251022,BR005,SKU016128SI,7
REG-20251022-BR005-SKU016128PI,20251022,BR005,SKU016128PI,4
REG-20251022-BR005-SKU016256BL,20251022,BR005,SKU016256BL,7
REG-20251022-BR005-SKU016256SI,20251022,BR005,SKU016256SI,5
REG-20251022-BR005-SKU016256PI,20251022,BR005,SKU016256PI,6
REG-20251022-BR005-SKU017128BL,20251022,BR005,SKU017128BL,8
REG-20251022-BR005-SKU017128SI,20251022,BR005,SKU017128SI,11
REG-20251022-BR005-SKU017128PI,20251022,BR005,SKU017128PI,11
REG-20251022-BR005-SKU017256BL,20251022,BR005,SKU017256BL,10
REG-20251022-BR005-SKU017256SI,20251022,BR005,SKU017256SI,6
REG-20251022-BR005-SKU017256PI,20251022,BR005,SKU017256PI,12
REG-20251023-BR001-SKU015128BL,20251023,BR001,SKU015128BL,3
REG-20251023-BR001-SKU015128SI,20251023,BR001,SKU015128SI,5
REG-20251023-BR001-SKU015128PI,20251023,BR001,SKU015128PI,3
REG-20251023-BR001-SKU015256BL,20251023,BR001,SKU015256BL,2
REG-20251023-BR001-SKU015256SI,20251023,BR001,SKU015256SI,5
REG-20251023-BR001-SKU015256PI,20251023,BR001,SKU015256PI,1
REG-20251023-BR001-SKU016128BL,20251023,BR001,SKU016128BL,9
REG-20251023-BR001-SKU016128SI,20251023,BR001,SKU016128SI,6
REG-20251023-BR001-SKU016128PI,20251023,BR001,SKU016128PI,7
REG-20251023-BR001-SKU016256BL,20251023,BR001,SKU016256BL,6
REG-20251023-BR001-SKU016256SI,20251023,BR001,SKU016256SI,6
REG-20251023-BR001-SKU016256PI,20251023,BR001,SKU016256PI,6
REG-20251023-BR001-SKU017128BL,20251023,BR001,SKU017128BL,13
REG-20251023-BR001-SKU017128SI,20251023,BR001,SKU017128SI,10
REG-20251023-BR001-SKU017128PI,20251023,BR001,SKU017128PI,9
REG-20251023-BR001-SKU017256BL,20251023,BR001,SKU017256BL,11
REG-20251023-BR001-SKU017256SI,20251023,BR001,SKU017256SI,6
REG-20251023-BR001-SKU017256PI,20251023,BR001,SKU017256PI,3
REG-20251023-BR002-SKU015128BL,20251023,BR002,SKU015128BL,4
REG-20251023-BR002-SKU015128SI,20251023,BR002,SKU015128SI,5
REG-20251023-BR002-SKU015128PI,20251023,BR002,SKU015128PI,4
REG-20251023-BR002-SKU015256BL,20251023,BR002,SKU015256BL,5
REG-20251023-BR002-SKU015256SI,20251023,BR002,SKU015256SI,5
REG-20251023-BR002-SKU015256PI,20251023,BR002,SKU015256PI,2
REG-20251023-BR002-SKU016128BL,20251023,BR002,SKU016128BL,1
REG-20251023-BR002-SKU016128SI,20251023,BR002,SKU016128SI,8
REG-20251023-BR002-SKU016128PI,20251023,BR002,SKU016128PI,3
REG-20251023-BR002-SKU016256BL,20251023,BR002,SKU016256BL,6
REG-20251023-BR002-SKU016256SI,20251023,BR002,SKU016256SI,8
REG-20251023-BR002-SKU016256PI,20251023,BR002,SKU016256PI,8
REG-20251023-BR002-SKU017128BL,20251023,BR002,SKU017128BL,8
REG-20251023-BR002-SKU017128SI,20251023,BR002,SKU017128SI,12
REG-20251023-BR002-SKU017128PI,20251023,BR002,SKU017128PI,7
REG-20251023-BR002-SKU017256BL,20251023,BR002,SKU017256BL,10
REG-20251023-BR002-SKU017256SI,20251023,BR002,SKU017256SI,8
REG-20251023-BR002-SKU017256PI,20251023,BR002,SKU017256PI,7
REG-20251023-BR003-SKU015128BL,20251023,BR003,SKU015128BL,3
REG-20251023-BR003-SKU015128SI,20251023,BR003,SKU015128SI,2
REG-20251023-BR003-SKU015128PI,20251023,BR003,SKU015128PI,1
REG-20251023-BR003-SKU015256BL,20251023,BR003,SKU015256BL,1
REG-20251023-BR003-SKU015256SI,20251023,BR003,SKU015256SI,5
REG-20251023-BR003-SKU015256PI,20251023,BR003,SKU015256PI,3
REG-20251023-BR003-SKU016128BL,20251023,BR003,SKU016128BL,5
REG-20251023-BR003-SKU016128SI,20251023,BR003,SKU016128SI,5
REG-20251023-BR003-SKU016128PI,20251023,BR003,SKU016128PI,5
REG-20251023-BR003-SKU016256BL,20251023,BR003,SKU016256BL,9
REG-20251023-BR003-SKU016256SI,20251023,BR003,SKU016256SI,9
REG-20251023-BR003-SKU016256PI,20251023,BR003,SKU016256PI,7
REG-20251023-BR003-SKU017128BL,20251023,BR003,SKU017128BL,9
REG-20251023-BR003-SKU017128SI,20251023,BR003,SKU017128SI,8
REG-20251023-BR003-SKU017128PI,20251023,BR003,SKU017128PI,9
REG-20251023-BR003-SKU017256BL,20251023,BR003,SKU017256BL,8
REG-20251023-BR003-SKU017256SI,20251023,BR003,SKU017256SI,11
REG-20251023-BR003-SKU017256PI,20251023,BR003,SKU017256PI,4
REG-20251023-BR004-SKU015128BL,20251023,BR004,SKU015128BL,2
REG-20251023-BR004-SKU015128SI,20251023,BR004,SKU015128SI,1
REG-20251023-BR004-SKU015128PI,20251023,BR004,SKU015128PI,6
REG-20251023-BR004-SKU015256BL,20251023,BR004,SKU015256BL,4
REG-20251023-BR004-SKU015256SI,20251023,BR004,SKU015256SI,3
REG-20251023-BR004-SKU015256PI,20251023,BR004,SKU015256PI,2
REG-20251023-BR004-SKU016128BL,20251023,BR004,SKU016128BL,3
REG-20251023-BR004-SKU016128SI,20251023,BR004,SKU016128SI,5
REG-20251023-BR004-SKU016128PI,20251023,BR004,SKU016128PI,6
REG-20251023-BR004-SKU016256BL,20251023,BR004,SKU016256BL,4
REG-20251023-BR004-SKU016256SI,20251023,BR004,SKU016256SI,6
REG-20251023-BR004-SKU016256PI,20251023,BR004,SKU016256PI,3
REG-20251023-BR004-SKU017128BL,20251023,BR004,SKU017128BL,4
REG-20251023-BR004-SKU017128SI,20251023,BR004,SKU017128SI,8
REG-20251023-BR004-SKU017128PI,20251023,BR004,SKU017128PI,12
REG-20251023-BR004-SKU017256BL,20251023,BR004,SKU017256BL,5
REG-20251023-BR004-SKU017256SI,20251023,BR004,SKU017256SI,6
REG-20251023-BR004-SKU017256PI,20251023,BR004,SKU017256PI,7
REG-20251023-BR005-SKU015128BL,20251023,BR005,SKU015128BL,1
REG-20251023-BR005-SKU015128SI,20251023,BR005,SKU015128SI,1
REG-20251023-BR005-SKU015128PI,20251023,BR005,SKU015128PI,3
REG-20251023-BR005-SKU015256BL,20251023,BR005,SKU015256BL,3
REG-20251023-BR005-SKU015256SI,20251023,BR005,SKU015256SI,2
REG-20251023-BR005-SKU015256PI,20251023,BR005,SKU015256PI,1
REG-20251023-BR005-SKU016128BL,20251023,BR005,SKU016128BL,3
REG-20251023-BR005-SKU016128SI,20251023,BR005,SKU016128SI,10
REG-20251023-BR005-SKU016128PI,20251023,BR005,SKU016128PI,1
REG-20251023-BR005-SKU016256BL,20251023,BR005,SKU016256BL,6
REG-20251023-BR005-SKU016256SI,20251023,BR005,SKU016256SI,4
REG-20251023-BR005-SKU016256PI,20251023,BR005,SKU016256PI,9
REG-20251023-BR005-SKU017128BL,20251023,BR005,SKU017128BL,10
REG-20251023-BR005-SKU017128SI,20251023,BR005,SKU017128SI,12
REG-20251023-BR005-SKU017128PI,20251023,BR005,SKU017128PI,11
REG-20251023-BR005-SKU017256BL,20251023,BR005,SKU017256BL,10
REG-20251023-BR005-SKU017256SI,20251023,BR005,SKU017256SI,9
REG-20251023-BR005-SKU017256PI,20251023,BR005,SKU017256PI,11
REG-20251024-BR001-SKU015128BL,20251024,BR001,SKU015128BL,6
REG-20251024-BR001-SKU015128SI,20251024,BR001,SKU015128SI,1
REG-20251024-BR001-SKU015128PI,20251024,BR001,SKU015128PI,1
REG-20251024-BR001-SKU015256BL,20251024,BR001,SKU015256BL,2
REG-20251024-BR001-SKU015256SI,20251024,BR001,SKU015256SI,3
REG-20251024-BR001-SKU015256PI,20251024,BR001,SKU015256PI,3
REG-20251024-BR001-SKU016128BL,20251024,BR001,SKU016128BL,5
REG-20251024-BR001-SKU016128SI,20251024,BR001,SKU016128SI,4
REG-20251024-BR001-SKU016128PI,20251024,BR001,SKU016128PI,6
REG-20251024-BR001-SKU016256BL,20251024,BR001,SKU016256BL,8
REG-20251024-BR001-SKU016256SI,20251024,BR001,SKU016256SI,8
REG-20251024-BR001-SKU016256PI,20251024,BR001,SKU016256PI,7
REG-20251024-BR001-SKU017128BL,20251024,BR001,SKU017128BL,5
REG-20251024-BR001-SKU017128SI,20251024,BR001,SKU017128SI,5
REG-20251024-BR001-SKU017128PI,20251024,BR001,SKU017128PI,5
REG-20251024-BR001-SKU017256BL,20251024,BR001,SKU017256BL,11
REG-20251024-BR001-SKU017256SI,20251024,BR001,SKU017256SI,13
REG-20251024-BR001-SKU017256PI,20251024,BR001,SKU017256PI,6
REG-20251024-BR002-SKU015128BL,20251024,BR002,SKU015128BL,5
REG-20251024-BR002-SKU015128SI,20251024,BR002,SKU015128SI,2
REG-20251024-BR002-SKU015128PI,20251024,BR002,SKU015128PI,5
REG-20251024-BR002-SKU015256BL,20251024,BR002,SKU015256BL,1
REG-20251024-BR002-SKU015256SI,20251024,BR002,SKU015256SI,1
REG-20251024-BR002-SKU015256PI,20251024,BR002,SKU015256PI,2
REG-20251024-BR002-SKU016128BL,20251024,BR002,SKU016128BL,7
REG-20251024-BR002-SKU016128SI,20251024,BR002,SKU016128SI,5
REG-20251024-BR002-SKU016128PI,20251024,BR002,SKU016128PI,4
REG-20251024-BR002-SKU016256BL,20251024,BR002,SKU016256BL,8
REG-20251024-BR002-SKU016256SI,20251024,BR002,SKU016256SI,3
REG-20251024-BR002-SKU016256PI,20251024,BR002,SKU016256PI,3
REG-20251024-BR002-SKU017128BL,20251024,BR002,SKU017128BL,4
REG-20251024-BR002-SKU017128SI,20251024,BR002,SKU017128SI,9
REG-20251024-BR002-SKU017128PI,20251024,BR002,SKU017128PI,7
REG-20251024-BR002-SKU017256BL,20251024,BR002,SKU017256BL,11
REG-20251024-BR002-SKU017256SI,20251024,BR002,SKU017256SI,8
REG-20251024-BR002-SKU017256PI,20251024,BR002,SKU017256PI,10
REG-20251024-BR003-SKU015128BL,20251024,BR003,SKU015128BL,4
REG-20251024-BR003-SKU015128SI,20251024,BR003,SKU015128SI,2
REG-20251024-BR003-SKU015128PI,20251024,BR003,SKU015128PI,2
REG-20251024-BR003-SKU015256BL,20251024,BR003,SKU015256BL,1
REG-20251024-BR003-SKU015256SI,20251024,BR003,SKU015256SI,5
REG-20251024-BR003-SKU015256PI,20251024,BR003,SKU015256PI,3
REG-20251024-BR003-SKU016128BL,20251024,BR003,SKU016128BL,4
REG-20251024-BR003-SKU016128SI,20251024,BR003,SKU016128SI,3
REG-20251024-BR003-SKU016128PI,20251024,BR003,SKU016128PI,1
REG-20251024-BR003-SKU016256BL,20251024,BR003,SKU016256BL,3
REG-20251024-BR003-SKU016256SI,20251024,BR003,SKU016256SI,10
REG-20251024-BR003-SKU016256PI,20251024,BR003,SKU016256PI,2
REG-20251024-BR003-SKU017128BL,20251024,BR003,SKU017128BL,9
REG-20251024-BR003-SKU017128SI,20251024,BR003,SKU017128SI,11
REG-20251024-BR003-SKU017128PI,20251024,BR003,SKU017128PI,5
REG-20251024-BR003-SKU017256BL,20251024,BR003,SKU017256BL,7
REG-20251024-BR003-SKU017256SI,20251024,BR003,SKU017256SI,9
REG-20251024-BR003-SKU017256PI,20251024,BR003,SKU017256PI,11
REG-20251024-BR004-SKU015128BL,20251024,BR004,SKU015128BL,2
REG-20251024-BR004-SKU015128SI,20251024,BR004,SKU015128SI,1
REG-20251024-BR004-SKU015128PI,20251024,BR004,SKU015128PI,2
REG-20251024-BR004-SKU015256BL,20251024,BR004,SKU015256BL,4
REG-20251024-BR004-SKU015256SI,20251024,BR004,SKU015256SI,2
REG-20251024-BR004-SKU015256PI,20251024,BR004,SKU015256PI,3
REG-20251024-BR004-SKU016128BL,20251024,BR004,SKU016128BL,9
REG-20251024-BR004-SKU016128SI,20251024,BR004,SKU016128SI,6
REG-20251024-BR004-SKU016128PI,20251024,BR004,SKU016128PI,4
REG-20251024-BR004-SKU016256BL,20251024,BR004,SKU016256BL,6
REG-20251024-BR004-SKU016256SI,20251024,BR004,SKU016256SI,7
REG-20251024-BR004-SKU016256PI,20251024,BR004,SKU016256PI,7
REG-20251024-BR004-SKU017128BL,20251024,BR004,SKU017128BL,6
REG-20251024-BR004-SKU017128SI,20251024,BR004,SKU017128SI,11
REG-20251024-BR004-SKU017128PI,20251024,BR004,SKU017128PI,12
REG-20251024-BR004-SKU017256BL,20251024,BR004,SKU017256BL,9
REG-20251024-BR004-SKU017256SI,20251024,BR004,SKU017256SI,9
REG-20251024-BR004-SKU017256PI,20251024,BR004,SKU017256PI,7
REG-20251024-BR005-SKU015128BL,20251024,BR005,SKU015128BL,1
REG-20251024-BR005-SKU015128SI,20251024,BR005,SKU015128SI,5
REG-20251024-BR005-SKU015128PI,20251024,BR005,SKU015128PI,2
REG-20251024-BR005-SKU015256BL,20251024,BR005,SKU015256BL,3
REG-20251024-BR005-SKU015256SI,20251024,BR005,SKU015256SI,4
REG-20251024-BR005-SKU015256PI,20251024,BR005,SKU015256PI,5
REG-20251024-BR005-SKU016128BL,20251024,BR005,SKU016128BL,6
REG-20251024-BR005-SKU016128SI,20251024,BR005,SKU016128SI,4
REG-20251024-BR005-SKU016128PI,20251024,BR005,SKU016128PI,7
REG-20251024-BR005-SKU016256BL,20251024,BR005,SKU016256BL,4
REG-20251024-BR005-SKU016256SI,20251024,BR005,SKU016256SI,10
REG-20251024-BR005-SKU016256PI,20251024,BR005,SKU016256PI,4
REG-20251024-BR005-SKU017128BL,20251024,BR005,SKU017128BL,7
REG-20251024-BR005-SKU017128SI,20251024,BR005,SKU017128SI,5
REG-20251024-BR005-SKU017128PI,20251024,BR005,SKU017128PI,11
REG-20251024-BR005-SKU017256BL,20251024,BR005,SKU017256BL,8
REG-20251024-BR005-SKU017256SI,20251024,BR005,SKU017256SI,12
REG-20251024-BR005-SKU017256PI,20251024,BR005,SKU017256PI,6
REG-20251025-BR001-SKU015128BL,20251025,BR001,SKU015128BL,1
REG-20251025-BR001-SKU015128SI,20251025,BR001,SKU015128SI,1
REG-20251025-BR001-SKU015128PI,20251025,BR001,SKU015128PI,1
REG-20251025-BR001-SKU015256BL,20251025,BR001,SKU015256BL,5
REG-20251025-BR001-SKU015256SI,20251025,BR001,SKU015256SI,1
REG-20251025-BR001-SKU015256PI,20251025,BR001,SKU015256PI,1
REG-20251025-BR001-SKU016128BL,20251025,BR001,SKU016128BL,5
REG-20251025-BR001-SKU016128SI,20251025,BR001,SKU016128SI,1
REG-20251025-BR001-SKU016128PI,20251025,BR001,SKU016128PI,7
REG-20251025-BR001-SKU016256BL,20251025,BR001,SKU016256BL,8
REG-20251025-BR001-SKU016256SI,20251025,BR001,SKU016256SI,5
REG-20251025-BR001-SKU016256PI,20251025,BR001,SKU016256PI,2
REG-20251025-BR001-SKU017128BL,20251025,BR001,SKU017128BL,5
REG-20251025-BR001-SKU017128SI,20251025,BR001,SKU017128SI,12
REG-20251025-BR001-SKU017128PI,20251025,BR001,SKU017128PI,11
REG-20251025-BR001-SKU017256BL,20251025,BR001,SKU017256BL,8
REG-20251025-BR001-SKU017256SI,20251025,BR001,SKU017256SI,7
REG-20251025-BR001-SKU017256PI,20251025,BR001,SKU017256PI,11
REG-20251025-BR002-SKU015128BL,20251025,BR002,SKU015128BL,4
REG-20251025-BR002-SKU015128SI,20251025,BR002,SKU015128SI,1
REG-20251025-BR002-SKU015128PI,20251025,BR002,SKU015128PI,1
REG-20251025-BR002-SKU015256BL,20251025,BR002,SKU015256BL,2
REG-20251025-BR002-SKU015256SI,20251025,BR002,SKU015256SI,1
REG-20251025-BR002-SKU015256PI,20251025,BR002,SKU015256PI,4
REG-20251025-BR002-SKU016128BL,20251025,BR002,SKU016128BL,6
REG-20251025-BR002-SKU016128SI,20251025,BR002,SKU016128SI,6
REG-20251025-BR002-SKU016128PI,20251025,BR002,SKU016128PI,7
REG-20251025-BR002-SKU016256BL,20251025,BR002,SKU016256BL,9
REG-20251025-BR002-SKU016256SI,20251025,BR002,SKU016256SI,7
REG-20251025-BR002-SKU016256PI,20251025,BR002,SKU016256PI,2
REG-20251025-BR002-SKU017128BL,20251025,BR002,SKU017128BL,8
REG-20251025-BR002-SKU017128SI,20251025,BR002,SKU017128SI,8
REG-20251025-BR002-SKU017128PI,20251025,BR002,SKU017128PI,6
REG-20251025-BR002-SKU017256BL,20251025,BR002,SKU017256BL,10
REG-20251025-BR002-SKU017256SI,20251025,BR002,SKU017256SI,5
REG-20251025-BR002-SKU017256PI,20251025,BR002,SKU017256PI,5
REG-20251025-BR003-SKU015128BL,20251025,BR003,SKU015128BL,1
REG-20251025-BR003-SKU015128SI,20251025,BR003,SKU015128SI,4
REG-20251025-BR003-SKU015128PI,20251025,BR003,SKU015128PI,1
REG-20251025-BR003-SKU015256BL,20251025,BR003,SKU015256BL,4
REG-20251025-BR003-SKU015256SI,20251025,BR003,SKU015256SI,1
REG-20251025-BR003-SKU015256PI,20251025,BR003,SKU015256PI,3
REG-20251025-BR003-SKU016128BL,20251025,BR003,SKU016128BL,3
REG-20251025-BR003-SKU016128SI,20251025,BR003,SKU016128SI,1
REG-20251025-BR003-SKU016128PI,20251025,BR003,SKU016128PI,7
REG-20251025-BR003-SKU016256BL,20251025,BR003,SKU016256BL,7
REG-20251025-BR003-SKU016256SI,20251025,BR003,SKU016256SI,5
REG-20251025-BR003-SKU016256PI,20251025,BR003,SKU016256PI,6
REG-20251025-BR003-SKU017128BL,20251025,BR003,SKU017128BL,8
REG-20251025-BR003-SKU017128SI,20251025,BR003,SKU017128SI,7
REG-20251025-BR003-SKU017128PI,20251025,BR003,SKU017128PI,11
REG-20251025-BR003-SKU017256BL,20251025,BR003,SKU017256BL,11
REG-20251025-BR003-SKU017256SI,20251025,BR003,SKU017256SI,12
REG-20251025-BR003-SKU017256PI,20251025,BR003,SKU017256PI,12
REG-20251025-BR004-SKU015128BL,20251025,BR004,SKU015128BL,1
REG-20251025-BR004-SKU015128SI,20251025,BR004,SKU015128SI,1
REG-20251025-BR004-SKU015128PI,20251025,BR004,SKU015128PI,1
REG-20251025-BR004-SKU015256BL,20251025,BR004,SKU015256BL,2
REG-20251025-BR004-SKU015256SI,20251025,BR004,SKU015256SI,1
REG-20251025-BR004-SKU015256PI,20251025,BR004,SKU015256PI,4
REG-20251025-BR004-SKU016128BL,20251025,BR004,SKU016128BL,5
REG-20251025-BR004-SKU016128SI,20251025,BR004,SKU016128SI,6
REG-20251025-BR004-SKU016128PI,20251025,BR004,SKU016128PI,4
REG-20251025-BR004-SKU016256BL,20251025,BR004,SKU016256BL,7
REG-20251025-BR004-SKU016256SI,20251025,BR004,SKU016256SI,6
REG-20251025-BR004-SKU016256PI,20251025,BR004,SKU016256PI,7
REG-20251025-BR004-SKU017128BL,20251025,BR004,SKU017128BL,12
REG-20251025-BR004-SKU017128SI,20251025,BR004,SKU017128SI,6
REG-20251025-BR004-SKU017128PI,20251025,BR004,SKU017128PI,10
REG-20251025-BR004-SKU017256BL,20251025,BR004,SKU017256BL,6
REG-20251025-BR004-SKU017256SI,20251025,BR004,SKU017256SI,8
REG-20251025-BR004-SKU017256PI,20251025,BR004,SKU017256PI,12
REG-20251025-BR005-SKU015128BL,20251025,BR005,SKU015128BL,3
REG-20251025-BR005-SKU015128SI,20251025,BR005,SKU015128SI,2
REG-20251025-BR005-SKU015128PI,20251025,BR005,SKU015128PI,5
REG-20251025-BR005-SKU015256BL,20251025,BR005,SKU015256BL,3
REG-20251025-BR005-SKU015256SI,20251025,BR005,SKU015256SI,1
REG-20251025-BR005-SKU015256PI,20251025,BR005,SKU015256PI,1
REG-20251025-BR005-SKU016128BL,20251025,BR005,SKU016128BL,5
REG-20251025-BR005-SKU016128SI,20251025,BR005,SKU016128SI,10
REG-20251025-BR005-SKU016128PI,20251025,BR005,SKU016128PI,4
REG-20251025-BR005-SKU016256BL,20251025,BR005,SKU016256BL,3
REG-20251025-BR005-SKU016256SI,20251025,BR005,SKU016256SI,5
REG-20251025-BR005-SKU016256PI,20251025,BR005,SKU016256PI,4
REG-20251025-BR005-SKU017128BL,20251025,BR005,SKU017128BL,8
REG-20251025-BR005-SKU017128SI,20251025,BR005,SKU017128SI,3
REG-20251025-BR005-SKU017128PI,20251025,BR005,SKU017128PI,10
REG-20251025-BR005-SKU017256BL,20251025,BR005,SKU017256BL,9
REG-20251025-BR005-SKU017256SI,20251025,BR005,SKU017256SI,5
REG-20251025-BR005-SKU017256PI,20251025,BR005,SKU017256PI,11
REG-20251026-BR001-SKU015128BL,20251026,BR001,SKU015128BL,2
REG-20251026-BR001-SKU015128SI,20251026,BR001,SKU015128SI,5
REG-20251026-BR001-SKU015128PI,20251026,BR001,SKU015128PI,5
REG-20251026-BR001-SKU015256BL,20251026,BR001,SKU015256BL,5
REG-20251026-BR001-SKU015256SI,20251026,BR001,SKU015256SI,1
REG-20251026-BR001-SKU015256PI,20251026,BR001,SKU015256PI,2
REG-20251026-BR001-SKU016128BL,20251026,BR001,SKU016128BL,5
REG-20251026-BR001-SKU016128SI,20251026,BR001,SKU016128SI,7
REG-20251026-BR001-SKU016128PI,20251026,BR001,SKU016128PI,9
REG-20251026-BR001-SKU016256BL,20251026,BR001,SKU016256BL,7
REG-20251026-BR001-SKU016256SI,20251026,BR001,SKU016256SI,6
REG-20251026-BR001-SKU016256PI,20251026,BR001,SKU016256PI,3
REG-20251026-BR001-SKU017128BL,20251026,BR001,SKU017128BL,6
REG-20251026-BR001-SKU017128SI,20251026,BR001,SKU017128SI,8
REG-20251026-BR001-SKU017128PI,20251026,BR001,SKU017128PI,7
REG-20251026-BR001-SKU017256BL,20251026,BR001,SKU017256BL,9
REG-20251026-BR001-SKU017256SI,20251026,BR001,SKU017256SI,12
REG-20251026-BR001-SKU017256PI,20251026,BR001,SKU017256PI,8
REG-20251026-BR002-SKU015128BL,20251026,BR002,SKU015128BL,4
REG-20251026-BR002-SKU015128SI,20251026,BR002,SKU015128SI,3
REG-20251026-BR002-SKU015128PI,20251026,BR002,SKU015128PI,6
REG-20251026-BR002-SKU015256BL,20251026,BR002,SKU015256BL,2
REG-20251026-BR002-SKU015256SI,20251026,BR002,SKU015256SI,1
REG-20251026-BR002-SKU015256PI,20251026,BR002,SKU015256PI,4
REG-20251026-BR002-SKU016128BL,20251026,BR002,SKU016128BL,1
REG-20251026-BR002-SKU016128SI,20251026,BR002,SKU016128SI,2
REG-20251026-BR002-SKU016128PI,20251026,BR002,SKU016128PI,2
REG-20251026-BR002-SKU016256BL,20251026,BR002,SKU016256BL,5
REG-20251026-BR002-SKU016256SI,20251026,BR002,SKU016256SI,3
REG-20251026-BR002-SKU016256PI,20251026,BR002,SKU016256PI,8
REG-20251026-BR002-SKU017128BL,20251026,BR002,SKU017128BL,6
REG-20251026-BR002-SKU017128SI,20251026,BR002,SKU017128SI,8
REG-20251026-BR002-SKU017128PI,20251026,BR002,SKU017128PI,14
REG-20251026-BR002-SKU017256BL,20251026,BR002,SKU017256BL,7
REG-20251026-BR002-SKU017256SI,20251026,BR002,SKU017256SI,7
REG-20251026-BR002-SKU017256PI,20251026,BR002,SKU017256PI,6
REG-20251026-BR003-SKU015128BL,20251026,BR003,SKU015128BL,6
REG-20251026-BR003-SKU015128SI,20251026,BR003,SKU015128SI,2
REG-20251026-BR003-SKU015128PI,20251026,BR003,SKU015128PI,3
REG-20251026-BR003-SKU015256BL,20251026,BR003,SKU015256BL,3
REG-20251026-BR003-SKU015256SI,20251026,BR003,SKU015256SI,1
REG-20251026-BR003-SKU015256PI,20251026,BR003,SKU015256PI,1
REG-20251026-BR003-SKU016128BL,20251026,BR003,SKU016128BL,6
REG-20251026-BR003-SKU016128SI,20251026,BR003,SKU016128SI,3
REG-20251026-BR003-SKU016128PI,20251026,BR003,SKU016128PI,7
REG-20251026-BR003-SKU016256BL,20251026,BR003,SKU016256BL,5
REG-20251026-BR003-SKU016256SI,20251026,BR003,SKU016256SI,3
REG-20251026-BR003-SKU016256PI,20251026,BR003,SKU016256PI,4
REG-20251026-BR003-SKU017128BL,20251026,BR003,SKU017128BL,6
REG-20251026-BR003-SKU017128SI,20251026,BR003,SKU017128SI,10
REG-20251026-BR003-SKU017128PI,20251026,BR003,SKU017128PI,9
REG-20251026-BR003-SKU017256BL,20251026,BR003,SKU017256BL,6
REG-20251026-BR003-SKU017256SI,20251026,BR003,SKU017256SI,10
REG-20251026-BR003-SKU017256PI,20251026,BR003,SKU017256PI,11
REG-20251026-BR004-SKU015128BL,20251026,BR004,SKU015128BL,2
REG-20251026-BR004-SKU015128SI,20251026,BR004,SKU015128SI,2
REG-20251026-BR004-SKU015128PI,20251026,BR004,SKU015128PI,1
REG-20251026-BR004-SKU015256BL,20251026,BR004,SKU015256BL,4
REG-20251026-BR004-SKU015256SI,20251026,BR004,SKU015256SI,3
REG-20251026-BR004-SKU015256PI,20251026,BR004,SKU015256PI,1
REG-20251026-BR004-SKU016128BL,20251026,BR004,SKU016128BL,4
REG-20251026-BR004-SKU016128SI,20251026,BR004,SKU016128SI,6
REG-20251026-BR004-SKU016128PI,20251026,BR004,SKU016128PI,1
REG-20251026-BR004-SKU016256BL,20251026,BR004,SKU016256BL,7
REG-20251026-BR004-SKU016256SI,20251026,BR004,SKU016256SI,2
REG-20251026-BR004-SKU016256PI,20251026,BR004,SKU016256PI,9
REG-20251026-BR004-SKU017128BL,20251026,BR004,SKU017128BL,8
REG-20251026-BR004-SKU017128SI,20251026,BR004,SKU017128SI,7
REG-20251026-BR004-SKU017128PI,20251026,BR004,SKU017128PI,4
REG-20251026-BR004-SKU017256BL,20251026,BR004,SKU017256BL,8
REG-20251026-BR004-SKU017256SI,20251026,BR004,SKU017256SI,13
REG-20251026-BR004-SKU017256PI,20251026,BR004,SKU017256PI,10
REG-20251026-BR005-SKU015128BL,20251026,BR005,SKU015128BL,4
REG-20251026-BR005-SKU015128SI,20251026,BR005,SKU015128SI,4
REG-20251026-BR005-SKU015128PI,20251026,BR005,SKU015128PI,1
REG-20251026-BR005-SKU015256BL,20251026,BR005,SKU015256BL,5
REG-20251026-BR005-SKU015256SI,20251026,BR005,SKU015256SI,1
REG-20251026-BR005-SKU015256PI,20251026,BR005,SKU015256PI,4
REG-20251026-BR005-SKU016128BL,20251026,BR005,SKU016128BL,3
REG-20251026-BR005-SKU016128SI,20251026,BR005,SKU016128SI,7
REG-20251026-BR005-SKU016128PI,20251026,BR005,SKU016128PI,2
REG-20251026-BR005-SKU016256BL,20251026,BR005,SKU016256BL,3
REG-20251026-BR005-SKU016256SI,20251026,BR005,SKU016256SI,5
REG-20251026-BR005-SKU016256PI,20251026,BR005,SKU016256PI,6
REG-20251026-BR005-SKU017128BL,20251026,BR005,SKU017128BL,4
REG-20251026-BR005-SKU017128SI,20251026,BR005,SKU017128SI,9
REG-20251026-BR005-SKU017128PI,20251026,BR005,SKU017128PI,7
REG-20251026-BR005-SKU017256BL,20251026,BR005,SKU017256BL,12
REG-20251026-BR005-SKU017256SI,20251026,BR005,SKU017256SI,11
REG-20251026-BR005-SKU017256PI,20251026,BR005,SKU017256PI,11
REG-20251027-BR001-SKU015128BL,20251027,BR001,SKU015128BL,3
REG-20251027-BR001-SKU015128SI,20251027,BR001,SKU015128SI,1
REG-20251027-BR001-SKU015128PI,20251027,BR001,SKU015128PI,1
REG-20251027-BR001-SKU015256BL,20251027,BR001,SKU015256BL,2
REG-20251027-BR001-SKU015256SI,20251027,BR001,SKU015256SI,1
REG-20251027-BR001-SKU015256PI,20251027,BR001,SKU015256PI,1
REG-20251027-BR001-SKU016128BL,20251027,BR001,SKU016128BL,8
REG-20251027-BR001-SKU016128SI,20251027,BR001,SKU016128SI,6
REG-20251027-BR001-SKU016128PI,20251027,BR001,SKU016128PI,7
REG-20251027-BR001-SKU016256BL,20251027,BR001,SKU016256BL,5
REG-20251027-BR001-SKU016256SI,20251027,BR001,SKU016256SI,4
REG-20251027-BR001-SKU016256PI,20251027,BR001,SKU016256PI,5
REG-20251027-BR001-SKU017128BL,20251027,BR001,SKU017128BL,9
REG-20251027-BR001-SKU017128SI,20251027,BR001,SKU017128SI,6
REG-20251027-BR001-SKU017128PI,20251027,BR001,SKU017128PI,7
REG-20251027-BR001-SKU017256BL,20251027,BR001,SKU017256BL,8
REG-20251027-BR001-SKU017256SI,20251027,BR001,SKU017256SI,10
REG-20251027-BR001-SKU017256PI,20251027,BR001,SKU017256PI,10
REG-20251027-BR002-SKU015128BL,20251027,BR002,SKU015128BL,1
REG-20251027-BR002-SKU015128SI,20251027,BR002,SKU015128SI,1
REG-20251027-BR002-SKU015128PI,20251027,BR002,SKU015128PI,1
REG-20251027-BR002-SKU015256BL,20251027,BR002,SKU015256BL,2
REG-20251027-BR002-SKU015256SI,20251027,BR002,SKU015256SI,2
REG-20251027-BR002-SKU015256PI,20251027,BR002,SKU015256PI,3
REG-20251027-BR002-SKU016128BL,20251027,BR002,SKU016128BL,5
REG-20251027-BR002-SKU016128SI,20251027,BR002,SKU016128SI,2
REG-20251027-BR002-SKU016128PI,20251027,BR002,SKU016128PI,4
REG-20251027-BR002-SKU016256BL,20251027,BR002,SKU016256BL,8
REG-20251027-BR002-SKU016256SI,20251027,BR002,SKU016256SI,4
REG-20251027-BR002-SKU016256PI,20251027,BR002,SKU016256PI,4
REG-20251027-BR002-SKU017128BL,20251027,BR002,SKU017128BL,12
REG-20251027-BR002-SKU017128SI,20251027,BR002,SKU017128SI,7
REG-20251027-BR002-SKU017128PI,20251027,BR002,SKU017128PI,9
REG-20251027-BR002-SKU017256BL,20251027,BR002,SKU017256BL,7
REG-20251027-BR002-SKU017256SI,20251027,BR002,SKU017256SI,9
REG-20251027-BR002-SKU017256PI,20251027,BR002,SKU017256PI,9
REG-20251027-BR003-SKU015128BL,20251027,BR003,SKU015128BL,3
REG-20251027-BR003-SKU015128SI,20251027,BR003,SKU015128SI,1
REG-20251027-BR003-SKU015128PI,20251027,BR003,SKU015128PI,1
REG-20251027-BR003-SKU015256BL,20251027,BR003,SKU015256BL,1
REG-20251027-BR003-SKU015256SI,20251027,BR003,SKU015256SI,2
REG-20251027-BR003-SKU015256PI,20251027,BR003,SKU015256PI,4
REG-20251027-BR003-SKU016128BL,20251027,BR003,SKU016128BL,7
REG-20251027-BR003-SKU016128SI,20251027,BR003,SKU016128SI,4
REG-20251027-BR003-SKU016128PI,20251027,BR003,SKU016128PI,4
REG-20251027-BR003-SKU016256BL,20251027,BR003,SKU016256BL,6
REG-20251027-BR003-SKU016256SI,20251027,BR003,SKU016256SI,5
REG-20251027-BR003-SKU016256PI,20251027,BR003,SKU016256PI,1
REG-20251027-BR003-SKU017128BL,20251027,BR003,SKU017128BL,7
REG-20251027-BR003-SKU017128SI,20251027,BR003,SKU017128SI,7
REG-20251027-BR003-SKU017128PI,20251027,BR003,SKU017128PI,10
REG-20251027-BR003-SKU017256BL,20251027,BR003,SKU017256BL,9
REG-20251027-BR003-SKU017256SI,20251027,BR003,SKU017256SI,8
REG-20251027-BR003-SKU017256PI,20251027,BR003,SKU017256PI,9
REG-20251027-BR004-SKU015128BL,20251027,BR004,SKU015128BL,1
REG-20251027-BR004-SKU015128SI,20251027,BR004,SKU015128SI,1
REG-20251027-BR004-SKU015128PI,20251027,BR004,SKU015128PI,1
REG-20251027-BR004-SKU015256BL,20251027,BR004,SKU015256BL,2
REG-20251027-BR004-SKU015256SI,20251027,BR004,SKU015256SI,3
REG-20251027-BR004-SKU015256PI,20251027,BR004,SKU015256PI,3
REG-20251027-BR004-SKU016128BL,20251027,BR004,SKU016128BL,9
REG-20251027-BR004-SKU016128SI,20251027,BR004,SKU016128SI,6
REG-20251027-BR004-SKU016128PI,20251027,BR004,SKU016128PI,7
REG-20251027-BR004-SKU016256BL,20251027,BR004,SKU016256BL,2
REG-20251027-BR004-SKU016256SI,20251027,BR004,SKU016256SI,5
REG-20251027-BR004-SKU016256PI,20251027,BR004,SKU016256PI,7
REG-20251027-BR004-SKU017128BL,20251027,BR004,SKU017128BL,10
REG-20251027-BR004-SKU017128SI,20251027,BR004,SKU017128SI,10
REG-20251027-BR004-SKU017128PI,20251027,BR004,SKU017128PI,9
REG-20251027-BR004-SKU017256BL,20251027,BR004,SKU017256BL,13
REG-20251027-BR004-SKU017256SI,20251027,BR004,SKU017256SI,4
REG-20251027-BR004-SKU017256PI,20251027,BR004,SKU017256PI,8
REG-20251027-BR005-SKU015128BL,20251027,BR005,SKU015128BL,1
REG-20251027-BR005-SKU015128SI,20251027,BR005,SKU015128SI,1
REG-20251027-BR005-SKU015128PI,20251027,BR005,SKU015128PI,5
REG-20251027-BR005-SKU015256BL,20251027,BR005,SKU015256BL,1
REG-20251027-BR005-SKU015256SI,20251027,BR005,SKU015256SI,6
REG-20251027-BR005-SKU015256PI,20251027,BR005,SKU015256PI,6
REG-20251027-BR005-SKU016128BL,20251027,BR005,SKU016128BL,7
REG-20251027-BR005-SKU016128SI,20251027,BR005,SKU016128SI,7
REG-20251027-BR005-SKU016128PI,20251027,BR005,SKU016128PI,3
REG-20251027-BR005-SKU016256BL,20251027,BR005,SKU016256BL,2
REG-20251027-BR005-SKU016256SI,20251027,BR005,SKU016256SI,6
REG-20251027-BR005-SKU016256PI,20251027,BR005,SKU016256PI,5
REG-20251027-BR005-SKU017128BL,20251027,BR005,SKU017128BL,14
REG-20251027-BR005-SKU017128SI,20251027,BR005,SKU017128SI,9
REG-20251027-BR005-SKU017128PI,20251027,BR005,SKU017128PI,8
REG-20251027-BR005-SKU017256BL,20251027,BR005,SKU017256BL,11
REG-20251027-BR005-SKU017256SI,20251027,BR005,SKU017256SI,5
REG-20251027-BR005-SKU017256PI,20251027,BR005,SKU017256PI,6
REG-20251028-BR001-SKU015128BL,20251028,BR001,SKU015128BL,2
REG-20251028-BR001-SKU015128SI,20251028,BR001,SKU015128SI,1
REG-20251028-BR001-SKU015128PI,20251028,BR001,SKU015128PI,2
REG-20251028-BR001-SKU015256BL,20251028,BR001,SKU015256BL,1
REG-20251028-BR001-SKU015256SI,20251028,BR001,SKU015256SI,1
REG-20251028-BR001-SKU015256PI,20251028,BR001,SKU015256PI,1
REG-20251028-BR001-SKU016128BL,20251028,BR001,SKU016128BL,8
REG-20251028-BR001-SKU016128SI,20251028,BR001,SKU016128SI,10
REG-20251028-BR001-SKU016128PI,20251028,BR001,SKU016128PI,5
REG-20251028-BR001-SKU016256BL,20251028,BR001,SKU016256BL,5
REG-20251028-BR001-SKU016256SI,20251028,BR001,SKU016256SI,4
REG-20251028-BR001-SKU016256PI,20251028,BR001,SKU016256PI,8
REG-20251028-BR001-SKU017128BL,20251028,BR001,SKU017128BL,9
REG-20251028-BR001-SKU017128SI,20251028,BR001,SKU017128SI,3
REG-20251028-BR001-SKU017128PI,20251028,BR001,SKU017128PI,9
REG-20251028-BR001-SKU017256BL,20251028,BR001,SKU017256BL,8
REG-20251028-BR001-SKU017256SI,20251028,BR001,SKU017256SI,7
REG-20251028-BR001-SKU017256PI,20251028,BR001,SKU017256PI,7
REG-20251028-BR002-SKU015128BL,20251028,BR002,SKU015128BL,5
REG-20251028-BR002-SKU015128SI,20251028,BR002,SKU015128SI,3
REG-20251028-BR002-SKU015128PI,20251028,BR002,SKU015128PI,2
REG-20251028-BR002-SKU015256BL,20251028,BR002,SKU015256BL,2
REG-20251028-BR002-SKU015256SI,20251028,BR002,SKU015256SI,3
REG-20251028-BR002-SKU015256PI,20251028,BR002,SKU015256PI,3
REG-20251028-BR002-SKU016128BL,20251028,BR002,SKU016128BL,9
REG-20251028-BR002-SKU016128SI,20251028,BR002,SKU016128SI,4
REG-20251028-BR002-SKU016128PI,20251028,BR002,SKU016128PI,4
REG-20251028-BR002-SKU016256BL,20251028,BR002,SKU016256BL,5
REG-20251028-BR002-SKU016256SI,20251028,BR002,SKU016256SI,5
REG-20251028-BR002-SKU016256PI,20251028,BR002,SKU016256PI,3
REG-20251028-BR002-SKU017128BL,20251028,BR002,SKU017128BL,11
REG-20251028-BR002-SKU017128SI,20251028,BR002,SKU017128SI,7
REG-20251028-BR002-SKU017128PI,20251028,BR002,SKU017128PI,8
REG-20251028-BR002-SKU017256BL,20251028,BR002,SKU017256BL,8
REG-20251028-BR002-SKU017256SI,20251028,BR002,SKU017256SI,6
REG-20251028-BR002-SKU017256PI,20251028,BR002,SKU017256PI,5
REG-20251028-BR003-SKU015128BL,20251028,BR003,SKU015128BL,3
REG-20251028-BR003-SKU015128SI,20251028,BR003,SKU015128SI,5
REG-20251028-BR003-SKU015128PI,20251028,BR003,SKU015128PI,3
REG-20251028-BR003-SKU015256BL,20251028,BR003,SKU015256BL,1
REG-20251028-BR003-SKU015256SI,20251028,BR003,SKU015256SI,2
REG-20251028-BR003-SKU015256PI,20251028,BR003,SKU015256PI,2
REG-20251028-BR003-SKU016128BL,20251028,BR003,SKU016128BL,1
REG-20251028-BR003-SKU016128SI,20251028,BR003,SKU016128SI,6
REG-20251028-BR003-SKU016128PI,20251028,BR003,SKU016128PI,3
REG-20251028-BR003-SKU016256BL,20251028,BR003,SKU016256BL,3
REG-20251028-BR003-SKU016256SI,20251028,BR003,SKU016256SI,6
REG-20251028-BR003-SKU016256PI,20251028,BR003,SKU016256PI,1
REG-20251028-BR003-SKU017128BL,20251028,BR003,SKU017128BL,8
REG-20251028-BR003-SKU017128SI,20251028,BR003,SKU017128SI,8
REG-20251028-BR003-SKU017128PI,20251028,BR003,SKU017128PI,7
REG-20251028-BR003-SKU017256BL,20251028,BR003,SKU017256BL,14
REG-20251028-BR003-SKU017256SI,20251028,BR003,SKU017256SI,11
REG-20251028-BR003-SKU017256PI,20251028,BR003,SKU017256PI,9
REG-20251028-BR004-SKU015128BL,20251028,BR004,SKU015128BL,3
REG-20251028-BR004-SKU015128SI,20251028,BR004,SKU015128SI,1
REG-20251028-BR004-SKU015128PI,20251028,BR004,SKU015128PI,5
REG-20251028-BR004-SKU015256BL,20251028,BR004,SKU015256BL,1
REG-20251028-BR004-SKU015256SI,20251028,BR004,SKU015256SI,1
REG-20251028-BR004-SKU015256PI,20251028,BR004,SKU015256PI,1
REG-20251028-BR004-SKU016128BL,20251028,BR004,SKU016128BL,8
REG-20251028-BR004-SKU016128SI,20251028,BR004,SKU016128SI,2
REG-20251028-BR004-SKU016128PI,20251028,BR004,SKU016128PI,2
REG-20251028-BR004-SKU016256BL,20251028,BR004,SKU016256BL,5
REG-20251028-BR004-SKU016256SI,20251028,BR004,SKU016256SI,5
REG-20251028-BR004-SKU016256PI,20251028,BR004,SKU016256PI,5
REG-20251028-BR004-SKU017128BL,20251028,BR004,SKU017128BL,9
REG-20251028-BR004-SKU017128SI,20251028,BR004,SKU017128SI,7
REG-20251028-BR004-SKU017128PI,20251028,BR004,SKU017128PI,5
REG-20251028-BR004-SKU017256BL,20251028,BR004,SKU017256BL,6
REG-20251028-BR004-SKU017256SI,20251028,BR004,SKU017256SI,9
REG-20251028-BR004-SKU017256PI,20251028,BR004,SKU017256PI,8
REG-20251028-BR005-SKU015128BL,20251028,BR005,SKU015128BL,1
REG-20251028-BR005-SKU015128SI,20251028,BR005,SKU015128SI,1
REG-20251028-BR005-SKU015128PI,20251028,BR005,SKU015128PI,3
REG-20251028-BR005-SKU015256BL,20251028,BR005,SKU015256BL,1
REG-20251028-BR005-SKU015256SI,20251028,BR005,SKU015256SI,6
REG-20251028-BR005-SKU015256PI,20251028,BR005,SKU015256PI,5
REG-20251028-BR005-SKU016128BL,20251028,BR005,SKU016128BL,5
REG-20251028-BR005-SKU016128SI,20251028,BR005,SKU016128SI,4
REG-20251028-BR005-SKU016128PI,20251028,BR005,SKU016128PI,7
REG-20251028-BR005-SKU016256BL,20251028,BR005,SKU016256BL,3
REG-20251028-BR005-SKU016256SI,20251028,BR005,SKU016256SI,6
REG-20251028-BR005-SKU016256PI,20251028,BR005,SKU016256PI,8
REG-20251028-BR005-SKU017128BL,20251028,BR005,SKU017128BL,7
REG-20251028-BR005-SKU017128SI,20251028,BR005,SKU017128SI,4
REG-20251028-BR005-SKU017128PI,20251028,BR005,SKU017128PI,7
REG-20251028-BR005-SKU017256BL,20251028,BR005,SKU017256BL,8
REG-20251028-BR005-SKU017256SI,20251028,BR005,SKU017256SI,13
REG-20251028-BR005-SKU017256PI,20251028,BR005,SKU017256PI,4
REG-20251029-BR001-SKU015128BL,20251029,BR001,SKU015128BL,4
REG-20251029-BR001-SKU015128SI,20251029,BR001,SKU015128SI,1
REG-20251029-BR001-SKU015128PI,20251029,BR001,SKU015128PI,2
REG-20251029-BR001-SKU015256BL,20251029,BR001,SKU015256BL,3
REG-20251029-BR001-SKU015256SI,20251029,BR001,SKU015256SI,3
REG-20251029-BR001-SKU015256PI,20251029,BR001,SKU015256PI,5
REG-20251029-BR001-SKU016128BL,20251029,BR001,SKU016128BL,7
REG-20251029-BR001-SKU016128SI,20251029,BR001,SKU016128SI,7
REG-20251029-BR001-SKU016128PI,20251029,BR001,SKU016128PI,3
REG-20251029-BR001-SKU016256BL,20251029,BR001,SKU016256BL,7
REG-20251029-BR001-SKU016256SI,20251029,BR001,SKU016256SI,8
REG-20251029-BR001-SKU016256PI,20251029,BR001,SKU016256PI,9
REG-20251029-BR001-SKU017128BL,20251029,BR001,SKU017128BL,14
REG-20251029-BR001-SKU017128SI,20251029,BR001,SKU017128SI,9
REG-20251029-BR001-SKU017128PI,20251029,BR001,SKU017128PI,8
REG-20251029-BR001-SKU017256BL,20251029,BR001,SKU017256BL,13
REG-20251029-BR001-SKU017256SI,20251029,BR001,SKU017256SI,6
REG-20251029-BR001-SKU017256PI,20251029,BR001,SKU017256PI,8
REG-20251029-BR002-SKU015128BL,20251029,BR002,SKU015128BL,1
REG-20251029-BR002-SKU015128SI,20251029,BR002,SKU015128SI,1
REG-20251029-BR002-SKU015128PI,20251029,BR002,SKU015128PI,3
REG-20251029-BR002-SKU015256BL,20251029,BR002,SKU015256BL,1
REG-20251029-BR002-SKU015256SI,20251029,BR002,SKU015256SI,3
REG-20251029-BR002-SKU015256PI,20251029,BR002,SKU015256PI,2
REG-20251029-BR002-SKU016128BL,20251029,BR002,SKU016128BL,5
REG-20251029-BR002-SKU016128SI,20251029,BR002,SKU016128SI,8
REG-20251029-BR002-SKU016128PI,20251029,BR002,SKU016128PI,3
REG-20251029-BR002-SKU016256BL,20251029,BR002,SKU016256BL,2
REG-20251029-BR002-SKU016256SI,20251029,BR002,SKU016256SI,7
REG-20251029-BR002-SKU016256PI,20251029,BR002,SKU016256PI,2
REG-20251029-BR002-SKU017128BL,20251029,BR002,SKU017128BL,9
REG-20251029-BR002-SKU017128SI,20251029,BR002,SKU017128SI,11
REG-20251029-BR002-SKU017128PI,20251029,BR002,SKU017128PI,3
REG-20251029-BR002-SKU017256BL,20251029,BR002,SKU017256BL,7
REG-20251029-BR002-SKU017256SI,20251029,BR002,SKU017256SI,5
REG-20251029-BR002-SKU017256PI,20251029,BR002,SKU017256PI,7
REG-20251029-BR003-SKU015128BL,20251029,BR003,SKU015128BL,1
REG-20251029-BR003-SKU015128SI,20251029,BR003,SKU015128SI,1
REG-20251029-BR003-SKU015128PI,20251029,BR003,SKU015128PI,3
REG-20251029-BR003-SKU015256BL,20251029,BR003,SKU015256BL,3
REG-20251029-BR003-SKU015256SI,20251029,BR003,SKU015256SI,3
REG-20251029-BR003-SKU015256PI,20251029,BR003,SKU015256PI,4
REG-20251029-BR003-SKU016128BL,20251029,BR003,SKU016128BL,8
REG-20251029-BR003-SKU016128SI,20251029,BR003,SKU016128SI,7
REG-20251029-BR003-SKU016128PI,20251029,BR003,SKU016128PI,8
REG-20251029-BR003-SKU016256BL,20251029,BR003,SKU016256BL,4
REG-20251029-BR003-SKU016256SI,20251029,BR003,SKU016256SI,3
REG-20251029-BR003-SKU016256PI,20251029,BR003,SKU016256PI,2
REG-20251029-BR003-SKU017128BL,20251029,BR003,SKU017128BL,7
REG-20251029-BR003-SKU017128SI,20251029,BR003,SKU017128SI,9
REG-20251029-BR003-SKU017128PI,20251029,BR003,SKU017128PI,5
REG-20251029-BR003-SKU017256BL,20251029,BR003,SKU017256BL,12
REG-20251029-BR003-SKU017256SI,20251029,BR003,SKU017256SI,14
REG-20251029-BR003-SKU017256PI,20251029,BR003,SKU017256PI,11
REG-20251029-BR004-SKU015128BL,20251029,BR004,SKU015128BL,2
REG-20251029-BR004-SKU015128SI,20251029,BR004,SKU015128SI,3
REG-20251029-BR004-SKU015128PI,20251029,BR004,SKU015128PI,1
REG-20251029-BR004-SKU015256BL,20251029,BR004,SKU015256BL,3
REG-20251029-BR004-SKU015256SI,20251029,BR004,SKU015256SI,3
REG-20251029-BR004-SKU015256PI,20251029,BR004,SKU015256PI,1
REG-20251029-BR004-SKU016128BL,20251029,BR004,SKU016128BL,5
REG-20251029-BR004-SKU016128SI,20251029,BR004,SKU016128SI,10
REG-20251029-BR004-SKU016128PI,20251029,BR004,SKU016128PI,5
REG-20251029-BR004-SKU016256BL,20251029,BR004,SKU016256BL,9
REG-20251029-BR004-SKU016256SI,20251029,BR004,SKU016256SI,6
REG-20251029-BR004-SKU016256PI,20251029,BR004,SKU016256PI,9
REG-20251029-BR004-SKU017128BL,20251029,BR004,SKU017128BL,10
REG-20251029-BR004-SKU017128SI,20251029,BR004,SKU017128SI,5
REG-20251029-BR004-SKU017128PI,20251029,BR004,SKU017128PI,10
REG-20251029-BR004-SKU017256BL,20251029,BR004,SKU017256BL,7
REG-20251029-BR004-SKU017256SI,20251029,BR004,SKU017256SI,4
REG-20251029-BR004-SKU017256PI,20251029,BR004,SKU017256PI,12
REG-20251029-BR005-SKU015128BL,20251029,BR005,SKU015128BL,1
REG-20251029-BR005-SKU015128SI,20251029,BR005,SKU015128SI,2
REG-20251029-BR005-SKU015128PI,20251029,BR005,SKU015128PI,4
REG-20251029-BR005-SKU015256BL,20251029,BR005,SKU015256BL,1
REG-20251029-BR005-SKU015256SI,20251029,BR005,SKU015256SI,4
REG-20251029-BR005-SKU015256PI,20251029,BR005,SKU015256PI,1
REG-20251029-BR005-SKU016128BL,20251029,BR005,SKU016128BL,6
REG-20251029-BR005-SKU016128SI,20251029,BR005,SKU016128SI,2
REG-20251029-BR005-SKU016128PI,20251029,BR005,SKU016128PI,4
REG-20251029-BR005-SKU016256BL,20251029,BR005,SKU016256BL,5
REG-20251029-BR005-SKU016256SI,20251029,BR005,SKU016256SI,5
REG-20251029-BR005-SKU016256PI,20251029,BR005,SKU016256PI,8
REG-20251029-BR005-SKU017128BL,20251029,BR005,SKU017128BL,3
REG-20251029-BR005-SKU017128SI,20251029,BR005,SKU017128SI,8
REG-20251029-BR005-SKU017128PI,20251029,BR005,SKU017128PI,7
REG-20251029-BR005-SKU017256BL,20251029,BR005,SKU017256BL,10
REG-20251029-BR005-SKU017256SI,20251029,BR005,SKU017256SI,13
REG-20251029-BR005-SKU017256PI,20251029,BR005,SKU017256PI,8
REG-20251030-BR001-SKU015128BL,20251030,BR001,SKU015128BL,4
REG-20251030-BR001-SKU015128SI,20251030,BR001,SKU015128SI,1
REG-20251030-BR001-SKU015128PI,20251030,BR001,SKU015128PI,4
REG-20251030-BR001-SKU015256BL,20251030,BR001,SKU015256BL,3
REG-20251030-BR001-SKU015256SI,20251030,BR001,SKU015256SI,1
REG-20251030-BR001-SKU015256PI,20251030,BR001,SKU015256PI,5
REG-20251030-BR001-SKU016128BL,20251030,BR001,SKU016128BL,5
REG-20251030-BR001-SKU016128SI,20251030,BR001,SKU016128SI,4
REG-20251030-BR001-SKU016128PI,20251030,BR001,SKU016128PI,5
REG-20251030-BR001-SKU016256BL,20251030,BR001,SKU016256BL,1
REG-20251030-BR001-SKU016256SI,20251030,BR001,SKU016256SI,7
REG-20251030-BR001-SKU016256PI,20251030,BR001,SKU016256PI,3
REG-20251030-BR001-SKU017128BL,20251030,BR001,SKU017128BL,9
REG-20251030-BR001-SKU017128SI,20251030,BR001,SKU017128SI,11
REG-20251030-BR001-SKU017128PI,20251030,BR001,SKU017128PI,7
REG-20251030-BR001-SKU017256BL,20251030,BR001,SKU017256BL,9
REG-20251030-BR001-SKU017256SI,20251030,BR001,SKU017256SI,9
REG-20251030-BR001-SKU017256PI,20251030,BR001,SKU017256PI,10
REG-20251030-BR002-SKU015128BL,20251030,BR002,SKU015128BL,4
REG-20251030-BR002-SKU015128SI,20251030,BR002,SKU015128SI,1
REG-20251030-BR002-SKU015128PI,20251030,BR002,SKU015128PI,2
REG-20251030-BR002-SKU015256BL,20251030,BR002,SKU015256BL,1
REG-20251030-BR002-SKU015256SI,20251030,BR002,SKU015256SI,5
REG-20251030-BR002-SKU015256PI,20251030,BR002,SKU015256PI,2
REG-20251030-BR002-SKU016128BL,20251030,BR002,SKU016128BL,4
REG-20251030-BR002-SKU016128SI,20251030,BR002,SKU016128SI,4
REG-20251030-BR002-SKU016128PI,20251030,BR002,SKU016128PI,4
REG-20251030-BR002-SKU016256BL,20251030,BR002,SKU016256BL,3
REG-20251030-BR002-SKU016256SI,20251030,BR002,SKU016256SI,7
REG-20251030-BR002-SKU016256PI,20251030,BR002,SKU016256PI,3
REG-20251030-BR002-SKU017128BL,20251030,BR002,SKU017128BL,5
REG-20251030-BR002-SKU017128SI,20251030,BR002,SKU017128SI,12
REG-20251030-BR002-SKU017128PI,20251030,BR002,SKU017128PI,12
REG-20251030-BR002-SKU017256BL,20251030,BR002,SKU017256BL,11
REG-20251030-BR002-SKU017256SI,20251030,BR002,SKU017256SI,8
REG-20251030-BR002-SKU017256PI,20251030,BR002,SKU017256PI,10
REG-20251030-BR003-SKU015128BL,20251030,BR003,SKU015128BL,3
REG-20251030-BR003-SKU015128SI,20251030,BR003,SKU015128SI,5
REG-20251030-BR003-SKU015128PI,20251030,BR003,SKU015128PI,3
REG-20251030-BR003-SKU015256BL,20251030,BR003,SKU015256BL,5
REG-20251030-BR003-SKU015256SI,20251030,BR003,SKU015256SI,3
REG-20251030-BR003-SKU015256PI,20251030,BR003,SKU015256PI,2
REG-20251030-BR003-SKU016128BL,20251030,BR003,SKU016128BL,8
REG-20251030-BR003-SKU016128SI,20251030,BR003,SKU016128SI,3
REG-20251030-BR003-SKU016128PI,20251030,BR003,SKU016128PI,5
REG-20251030-BR003-SKU016256BL,20251030,BR003,SKU016256BL,7
REG-20251030-BR003-SKU016256SI,20251030,BR003,SKU016256SI,10
REG-20251030-BR003-SKU016256PI,20251030,BR003,SKU016256PI,2
REG-20251030-BR003-SKU017128BL,20251030,BR003,SKU017128BL,6
REG-20251030-BR003-SKU017128SI,20251030,BR003,SKU017128SI,10
REG-20251030-BR003-SKU017128PI,20251030,BR003,SKU017128PI,9
REG-20251030-BR003-SKU017256BL,20251030,BR003,SKU017256BL,9
REG-20251030-BR003-SKU017256SI,20251030,BR003,SKU017256SI,10
REG-20251030-BR003-SKU017256PI,20251030,BR003,SKU017256PI,11
REG-20251030-BR004-SKU015128BL,20251030,BR004,SKU015128BL,6
REG-20251030-BR004-SKU015128SI,20251030,BR004,SKU015128SI,2
REG-20251030-BR004-SKU015128PI,20251030,BR004,SKU015128PI,1
REG-20251030-BR004-SKU015256BL,20251030,BR004,SKU015256BL,2
REG-20251030-BR004-SKU015256SI,20251030,BR004,SKU015256SI,3
REG-20251030-BR004-SKU015256PI,20251030,BR004,SKU015256PI,4
REG-20251030-BR004-SKU016128BL,20251030,BR004,SKU016128BL,3
REG-20251030-BR004-SKU016128SI,20251030,BR004,SKU016128SI,7
REG-20251030-BR004-SKU016128PI,20251030,BR004,SKU016128PI,5
REG-20251030-BR004-SKU016256BL,20251030,BR004,SKU016256BL,9
REG-20251030-BR004-SKU016256SI,20251030,BR004,SKU016256SI,3
REG-20251030-BR004-SKU016256PI,20251030,BR004,SKU016256PI,4
REG-20251030-BR004-SKU017128BL,20251030,BR004,SKU017128BL,8
REG-20251030-BR004-SKU017128SI,20251030,BR004,SKU017128SI,6
REG-20251030-BR004-SKU017128PI,20251030,BR004,SKU017128PI,12
REG-20251030-BR004-SKU017256BL,20251030,BR004,SKU017256BL,7
REG-20251030-BR004-SKU017256SI,20251030,BR004,SKU017256SI,9
REG-20251030-BR004-SKU017256PI,20251030,BR004,SKU017256PI,11
REG-20251030-BR005-SKU015128BL,20251030,BR005,SKU015128BL,3
REG-20251030-BR005-SKU015128SI,20251030,BR005,SKU015128SI,1
REG-20251030-BR005-SKU015128PI,20251030,BR005,SKU015128PI,2
REG-20251030-BR005-SKU015256BL,20251030,BR005,SKU015256BL,3
REG-20251030-BR005-SKU015256SI,20251030,BR005,SKU015256SI,1
REG-20251030-BR005-SKU015256PI,20251030,BR005,SKU015256PI,1
REG-20251030-BR005-SKU016128BL,20251030,BR005,SKU016128BL,6
REG-20251030-BR005-SKU016128SI,20251030,BR005,SKU016128SI,3
REG-20251030-BR005-SKU016128PI,20251030,BR005,SKU016128PI,9
REG-20251030-BR005-SKU016256BL,20251030,BR005,SKU016256BL,8
REG-20251030-BR005-SKU016256SI,20251030,BR005,SKU016256SI,4
REG-20251030-BR005-SKU016256PI,20251030,BR005,SKU016256PI,2
REG-20251030-BR005-SKU017128BL,20251030,BR005,SKU017128BL,7
REG-20251030-BR005-SKU017128SI,20251030,BR005,SKU017128SI,10
REG-20251030-BR005-SKU017128PI,20251030,BR005,SKU017128PI,6
REG-20251030-BR005-SKU017256BL,20251030,BR005,SKU017256BL,11
REG-20251030-BR005-SKU017256SI,20251030,BR005,SKU017256SI,13
REG-20251030-BR005-SKU017256PI,20251030,BR005,SKU017256PI,8
REG-20251031-BR001-SKU015128BL,20251031,BR001,SKU015128BL,5
REG-20251031-BR001-SKU015128SI,20251031,BR001,SKU015128SI,2
REG-20251031-BR001-SKU015128PI,20251031,BR001,SKU015128PI,1
REG-20251031-BR001-SKU015256BL,20251031,BR001,SKU015256BL,2
REG-20251031-BR001-SKU015256SI,20251031,BR001,SKU015256SI,1
REG-20251031-BR001-SKU015256PI,20251031,BR001,SKU015256PI,3
REG-20251031-BR001-SKU016128BL,20251031,BR001,SKU016128BL,5
REG-20251031-BR001-SKU016128SI,20251031,BR001,SKU016128SI,3
REG-20251031-BR001-SKU016128PI,20251031,BR001,SKU016128PI,9
REG-20251031-BR001-SKU016256BL,20251031,BR001,SKU016256BL,7
REG-20251031-BR001-SKU016256SI,20251031,BR001,SKU016256SI,6
REG-20251031-BR001-SKU016256PI,20251031,BR001,SKU016256PI,5
REG-20251031-BR001-SKU017128BL,20251031,BR001,SKU017128BL,14
REG-20251031-BR001-SKU017128SI,20251031,BR001,SKU017128SI,4
REG-20251031-BR001-SKU017128PI,20251031,BR001,SKU017128PI,7
REG-20251031-BR001-SKU017256BL,20251031,BR001,SKU017256BL,13
REG-20251031-BR001-SKU017256SI,20251031,BR001,SKU017256SI,9
REG-20251031-BR001-SKU017256PI,20251031,BR001,SKU017256PI,10
REG-20251031-BR002-SKU015128BL,20251031,BR002,SKU015128BL,2
REG-20251031-BR002-SKU015128SI,20251031,BR002,SKU015128SI,4
REG-20251031-BR002-SKU015128PI,20251031,BR002,SKU015128PI,1
REG-20251031-BR002-SKU015256BL,20251031,BR002,SKU015256BL,1
REG-20251031-BR002-SKU015256SI,20251031,BR002,SKU015256SI,3
REG-20251031-BR002-SKU015256PI,20251031,BR002,SKU015256PI,2
REG-20251031-BR002-SKU016128BL,20251031,BR002,SKU016128BL,9
REG-20251031-BR002-SKU016128SI,20251031,BR002,SKU016128SI,7
REG-20251031-BR002-SKU016128PI,20251031,BR002,SKU016128PI,5
REG-20251031-BR002-SKU016256BL,20251031,BR002,SKU016256BL,8
REG-20251031-BR002-SKU016256SI,20251031,BR002,SKU016256SI,7
REG-20251031-BR002-SKU016256PI,20251031,BR002,SKU016256PI,2
REG-20251031-BR002-SKU017128BL,20251031,BR002,SKU017128BL,13
REG-20251031-BR002-SKU017128SI,20251031,BR002,SKU017128SI,9
REG-20251031-BR002-SKU017128PI,20251031,BR002,SKU017128PI,9
REG-20251031-BR002-SKU017256BL,20251031,BR002,SKU017256BL,12
REG-20251031-BR002-SKU017256SI,20251031,BR002,SKU017256SI,10
REG-20251031-BR002-SKU017256PI,20251031,BR002,SKU017256PI,11
REG-20251031-BR003-SKU015128BL,20251031,BR003,SKU015128BL,1
REG-20251031-BR003-SKU015128SI,20251031,BR003,SKU015128SI,1
REG-20251031-BR003-SKU015128PI,20251031,BR003,SKU015128PI,3
REG-20251031-BR003-SKU015256BL,20251031,BR003,SKU015256BL,2
REG-20251031-BR003-SKU015256SI,20251031,BR003,SKU015256SI,6
REG-20251031-BR003-SKU015256PI,20251031,BR003,SKU015256PI,2
REG-20251031-BR003-SKU016128BL,20251031,BR003,SKU016128BL,9
REG-20251031-BR003-SKU016128SI,20251031,BR003,SKU016128SI,3
REG-20251031-BR003-SKU016128PI,20251031,BR003,SKU016128PI,5
REG-20251031-BR003-SKU016256BL,20251031,BR003,SKU016256BL,5
REG-20251031-BR003-SKU016256SI,20251031,BR003,SKU016256SI,8
REG-20251031-BR003-SKU016256PI,20251031,BR003,SKU016256PI,2
REG-20251031-BR003-SKU017128BL,20251031,BR003,SKU017128BL,10
REG-20251031-BR003-SKU017128SI,20251031,BR003,SKU017128SI,11
REG-20251031-BR003-SKU017128PI,20251031,BR003,SKU017128PI,12
REG-20251031-BR003-SKU017256BL,20251031,BR003,SKU017256BL,5
REG-20251031-BR003-SKU017256SI,20251031,BR003,SKU017256SI,10
REG-20251031-BR003-SKU017256PI,20251031,BR003,SKU017256PI,9
REG-20251031-BR004-SKU015128BL,20251031,BR004,SKU015128BL,3
REG-20251031-BR004-SKU015128SI,20251031,BR004,SKU015128SI,3
REG-20251031-BR004-SKU015128PI,20251031,BR004,SKU015128PI,2
REG-20251031-BR004-SKU015256BL,20251031,BR004,SKU015256BL,1
REG-20251031-BR004-SKU015256SI,20251031,BR004,SKU015256SI,1
REG-20251031-BR004-SKU015256PI,20251031,BR004,SKU015256PI,5
REG-20251031-BR004-SKU016128BL,20251031,BR004,SKU016128BL,10
REG-20251031-BR004-SKU016128SI,20251031,BR004,SKU016128SI,5
REG-20251031-BR004-SKU016128PI,20251031,BR004,SKU016128PI,6
REG-20251031-BR004-SKU016256BL,20251031,BR004,SKU016256BL,5
REG-20251031-BR004-SKU016256SI,20251031,BR004,SKU016256SI,8
REG-20251031-BR004-SKU016256PI,20251031,BR004,SKU016256PI,6
REG-20251031-BR004-SKU017128BL,20251031,BR004,SKU017128BL,9
REG-20251031-BR004-SKU017128SI,20251031,BR004,SKU017128SI,10
REG-20251031-BR004-SKU017128PI,20251031,BR004,SKU017128PI,10
REG-20251031-BR004-SKU017256BL,20251031,BR004,SKU017256BL,11
REG-20251031-BR004-SKU017256SI,20251031,BR004,SKU017256SI,8
REG-20251031-BR004-SKU017256PI,20251031,BR004,SKU017256PI,6
REG-20251031-BR005-SKU015128BL,20251031,BR005,SKU015128BL,4
REG-20251031-BR005-SKU015128SI,20251031,BR005,SKU015128SI,3
REG-20251031-BR005-SKU015128PI,20251031,BR005,SKU015128PI,4
REG-20251031-BR005-SKU015256BL,20251031,BR005,SKU015256BL,2
REG-20251031-BR005-SKU015256SI,20251031,BR005,SKU015256SI,1
REG-20251031-BR005-SKU015256PI,20251031,BR005,SKU015256PI,1
REG-20251031-BR005-SKU016128BL,20251031,BR005,SKU016128BL,4
REG-20251031-BR005-SKU016128SI,20251031,BR005,SKU016128SI,10
REG-20251031-BR005-SKU016128PI,20251031,BR005,SKU016128PI,2
REG-20251031-BR005-SKU016256BL,20251031,BR005,SKU016256BL,9
REG-20251031-BR005-SKU016256SI,20251031,BR005,SKU016256SI,5
REG-20251031-BR005-SKU016256PI,20251031,BR005,SKU016256PI,4
REG-20251031-BR005-SKU017128BL,20251031,BR005,SKU017128BL,8
REG-20251031-BR005-SKU017128SI,20251031,BR005,SKU017128SI,9
REG-20251031-BR005-SKU017128PI,20251031,BR005,SKU017128PI,7
REG-20251031-BR005-SKU017256BL,20251031,BR005,SKU017256BL,8
REG-20251031-BR005-SKU017256SI,20251031,BR005,SKU017256SI,9
REG-20251031-BR005-SKU017256PI,20251031,BR005,SKU017256PI,7
REG-20251101-BR001-SKU015128BL,20251101,BR001,SKU015128BL,1
REG-20251101-BR001-SKU015128SI,20251101,BR001,SKU015128SI,1
REG-20251101-BR001-SKU015128PI,20251101,BR001,SKU015128PI,1
REG-20251101-BR001-SKU015256BL,20251101,BR001,SKU015256BL,6
REG-20251101-BR001-SKU015256SI,20251101,BR001,SKU015256SI,1
REG-20251101-BR001-SKU015256PI,20251101,BR001,SKU015256PI,2
REG-20251101-BR001-SKU016128BL,20251101,BR001,SKU016128BL,4
REG-20251101-BR001-SKU016128SI,20251101,BR001,SKU016128SI,1
REG-20251101-BR001-SKU016128PI,20251101,BR001,SKU016128PI,6
REG-20251101-BR001-SKU016256BL,20251101,BR001,SKU016256BL,5
REG-20251101-BR001-SKU016256SI,20251101,BR001,SKU016256SI,4
REG-20251101-BR001-SKU016256PI,20251101,BR001,SKU016256PI,4
REG-20251101-BR001-SKU017128BL,20251101,BR001,SKU017128BL,7
REG-20251101-BR001-SKU017128SI,20251101,BR001,SKU017128SI,5
REG-20251101-BR001-SKU017128PI,20251101,BR001,SKU017128PI,12
REG-20251101-BR001-SKU017256BL,20251101,BR001,SKU017256BL,11
REG-20251101-BR001-SKU017256SI,20251101,BR001,SKU017256SI,6
REG-20251101-BR001-SKU017256PI,20251101,BR001,SKU017256PI,7
REG-20251101-BR002-SKU015128BL,20251101,BR002,SKU015128BL,4
REG-20251101-BR002-SKU015128SI,20251101,BR002,SKU015128SI,1
REG-20251101-BR002-SKU015128PI,20251101,BR002,SKU015128PI,3
REG-20251101-BR002-SKU015256BL,20251101,BR002,SKU015256BL,6
REG-20251101-BR002-SKU015256SI,20251101,BR002,SKU015256SI,1
REG-20251101-BR002-SKU015256PI,20251101,BR002,SKU015256PI,1
REG-20251101-BR002-SKU016128BL,20251101,BR002,SKU016128BL,6
REG-20251101-BR002-SKU016128SI,20251101,BR002,SKU016128SI,5
REG-20251101-BR002-SKU016128PI,20251101,BR002,SKU016128PI,5
REG-20251101-BR002-SKU016256BL,20251101,BR002,SKU016256BL,6
REG-20251101-BR002-SKU016256SI,20251101,BR002,SKU016256SI,4
REG-20251101-BR002-SKU016256PI,20251101,BR002,SKU016256PI,2
REG-20251101-BR002-SKU017128BL,20251101,BR002,SKU017128BL,5
REG-20251101-BR002-SKU017128SI,20251101,BR002,SKU017128SI,6
REG-20251101-BR002-SKU017128PI,20251101,BR002,SKU017128PI,5
REG-20251101-BR002-SKU017256BL,20251101,BR002,SKU017256BL,9
REG-20251101-BR002-SKU017256SI,20251101,BR002,SKU017256SI,11
REG-20251101-BR002-SKU017256PI,20251101,BR002,SKU017256PI,6
REG-20251101-BR003-SKU015128BL,20251101,BR003,SKU015128BL,4
REG-20251101-BR003-SKU015128SI,20251101,BR003,SKU015128SI,5
REG-20251101-BR003-SKU015128PI,20251101,BR003,SKU015128PI,3
REG-20251101-BR003-SKU015256BL,20251101,BR003,SKU015256BL,2
REG-20251101-BR003-SKU015256SI,20251101,BR003,SKU015256SI,2
REG-20251101-BR003-SKU015256PI,20251101,BR003,SKU015256PI,2
REG-20251101-BR003-SKU016128BL,20251101,BR003,SKU016128BL,9
REG-20251101-BR003-SKU016128SI,20251101,BR003,SKU016128SI,4
REG-20251101-BR003-SKU016128PI,20251101,BR003,SKU016128PI,5
REG-20251101-BR003-SKU016256BL,20251101,BR003,SKU016256BL,7
REG-20251101-BR003-SKU016256SI,20251101,BR003,SKU016256SI,8
REG-20251101-BR003-SKU016256PI,20251101,BR003,SKU016256PI,8
REG-20251101-BR003-SKU017128BL,20251101,BR003,SKU017128BL,12
REG-20251101-BR003-SKU017128SI,20251101,BR003,SKU017128SI,8
REG-20251101-BR003-SKU017128PI,20251101,BR003,SKU017128PI,12
REG-20251101-BR003-SKU017256BL,20251101,BR003,SKU017256BL,10
REG-20251101-BR003-SKU017256SI,20251101,BR003,SKU017256SI,10
REG-20251101-BR003-SKU017256PI,20251101,BR003,SKU017256PI,7
REG-20251101-BR004-SKU015128BL,20251101,BR004,SKU015128BL,1
REG-20251101-BR004-SKU015128SI,20251101,BR004,SKU015128SI,5
REG-20251101-BR004-SKU015128PI,20251101,BR004,SKU015128PI,4
REG-20251101-BR004-SKU015256BL,20251101,BR004,SKU015256BL,4
REG-20251101-BR004-SKU015256SI,20251101,BR004,SKU015256SI,1
REG-20251101-BR004-SKU015256PI,20251101,BR004,SKU015256PI,2
REG-20251101-BR004-SKU016128BL,20251101,BR004,SKU016128BL,5
REG-20251101-BR004-SKU016128SI,20251101,BR004,SKU016128SI,4
REG-20251101-BR004-SKU016128PI,20251101,BR004,SKU016128PI,2
REG-20251101-BR004-SKU016256BL,20251101,BR004,SKU016256BL,8
REG-20251101-BR004-SKU016256SI,20251101,BR004,SKU016256SI,4
REG-20251101-BR004-SKU016256PI,20251101,BR004,SKU016256PI,3
REG-20251101-BR004-SKU017128BL,20251101,BR004,SKU017128BL,5
REG-20251101-BR004-SKU017128SI,20251101,BR004,SKU017128SI,5
REG-20251101-BR004-SKU017128PI,20251101,BR004,SKU017128PI,9
REG-20251101-BR004-SKU017256BL,20251101,BR004,SKU017256BL,9
REG-20251101-BR004-SKU017256SI,20251101,BR004,SKU017256SI,7
REG-20251101-BR004-SKU017256PI,20251101,BR004,SKU017256PI,11
REG-20251101-BR005-SKU015128BL,20251101,BR005,SKU015128BL,4
REG-20251101-BR005-SKU015128SI,20251101,BR005,SKU015128SI,1
REG-20251101-BR005-SKU015128PI,20251101,BR005,SKU015128PI,5
REG-20251101-BR005-SKU015256BL,20251101,BR005,SKU015256BL,3
REG-20251101-BR005-SKU015256SI,20251101,BR005,SKU015256SI,5
REG-20251101-BR005-SKU015256PI,20251101,BR005,SKU015256PI,3
REG-20251101-BR005-SKU016128BL,20251101,BR005,SKU016128BL,3
REG-20251101-BR005-SKU016128SI,20251101,BR005,SKU016128SI,4
REG-20251101-BR005-SKU016128PI,20251101,BR005,SKU016128PI,4
REG-20251101-BR005-SKU016256BL,20251101,BR005,SKU016256BL,6
REG-20251101-BR005-SKU016256SI,20251101,BR005,SKU016256SI,1
REG-20251101-BR005-SKU016256PI,20251101,BR005,SKU016256PI,5
REG-20251101-BR005-SKU017128BL,20251101,BR005,SKU017128BL,12
REG-20251101-BR005-SKU017128SI,20251101,BR005,SKU017128SI,10
REG-20251101-BR005-SKU017128PI,20251101,BR005,SKU017128PI,5
REG-20251101-BR005-SKU017256BL,20251101,BR005,SKU017256BL,7
REG-20251101-BR005-SKU017256SI,20251101,BR005,SKU017256SI,6
REG-20251101-BR005-SKU017256PI,20251101,BR005,SKU017256PI,8
REG-20251102-BR001-SKU015128BL,20251102,BR001,SKU015128BL,2
REG-20251102-BR001-SKU015128SI,20251102,BR001,SKU015128SI,1
REG-20251102-BR001-SKU015128PI,20251102,BR001,SKU015128PI,1
REG-20251102-BR001-SKU015256BL,20251102,BR001,SKU015256BL,2
REG-20251102-BR001-SKU015256SI,20251102,BR001,SKU015256SI,4
REG-20251102-BR001-SKU015256PI,20251102,BR001,SKU015256PI,3
REG-20251102-BR001-SKU016128BL,20251102,BR001,SKU016128BL,6
REG-20251102-BR001-SKU016128SI,20251102,BR001,SKU016128SI,5
REG-20251102-BR001-SKU016128PI,20251102,BR001,SKU016128PI,6
REG-20251102-BR001-SKU016256BL,20251102,BR001,SKU016256BL,5
REG-20251102-BR001-SKU016256SI,20251102,BR001,SKU016256SI,6
REG-20251102-BR001-SKU016256PI,20251102,BR001,SKU016256PI,9
REG-20251102-BR001-SKU017128BL,20251102,BR001,SKU017128BL,10
REG-20251102-BR001-SKU017128SI,20251102,BR001,SKU017128SI,12
REG-20251102-BR001-SKU017128PI,20251102,BR001,SKU017128PI,4
REG-20251102-BR001-SKU017256BL,20251102,BR001,SKU017256BL,6
REG-20251102-BR001-SKU017256SI,20251102,BR001,SKU017256SI,4
REG-20251102-BR001-SKU017256PI,20251102,BR001,SKU017256PI,6
REG-20251102-BR002-SKU015128BL,20251102,BR002,SKU015128BL,3
REG-20251102-BR002-SKU015128SI,20251102,BR002,SKU015128SI,1
REG-20251102-BR002-SKU015128PI,20251102,BR002,SKU015128PI,2
REG-20251102-BR002-SKU015256BL,20251102,BR002,SKU015256BL,1
REG-20251102-BR002-SKU015256SI,20251102,BR002,SKU015256SI,1
REG-20251102-BR002-SKU015256PI,20251102,BR002,SKU015256PI,1
REG-20251102-BR002-SKU016128BL,20251102,BR002,SKU016128BL,3
REG-20251102-BR002-SKU016128SI,20251102,BR002,SKU016128SI,5
REG-20251102-BR002-SKU016128PI,20251102,BR002,SKU016128PI,10
REG-20251102-BR002-SKU016256BL,20251102,BR002,SKU016256BL,6
REG-20251102-BR002-SKU016256SI,20251102,BR002,SKU016256SI,7
REG-20251102-BR002-SKU016256PI,20251102,BR002,SKU016256PI,6
REG-20251102-BR002-SKU017128BL,20251102,BR002,SKU017128BL,10
REG-20251102-BR002-SKU017128SI,20251102,BR002,SKU017128SI,7
REG-20251102-BR002-SKU017128PI,20251102,BR002,SKU017128PI,9
REG-20251102-BR002-SKU017256BL,20251102,BR002,SKU017256BL,12
REG-20251102-BR002-SKU017256SI,20251102,BR002,SKU017256SI,8
REG-20251102-BR002-SKU017256PI,20251102,BR002,SKU017256PI,10
REG-20251102-BR003-SKU015128BL,20251102,BR003,SKU015128BL,5
REG-20251102-BR003-SKU015128SI,20251102,BR003,SKU015128SI,3
REG-20251102-BR003-SKU015128PI,20251102,BR003,SKU015128PI,3
REG-20251102-BR003-SKU015256BL,20251102,BR003,SKU015256BL,1
REG-20251102-BR003-SKU015256SI,20251102,BR003,SKU015256SI,1
REG-20251102-BR003-SKU015256PI,20251102,BR003,SKU015256PI,5
REG-20251102-BR003-SKU016128BL,20251102,BR003,SKU016128BL,3
REG-20251102-BR003-SKU016128SI,20251102,BR003,SKU016128SI,6
REG-20251102-BR003-SKU016128PI,20251102,BR003,SKU016128PI,4
REG-20251102-BR003-SKU016256BL,20251102,BR003,SKU016256BL,2
REG-20251102-BR003-SKU016256SI,20251102,BR003,SKU016256SI,2
REG-20251102-BR003-SKU016256PI,20251102,BR003,SKU016256PI,7
REG-20251102-BR003-SKU017128BL,20251102,BR003,SKU017128BL,9
REG-20251102-BR003-SKU017128SI,20251102,BR003,SKU017128SI,6
REG-20251102-BR003-SKU017128PI,20251102,BR003,SKU017128PI,10
REG-20251102-BR003-SKU017256BL,20251102,BR003,SKU017256BL,10
REG-20251102-BR003-SKU017256SI,20251102,BR003,SKU017256SI,11
REG-20251102-BR003-SKU017256PI,20251102,BR003,SKU017256PI,5
REG-20251102-BR004-SKU015128BL,20251102,BR004,SKU015128BL,2
REG-20251102-BR004-SKU015128SI,20251102,BR004,SKU015128SI,5
REG-20251102-BR004-SKU015128PI,20251102,BR004,SKU015128PI,3
REG-20251102-BR004-SKU015256BL,20251102,BR004,SKU015256BL,1
REG-20251102-BR004-SKU015256SI,20251102,BR004,SKU015256SI,4
REG-20251102-BR004-SKU015256PI,20251102,BR004,SKU015256PI,2
REG-20251102-BR004-SKU016128BL,20251102,BR004,SKU016128BL,5
REG-20251102-BR004-SKU016128SI,20251102,BR004,SKU016128SI,5
REG-20251102-BR004-SKU016128PI,20251102,BR004,SKU016128PI,1
REG-20251102-BR004-SKU016256BL,20251102,BR004,SKU016256BL,2
REG-20251102-BR004-SKU016256SI,20251102,BR004,SKU016256SI,5
REG-20251102-BR004-SKU016256PI,20251102,BR004,SKU016256PI,3
REG-20251102-BR004-SKU017128BL,20251102,BR004,SKU017128BL,14
REG-20251102-BR004-SKU017128SI,20251102,BR004,SKU017128SI,12
REG-20251102-BR004-SKU017128PI,20251102,BR004,SKU017128PI,7
REG-20251102-BR004-SKU017256BL,20251102,BR004,SKU017256BL,6
REG-20251102-BR004-SKU017256SI,20251102,BR004,SKU017256SI,10
REG-20251102-BR004-SKU017256PI,20251102,BR004,SKU017256PI,8
REG-20251102-BR005-SKU015128BL,20251102,BR005,SKU015128BL,6
REG-20251102-BR005-SKU015128SI,20251102,BR005,SKU015128SI,1
REG-20251102-BR005-SKU015128PI,20251102,BR005,SKU015128PI,4
REG-20251102-BR005-SKU015256BL,20251102,BR005,SKU015256BL,1
REG-20251102-BR005-SKU015256SI,20251102,BR005,SKU015256SI,2
REG-20251102-BR005-SKU015256PI,20251102,BR005,SKU015256PI,3
REG-20251102-BR005-SKU016128BL,20251102,BR005,SKU016128BL,4
REG-20251102-BR005-SKU016128SI,20251102,BR005,SKU016128SI,5
REG-20251102-BR005-SKU016128PI,20251102,BR005,SKU016128PI,7
REG-20251102-BR005-SKU016256BL,20251102,BR005,SKU016256BL,9
REG-20251102-BR005-SKU016256SI,20251102,BR005,SKU016256SI,8
REG-20251102-BR005-SKU016256PI,20251102,BR005,SKU016256PI,4
REG-20251102-BR005-SKU017128BL,20251102,BR005,SKU017128BL,4
REG-20251102-BR005-SKU017128SI,20251102,BR005,SKU017128SI,5
REG-20251102-BR005-SKU017128PI,20251102,BR005,SKU017128PI,4
REG-20251102-BR005-SKU017256BL,20251102,BR005,SKU017256BL,7
REG-20251102-BR005-SKU017256SI,20251102,BR005,SKU017256SI,8
REG-20251102-BR005-SKU017256PI,20251102,BR005,SKU017256PI,8
REG-20251103-BR001-SKU015128BL,20251103,BR001,SKU015128BL,1
REG-20251103-BR001-SKU015128SI,20251103,BR001,SKU015128SI,4
REG-20251103-BR001-SKU015128PI,20251103,BR001,SKU015128PI,5
REG-20251103-BR001-SKU015256BL,20251103,BR001,SKU015256BL,2
REG-20251103-BR001-SKU015256SI,20251103,BR001,SKU015256SI,2
REG-20251103-BR001-SKU015256PI,20251103,BR001,SKU015256PI,3
REG-20251103-BR001-SKU016128BL,20251103,BR001,SKU016128BL,3
REG-20251103-BR001-SKU016128SI,20251103,BR001,SKU016128SI,5
REG-20251103-BR001-SKU016128PI,20251103,BR001,SKU016128PI,10
REG-20251103-BR001-SKU016256BL,20251103,BR001,SKU016256BL,3
REG-20251103-BR001-SKU016256SI,20251103,BR001,SKU016256SI,2
REG-20251103-BR001-SKU016256PI,20251103,BR001,SKU016256PI,9
REG-20251103-BR001-SKU017128BL,20251103,BR001,SKU017128BL,12
REG-20251103-BR001-SKU017128SI,20251103,BR001,SKU017128SI,7
REG-20251103-BR001-SKU017128PI,20251103,BR001,SKU017128PI,8
REG-20251103-BR001-SKU017256BL,20251103,BR001,SKU017256BL,6
REG-20251103-BR001-SKU017256SI,20251103,BR001,SKU017256SI,11
REG-20251103-BR001-SKU017256PI,20251103,BR001,SKU017256PI,5
REG-20251103-BR002-SKU015128BL,20251103,BR002,SKU015128BL,5
REG-20251103-BR002-SKU015128SI,20251103,BR002,SKU015128SI,1
REG-20251103-BR002-SKU015128PI,20251103,BR002,SKU015128PI,2
REG-20251103-BR002-SKU015256BL,20251103,BR002,SKU015256BL,1
REG-20251103-BR002-SKU015256SI,20251103,BR002,SKU015256SI,3
REG-20251103-BR002-SKU015256PI,20251103,BR002,SKU015256PI,4
REG-20251103-BR002-SKU016128BL,20251103,BR002,SKU016128BL,5
REG-20251103-BR002-SKU016128SI,20251103,BR002,SKU016128SI,5
REG-20251103-BR002-SKU016128PI,20251103,BR002,SKU016128PI,4
REG-20251103-BR002-SKU016256BL,20251103,BR002,SKU016256BL,1
REG-20251103-BR002-SKU016256SI,20251103,BR002,SKU016256SI,7
REG-20251103-BR002-SKU016256PI,20251103,BR002,SKU016256PI,6
REG-20251103-BR002-SKU017128BL,20251103,BR002,SKU017128BL,6
REG-20251103-BR002-SKU017128SI,20251103,BR002,SKU017128SI,4
REG-20251103-BR002-SKU017128PI,20251103,BR002,SKU017128PI,9
REG-20251103-BR002-SKU017256BL,20251103,BR002,SKU017256BL,13
REG-20251103-BR002-SKU017256SI,20251103,BR002,SKU017256SI,12
REG-20251103-BR002-SKU017256PI,20251103,BR002,SKU017256PI,10
REG-20251103-BR003-SKU015128BL,20251103,BR003,SKU015128BL,3
REG-20251103-BR003-SKU015128SI,20251103,BR003,SKU015128SI,2
REG-20251103-BR003-SKU015128PI,20251103,BR003,SKU015128PI,3
REG-20251103-BR003-SKU015256BL,20251103,BR003,SKU015256BL,5
REG-20251103-BR003-SKU015256SI,20251103,BR003,SKU015256SI,2
REG-20251103-BR003-SKU015256PI,20251103,BR003,SKU015256PI,5
REG-20251103-BR003-SKU016128BL,20251103,BR003,SKU016128BL,6
REG-20251103-BR003-SKU016128SI,20251103,BR003,SKU016128SI,5
REG-20251103-BR003-SKU016128PI,20251103,BR003,SKU016128PI,3
REG-20251103-BR003-SKU016256BL,20251103,BR003,SKU016256BL,6
REG-20251103-BR003-SKU016256SI,20251103,BR003,SKU016256SI,2
REG-20251103-BR003-SKU016256PI,20251103,BR003,SKU016256PI,8
REG-20251103-BR003-SKU017128BL,20251103,BR003,SKU017128BL,9
REG-20251103-BR003-SKU017128SI,20251103,BR003,SKU017128SI,5
REG-20251103-BR003-SKU017128PI,20251103,BR003,SKU017128PI,9
REG-20251103-BR003-SKU017256BL,20251103,BR003,SKU017256BL,11
REG-20251103-BR003-SKU017256SI,20251103,BR003,SKU017256SI,14
REG-20251103-BR003-SKU017256PI,20251103,BR003,SKU017256PI,7
REG-20251103-BR004-SKU015128BL,20251103,BR004,SKU015128BL,3
REG-20251103-BR004-SKU015128SI,20251103,BR004,SKU015128SI,6
REG-20251103-BR004-SKU015128PI,20251103,BR004,SKU015128PI,4
REG-20251103-BR004-SKU015256BL,20251103,BR004,SKU015256BL,2
REG-20251103-BR004-SKU015256SI,20251103,BR004,SKU015256SI,3
REG-20251103-BR004-SKU015256PI,20251103,BR004,SKU015256PI,5
REG-20251103-BR004-SKU016128BL,20251103,BR004,SKU016128BL,4
REG-20251103-BR004-SKU016128SI,20251103,BR004,SKU016128SI,8
REG-20251103-BR004-SKU016128PI,20251103,BR004,SKU016128PI,5
REG-20251103-BR004-SKU016256BL,20251103,BR004,SKU016256BL,1
REG-20251103-BR004-SKU016256SI,20251103,BR004,SKU016256SI,5
REG-20251103-BR004-SKU016256PI,20251103,BR004,SKU016256PI,5
REG-20251103-BR004-SKU017128BL,20251103,BR004,SKU017128BL,11
REG-20251103-BR004-SKU017128SI,20251103,BR004,SKU017128SI,7
REG-20251103-BR004-SKU017128PI,20251103,BR004,SKU017128PI,12
REG-20251103-BR004-SKU017256BL,20251103,BR004,SKU017256BL,6
REG-20251103-BR004-SKU017256SI,20251103,BR004,SKU017256SI,6
REG-20251103-BR004-SKU017256PI,20251103,BR004,SKU017256PI,4
REG-20251103-BR005-SKU015128BL,20251103,BR005,SKU015128BL,5
REG-20251103-BR005-SKU015128SI,20251103,BR005,SKU015128SI,1
REG-20251103-BR005-SKU015128PI,20251103,BR005,SKU015128PI,4
REG-20251103-BR005-SKU015256BL,20251103,BR005,SKU015256BL,2
REG-20251103-BR005-SKU015256SI,20251103,BR005,SKU015256SI,1
REG-20251103-BR005-SKU015256PI,20251103,BR005,SKU015256PI,1
REG-20251103-BR005-SKU016128BL,20251103,BR005,SKU016128BL,4
REG-20251103-BR005-SKU016128SI,20251103,BR005,SKU016128SI,7
REG-20251103-BR005-SKU016128PI,20251103,BR005,SKU016128PI,10
REG-20251103-BR005-SKU016256BL,20251103,BR005,SKU016256BL,2
REG-20251103-BR005-SKU016256SI,20251103,BR005,SKU016256SI,8
REG-20251103-BR005-SKU016256PI,20251103,BR005,SKU016256PI,3
REG-20251103-BR005-SKU017128BL,20251103,BR005,SKU017128BL,13
REG-20251103-BR005-SKU017128SI,20251103,BR005,SKU017128SI,6
REG-20251103-BR005-SKU017128PI,20251103,BR005,SKU017128PI,6
REG-20251103-BR005-SKU017256BL,20251103,BR005,SKU017256BL,12
REG-20251103-BR005-SKU017256SI,20251103,BR005,SKU017256SI,9
REG-20251103-BR005-SKU017256PI,20251103,BR005,SKU017256PI,12
REG-20251104-BR001-SKU015128BL,20251104,BR001,SKU015128BL,1
REG-20251104-BR001-SKU015128SI,20251104,BR001,SKU015128SI,5
REG-20251104-BR001-SKU015128PI,20251104,BR001,SKU015128PI,2
REG-20251104-BR001-SKU015256BL,20251104,BR001,SKU015256BL,4
REG-20251104-BR001-SKU015256SI,20251104,BR001,SKU015256SI,1
REG-20251104-BR001-SKU015256PI,20251104,BR001,SKU015256PI,2
REG-20251104-BR001-SKU016128BL,20251104,BR001,SKU016128BL,8
REG-20251104-BR001-SKU016128SI,20251104,BR001,SKU016128SI,4
REG-20251104-BR001-SKU016128PI,20251104,BR001,SKU016128PI,3
REG-20251104-BR001-SKU016256BL,20251104,BR001,SKU016256BL,7
REG-20251104-BR001-SKU016256SI,20251104,BR001,SKU016256SI,9
REG-20251104-BR001-SKU016256PI,20251104,BR001,SKU016256PI,6
REG-20251104-BR001-SKU017128BL,20251104,BR001,SKU017128BL,12
REG-20251104-BR001-SKU017128SI,20251104,BR001,SKU017128SI,5
REG-20251104-BR001-SKU017128PI,20251104,BR001,SKU017128PI,12
REG-20251104-BR001-SKU017256BL,20251104,BR001,SKU017256BL,11
REG-20251104-BR001-SKU017256SI,20251104,BR001,SKU017256SI,11
REG-20251104-BR001-SKU017256PI,20251104,BR001,SKU017256PI,13
REG-20251104-BR002-SKU015128BL,20251104,BR002,SKU015128BL,5
REG-20251104-BR002-SKU015128SI,20251104,BR002,SKU015128SI,3
REG-20251104-BR002-SKU015128PI,20251104,BR002,SKU015128PI,2
REG-20251104-BR002-SKU015256BL,20251104,BR002,SKU015256BL,1
REG-20251104-BR002-SKU015256SI,20251104,BR002,SKU015256SI,2
REG-20251104-BR002-SKU015256PI,20251104,BR002,SKU015256PI,2
REG-20251104-BR002-SKU016128BL,20251104,BR002,SKU016128BL,9
REG-20251104-BR002-SKU016128SI,20251104,BR002,SKU016128SI,7
REG-20251104-BR002-SKU016128PI,20251104,BR002,SKU016128PI,4
REG-20251104-BR002-SKU016256BL,20251104,BR002,SKU016256BL,5
REG-20251104-BR002-SKU016256SI,20251104,BR002,SKU016256SI,6
REG-20251104-BR002-SKU016256PI,20251104,BR002,SKU016256PI,8
REG-20251104-BR002-SKU017128BL,20251104,BR002,SKU017128BL,10
REG-20251104-BR002-SKU017128SI,20251104,BR002,SKU017128SI,4
REG-20251104-BR002-SKU017128PI,20251104,BR002,SKU017128PI,7
REG-20251104-BR002-SKU017256BL,20251104,BR002,SKU017256BL,12
REG-20251104-BR002-SKU017256SI,20251104,BR002,SKU017256SI,6
REG-20251104-BR002-SKU017256PI,20251104,BR002,SKU017256PI,12
REG-20251104-BR003-SKU015128BL,20251104,BR003,SKU015128BL,1
REG-20251104-BR003-SKU015128SI,20251104,BR003,SKU015128SI,1
REG-20251104-BR003-SKU015128PI,20251104,BR003,SKU015128PI,4
REG-20251104-BR003-SKU015256BL,20251104,BR003,SKU015256BL,3
REG-20251104-BR003-SKU015256SI,20251104,BR003,SKU015256SI,1
REG-20251104-BR003-SKU015256PI,20251104,BR003,SKU015256PI,3
REG-20251104-BR003-SKU016128BL,20251104,BR003,SKU016128BL,6
REG-20251104-BR003-SKU016128SI,20251104,BR003,SKU016128SI,8
REG-20251104-BR003-SKU016128PI,20251104,BR003,SKU016128PI,7
REG-20251104-BR003-SKU016256BL,20251104,BR003,SKU016256BL,1
REG-20251104-BR003-SKU016256SI,20251104,BR003,SKU016256SI,2
REG-20251104-BR003-SKU016256PI,20251104,BR003,SKU016256PI,5
REG-20251104-BR003-SKU017128BL,20251104,BR003,SKU017128BL,5
REG-20251104-BR003-SKU017128SI,20251104,BR003,SKU017128SI,6
REG-20251104-BR003-SKU017128PI,20251104,BR003,SKU017128PI,10
REG-20251104-BR003-SKU017256BL,20251104,BR003,SKU017256BL,13
REG-20251104-BR003-SKU017256SI,20251104,BR003,SKU017256SI,3
REG-20251104-BR003-SKU017256PI,20251104,BR003,SKU017256PI,10
REG-20251104-BR004-SKU015128BL,20251104,BR004,SKU015128BL,3
REG-20251104-BR004-SKU015128SI,20251104,BR004,SKU015128SI,4
REG-20251104-BR004-SKU015128PI,20251104,BR004,SKU015128PI,5
REG-20251104-BR004-SKU015256BL,20251104,BR004,SKU015256BL,6
REG-20251104-BR004-SKU015256SI,20251104,BR004,SKU015256SI,2
REG-20251104-BR004-SKU015256PI,20251104,BR004,SKU015256PI,1
REG-20251104-BR004-SKU016128BL,20251104,BR004,SKU016128BL,3
REG-20251104-BR004-SKU016128SI,20251104,BR004,SKU016128SI,7
REG-20251104-BR004-SKU016128PI,20251104,BR004,SKU016128PI,6
REG-20251104-BR004-SKU016256BL,20251104,BR004,SKU016256BL,10
REG-20251104-BR004-SKU016256SI,20251104,BR004,SKU016256SI,5
REG-20251104-BR004-SKU016256PI,20251104,BR004,SKU016256PI,6
REG-20251104-BR004-SKU017128BL,20251104,BR004,SKU017128BL,7
REG-20251104-BR004-SKU017128SI,20251104,BR004,SKU017128SI,12
REG-20251104-BR004-SKU017128PI,20251104,BR004,SKU017128PI,10
REG-20251104-BR004-SKU017256BL,20251104,BR004,SKU017256BL,9
REG-20251104-BR004-SKU017256SI,20251104,BR004,SKU017256SI,13
REG-20251104-BR004-SKU017256PI,20251104,BR004,SKU017256PI,10
REG-20251104-BR005-SKU015128BL,20251104,BR005,SKU015128BL,1
REG-20251104-BR005-SKU015128SI,20251104,BR005,SKU015128SI,2
REG-20251104-BR005-SKU015128PI,20251104,BR005,SKU015128PI,2
REG-20251104-BR005-SKU015256BL,20251104,BR005,SKU015256BL,1
REG-20251104-BR005-SKU015256SI,20251104,BR005,SKU015256SI,2
REG-20251104-BR005-SKU015256PI,20251104,BR005,SKU015256PI,2
REG-20251104-BR005-SKU016128BL,20251104,BR005,SKU016128BL,7
REG-20251104-BR005-SKU016128SI,20251104,BR005,SKU016128SI,3
REG-20251104-BR005-SKU016128PI,20251104,BR005,SKU016128PI,4
REG-20251104-BR005-SKU016256BL,20251104,BR005,SKU016256BL,9
REG-20251104-BR005-SKU016256SI,20251104,BR005,SKU016256SI,4
REG-20251104-BR005-SKU016256PI,20251104,BR005,SKU016256PI,10
REG-20251104-BR005-SKU017128BL,20251104,BR005,SKU017128BL,13
REG-20251104-BR005-SKU017128SI,20251104,BR005,SKU017128SI,5
REG-20251104-BR005-SKU017128PI,20251104,BR005,SKU017128PI,7
REG-20251104-BR005-SKU017256BL,20251104,BR005,SKU017256BL,11
REG-20251104-BR005-SKU017256SI,20251104,BR005,SKU017256SI,7
REG-20251104-BR005-SKU017256PI,20251104,BR005,SKU017256PI,10
REG-20251105-BR001-SKU015128BL,20251105,BR001,SKU015128BL,2
REG-20251105-BR001-SKU015128SI,20251105,BR001,SKU015128SI,5
REG-20251105-BR001-SKU015128PI,20251105,BR001,SKU015128PI,4
REG-20251105-BR001-SKU015256BL,20251105,BR001,SKU015256BL,2
REG-20251105-BR001-SKU015256SI,20251105,BR001,SKU015256SI,5
REG-20251105-BR001-SKU015256PI,20251105,BR001,SKU015256PI,5
REG-20251105-BR001-SKU016128BL,20251105,BR001,SKU016128BL,8
REG-20251105-BR001-SKU016128SI,20251105,BR001,SKU016128SI,1
REG-20251105-BR001-SKU016128PI,20251105,BR001,SKU016128PI,2
REG-20251105-BR001-SKU016256BL,20251105,BR001,SKU016256BL,2
REG-20251105-BR001-SKU016256SI,20251105,BR001,SKU016256SI,6
REG-20251105-BR001-SKU016256PI,20251105,BR001,SKU016256PI,7
REG-20251105-BR001-SKU017128BL,20251105,BR001,SKU017128BL,9
REG-20251105-BR001-SKU017128SI,20251105,BR001,SKU017128SI,6
REG-20251105-BR001-SKU017128PI,20251105,BR001,SKU017128PI,8
REG-20251105-BR001-SKU017256BL,20251105,BR001,SKU017256BL,9
REG-20251105-BR001-SKU017256SI,20251105,BR001,SKU017256SI,7
REG-20251105-BR001-SKU017256PI,20251105,BR001,SKU017256PI,7
REG-20251105-BR002-SKU015128BL,20251105,BR002,SKU015128BL,1
REG-20251105-BR002-SKU015128SI,20251105,BR002,SKU015128SI,4
REG-20251105-BR002-SKU015128PI,20251105,BR002,SKU015128PI,1
REG-20251105-BR002-SKU015256BL,20251105,BR002,SKU015256BL,1
REG-20251105-BR002-SKU015256SI,20251105,BR002,SKU015256SI,5
REG-20251105-BR002-SKU015256PI,20251105,BR002,SKU015256PI,4
REG-20251105-BR002-SKU016128BL,20251105,BR002,SKU016128BL,6
REG-20251105-BR002-SKU016128SI,20251105,BR002,SKU016128SI,4
REG-20251105-BR002-SKU016128PI,20251105,BR002,SKU016128PI,7
REG-20251105-BR002-SKU016256BL,20251105,BR002,SKU016256BL,8
REG-20251105-BR002-SKU016256SI,20251105,BR002,SKU016256SI,3
REG-20251105-BR002-SKU016256PI,20251105,BR002,SKU016256PI,7
REG-20251105-BR002-SKU017128BL,20251105,BR002,SKU017128BL,13
REG-20251105-BR002-SKU017128SI,20251105,BR002,SKU017128SI,6
REG-20251105-BR002-SKU017128PI,20251105,BR002,SKU017128PI,3
REG-20251105-BR002-SKU017256BL,20251105,BR002,SKU017256BL,6
REG-20251105-BR002-SKU017256SI,20251105,BR002,SKU017256SI,5
REG-20251105-BR002-SKU017256PI,20251105,BR002,SKU017256PI,11
REG-20251105-BR003-SKU015128BL,20251105,BR003,SKU015128BL,1
REG-20251105-BR003-SKU015128SI,20251105,BR003,SKU015128SI,4
REG-20251105-BR003-SKU015128PI,20251105,BR003,SKU015128PI,3
REG-20251105-BR003-SKU015256BL,20251105,BR003,SKU015256BL,4
REG-20251105-BR003-SKU015256SI,20251105,BR003,SKU015256SI,6
REG-20251105-BR003-SKU015256PI,20251105,BR003,SKU015256PI,3
REG-20251105-BR003-SKU016128BL,20251105,BR003,SKU016128BL,9
REG-20251105-BR003-SKU016128SI,20251105,BR003,SKU016128SI,2
REG-20251105-BR003-SKU016128PI,20251105,BR003,SKU016128PI,7
REG-20251105-BR003-SKU016256BL,20251105,BR003,SKU016256BL,9
REG-20251105-BR003-SKU016256SI,20251105,BR003,SKU016256SI,5
REG-20251105-BR003-SKU016256PI,20251105,BR003,SKU016256PI,2
REG-20251105-BR003-SKU017128BL,20251105,BR003,SKU017128BL,7
REG-20251105-BR003-SKU017128SI,20251105,BR003,SKU017128SI,7
REG-20251105-BR003-SKU017128PI,20251105,BR003,SKU017128PI,6
REG-20251105-BR003-SKU017256BL,20251105,BR003,SKU017256BL,8
REG-20251105-BR003-SKU017256SI,20251105,BR003,SKU017256SI,8
REG-20251105-BR003-SKU017256PI,20251105,BR003,SKU017256PI,10
REG-20251105-BR004-SKU015128BL,20251105,BR004,SKU015128BL,1
REG-20251105-BR004-SKU015128SI,20251105,BR004,SKU015128SI,2
REG-20251105-BR004-SKU015128PI,20251105,BR004,SKU015128PI,3
REG-20251105-BR004-SKU015256BL,20251105,BR004,SKU015256BL,4
REG-20251105-BR004-SKU015256SI,20251105,BR004,SKU015256SI,4
REG-20251105-BR004-SKU015256PI,20251105,BR004,SKU015256PI,3
REG-20251105-BR004-SKU016128BL,20251105,BR004,SKU016128BL,6
REG-20251105-BR004-SKU016128SI,20251105,BR004,SKU016128SI,8
REG-20251105-BR004-SKU016128PI,20251105,BR004,SKU016128PI,3
REG-20251105-BR004-SKU016256BL,20251105,BR004,SKU016256BL,3
REG-20251105-BR004-SKU016256SI,20251105,BR004,SKU016256SI,6
REG-20251105-BR004-SKU016256PI,20251105,BR004,SKU016256PI,4
REG-20251105-BR004-SKU017128BL,20251105,BR004,SKU017128BL,4
REG-20251105-BR004-SKU017128SI,20251105,BR004,SKU017128SI,10
REG-20251105-BR004-SKU017128PI,20251105,BR004,SKU017128PI,8
REG-20251105-BR004-SKU017256BL,20251105,BR004,SKU017256BL,9
REG-20251105-BR004-SKU017256SI,20251105,BR004,SKU017256SI,8
REG-20251105-BR004-SKU017256PI,20251105,BR004,SKU017256PI,5
REG-20251105-BR005-SKU015128BL,20251105,BR005,SKU015128BL,2
REG-20251105-BR005-SKU015128SI,20251105,BR005,SKU015128SI,3
REG-20251105-BR005-SKU015128PI,20251105,BR005,SKU015128PI,3
REG-20251105-BR005-SKU015256BL,20251105,BR005,SKU015256BL,1
REG-20251105-BR005-SKU015256SI,20251105,BR005,SKU015256SI,1
REG-20251105-BR005-SKU015256PI,20251105,BR005,SKU015256PI,6
REG-20251105-BR005-SKU016128BL,20251105,BR005,SKU016128BL,4
REG-20251105-BR005-SKU016128SI,20251105,BR005,SKU016128SI,7
REG-20251105-BR005-SKU016128PI,20251105,BR005,SKU016128PI,4
REG-20251105-BR005-SKU016256BL,20251105,BR005,SKU016256BL,1
REG-20251105-BR005-SKU016256SI,20251105,BR005,SKU016256SI,2
REG-20251105-BR005-SKU016256PI,20251105,BR005,SKU016256PI,9
REG-20251105-BR005-SKU017128BL,20251105,BR005,SKU017128BL,9
REG-20251105-BR005-SKU017128SI,20251105,BR005,SKU017128SI,10
REG-20251105-BR005-SKU017128PI,20251105,BR005,SKU017128PI,12
REG-20251105-BR005-SKU017256BL,20251105,BR005,SKU017256BL,8
REG-20251105-BR005-SKU017256SI,20251105,BR005,SKU017256SI,13
REG-20251105-BR005-SKU017256PI,20251105,BR005,SKU017256PI,5
REG-20251106-BR001-SKU015128BL,20251106,BR001,SKU015128BL,2
REG-20251106-BR001-SKU015128SI,20251106,BR001,SKU015128SI,3
REG-20251106-BR001-SKU015128PI,20251106,BR001,SKU015128PI,2
REG-20251106-BR001-SKU015256BL,20251106,BR001,SKU015256BL,2
REG-20251106-BR001-SKU015256SI,20251106,BR001,SKU015256SI,1
REG-20251106-BR001-SKU015256PI,20251106,BR001,SKU015256PI,3
REG-20251106-BR001-SKU016128BL,20251106,BR001,SKU016128BL,2
REG-20251106-BR001-SKU016128SI,20251106,BR001,SKU016128SI,8
REG-20251106-BR001-SKU016128PI,20251106,BR001,SKU016128PI,5
REG-20251106-BR001-SKU016256BL,20251106,BR001,SKU016256BL,2
REG-20251106-BR001-SKU016256SI,20251106,BR001,SKU016256SI,1
REG-20251106-BR001-SKU016256PI,20251106,BR001,SKU016256PI,2
REG-20251106-BR001-SKU017128BL,20251106,BR001,SKU017128BL,11
REG-20251106-BR001-SKU017128SI,20251106,BR001,SKU017128SI,7
REG-20251106-BR001-SKU017128PI,20251106,BR001,SKU017128PI,10
REG-20251106-BR001-SKU017256BL,20251106,BR001,SKU017256BL,8
REG-20251106-BR001-SKU017256SI,20251106,BR001,SKU017256SI,9
REG-20251106-BR001-SKU017256PI,20251106,BR001,SKU017256PI,12
REG-20251106-BR002-SKU015128BL,20251106,BR002,SKU015128BL,1
REG-20251106-BR002-SKU015128SI,20251106,BR002,SKU015128SI,1
REG-20251106-BR002-SKU015128PI,20251106,BR002,SKU015128PI,3
REG-20251106-BR002-SKU015256BL,20251106,BR002,SKU015256BL,2
REG-20251106-BR002-SKU015256SI,20251106,BR002,SKU015256SI,4
REG-20251106-BR002-SKU015256PI,20251106,BR002,SKU015256PI,5
REG-20251106-BR002-SKU016128BL,20251106,BR002,SKU016128BL,4
REG-20251106-BR002-SKU016128SI,20251106,BR002,SKU016128SI,7
REG-20251106-BR002-SKU016128PI,20251106,BR002,SKU016128PI,7
REG-20251106-BR002-SKU016256BL,20251106,BR002,SKU016256BL,5
REG-20251106-BR002-SKU016256SI,20251106,BR002,SKU016256SI,3
REG-20251106-BR002-SKU016256PI,20251106,BR002,SKU016256PI,8
REG-20251106-BR002-SKU017128BL,20251106,BR002,SKU017128BL,12
REG-20251106-BR002-SKU017128SI,20251106,BR002,SKU017128SI,5
REG-20251106-BR002-SKU017128PI,20251106,BR002,SKU017128PI,9
REG-20251106-BR002-SKU017256BL,20251106,BR002,SKU017256BL,8
REG-20251106-BR002-SKU017256SI,20251106,BR002,SKU017256SI,6
REG-20251106-BR002-SKU017256PI,20251106,BR002,SKU017256PI,9
REG-20251106-BR003-SKU015128BL,20251106,BR003,SKU015128BL,1
REG-20251106-BR003-SKU015128SI,20251106,BR003,SKU015128SI,5
REG-20251106-BR003-SKU015128PI,20251106,BR003,SKU015128PI,1
REG-20251106-BR003-SKU015256BL,20251106,BR003,SKU015256BL,2
REG-20251106-BR003-SKU015256SI,20251106,BR003,SKU015256SI,3
REG-20251106-BR003-SKU015256PI,20251106,BR003,SKU015256PI,4
REG-20251106-BR003-SKU016128BL,20251106,BR003,SKU016128BL,1
REG-20251106-BR003-SKU016128SI,20251106,BR003,SKU016128SI,7
REG-20251106-BR003-SKU016128PI,20251106,BR003,SKU016128PI,7
REG-20251106-BR003-SKU016256BL,20251106,BR003,SKU016256BL,4
REG-20251106-BR003-SKU016256SI,20251106,BR003,SKU016256SI,7
REG-20251106-BR003-SKU016256PI,20251106,BR003,SKU016256PI,2
REG-20251106-BR003-SKU017128BL,20251106,BR003,SKU017128BL,9
REG-20251106-BR003-SKU017128SI,20251106,BR003,SKU017128SI,8
REG-20251106-BR003-SKU017128PI,20251106,BR003,SKU017128PI,5
REG-20251106-BR003-SKU017256BL,20251106,BR003,SKU017256BL,7
REG-20251106-BR003-SKU017256SI,20251106,BR003,SKU017256SI,8
REG-20251106-BR003-SKU017256PI,20251106,BR003,SKU017256PI,10
REG-20251106-BR004-SKU015128BL,20251106,BR004,SKU015128BL,1
REG-20251106-BR004-SKU015128SI,20251106,BR004,SKU015128SI,5
REG-20251106-BR004-SKU015128PI,20251106,BR004,SKU015128PI,5
REG-20251106-BR004-SKU015256BL,20251106,BR004,SKU015256BL,1
REG-20251106-BR004-SKU015256SI,20251106,BR004,SKU015256SI,4
REG-20251106-BR004-SKU015256PI,20251106,BR004,SKU015256PI,5
REG-20251106-BR004-SKU016128BL,20251106,BR004,SKU016128BL,9
REG-20251106-BR004-SKU016128SI,20251106,BR004,SKU016128SI,7
REG-20251106-BR004-SKU016128PI,20251106,BR004,SKU016128PI,5
REG-20251106-BR004-SKU016256BL,20251106,BR004,SKU016256BL,5
REG-20251106-BR004-SKU016256SI,20251106,BR004,SKU016256SI,2
REG-20251106-BR004-SKU016256PI,20251106,BR004,SKU016256PI,5
REG-20251106-BR004-SKU017128BL,20251106,BR004,SKU017128BL,5
REG-20251106-BR004-SKU017128SI,20251106,BR004,SKU017128SI,9
REG-20251106-BR004-SKU017128PI,20251106,BR004,SKU017128PI,9
REG-20251106-BR004-SKU017256BL,20251106,BR004,SKU017256BL,9
REG-20251106-BR004-SKU017256SI,20251106,BR004,SKU017256SI,9
REG-20251106-BR004-SKU017256PI,20251106,BR004,SKU017256PI,3
REG-20251106-BR005-SKU015128BL,20251106,BR005,SKU015128BL,5
REG-20251106-BR005-SKU015128SI,20251106,BR005,SKU015128SI,3
REG-20251106-BR005-SKU015128PI,20251106,BR005,SKU015128PI,3
REG-20251106-BR005-SKU015256BL,20251106,BR005,SKU015256BL,2
REG-20251106-BR005-SKU015256SI,20251106,BR005,SKU015256SI,2
REG-20251106-BR005-SKU015256PI,20251106,BR005,SKU015256PI,2
REG-20251106-BR005-SKU016128BL,20251106,BR005,SKU016128BL,6
REG-20251106-BR005-SKU016128SI,20251106,BR005,SKU016128SI,10
REG-20251106-BR005-SKU016128PI,20251106,BR005,SKU016128PI,5
REG-20251106-BR005-SKU016256BL,20251106,BR005,SKU016256BL,5
REG-20251106-BR005-SKU016256SI,20251106,BR005,SKU016256SI,3
REG-20251106-BR005-SKU016256PI,20251106,BR005,SKU016256PI,9
REG-20251106-BR005-SKU017128BL,20251106,BR005,SKU017128BL,8
REG-20251106-BR005-SKU017128SI,20251106,BR005,SKU017128SI,11
REG-20251106-BR005-SKU017128PI,20251106,BR005,SKU017128PI,9
REG-20251106-BR005-SKU017256BL,20251106,BR005,SKU017256BL,10
REG-20251106-BR005-SKU017256SI,20251106,BR005,SKU017256SI,6
REG-20251106-BR005-SKU017256PI,20251106,BR005,SKU017256PI,6
REG-20251107-BR001-SKU015128BL,20251107,BR001,SKU015128BL,1
REG-20251107-BR001-SKU015128SI,20251107,BR001,SKU015128SI,1
REG-20251107-BR001-SKU015128PI,20251107,BR001,SKU015128PI,4
REG-20251107-BR001-SKU015256BL,20251107,BR001,SKU015256BL,6
REG-20251107-BR001-SKU015256SI,20251107,BR001,SKU015256SI,1
REG-20251107-BR001-SKU015256PI,20251107,BR001,SKU015256PI,1
REG-20251107-BR001-SKU016128BL,20251107,BR001,SKU016128BL,8
REG-20251107-BR001-SKU016128SI,20251107,BR001,SKU016128SI,3
REG-20251107-BR001-SKU016128PI,20251107,BR001,SKU016128PI,8
REG-20251107-BR001-SKU016256BL,20251107,BR001,SKU016256BL,5
REG-20251107-BR001-SKU016256SI,20251107,BR001,SKU016256SI,6
REG-20251107-BR001-SKU016256PI,20251107,BR001,SKU016256PI,3
REG-20251107-BR001-SKU017128BL,20251107,BR001,SKU017128BL,8
REG-20251107-BR001-SKU017128SI,20251107,BR001,SKU017128SI,10
REG-20251107-BR001-SKU017128PI,20251107,BR001,SKU017128PI,5
REG-20251107-BR001-SKU017256BL,20251107,BR001,SKU017256BL,8
REG-20251107-BR001-SKU017256SI,20251107,BR001,SKU017256SI,11
REG-20251107-BR001-SKU017256PI,20251107,BR001,SKU017256PI,7
REG-20251107-BR002-SKU015128BL,20251107,BR002,SKU015128BL,2
REG-20251107-BR002-SKU015128SI,20251107,BR002,SKU015128SI,1
REG-20251107-BR002-SKU015128PI,20251107,BR002,SKU015128PI,3
REG-20251107-BR002-SKU015256BL,20251107,BR002,SKU015256BL,4
REG-20251107-BR002-SKU015256SI,20251107,BR002,SKU015256SI,4
REG-20251107-BR002-SKU015256PI,20251107,BR002,SKU015256PI,1
REG-20251107-BR002-SKU016128BL,20251107,BR002,SKU016128BL,3
REG-20251107-BR002-SKU016128SI,20251107,BR002,SKU016128SI,4
REG-20251107-BR002-SKU016128PI,20251107,BR002,SKU016128PI,5
REG-20251107-BR002-SKU016256BL,20251107,BR002,SKU016256BL,5
REG-20251107-BR002-SKU016256SI,20251107,BR002,SKU016256SI,4
REG-20251107-BR002-SKU016256PI,20251107,BR002,SKU016256PI,9
REG-20251107-BR002-SKU017128BL,20251107,BR002,SKU017128BL,9
REG-20251107-BR002-SKU017128SI,20251107,BR002,SKU017128SI,13
REG-20251107-BR002-SKU017128PI,20251107,BR002,SKU017128PI,4
REG-20251107-BR002-SKU017256BL,20251107,BR002,SKU017256BL,9
REG-20251107-BR002-SKU017256SI,20251107,BR002,SKU017256SI,5
REG-20251107-BR002-SKU017256PI,20251107,BR002,SKU017256PI,13
REG-20251107-BR003-SKU015128BL,20251107,BR003,SKU015128BL,3
REG-20251107-BR003-SKU015128SI,20251107,BR003,SKU015128SI,3
REG-20251107-BR003-SKU015128PI,20251107,BR003,SKU015128PI,6
REG-20251107-BR003-SKU015256BL,20251107,BR003,SKU015256BL,4
REG-20251107-BR003-SKU015256SI,20251107,BR003,SKU015256SI,2
REG-20251107-BR003-SKU015256PI,20251107,BR003,SKU015256PI,2
REG-20251107-BR003-SKU016128BL,20251107,BR003,SKU016128BL,4
REG-20251107-BR003-SKU016128SI,20251107,BR003,SKU016128SI,4
REG-20251107-BR003-SKU016128PI,20251107,BR003,SKU016128PI,6
REG-20251107-BR003-SKU016256BL,20251107,BR003,SKU016256BL,6
REG-20251107-BR003-SKU016256SI,20251107,BR003,SKU016256SI,7
REG-20251107-BR003-SKU016256PI,20251107,BR003,SKU016256PI,7
REG-20251107-BR003-SKU017128BL,20251107,BR003,SKU017128BL,8
REG-20251107-BR003-SKU017128SI,20251107,BR003,SKU017128SI,12
REG-20251107-BR003-SKU017128PI,20251107,BR003,SKU017128PI,6
REG-20251107-BR003-SKU017256BL,20251107,BR003,SKU017256BL,14
REG-20251107-BR003-SKU017256SI,20251107,BR003,SKU017256SI,9
REG-20251107-BR003-SKU017256PI,20251107,BR003,SKU017256PI,10
REG-20251107-BR004-SKU015128BL,20251107,BR004,SKU015128BL,4
REG-20251107-BR004-SKU015128SI,20251107,BR004,SKU015128SI,3
REG-20251107-BR004-SKU015128PI,20251107,BR004,SKU015128PI,4
REG-20251107-BR004-SKU015256BL,20251107,BR004,SKU015256BL,3
REG-20251107-BR004-SKU015256SI,20251107,BR004,SKU015256SI,3
REG-20251107-BR004-SKU015256PI,20251107,BR004,SKU015256PI,1
REG-20251107-BR004-SKU016128BL,20251107,BR004,SKU016128BL,7
REG-20251107-BR004-SKU016128SI,20251107,BR004,SKU016128SI,6
REG-20251107-BR004-SKU016128PI,20251107,BR004,SKU016128PI,8
REG-20251107-BR004-SKU016256BL,20251107,BR004,SKU016256BL,7
REG-20251107-BR004-SKU016256SI,20251107,BR004,SKU016256SI,5
REG-20251107-BR004-SKU016256PI,20251107,BR004,SKU016256PI,2
REG-20251107-BR004-SKU017128BL,20251107,BR004,SKU017128BL,7
REG-20251107-BR004-SKU017128SI,20251107,BR004,SKU017128SI,11
REG-20251107-BR004-SKU017128PI,20251107,BR004,SKU017128PI,10
REG-20251107-BR004-SKU017256BL,20251107,BR004,SKU017256BL,5
REG-20251107-BR004-SKU017256SI,20251107,BR004,SKU017256SI,9
REG-20251107-BR004-SKU017256PI,20251107,BR004,SKU017256PI,5
REG-20251107-BR005-SKU015128BL,20251107,BR005,SKU015128BL,4
REG-20251107-BR005-SKU015128SI,20251107,BR005,SKU015128SI,5
REG-20251107-BR005-SKU015128PI,20251107,BR005,SKU015128PI,2
REG-20251107-BR005-SKU015256BL,20251107,BR005,SKU015256BL,6
REG-20251107-BR005-SKU015256SI,20251107,BR005,SKU015256SI,2
REG-20251107-BR005-SKU015256PI,20251107,BR005,SKU015256PI,1
REG-20251107-BR005-SKU016128BL,20251107,BR005,SKU016128BL,7
REG-20251107-BR005-SKU016128SI,20251107,BR005,SKU016128SI,9
REG-20251107-BR005-SKU016128PI,20251107,BR005,SKU016128PI,1
REG-20251107-BR005-SKU016256BL,20251107,BR005,SKU016256BL,3
REG-20251107-BR005-SKU016256SI,20251107,BR005,SKU016256SI,7
REG-20251107-BR005-SKU016256PI,20251107,BR005,SKU016256PI,9
REG-20251107-BR005-SKU017128BL,20251107,BR005,SKU017128BL,11
REG-20251107-BR005-SKU017128SI,20251107,BR005,SKU017128SI,11
REG-20251107-BR005-SKU017128PI,20251107,BR005,SKU017128PI,9
REG-20251107-BR005-SKU017256BL,20251107,BR005,SKU017256BL,5
REG-20251107-BR005-SKU017256SI,20251107,BR005,SKU017256SI,7
REG-20251107-BR005-SKU017256PI,20251107,BR005,SKU017256PI,11
REG-20251108-BR001-SKU015128BL,20251108,BR001,SKU015128BL,4
REG-20251108-BR001-SKU015128SI,20251108,BR001,SKU015128SI,3
REG-20251108-BR001-SKU015128PI,20251108,BR001,SKU015128PI,1
REG-20251108-BR001-SKU015256BL,20251108,BR001,SKU015256BL,2
REG-20251108-BR001-SKU015256SI,20251108,BR001,SKU015256SI,4
REG-20251108-BR001-SKU015256PI,20251108,BR001,SKU015256PI,3
REG-20251108-BR001-SKU016128BL,20251108,BR001,SKU016128BL,9
REG-20251108-BR001-SKU016128SI,20251108,BR001,SKU016128SI,9
REG-20251108-BR001-SKU016128PI,20251108,BR001,SKU016128PI,6
REG-20251108-BR001-SKU016256BL,20251108,BR001,SKU016256BL,6
REG-20251108-BR001-SKU016256SI,20251108,BR001,SKU016256SI,4
REG-20251108-BR001-SKU016256PI,20251108,BR001,SKU016256PI,2
REG-20251108-BR001-SKU017128BL,20251108,BR001,SKU017128BL,9
REG-20251108-BR001-SKU017128SI,20251108,BR001,SKU017128SI,11
REG-20251108-BR001-SKU017128PI,20251108,BR001,SKU017128PI,8
REG-20251108-BR001-SKU017256BL,20251108,BR001,SKU017256BL,10
REG-20251108-BR001-SKU017256SI,20251108,BR001,SKU017256SI,5
REG-20251108-BR001-SKU017256PI,20251108,BR001,SKU017256PI,9
REG-20251108-BR002-SKU015128BL,20251108,BR002,SKU015128BL,5
REG-20251108-BR002-SKU015128SI,20251108,BR002,SKU015128SI,1
REG-20251108-BR002-SKU015128PI,20251108,BR002,SKU015128PI,3
REG-20251108-BR002-SKU015256BL,20251108,BR002,SKU015256BL,1
REG-20251108-BR002-SKU015256SI,20251108,BR002,SKU015256SI,2
REG-20251108-BR002-SKU015256PI,20251108,BR002,SKU015256PI,1
REG-20251108-BR002-SKU016128BL,20251108,BR002,SKU016128BL,9
REG-20251108-BR002-SKU016128SI,20251108,BR002,SKU016128SI,2
REG-20251108-BR002-SKU016128PI,20251108,BR002,SKU016128PI,5
REG-20251108-BR002-SKU016256BL,20251108,BR002,SKU016256BL,9
REG-20251108-BR002-SKU016256SI,20251108,BR002,SKU016256SI,2
REG-20251108-BR002-SKU016256PI,20251108,BR002,SKU016256PI,4
REG-20251108-BR002-SKU017128BL,20251108,BR002,SKU017128BL,9
REG-20251108-BR002-SKU017128SI,20251108,BR002,SKU017128SI,11
REG-20251108-BR002-SKU017128PI,20251108,BR002,SKU017128PI,12
REG-20251108-BR002-SKU017256BL,20251108,BR002,SKU017256BL,8
REG-20251108-BR002-SKU017256SI,20251108,BR002,SKU017256SI,7
REG-20251108-BR002-SKU017256PI,20251108,BR002,SKU017256PI,7
REG-20251108-BR003-SKU015128BL,20251108,BR003,SKU015128BL,5
REG-20251108-BR003-SKU015128SI,20251108,BR003,SKU015128SI,1
REG-20251108-BR003-SKU015128PI,20251108,BR003,SKU015128PI,2
REG-20251108-BR003-SKU015256BL,20251108,BR003,SKU015256BL,1
REG-20251108-BR003-SKU015256SI,20251108,BR003,SKU015256SI,1
REG-20251108-BR003-SKU015256PI,20251108,BR003,SKU015256PI,1
REG-20251108-BR003-SKU016128BL,20251108,BR003,SKU016128BL,6
REG-20251108-BR003-SKU016128SI,20251108,BR003,SKU016128SI,5
REG-20251108-BR003-SKU016128PI,20251108,BR003,SKU016128PI,8
REG-20251108-BR003-SKU016256BL,20251108,BR003,SKU016256BL,6
REG-20251108-BR003-SKU016256SI,20251108,BR003,SKU016256SI,8
REG-20251108-BR003-SKU016256PI,20251108,BR003,SKU016256PI,4
REG-20251108-BR003-SKU017128BL,20251108,BR003,SKU017128BL,8
REG-20251108-BR003-SKU017128SI,20251108,BR003,SKU017128SI,9
REG-20251108-BR003-SKU017128PI,20251108,BR003,SKU017128PI,3
REG-20251108-BR003-SKU017256BL,20251108,BR003,SKU017256BL,7
REG-20251108-BR003-SKU017256SI,20251108,BR003,SKU017256SI,10
REG-20251108-BR003-SKU017256PI,20251108,BR003,SKU017256PI,8
REG-20251108-BR004-SKU015128BL,20251108,BR004,SKU015128BL,3
REG-20251108-BR004-SKU015128SI,20251108,BR004,SKU015128SI,3
REG-20251108-BR004-SKU015128PI,20251108,BR004,SKU015128PI,4
REG-20251108-BR004-SKU015256BL,20251108,BR004,SKU015256BL,1
REG-20251108-BR004-SKU015256SI,20251108,BR004,SKU015256SI,3
REG-20251108-BR004-SKU015256PI,20251108,BR004,SKU015256PI,1
REG-20251108-BR004-SKU016128BL,20251108,BR004,SKU016128BL,4
REG-20251108-BR004-SKU016128SI,20251108,BR004,SKU016128SI,8
REG-20251108-BR004-SKU016128PI,20251108,BR004,SKU016128PI,6
REG-20251108-BR004-SKU016256BL,20251108,BR004,SKU016256BL,7
REG-20251108-BR004-SKU016256SI,20251108,BR004,SKU016256SI,4
REG-20251108-BR004-SKU016256PI,20251108,BR004,SKU016256PI,8
REG-20251108-BR004-SKU017128BL,20251108,BR004,SKU017128BL,13
REG-20251108-BR004-SKU017128SI,20251108,BR004,SKU017128SI,8
REG-20251108-BR004-SKU017128PI,20251108,BR004,SKU017128PI,14
REG-20251108-BR004-SKU017256BL,20251108,BR004,SKU017256BL,7
REG-20251108-BR004-SKU017256SI,20251108,BR004,SKU017256SI,8
REG-20251108-BR004-SKU017256PI,20251108,BR004,SKU017256PI,13
REG-20251108-BR005-SKU015128BL,20251108,BR005,SKU015128BL,6
REG-20251108-BR005-SKU015128SI,20251108,BR005,SKU015128SI,5
REG-20251108-BR005-SKU015128PI,20251108,BR005,SKU015128PI,4
REG-20251108-BR005-SKU015256BL,20251108,BR005,SKU015256BL,1
REG-20251108-BR005-SKU015256SI,20251108,BR005,SKU015256SI,1
REG-20251108-BR005-SKU015256PI,20251108,BR005,SKU015256PI,5
REG-20251108-BR005-SKU016128BL,20251108,BR005,SKU016128BL,4
REG-20251108-BR005-SKU016128SI,20251108,BR005,SKU016128SI,9
REG-20251108-BR005-SKU016128PI,20251108,BR005,SKU016128PI,2
REG-20251108-BR005-SKU016256BL,20251108,BR005,SKU016256BL,6
REG-20251108-BR005-SKU016256SI,20251108,BR005,SKU016256SI,6
REG-20251108-BR005-SKU016256PI,20251108,BR005,SKU016256PI,6
REG-20251108-BR005-SKU017128BL,20251108,BR005,SKU017128BL,8
REG-20251108-BR005-SKU017128SI,20251108,BR005,SKU017128SI,14
REG-20251108-BR005-SKU017128PI,20251108,BR005,SKU017128PI,10
REG-20251108-BR005-SKU017256BL,20251108,BR005,SKU017256BL,5
REG-20251108-BR005-SKU017256SI,20251108,BR005,SKU017256SI,11
REG-20251108-BR005-SKU017256PI,20251108,BR005,SKU017256PI,9
REG-20251109-BR001-SKU015128BL,20251109,BR001,SKU015128BL,3
REG-20251109-BR001-SKU015128SI,20251109,BR001,SKU015128SI,3
REG-20251109-BR001-SKU015128PI,20251109,BR001,SKU015128PI,4
REG-20251109-BR001-SKU015256BL,20251109,BR001,SKU015256BL,5
REG-20251109-BR001-SKU015256SI,20251109,BR001,SKU015256SI,5
REG-20251109-BR001-SKU015256PI,20251109,BR001,SKU015256PI,1
REG-20251109-BR001-SKU016128BL,20251109,BR001,SKU016128BL,6
REG-20251109-BR001-SKU016128SI,20251109,BR001,SKU016128SI,7
REG-20251109-BR001-SKU016128PI,20251109,BR001,SKU016128PI,3
REG-20251109-BR001-SKU016256BL,20251109,BR001,SKU016256BL,6
REG-20251109-BR001-SKU016256SI,20251109,BR001,SKU016256SI,5
REG-20251109-BR001-SKU016256PI,20251109,BR001,SKU016256PI,6
REG-20251109-BR001-SKU017128BL,20251109,BR001,SKU017128BL,6
REG-20251109-BR001-SKU017128SI,20251109,BR001,SKU017128SI,9
REG-20251109-BR001-SKU017128PI,20251109,BR001,SKU017128PI,3
REG-20251109-BR001-SKU017256BL,20251109,BR001,SKU017256BL,9
REG-20251109-BR001-SKU017256SI,20251109,BR001,SKU017256SI,10
REG-20251109-BR001-SKU017256PI,20251109,BR001,SKU017256PI,4
REG-20251109-BR002-SKU015128BL,20251109,BR002,SKU015128BL,2
REG-20251109-BR002-SKU015128SI,20251109,BR002,SKU015128SI,1
REG-20251109-BR002-SKU015128PI,20251109,BR002,SKU015128PI,3
REG-20251109-BR002-SKU015256BL,20251109,BR002,SKU015256BL,2
REG-20251109-BR002-SKU015256SI,20251109,BR002,SKU015256SI,3
REG-20251109-BR002-SKU015256PI,20251109,BR002,SKU015256PI,3
REG-20251109-BR002-SKU016128BL,20251109,BR002,SKU016128BL,6
REG-20251109-BR002-SKU016128SI,20251109,BR002,SKU016128SI,1
REG-20251109-BR002-SKU016128PI,20251109,BR002,SKU016128PI,5
REG-20251109-BR002-SKU016256BL,20251109,BR002,SKU016256BL,5
REG-20251109-BR002-SKU016256SI,20251109,BR002,SKU016256SI,7
REG-20251109-BR002-SKU016256PI,20251109,BR002,SKU016256PI,2
REG-20251109-BR002-SKU017128BL,20251109,BR002,SKU017128BL,9
REG-20251109-BR002-SKU017128SI,20251109,BR002,SKU017128SI,4
REG-20251109-BR002-SKU017128PI,20251109,BR002,SKU017128PI,6
REG-20251109-BR002-SKU017256BL,20251109,BR002,SKU017256BL,7
REG-20251109-BR002-SKU017256SI,20251109,BR002,SKU017256SI,12
REG-20251109-BR002-SKU017256PI,20251109,BR002,SKU017256PI,7
REG-20251109-BR003-SKU015128BL,20251109,BR003,SKU015128BL,1
REG-20251109-BR003-SKU015128SI,20251109,BR003,SKU015128SI,3
REG-20251109-BR003-SKU015128PI,20251109,BR003,SKU015128PI,2
REG-20251109-BR003-SKU015256BL,20251109,BR003,SKU015256BL,3
REG-20251109-BR003-SKU015256SI,20251109,BR003,SKU015256SI,1
REG-20251109-BR003-SKU015256PI,20251109,BR003,SKU015256PI,3
REG-20251109-BR003-SKU016128BL,20251109,BR003,SKU016128BL,7
REG-20251109-BR003-SKU016128SI,20251109,BR003,SKU016128SI,6
REG-20251109-BR003-SKU016128PI,20251109,BR003,SKU016128PI,5
REG-20251109-BR003-SKU016256BL,20251109,BR003,SKU016256BL,5
REG-20251109-BR003-SKU016256SI,20251109,BR003,SKU016256SI,5
REG-20251109-BR003-SKU016256PI,20251109,BR003,SKU016256PI,3
REG-20251109-BR003-SKU017128BL,20251109,BR003,SKU017128BL,13
REG-20251109-BR003-SKU017128SI,20251109,BR003,SKU017128SI,10
REG-20251109-BR003-SKU017128PI,20251109,BR003,SKU017128PI,5
REG-20251109-BR003-SKU017256BL,20251109,BR003,SKU017256BL,13
REG-20251109-BR003-SKU017256SI,20251109,BR003,SKU017256SI,10
REG-20251109-BR003-SKU017256PI,20251109,BR003,SKU017256PI,11
REG-20251109-BR004-SKU015128BL,20251109,BR004,SKU015128BL,3
REG-20251109-BR004-SKU015128SI,20251109,BR004,SKU015128SI,2
REG-20251109-BR004-SKU015128PI,20251109,BR004,SKU015128PI,4
REG-20251109-BR004-SKU015256BL,20251109,BR004,SKU015256BL,2
REG-20251109-BR004-SKU015256SI,20251109,BR004,SKU015256SI,4
REG-20251109-BR004-SKU015256PI,20251109,BR004,SKU015256PI,2
REG-20251109-BR004-SKU016128BL,20251109,BR004,SKU016128BL,5
REG-20251109-BR004-SKU016128SI,20251109,BR004,SKU016128SI,6
REG-20251109-BR004-SKU016128PI,20251109,BR004,SKU016128PI,5
REG-20251109-BR004-SKU016256BL,20251109,BR004,SKU016256BL,8
REG-20251109-BR004-SKU016256SI,20251109,BR004,SKU016256SI,4
REG-20251109-BR004-SKU016256PI,20251109,BR004,SKU016256PI,6
REG-20251109-BR004-SKU017128BL,20251109,BR004,SKU017128BL,8
REG-20251109-BR004-SKU017128SI,20251109,BR004,SKU017128SI,6
REG-20251109-BR004-SKU017128PI,20251109,BR004,SKU017128PI,14
REG-20251109-BR004-SKU017256BL,20251109,BR004,SKU017256BL,6
REG-20251109-BR004-SKU017256SI,20251109,BR004,SKU017256SI,8
REG-20251109-BR004-SKU017256PI,20251109,BR004,SKU017256PI,14
REG-20251109-BR005-SKU015128BL,20251109,BR005,SKU015128BL,1
REG-20251109-BR005-SKU015128SI,20251109,BR005,SKU015128SI,4
REG-20251109-BR005-SKU015128PI,20251109,BR005,SKU015128PI,4
REG-20251109-BR005-SKU015256BL,20251109,BR005,SKU015256BL,2
REG-20251109-BR005-SKU015256SI,20251109,BR005,SKU015256SI,1
REG-20251109-BR005-SKU015256PI,20251109,BR005,SKU015256PI,2
REG-20251109-BR005-SKU016128BL,20251109,BR005,SKU016128BL,4
REG-20251109-BR005-SKU016128SI,20251109,BR005,SKU016128SI,8
REG-20251109-BR005-SKU016128PI,20251109,BR005,SKU016128PI,8
REG-20251109-BR005-SKU016256BL,20251109,BR005,SKU016256BL,4
REG-20251109-BR005-SKU016256SI,20251109,BR005,SKU016256SI,6
REG-20251109-BR005-SKU016256PI,20251109,BR005,SKU016256PI,9
REG-20251109-BR005-SKU017128BL,20251109,BR005,SKU017128BL,4
REG-20251109-BR005-SKU017128SI,20251109,BR005,SKU017128SI,9
REG-20251109-BR005-SKU017128PI,20251109,BR005,SKU017128PI,10
REG-20251109-BR005-SKU017256BL,20251109,BR005,SKU017256BL,4
REG-20251109-BR005-SKU017256SI,20251109,BR005,SKU017256SI,5
REG-20251109-BR005-SKU017256PI,20251109,BR005,SKU017256PI,9
REG-20251110-BR001-SKU015128BL,20251110,BR001,SKU015128BL,1
REG-20251110-BR001-SKU015128SI,20251110,BR001,SKU015128SI,5
REG-20251110-BR001-SKU015128PI,20251110,BR001,SKU015128PI,4
REG-20251110-BR001-SKU015256BL,20251110,BR001,SKU015256BL,3
REG-20251110-BR001-SKU015256SI,20251110,BR001,SKU015256SI,5
REG-20251110-BR001-SKU015256PI,20251110,BR001,SKU015256PI,1
REG-20251110-BR001-SKU016128BL,20251110,BR001,SKU016128BL,4
REG-20251110-BR001-SKU016128SI,20251110,BR001,SKU016128SI,5
REG-20251110-BR001-SKU016128PI,20251110,BR001,SKU016128PI,7
REG-20251110-BR001-SKU016256BL,20251110,BR001,SKU016256BL,7
REG-20251110-BR001-SKU016256SI,20251110,BR001,SKU016256SI,6
REG-20251110-BR001-SKU016256PI,20251110,BR001,SKU016256PI,4
REG-20251110-BR001-SKU017128BL,20251110,BR001,SKU017128BL,10
REG-20251110-BR001-SKU017128SI,20251110,BR001,SKU017128SI,12
REG-20251110-BR001-SKU017128PI,20251110,BR001,SKU017128PI,10
REG-20251110-BR001-SKU017256BL,20251110,BR001,SKU017256BL,11
REG-20251110-BR001-SKU017256SI,20251110,BR001,SKU017256SI,9
REG-20251110-BR001-SKU017256PI,20251110,BR001,SKU017256PI,9
REG-20251110-BR002-SKU015128BL,20251110,BR002,SKU015128BL,2
REG-20251110-BR002-SKU015128SI,20251110,BR002,SKU015128SI,4
REG-20251110-BR002-SKU015128PI,20251110,BR002,SKU015128PI,1
REG-20251110-BR002-SKU015256BL,20251110,BR002,SKU015256BL,2
REG-20251110-BR002-SKU015256SI,20251110,BR002,SKU015256SI,1
REG-20251110-BR002-SKU015256PI,20251110,BR002,SKU015256PI,1
REG-20251110-BR002-SKU016128BL,20251110,BR002,SKU016128BL,6
REG-20251110-BR002-SKU016128SI,20251110,BR002,SKU016128SI,8
REG-20251110-BR002-SKU016128PI,20251110,BR002,SKU016128PI,3
REG-20251110-BR002-SKU016256BL,20251110,BR002,SKU016256BL,5
REG-20251110-BR002-SKU016256SI,20251110,BR002,SKU016256SI,8
REG-20251110-BR002-SKU016256PI,20251110,BR002,SKU016256PI,2
REG-20251110-BR002-SKU017128BL,20251110,BR002,SKU017128BL,12
REG-20251110-BR002-SKU017128SI,20251110,BR002,SKU017128SI,8
REG-20251110-BR002-SKU017128PI,20251110,BR002,SKU017128PI,4
REG-20251110-BR002-SKU017256BL,20251110,BR002,SKU017256BL,9
REG-20251110-BR002-SKU017256SI,20251110,BR002,SKU017256SI,13
REG-20251110-BR002-SKU017256PI,20251110,BR002,SKU017256PI,9
REG-20251110-BR003-SKU015128BL,20251110,BR003,SKU015128BL,4
REG-20251110-BR003-SKU015128SI,20251110,BR003,SKU015128SI,1
REG-20251110-BR003-SKU015128PI,20251110,BR003,SKU015128PI,1
REG-20251110-BR003-SKU015256BL,20251110,BR003,SKU015256BL,2
REG-20251110-BR003-SKU015256SI,20251110,BR003,SKU015256SI,2
REG-20251110-BR003-SKU015256PI,20251110,BR003,SKU015256PI,1
REG-20251110-BR003-SKU016128BL,20251110,BR003,SKU016128BL,9
REG-20251110-BR003-SKU016128SI,20251110,BR003,SKU016128SI,9
REG-20251110-BR003-SKU016128PI,20251110,BR003,SKU016128PI,7
REG-20251110-BR003-SKU016256BL,20251110,BR003,SKU016256BL,9
REG-20251110-BR003-SKU016256SI,20251110,BR003,SKU016256SI,7
REG-20251110-BR003-SKU016256PI,20251110,BR003,SKU016256PI,9
REG-20251110-BR003-SKU017128BL,20251110,BR003,SKU017128BL,7
REG-20251110-BR003-SKU017128SI,20251110,BR003,SKU017128SI,4
REG-20251110-BR003-SKU017128PI,20251110,BR003,SKU017128PI,6
REG-20251110-BR003-SKU017256BL,20251110,BR003,SKU017256BL,6
REG-20251110-BR003-SKU017256SI,20251110,BR003,SKU017256SI,8
REG-20251110-BR003-SKU017256PI,20251110,BR003,SKU017256PI,5
REG-20251110-BR004-SKU015128BL,20251110,BR004,SKU015128BL,1
REG-20251110-BR004-SKU015128SI,20251110,BR004,SKU015128SI,4
REG-20251110-BR004-SKU015128PI,20251110,BR004,SKU015128PI,5
REG-20251110-BR004-SKU015256BL,20251110,BR004,SKU015256BL,4
REG-20251110-BR004-SKU015256SI,20251110,BR004,SKU015256SI,5
REG-20251110-BR004-SKU015256PI,20251110,BR004,SKU015256PI,1
REG-20251110-BR004-SKU016128BL,20251110,BR004,SKU016128BL,8
REG-20251110-BR004-SKU016128SI,20251110,BR004,SKU016128SI,7
REG-20251110-BR004-SKU016128PI,20251110,BR004,SKU016128PI,9
REG-20251110-BR004-SKU016256BL,20251110,BR004,SKU016256BL,5
REG-20251110-BR004-SKU016256SI,20251110,BR004,SKU016256SI,7
REG-20251110-BR004-SKU016256PI,20251110,BR004,SKU016256PI,5
REG-20251110-BR004-SKU017128BL,20251110,BR004,SKU017128BL,7
REG-20251110-BR004-SKU017128SI,20251110,BR004,SKU017128SI,8
REG-20251110-BR004-SKU017128PI,20251110,BR004,SKU017128PI,13
REG-20251110-BR004-SKU017256BL,20251110,BR004,SKU017256BL,13
REG-20251110-BR004-SKU017256SI,20251110,BR004,SKU017256SI,7
REG-20251110-BR004-SKU017256PI,20251110,BR004,SKU017256PI,11
REG-20251110-BR005-SKU015128BL,20251110,BR005,SKU015128BL,1
REG-20251110-BR005-SKU015128SI,20251110,BR005,SKU015128SI,4
REG-20251110-BR005-SKU015128PI,20251110,BR005,SKU015128PI,4
REG-20251110-BR005-SKU015256BL,20251110,BR005,SKU015256BL,4
REG-20251110-BR005-SKU015256SI,20251110,BR005,SKU015256SI,3
REG-20251110-BR005-SKU015256PI,20251110,BR005,SKU015256PI,2
REG-20251110-BR005-SKU016128BL,20251110,BR005,SKU016128BL,6
REG-20251110-BR005-SKU016128SI,20251110,BR005,SKU016128SI,5
REG-20251110-BR005-SKU016128PI,20251110,BR005,SKU016128PI,7
REG-20251110-BR005-SKU016256BL,20251110,BR005,SKU016256BL,2
REG-20251110-BR005-SKU016256SI,20251110,BR005,SKU016256SI,7
REG-20251110-BR005-SKU016256PI,20251110,BR005,SKU016256PI,3
REG-20251110-BR005-SKU017128BL,20251110,BR005,SKU017128BL,10
REG-20251110-BR005-SKU017128SI,20251110,BR005,SKU017128SI,7
REG-20251110-BR005-SKU017128PI,20251110,BR005,SKU017128PI,7
REG-20251110-BR005-SKU017256BL,20251110,BR005,SKU017256BL,10
REG-20251110-BR005-SKU017256SI,20251110,BR005,SKU017256SI,9
REG-20251110-BR005-SKU017256PI,20251110,BR005,SKU017256PI,9
REG-20251111-BR001-SKU015128BL,20251111,BR001,SKU015128BL,3
REG-20251111-BR001-SKU015128SI,20251111,BR001,SKU015128SI,2
REG-20251111-BR001-SKU015128PI,20251111,BR001,SKU015128PI,5
REG-20251111-BR001-SKU015256BL,20251111,BR001,SKU015256BL,3
REG-20251111-BR001-SKU015256SI,20251111,BR001,SKU015256SI,1
REG-20251111-BR001-SKU015256PI,20251111,BR001,SKU015256PI,1
REG-20251111-BR001-SKU016128BL,20251111,BR001,SKU016128BL,6
REG-20251111-BR001-SKU016128SI,20251111,BR001,SKU016128SI,7
REG-20251111-BR001-SKU016128PI,20251111,BR001,SKU016128PI,2
REG-20251111-BR001-SKU016256BL,20251111,BR001,SKU016256BL,4
REG-20251111-BR001-SKU016256SI,20251111,BR001,SKU016256SI,4
REG-20251111-BR001-SKU016256PI,20251111,BR001,SKU016256PI,6
REG-20251111-BR001-SKU017128BL,20251111,BR001,SKU017128BL,8
REG-20251111-BR001-SKU017128SI,20251111,BR001,SKU017128SI,8
REG-20251111-BR001-SKU017128PI,20251111,BR001,SKU017128PI,5
REG-20251111-BR001-SKU017256BL,20251111,BR001,SKU017256BL,9
REG-20251111-BR001-SKU017256SI,20251111,BR001,SKU017256SI,12
REG-20251111-BR001-SKU017256PI,20251111,BR001,SKU017256PI,6
REG-20251111-BR002-SKU015128BL,20251111,BR002,SKU015128BL,2
REG-20251111-BR002-SKU015128SI,20251111,BR002,SKU015128SI,1
REG-20251111-BR002-SKU015128PI,20251111,BR002,SKU015128PI,2
REG-20251111-BR002-SKU015256BL,20251111,BR002,SKU015256BL,1
REG-20251111-BR002-SKU015256SI,20251111,BR002,SKU015256SI,2
REG-20251111-BR002-SKU015256PI,20251111,BR002,SKU015256PI,5
REG-20251111-BR002-SKU016128BL,20251111,BR002,SKU016128BL,6
REG-20251111-BR002-SKU016128SI,20251111,BR002,SKU016128SI,5
REG-20251111-BR002-SKU016128PI,20251111,BR002,SKU016128PI,6
REG-20251111-BR002-SKU016256BL,20251111,BR002,SKU016256BL,5
REG-20251111-BR002-SKU016256SI,20251111,BR002,SKU016256SI,7
REG-20251111-BR002-SKU016256PI,20251111,BR002,SKU016256PI,3
REG-20251111-BR002-SKU017128BL,20251111,BR002,SKU017128BL,14
REG-20251111-BR002-SKU017128SI,20251111,BR002,SKU017128SI,8
REG-20251111-BR002-SKU017128PI,20251111,BR002,SKU017128PI,10
REG-20251111-BR002-SKU017256BL,20251111,BR002,SKU017256BL,4
REG-20251111-BR002-SKU017256SI,20251111,BR002,SKU017256SI,5
REG-20251111-BR002-SKU017256PI,20251111,BR002,SKU017256PI,7
REG-20251111-BR003-SKU015128BL,20251111,BR003,SKU015128BL,1
REG-20251111-BR003-SKU015128SI,20251111,BR003,SKU015128SI,1
REG-20251111-BR003-SKU015128PI,20251111,BR003,SKU015128PI,4
REG-20251111-BR003-SKU015256BL,20251111,BR003,SKU015256BL,1
REG-20251111-BR003-SKU015256SI,20251111,BR003,SKU015256SI,2
REG-20251111-BR003-SKU015256PI,20251111,BR003,SKU015256PI,2
REG-20251111-BR003-SKU016128BL,20251111,BR003,SKU016128BL,4
REG-20251111-BR003-SKU016128SI,20251111,BR003,SKU016128SI,8
REG-20251111-BR003-SKU016128PI,20251111,BR003,SKU016128PI,4
REG-20251111-BR003-SKU016256BL,20251111,BR003,SKU016256BL,6
REG-20251111-BR003-SKU016256SI,20251111,BR003,SKU016256SI,6
REG-20251111-BR003-SKU016256PI,20251111,BR003,SKU016256PI,3
REG-20251111-BR003-SKU017128BL,20251111,BR003,SKU017128BL,8
REG-20251111-BR003-SKU017128SI,20251111,BR003,SKU017128SI,7
REG-20251111-BR003-SKU017128PI,20251111,BR003,SKU017128PI,10
REG-20251111-BR003-SKU017256BL,20251111,BR003,SKU017256BL,7
REG-20251111-BR003-SKU017256SI,20251111,BR003,SKU017256SI,12
REG-20251111-BR003-SKU017256PI,20251111,BR003,SKU017256PI,10
REG-20251111-BR004-SKU015128BL,20251111,BR004,SKU015128BL,3
REG-20251111-BR004-SKU015128SI,20251111,BR004,SKU015128SI,3
REG-20251111-BR004-SKU015128PI,20251111,BR004,SKU015128PI,3
REG-20251111-BR004-SKU015256BL,20251111,BR004,SKU015256BL,3
REG-20251111-BR004-SKU015256SI,20251111,BR004,SKU015256SI,3
REG-20251111-BR004-SKU015256PI,20251111,BR004,SKU015256PI,2
REG-20251111-BR004-SKU016128BL,20251111,BR004,SKU016128BL,10
REG-20251111-BR004-SKU016128SI,20251111,BR004,SKU016128SI,7
REG-20251111-BR004-SKU016128PI,20251111,BR004,SKU016128PI,5
REG-20251111-BR004-SKU016256BL,20251111,BR004,SKU016256BL,4
REG-20251111-BR004-SKU016256SI,20251111,BR004,SKU016256SI,5
REG-20251111-BR004-SKU016256PI,20251111,BR004,SKU016256PI,3
REG-20251111-BR004-SKU017128BL,20251111,BR004,SKU017128BL,8
REG-20251111-BR004-SKU017128SI,20251111,BR004,SKU017128SI,8
REG-20251111-BR004-SKU017128PI,20251111,BR004,SKU017128PI,8
REG-20251111-BR004-SKU017256BL,20251111,BR004,SKU017256BL,10
REG-20251111-BR004-SKU017256SI,20251111,BR004,SKU017256SI,13
REG-20251111-BR004-SKU017256PI,20251111,BR004,SKU017256PI,5
REG-20251111-BR005-SKU015128BL,20251111,BR005,SKU015128BL,1
REG-20251111-BR005-SKU015128SI,20251111,BR005,SKU015128SI,1
REG-20251111-BR005-SKU015128PI,20251111,BR005,SKU015128PI,5
REG-20251111-BR005-SKU015256BL,20251111,BR005,SKU015256BL,3
REG-20251111-BR005-SKU015256SI,20251111,BR005,SKU015256SI,1
REG-20251111-BR005-SKU015256PI,20251111,BR005,SKU015256PI,3
REG-20251111-BR005-SKU016128BL,20251111,BR005,SKU016128BL,5
REG-20251111-BR005-SKU016128SI,20251111,BR005,SKU016128SI,6
REG-20251111-BR005-SKU016128PI,20251111,BR005,SKU016128PI,4
REG-20251111-BR005-SKU016256BL,20251111,BR005,SKU016256BL,8
REG-20251111-BR005-SKU016256SI,20251111,BR005,SKU016256SI,9
REG-20251111-BR005-SKU016256PI,20251111,BR005,SKU016256PI,9
REG-20251111-BR005-SKU017128BL,20251111,BR005,SKU017128BL,12
REG-20251111-BR005-SKU017128SI,20251111,BR005,SKU017128SI,8
REG-20251111-BR005-SKU017128PI,20251111,BR005,SKU017128PI,12
REG-20251111-BR005-SKU017256BL,20251111,BR005,SKU017256BL,11
REG-20251111-BR005-SKU017256SI,20251111,BR005,SKU017256SI,11
REG-20251111-BR005-SKU017256PI,20251111,BR005,SKU017256PI,4
REG-20251112-BR001-SKU015128BL,20251112,BR001,SKU015128BL,2
REG-20251112-BR001-SKU015128SI,20251112,BR001,SKU015128SI,4
REG-20251112-BR001-SKU015128PI,20251112,BR001,SKU015128PI,6
REG-20251112-BR001-SKU015256BL,20251112,BR001,SKU015256BL,1
REG-20251112-BR001-SKU015256SI,20251112,BR001,SKU015256SI,2
REG-20251112-BR001-SKU015256PI,20251112,BR001,SKU015256PI,4
REG-20251112-BR001-SKU016128BL,20251112,BR001,SKU016128BL,3
REG-20251112-BR001-SKU016128SI,20251112,BR001,SKU016128SI,8
REG-20251112-BR001-SKU016128PI,20251112,BR001,SKU016128PI,1
REG-20251112-BR001-SKU016256BL,20251112,BR001,SKU016256BL,4
REG-20251112-BR001-SKU016256SI,20251112,BR001,SKU016256SI,6
REG-20251112-BR001-SKU016256PI,20251112,BR001,SKU016256PI,5
REG-20251112-BR001-SKU017128BL,20251112,BR001,SKU017128BL,10
REG-20251112-BR001-SKU017128SI,20251112,BR001,SKU017128SI,6
REG-20251112-BR001-SKU017128PI,20251112,BR001,SKU017128PI,7
REG-20251112-BR001-SKU017256BL,20251112,BR001,SKU017256BL,7
REG-20251112-BR001-SKU017256SI,20251112,BR001,SKU017256SI,6
REG-20251112-BR001-SKU017256PI,20251112,BR001,SKU017256PI,9
REG-20251112-BR002-SKU015128BL,20251112,BR002,SKU015128BL,1
REG-20251112-BR002-SKU015128SI,20251112,BR002,SKU015128SI,4
REG-20251112-BR002-SKU015128PI,20251112,BR002,SKU015128PI,1
REG-20251112-BR002-SKU015256BL,20251112,BR002,SKU015256BL,3
REG-20251112-BR002-SKU015256SI,20251112,BR002,SKU015256SI,1
REG-20251112-BR002-SKU015256PI,20251112,BR002,SKU015256PI,6
REG-20251112-BR002-SKU016128BL,20251112,BR002,SKU016128BL,9
REG-20251112-BR002-SKU016128SI,20251112,BR002,SKU016128SI,7
REG-20251112-BR002-SKU016128PI,20251112,BR002,SKU016128PI,7
REG-20251112-BR002-SKU016256BL,20251112,BR002,SKU016256BL,5
REG-20251112-BR002-SKU016256SI,20251112,BR002,SKU016256SI,4
REG-20251112-BR002-SKU016256PI,20251112,BR002,SKU016256PI,4
REG-20251112-BR002-SKU017128BL,20251112,BR002,SKU017128BL,8
REG-20251112-BR002-SKU017128SI,20251112,BR002,SKU017128SI,10
REG-20251112-BR002-SKU017128PI,20251112,BR002,SKU017128PI,13
REG-20251112-BR002-SKU017256BL,20251112,BR002,SKU017256BL,13
REG-20251112-BR002-SKU017256SI,20251112,BR002,SKU017256SI,6
REG-20251112-BR002-SKU017256PI,20251112,BR002,SKU017256PI,14
REG-20251112-BR003-SKU015128BL,20251112,BR003,SKU015128BL,1
REG-20251112-BR003-SKU015128SI,20251112,BR003,SKU015128SI,1
REG-20251112-BR003-SKU015128PI,20251112,BR003,SKU015128PI,3
REG-20251112-BR003-SKU015256BL,20251112,BR003,SKU015256BL,5
REG-20251112-BR003-SKU015256SI,20251112,BR003,SKU015256SI,3
REG-20251112-BR003-SKU015256PI,20251112,BR003,SKU015256PI,2
REG-20251112-BR003-SKU016128BL,20251112,BR003,SKU016128BL,7
REG-20251112-BR003-SKU016128SI,20251112,BR003,SKU016128SI,5
REG-20251112-BR003-SKU016128PI,20251112,BR003,SKU016128PI,2
REG-20251112-BR003-SKU016256BL,20251112,BR003,SKU016256BL,4
REG-20251112-BR003-SKU016256SI,20251112,BR003,SKU016256SI,4
REG-20251112-BR003-SKU016256PI,20251112,BR003,SKU016256PI,6
REG-20251112-BR003-SKU017128BL,20251112,BR003,SKU017128BL,8
REG-20251112-BR003-SKU017128SI,20251112,BR003,SKU017128SI,7
REG-20251112-BR003-SKU017128PI,20251112,BR003,SKU017128PI,10
REG-20251112-BR003-SKU017256BL,20251112,BR003,SKU017256BL,10
REG-20251112-BR003-SKU017256SI,20251112,BR003,SKU017256SI,10
REG-20251112-BR003-SKU017256PI,20251112,BR003,SKU017256PI,6
REG-20251112-BR004-SKU015128BL,20251112,BR004,SKU015128BL,6
REG-20251112-BR004-SKU015128SI,20251112,BR004,SKU015128SI,2
REG-20251112-BR004-SKU015128PI,20251112,BR004,SKU015128PI,1
REG-20251112-BR004-SKU015256BL,20251112,BR004,SKU015256BL,2
REG-20251112-BR004-SKU015256SI,20251112,BR004,SKU015256SI,1
REG-20251112-BR004-SKU015256PI,20251112,BR004,SKU015256PI,2
REG-20251112-BR004-SKU016128BL,20251112,BR004,SKU016128BL,9
REG-20251112-BR004-SKU016128SI,20251112,BR004,SKU016128SI,7
REG-20251112-BR004-SKU016128PI,20251112,BR004,SKU016128PI,4
REG-20251112-BR004-SKU016256BL,20251112,BR004,SKU016256BL,9
REG-20251112-BR004-SKU016256SI,20251112,BR004,SKU016256SI,4
REG-20251112-BR004-SKU016256PI,20251112,BR004,SKU016256PI,6
REG-20251112-BR004-SKU017128BL,20251112,BR004,SKU017128BL,7
REG-20251112-BR004-SKU017128SI,20251112,BR004,SKU017128SI,14
REG-20251112-BR004-SKU017128PI,20251112,BR004,SKU017128PI,11
REG-20251112-BR004-SKU017256BL,20251112,BR004,SKU017256BL,12
REG-20251112-BR004-SKU017256SI,20251112,BR004,SKU017256SI,8
REG-20251112-BR004-SKU017256PI,20251112,BR004,SKU017256PI,8
REG-20251112-BR005-SKU015128BL,20251112,BR005,SKU015128BL,2
REG-20251112-BR005-SKU015128SI,20251112,BR005,SKU015128SI,1
REG-20251112-BR005-SKU015128PI,20251112,BR005,SKU015128PI,5
REG-20251112-BR005-SKU015256BL,20251112,BR005,SKU015256BL,2
REG-20251112-BR005-SKU015256SI,20251112,BR005,SKU015256SI,5
REG-20251112-BR005-SKU015256PI,20251112,BR005,SKU015256PI,2
REG-20251112-BR005-SKU016128BL,20251112,BR005,SKU016128BL,3
REG-20251112-BR005-SKU016128SI,20251112,BR005,SKU016128SI,4
REG-20251112-BR005-SKU016128PI,20251112,BR005,SKU016128PI,6
REG-20251112-BR005-SKU016256BL,20251112,BR005,SKU016256BL,5
REG-20251112-BR005-SKU016256SI,20251112,BR005,SKU016256SI,8
REG-20251112-BR005-SKU016256PI,20251112,BR005,SKU016256PI,6
REG-20251112-BR005-SKU017128BL,20251112,BR005,SKU017128BL,10
REG-20251112-BR005-SKU017128SI,20251112,BR005,SKU017128SI,7
REG-20251112-BR005-SKU017128PI,20251112,BR005,SKU017128PI,8
REG-20251112-BR005-SKU017256BL,20251112,BR005,SKU017256BL,9
REG-20251112-BR005-SKU017256SI,20251112,BR005,SKU017256SI,9
REG-20251112-BR005-SKU017256PI,20251112,BR005,SKU017256PI,12
REG-20251113-BR001-SKU015128BL,20251113,BR001,SKU015128BL,1
REG-20251113-BR001-SKU015128SI,20251113,BR001,SKU015128SI,1
REG-20251113-BR001-SKU015128PI,20251113,BR001,SKU015128PI,3
REG-20251113-BR001-SKU015256BL,20251113,BR001,SKU015256BL,3
REG-20251113-BR001-SKU015256SI,20251113,BR001,SKU015256SI,1
REG-20251113-BR001-SKU015256PI,20251113,BR001,SKU015256PI,1
REG-20251113-BR001-SKU016128BL,20251113,BR001,SKU016128BL,7
REG-20251113-BR001-SKU016128SI,20251113,BR001,SKU016128SI,9
REG-20251113-BR001-SKU016128PI,20251113,BR001,SKU016128PI,6
REG-20251113-BR001-SKU016256BL,20251113,BR001,SKU016256BL,6
REG-20251113-BR001-SKU016256SI,20251113,BR001,SKU016256SI,10
REG-20251113-BR001-SKU016256PI,20251113,BR001,SKU016256PI,6
REG-20251113-BR001-SKU017128BL,20251113,BR001,SKU017128BL,10
REG-20251113-BR001-SKU017128SI,20251113,BR001,SKU017128SI,6
REG-20251113-BR001-SKU017128PI,20251113,BR001,SKU017128PI,8
REG-20251113-BR001-SKU017256BL,20251113,BR001,SKU017256BL,9
REG-20251113-BR001-SKU017256SI,20251113,BR001,SKU017256SI,7
REG-20251113-BR001-SKU017256PI,20251113,BR001,SKU017256PI,6
REG-20251113-BR002-SKU015128BL,20251113,BR002,SKU015128BL,4
REG-20251113-BR002-SKU015128SI,20251113,BR002,SKU015128SI,2
REG-20251113-BR002-SKU015128PI,20251113,BR002,SKU015128PI,2
REG-20251113-BR002-SKU015256BL,20251113,BR002,SKU015256BL,2
REG-20251113-BR002-SKU015256SI,20251113,BR002,SKU015256SI,1
REG-20251113-BR002-SKU015256PI,20251113,BR002,SKU015256PI,3
REG-20251113-BR002-SKU016128BL,20251113,BR002,SKU016128BL,9
REG-20251113-BR002-SKU016128SI,20251113,BR002,SKU016128SI,6
REG-20251113-BR002-SKU016128PI,20251113,BR002,SKU016128PI,6
REG-20251113-BR002-SKU016256BL,20251113,BR002,SKU016256BL,7
REG-20251113-BR002-SKU016256SI,20251113,BR002,SKU016256SI,5
REG-20251113-BR002-SKU016256PI,20251113,BR002,SKU016256PI,6
REG-20251113-BR002-SKU017128BL,20251113,BR002,SKU017128BL,7
REG-20251113-BR002-SKU017128SI,20251113,BR002,SKU017128SI,7
REG-20251113-BR002-SKU017128PI,20251113,BR002,SKU017128PI,10
REG-20251113-BR002-SKU017256BL,20251113,BR002,SKU017256BL,9
REG-20251113-BR002-SKU017256SI,20251113,BR002,SKU017256SI,6
REG-20251113-BR002-SKU017256PI,20251113,BR002,SKU017256PI,6
REG-20251113-BR003-SKU015128BL,20251113,BR003,SKU015128BL,3
REG-20251113-BR003-SKU015128SI,20251113,BR003,SKU015128SI,3
REG-20251113-BR003-SKU015128PI,20251113,BR003,SKU015128PI,6
REG-20251113-BR003-SKU015256BL,20251113,BR003,SKU015256BL,1
REG-20251113-BR003-SKU015256SI,20251113,BR003,SKU015256SI,1
REG-20251113-BR003-SKU015256PI,20251113,BR003,SKU015256PI,1
REG-20251113-BR003-SKU016128BL,20251113,BR003,SKU016128BL,2
REG-20251113-BR003-SKU016128SI,20251113,BR003,SKU016128SI,7
REG-20251113-BR003-SKU016128PI,20251113,BR003,SKU016128PI,10
REG-20251113-BR003-SKU016256BL,20251113,BR003,SKU016256BL,8
REG-20251113-BR003-SKU016256SI,20251113,BR003,SKU016256SI,8
REG-20251113-BR003-SKU016256PI,20251113,BR003,SKU016256PI,7
REG-20251113-BR003-SKU017128BL,20251113,BR003,SKU017128BL,12
REG-20251113-BR003-SKU017128SI,20251113,BR003,SKU017128SI,5
REG-20251113-BR003-SKU017128PI,20251113,BR003,SKU017128PI,10
REG-20251113-BR003-SKU017256BL,20251113,BR003,SKU017256BL,11
REG-20251113-BR003-SKU017256SI,20251113,BR003,SKU017256SI,8
REG-20251113-BR003-SKU017256PI,20251113,BR003,SKU017256PI,11
REG-20251113-BR004-SKU015128BL,20251113,BR004,SKU015128BL,3
REG-20251113-BR004-SKU015128SI,20251113,BR004,SKU015128SI,4
REG-20251113-BR004-SKU015128PI,20251113,BR004,SKU015128PI,3
REG-20251113-BR004-SKU015256BL,20251113,BR004,SKU015256BL,2
REG-20251113-BR004-SKU015256SI,20251113,BR004,SKU015256SI,1
REG-20251113-BR004-SKU015256PI,20251113,BR004,SKU015256PI,4
REG-20251113-BR004-SKU016128BL,20251113,BR004,SKU016128BL,5
REG-20251113-BR004-SKU016128SI,20251113,BR004,SKU016128SI,5
REG-20251113-BR004-SKU016128PI,20251113,BR004,SKU016128PI,7
REG-20251113-BR004-SKU016256BL,20251113,BR004,SKU016256BL,2
REG-20251113-BR004-SKU016256SI,20251113,BR004,SKU016256SI,9
REG-20251113-BR004-SKU016256PI,20251113,BR004,SKU016256PI,6
REG-20251113-BR004-SKU017128BL,20251113,BR004,SKU017128BL,12
REG-20251113-BR004-SKU017128SI,20251113,BR004,SKU017128SI,12
REG-20251113-BR004-SKU017128PI,20251113,BR004,SKU017128PI,5
REG-20251113-BR004-SKU017256BL,20251113,BR004,SKU017256BL,11
REG-20251113-BR004-SKU017256SI,20251113,BR004,SKU017256SI,13
REG-20251113-BR004-SKU017256PI,20251113,BR004,SKU017256PI,8
REG-20251113-BR005-SKU015128BL,20251113,BR005,SKU015128BL,1
REG-20251113-BR005-SKU015128SI,20251113,BR005,SKU015128SI,3
REG-20251113-BR005-SKU015128PI,20251113,BR005,SKU015128PI,1
REG-20251113-BR005-SKU015256BL,20251113,BR005,SKU015256BL,2
REG-20251113-BR005-SKU015256SI,20251113,BR005,SKU015256SI,3
REG-20251113-BR005-SKU015256PI,20251113,BR005,SKU015256PI,4
REG-20251113-BR005-SKU016128BL,20251113,BR005,SKU016128BL,5
REG-20251113-BR005-SKU016128SI,20251113,BR005,SKU016128SI,7
REG-20251113-BR005-SKU016128PI,20251113,BR005,SKU016128PI,5
REG-20251113-BR005-SKU016256BL,20251113,BR005,SKU016256BL,6
REG-20251113-BR005-SKU016256SI,20251113,BR005,SKU016256SI,8
REG-20251113-BR005-SKU016256PI,20251113,BR005,SKU016256PI,9
REG-20251113-BR005-SKU017128BL,20251113,BR005,SKU017128BL,10
REG-20251113-BR005-SKU017128SI,20251113,BR005,SKU017128SI,12
REG-20251113-BR005-SKU017128PI,20251113,BR005,SKU017128PI,12
REG-20251113-BR005-SKU017256BL,20251113,BR005,SKU017256BL,11
REG-20251113-BR005-SKU017256SI,20251113,BR005,SKU017256SI,8
REG-20251113-BR005-SKU017256PI,20251113,BR005,SKU017256PI,7
REG-20251114-BR001-SKU015128BL,20251114,BR001,SKU015128BL,4
REG-20251114-BR001-SKU015128SI,20251114,BR001,SKU015128SI,1
REG-20251114-BR001-SKU015128PI,20251114,BR001,SKU015128PI,6
REG-20251114-BR001-SKU015256BL,20251114,BR001,SKU015256BL,5
REG-20251114-BR001-SKU015256SI,20251114,BR001,SKU015256SI,3
REG-20251114-BR001-SKU015256PI,20251114,BR001,SKU015256PI,3
REG-20251114-BR001-SKU016128BL,20251114,BR001,SKU016128BL,3
REG-20251114-BR001-SKU016128SI,20251114,BR001,SKU016128SI,9
REG-20251114-BR001-SKU016128PI,20251114,BR001,SKU016128PI,5
REG-20251114-BR001-SKU016256BL,20251114,BR001,SKU016256BL,9
REG-20251114-BR001-SKU016256SI,20251114,BR001,SKU016256SI,9
REG-20251114-BR001-SKU016256PI,20251114,BR001,SKU016256PI,3
REG-20251114-BR001-SKU017128BL,20251114,BR001,SKU017128BL,7
REG-20251114-BR001-SKU017128SI,20251114,BR001,SKU017128SI,10
REG-20251114-BR001-SKU017128PI,20251114,BR001,SKU017128PI,8
REG-20251114-BR001-SKU017256BL,20251114,BR001,SKU017256BL,13
REG-20251114-BR001-SKU017256SI,20251114,BR001,SKU017256SI,7
REG-20251114-BR001-SKU017256PI,20251114,BR001,SKU017256PI,12
REG-20251114-BR002-SKU015128BL,20251114,BR002,SKU015128BL,1
REG-20251114-BR002-SKU015128SI,20251114,BR002,SKU015128SI,3
REG-20251114-BR002-SKU015128PI,20251114,BR002,SKU015128PI,2
REG-20251114-BR002-SKU015256BL,20251114,BR002,SKU015256BL,1
REG-20251114-BR002-SKU015256SI,20251114,BR002,SKU015256SI,1
REG-20251114-BR002-SKU015256PI,20251114,BR002,SKU015256PI,5
REG-20251114-BR002-SKU016128BL,20251114,BR002,SKU016128BL,6
REG-20251114-BR002-SKU016128SI,20251114,BR002,SKU016128SI,5
REG-20251114-BR002-SKU016128PI,20251114,BR002,SKU016128PI,5
REG-20251114-BR002-SKU016256BL,20251114,BR002,SKU016256BL,5
REG-20251114-BR002-SKU016256SI,20251114,BR002,SKU016256SI,7
REG-20251114-BR002-SKU016256PI,20251114,BR002,SKU016256PI,3
REG-20251114-BR002-SKU017128BL,20251114,BR002,SKU017128BL,10
REG-20251114-BR002-SKU017128SI,20251114,BR002,SKU017128SI,3
REG-20251114-BR002-SKU017128PI,20251114,BR002,SKU017128PI,13
REG-20251114-BR002-SKU017256BL,20251114,BR002,SKU017256BL,13
REG-20251114-BR002-SKU017256SI,20251114,BR002,SKU017256SI,7
REG-20251114-BR002-SKU017256PI,20251114,BR002,SKU017256PI,11
REG-20251114-BR003-SKU015128BL,20251114,BR003,SKU015128BL,3
REG-20251114-BR003-SKU015128SI,20251114,BR003,SKU015128SI,2
REG-20251114-BR003-SKU015128PI,20251114,BR003,SKU015128PI,2
REG-20251114-BR003-SKU015256BL,20251114,BR003,SKU015256BL,4
REG-20251114-BR003-SKU015256SI,20251114,BR003,SKU015256SI,1
REG-20251114-BR003-SKU015256PI,20251114,BR003,SKU015256PI,6
REG-20251114-BR003-SKU016128BL,20251114,BR003,SKU016128BL,9
REG-20251114-BR003-SKU016128SI,20251114,BR003,SKU016128SI,4
REG-20251114-BR003-SKU016128PI,20251114,BR003,SKU016128PI,2
REG-20251114-BR003-SKU016256BL,20251114,BR003,SKU016256BL,7
REG-20251114-BR003-SKU016256SI,20251114,BR003,SKU016256SI,2
REG-20251114-BR003-SKU016256PI,20251114,BR003,SKU016256PI,6
REG-20251114-BR003-SKU017128BL,20251114,BR003,SKU017128BL,9
REG-20251114-BR003-SKU017128SI,20251114,BR003,SKU017128SI,9
REG-20251114-BR003-SKU017128PI,20251114,BR003,SKU017128PI,8
REG-20251114-BR003-SKU017256BL,20251114,BR003,SKU017256BL,6
REG-20251114-BR003-SKU017256SI,20251114,BR003,SKU017256SI,7
REG-20251114-BR003-SKU017256PI,20251114,BR003,SKU017256PI,11
REG-20251114-BR004-SKU015128BL,20251114,BR004,SKU015128BL,3
REG-20251114-BR004-SKU015128SI,20251114,BR004,SKU015128SI,4
REG-20251114-BR004-SKU015128PI,20251114,BR004,SKU015128PI,4
REG-20251114-BR004-SKU015256BL,20251114,BR004,SKU015256BL,5
REG-20251114-BR004-SKU015256SI,20251114,BR004,SKU015256SI,5
REG-20251114-BR004-SKU015256PI,20251114,BR004,SKU015256PI,1
REG-20251114-BR004-SKU016128BL,20251114,BR004,SKU016128BL,6
REG-20251114-BR004-SKU016128SI,20251114,BR004,SKU016128SI,3
REG-20251114-BR004-SKU016128PI,20251114,BR004,SKU016128PI,4
REG-20251114-BR004-SKU016256BL,20251114,BR004,SKU016256BL,7
REG-20251114-BR004-SKU016256SI,20251114,BR004,SKU016256SI,8
REG-20251114-BR004-SKU016256PI,20251114,BR004,SKU016256PI,4
REG-20251114-BR004-SKU017128BL,20251114,BR004,SKU017128BL,10
REG-20251114-BR004-SKU017128SI,20251114,BR004,SKU017128SI,12
REG-20251114-BR004-SKU017128PI,20251114,BR004,SKU017128PI,6
REG-20251114-BR004-SKU017256BL,20251114,BR004,SKU017256BL,9
REG-20251114-BR004-SKU017256SI,20251114,BR004,SKU017256SI,10
REG-20251114-BR004-SKU017256PI,20251114,BR004,SKU017256PI,8
REG-20251114-BR005-SKU015128BL,20251114,BR005,SKU015128BL,1
REG-20251114-BR005-SKU015128SI,20251114,BR005,SKU015128SI,2
REG-20251114-BR005-SKU015128PI,20251114,BR005,SKU015128PI,1
REG-20251114-BR005-SKU015256BL,20251114,BR005,SKU015256BL,5
REG-20251114-BR005-SKU015256SI,20251114,BR005,SKU015256SI,5
REG-20251114-BR005-SKU015256PI,20251114,BR005,SKU015256PI,2
REG-20251114-BR005-SKU016128BL,20251114,BR005,SKU016128BL,7
REG-20251114-BR005-SKU016128SI,20251114,BR005,SKU016128SI,9
REG-20251114-BR005-SKU016128PI,20251114,BR005,SKU016128PI,7
REG-20251114-BR005-SKU016256BL,20251114,BR005,SKU016256BL,6
REG-20251114-BR005-SKU016256SI,20251114,BR005,SKU016256SI,5
REG-20251114-BR005-SKU016256PI,20251114,BR005,SKU016256PI,8
REG-20251114-BR005-SKU017128BL,20251114,BR005,SKU017128BL,8
REG-20251114-BR005-SKU017128SI,20251114,BR005,SKU017128SI,9
REG-20251114-BR005-SKU017128PI,20251114,BR005,SKU017128PI,6
REG-20251114-BR005-SKU017256BL,20251114,BR005,SKU017256BL,8
REG-20251114-BR005-SKU017256SI,20251114,BR005,SKU017256SI,7
REG-20251114-BR005-SKU017256PI,20251114,BR005,SKU017256PI,7
REG-20251115-BR001-SKU015128BL,20251115,BR001,SKU015128BL,1
REG-20251115-BR001-SKU015128SI,20251115,BR001,SKU015128SI,4
REG-20251115-BR001-SKU015128PI,20251115,BR001,SKU015128PI,6
REG-20251115-BR001-SKU015256BL,20251115,BR001,SKU015256BL,3
REG-20251115-BR001-SKU015256SI,20251115,BR001,SKU015256SI,1
REG-20251115-BR001-SKU015256PI,20251115,BR001,SKU015256PI,1
REG-20251115-BR001-SKU016128BL,20251115,BR001,SKU016128BL,4
REG-20251115-BR001-SKU016128SI,20251115,BR001,SKU016128SI,7
REG-20251115-BR001-SKU016128PI,20251115,BR001,SKU016128PI,3
REG-20251115-BR001-SKU016256BL,20251115,BR001,SKU016256BL,9
REG-20251115-BR001-SKU016256SI,20251115,BR001,SKU016256SI,10
REG-20251115-BR001-SKU016256PI,20251115,BR001,SKU016256PI,1
REG-20251115-BR001-SKU017128BL,20251115,BR001,SKU017128BL,14
REG-20251115-BR001-SKU017128SI,20251115,BR001,SKU017128SI,7
REG-20251115-BR001-SKU017128PI,20251115,BR001,SKU017128PI,8
REG-20251115-BR001-SKU017256BL,20251115,BR001,SKU017256BL,7
REG-20251115-BR001-SKU017256SI,20251115,BR001,SKU017256SI,11
REG-20251115-BR001-SKU017256PI,20251115,BR001,SKU017256PI,7
REG-20251115-BR002-SKU015128BL,20251115,BR002,SKU015128BL,5
REG-20251115-BR002-SKU015128SI,20251115,BR002,SKU015128SI,1
REG-20251115-BR002-SKU015128PI,20251115,BR002,SKU015128PI,1
REG-20251115-BR002-SKU015256BL,20251115,BR002,SKU015256BL,4
REG-20251115-BR002-SKU015256SI,20251115,BR002,SKU015256SI,1
REG-20251115-BR002-SKU015256PI,20251115,BR002,SKU015256PI,1
REG-20251115-BR002-SKU016128BL,20251115,BR002,SKU016128BL,6
REG-20251115-BR002-SKU016128SI,20251115,BR002,SKU016128SI,8
REG-20251115-BR002-SKU016128PI,20251115,BR002,SKU016128PI,4
REG-20251115-BR002-SKU016256BL,20251115,BR002,SKU016256BL,5
REG-20251115-BR002-SKU016256SI,20251115,BR002,SKU016256SI,3
REG-20251115-BR002-SKU016256PI,20251115,BR002,SKU016256PI,5
REG-20251115-BR002-SKU017128BL,20251115,BR002,SKU017128BL,7
REG-20251115-BR002-SKU017128SI,20251115,BR002,SKU017128SI,7
REG-20251115-BR002-SKU017128PI,20251115,BR002,SKU017128PI,6
REG-20251115-BR002-SKU017256BL,20251115,BR002,SKU017256BL,10
REG-20251115-BR002-SKU017256SI,20251115,BR002,SKU017256SI,12
REG-20251115-BR002-SKU017256PI,20251115,BR002,SKU017256PI,7
REG-20251115-BR003-SKU015128BL,20251115,BR003,SKU015128BL,2
REG-20251115-BR003-SKU015128SI,20251115,BR003,SKU015128SI,3
REG-20251115-BR003-SKU015128PI,20251115,BR003,SKU015128PI,2
REG-20251115-BR003-SKU015256BL,20251115,BR003,SKU015256BL,4
REG-20251115-BR003-SKU015256SI,20251115,BR003,SKU015256SI,4
REG-20251115-BR003-SKU015256PI,20251115,BR003,SKU015256PI,2
REG-20251115-BR003-SKU016128BL,20251115,BR003,SKU016128BL,8
REG-20251115-BR003-SKU016128SI,20251115,BR003,SKU016128SI,7
REG-20251115-BR003-SKU016128PI,20251115,BR003,SKU016128PI,8
REG-20251115-BR003-SKU016256BL,20251115,BR003,SKU016256BL,7
REG-20251115-BR003-SKU016256SI,20251115,BR003,SKU016256SI,4
REG-20251115-BR003-SKU016256PI,20251115,BR003,SKU016256PI,7
REG-20251115-BR003-SKU017128BL,20251115,BR003,SKU017128BL,10
REG-20251115-BR003-SKU017128SI,20251115,BR003,SKU017128SI,5
REG-20251115-BR003-SKU017128PI,20251115,BR003,SKU017128PI,10
REG-20251115-BR003-SKU017256BL,20251115,BR003,SKU017256BL,12
REG-20251115-BR003-SKU017256SI,20251115,BR003,SKU017256SI,13
REG-20251115-BR003-SKU017256PI,20251115,BR003,SKU017256PI,6
REG-20251115-BR004-SKU015128BL,20251115,BR004,SKU015128BL,2
REG-20251115-BR004-SKU015128SI,20251115,BR004,SKU015128SI,1
REG-20251115-BR004-SKU015128PI,20251115,BR004,SKU015128PI,4
REG-20251115-BR004-SKU015256BL,20251115,BR004,SKU015256BL,1
REG-20251115-BR004-SKU015256SI,20251115,BR004,SKU015256SI,1
REG-20251115-BR004-SKU015256PI,20251115,BR004,SKU015256PI,2
REG-20251115-BR004-SKU016128BL,20251115,BR004,SKU016128BL,7
REG-20251115-BR004-SKU016128SI,20251115,BR004,SKU016128SI,7
REG-20251115-BR004-SKU016128PI,20251115,BR004,SKU016128PI,4
REG-20251115-BR004-SKU016256BL,20251115,BR004,SKU016256BL,8
REG-20251115-BR004-SKU016256SI,20251115,BR004,SKU016256SI,6
REG-20251115-BR004-SKU016256PI,20251115,BR004,SKU016256PI,6
REG-20251115-BR004-SKU017128BL,20251115,BR004,SKU017128BL,9
REG-20251115-BR004-SKU017128SI,20251115,BR004,SKU017128SI,9
REG-20251115-BR004-SKU017128PI,20251115,BR004,SKU017128PI,6
REG-20251115-BR004-SKU017256BL,20251115,BR004,SKU017256BL,7
REG-20251115-BR004-SKU017256SI,20251115,BR004,SKU017256SI,14
REG-20251115-BR004-SKU017256PI,20251115,BR004,SKU017256PI,11
REG-20251115-BR005-SKU015128BL,20251115,BR005,SKU015128BL,2
REG-20251115-BR005-SKU015128SI,20251115,BR005,SKU015128SI,4
REG-20251115-BR005-SKU015128PI,20251115,BR005,SKU015128PI,2
REG-20251115-BR005-SKU015256BL,20251115,BR005,SKU015256BL,3
REG-20251115-BR005-SKU015256SI,20251115,BR005,SKU015256SI,3
REG-20251115-BR005-SKU015256PI,20251115,BR005,SKU015256PI,4
REG-20251115-BR005-SKU016128BL,20251115,BR005,SKU016128BL,8
REG-20251115-BR005-SKU016128SI,20251115,BR005,SKU016128SI,7
REG-20251115-BR005-SKU016128PI,20251115,BR005,SKU016128PI,4
REG-20251115-BR005-SKU016256BL,20251115,BR005,SKU016256BL,4
REG-20251115-BR005-SKU016256SI,20251115,BR005,SKU016256SI,4
REG-20251115-BR005-SKU016256PI,20251115,BR005,SKU016256PI,6
REG-20251115-BR005-SKU017128BL,20251115,BR005,SKU017128BL,4
REG-20251115-BR005-SKU017128SI,20251115,BR005,SKU017128SI,8
REG-20251115-BR005-SKU017128PI,20251115,BR005,SKU017128PI,9
REG-20251115-BR005-SKU017256BL,20251115,BR005,SKU017256BL,5
REG-20251115-BR005-SKU017256SI,20251115,BR005,SKU017256SI,12
REG-20251115-BR005-SKU017256PI,20251115,BR005,SKU017256PI,12
REG-20251116-BR001-SKU015128BL,20251116,BR001,SKU015128BL,1
REG-20251116-BR001-SKU015128SI,20251116,BR001,SKU015128SI,4
REG-20251116-BR001-SKU015128PI,20251116,BR001,SKU015128PI,1
REG-20251116-BR001-SKU015256BL,20251116,BR001,SKU015256BL,1
REG-20251116-BR001-SKU015256SI,20251116,BR001,SKU015256SI,4
REG-20251116-BR001-SKU015256PI,20251116,BR001,SKU015256PI,2
REG-20251116-BR001-SKU016128BL,20251116,BR001,SKU016128BL,9
REG-20251116-BR001-SKU016128SI,20251116,BR001,SKU016128SI,9
REG-20251116-BR001-SKU016128PI,20251116,BR001,SKU016128PI,4
REG-20251116-BR001-SKU016256BL,20251116,BR001,SKU016256BL,9
REG-20251116-BR001-SKU016256SI,20251116,BR001,SKU016256SI,4
REG-20251116-BR001-SKU016256PI,20251116,BR001,SKU016256PI,1
REG-20251116-BR001-SKU017128BL,20251116,BR001,SKU017128BL,10
REG-20251116-BR001-SKU017128SI,20251116,BR001,SKU017128SI,11
REG-20251116-BR001-SKU017128PI,20251116,BR001,SKU017128PI,7
REG-20251116-BR001-SKU017256BL,20251116,BR001,SKU017256BL,11
REG-20251116-BR001-SKU017256SI,20251116,BR001,SKU017256SI,6
REG-20251116-BR001-SKU017256PI,20251116,BR001,SKU017256PI,10
REG-20251116-BR002-SKU015128BL,20251116,BR002,SKU015128BL,4
REG-20251116-BR002-SKU015128SI,20251116,BR002,SKU015128SI,5
REG-20251116-BR002-SKU015128PI,20251116,BR002,SKU015128PI,4
REG-20251116-BR002-SKU015256BL,20251116,BR002,SKU015256BL,2
REG-20251116-BR002-SKU015256SI,20251116,BR002,SKU015256SI,2
REG-20251116-BR002-SKU015256PI,20251116,BR002,SKU015256PI,5
REG-20251116-BR002-SKU016128BL,20251116,BR002,SKU016128BL,7
REG-20251116-BR002-SKU016128SI,20251116,BR002,SKU016128SI,6
REG-20251116-BR002-SKU016128PI,20251116,BR002,SKU016128PI,2
REG-20251116-BR002-SKU016256BL,20251116,BR002,SKU016256BL,8
REG-20251116-BR002-SKU016256SI,20251116,BR002,SKU016256SI,6
REG-20251116-BR002-SKU016256PI,20251116,BR002,SKU016256PI,7
REG-20251116-BR002-SKU017128BL,20251116,BR002,SKU017128BL,7
REG-20251116-BR002-SKU017128SI,20251116,BR002,SKU017128SI,11
REG-20251116-BR002-SKU017128PI,20251116,BR002,SKU017128PI,12
REG-20251116-BR002-SKU017256BL,20251116,BR002,SKU017256BL,9
REG-20251116-BR002-SKU017256SI,20251116,BR002,SKU017256SI,9
REG-20251116-BR002-SKU017256PI,20251116,BR002,SKU017256PI,4
REG-20251116-BR003-SKU015128BL,20251116,BR003,SKU015128BL,2
REG-20251116-BR003-SKU015128SI,20251116,BR003,SKU015128SI,5
REG-20251116-BR003-SKU015128PI,20251116,BR003,SKU015128PI,2
REG-20251116-BR003-SKU015256BL,20251116,BR003,SKU015256BL,3
REG-20251116-BR003-SKU015256SI,20251116,BR003,SKU015256SI,1
REG-20251116-BR003-SKU015256PI,20251116,BR003,SKU015256PI,2
REG-20251116-BR003-SKU016128BL,20251116,BR003,SKU016128BL,7
REG-20251116-BR003-SKU016128SI,20251116,BR003,SKU016128SI,8
REG-20251116-BR003-SKU016128PI,20251116,BR003,SKU016128PI,7
REG-20251116-BR003-SKU016256BL,20251116,BR003,SKU016256BL,3
REG-20251116-BR003-SKU016256SI,20251116,BR003,SKU016256SI,6
REG-20251116-BR003-SKU016256PI,20251116,BR003,SKU016256PI,5
REG-20251116-BR003-SKU017128BL,20251116,BR003,SKU017128BL,8
REG-20251116-BR003-SKU017128SI,20251116,BR003,SKU017128SI,9
REG-20251116-BR003-SKU017128PI,20251116,BR003,SKU017128PI,8
REG-20251116-BR003-SKU017256BL,20251116,BR003,SKU017256BL,14
REG-20251116-BR003-SKU017256SI,20251116,BR003,SKU017256SI,6
REG-20251116-BR003-SKU017256PI,20251116,BR003,SKU017256PI,11
REG-20251116-BR004-SKU015128BL,20251116,BR004,SKU015128BL,5
REG-20251116-BR004-SKU015128SI,20251116,BR004,SKU015128SI,2
REG-20251116-BR004-SKU015128PI,20251116,BR004,SKU015128PI,1
REG-20251116-BR004-SKU015256BL,20251116,BR004,SKU015256BL,4
REG-20251116-BR004-SKU015256SI,20251116,BR004,SKU015256SI,2
REG-20251116-BR004-SKU015256PI,20251116,BR004,SKU015256PI,6
REG-20251116-BR004-SKU016128BL,20251116,BR004,SKU016128BL,3
REG-20251116-BR004-SKU016128SI,20251116,BR004,SKU016128SI,8
REG-20251116-BR004-SKU016128PI,20251116,BR004,SKU016128PI,1
REG-20251116-BR004-SKU016256BL,20251116,BR004,SKU016256BL,4
REG-20251116-BR004-SKU016256SI,20251116,BR004,SKU016256SI,5
REG-20251116-BR004-SKU016256PI,20251116,BR004,SKU016256PI,4
REG-20251116-BR004-SKU017128BL,20251116,BR004,SKU017128BL,12
REG-20251116-BR004-SKU017128SI,20251116,BR004,SKU017128SI,11
REG-20251116-BR004-SKU017128PI,20251116,BR004,SKU017128PI,12
REG-20251116-BR004-SKU017256BL,20251116,BR004,SKU017256BL,6
REG-20251116-BR004-SKU017256SI,20251116,BR004,SKU017256SI,6
REG-20251116-BR004-SKU017256PI,20251116,BR004,SKU017256PI,8
REG-20251116-BR005-SKU015128BL,20251116,BR005,SKU015128BL,1
REG-20251116-BR005-SKU015128SI,20251116,BR005,SKU015128SI,1
REG-20251116-BR005-SKU015128PI,20251116,BR005,SKU015128PI,1
REG-20251116-BR005-SKU015256BL,20251116,BR005,SKU015256BL,3
REG-20251116-BR005-SKU015256SI,20251116,BR005,SKU015256SI,1
REG-20251116-BR005-SKU015256PI,20251116,BR005,SKU015256PI,2
REG-20251116-BR005-SKU016128BL,20251116,BR005,SKU016128BL,5
REG-20251116-BR005-SKU016128SI,20251116,BR005,SKU016128SI,4
REG-20251116-BR005-SKU016128PI,20251116,BR005,SKU016128PI,4
REG-20251116-BR005-SKU016256BL,20251116,BR005,SKU016256BL,2
REG-20251116-BR005-SKU016256SI,20251116,BR005,SKU016256SI,4
REG-20251116-BR005-SKU016256PI,20251116,BR005,SKU016256PI,4
REG-20251116-BR005-SKU017128BL,20251116,BR005,SKU017128BL,11
REG-20251116-BR005-SKU017128SI,20251116,BR005,SKU017128SI,9
REG-20251116-BR005-SKU017128PI,20251116,BR005,SKU017128PI,13
REG-20251116-BR005-SKU017256BL,20251116,BR005,SKU017256BL,10
REG-20251116-BR005-SKU017256SI,20251116,BR005,SKU017256SI,9
REG-20251116-BR005-SKU017256PI,20251116,BR005,SKU017256PI,4
REG-20251117-BR001-SKU015128BL,20251117,BR001,SKU015128BL,4
REG-20251117-BR001-SKU015128SI,20251117,BR001,SKU015128SI,1
REG-20251117-BR001-SKU015128PI,20251117,BR001,SKU015128PI,1
REG-20251117-BR001-SKU015256BL,20251117,BR001,SKU015256BL,6
REG-20251117-BR001-SKU015256SI,20251117,BR001,SKU015256SI,3
REG-20251117-BR001-SKU015256PI,20251117,BR001,SKU015256PI,3
REG-20251117-BR001-SKU016128BL,20251117,BR001,SKU016128BL,2
REG-20251117-BR001-SKU016128SI,20251117,BR001,SKU016128SI,7
REG-20251117-BR001-SKU016128PI,20251117,BR001,SKU016128PI,6
REG-20251117-BR001-SKU016256BL,20251117,BR001,SKU016256BL,5
REG-20251117-BR001-SKU016256SI,20251117,BR001,SKU016256SI,4
REG-20251117-BR001-SKU016256PI,20251117,BR001,SKU016256PI,4
REG-20251117-BR001-SKU017128BL,20251117,BR001,SKU017128BL,12
REG-20251117-BR001-SKU017128SI,20251117,BR001,SKU017128SI,6
REG-20251117-BR001-SKU017128PI,20251117,BR001,SKU017128PI,10
REG-20251117-BR001-SKU017256BL,20251117,BR001,SKU017256BL,7
REG-20251117-BR001-SKU017256SI,20251117,BR001,SKU017256SI,8
REG-20251117-BR001-SKU017256PI,20251117,BR001,SKU017256PI,7
REG-20251117-BR002-SKU015128BL,20251117,BR002,SKU015128BL,2
REG-20251117-BR002-SKU015128SI,20251117,BR002,SKU015128SI,3
REG-20251117-BR002-SKU015128PI,20251117,BR002,SKU015128PI,1
REG-20251117-BR002-SKU015256BL,20251117,BR002,SKU015256BL,1
REG-20251117-BR002-SKU015256SI,20251117,BR002,SKU015256SI,1
REG-20251117-BR002-SKU015256PI,20251117,BR002,SKU015256PI,1
REG-20251117-BR002-SKU016128BL,20251117,BR002,SKU016128BL,9
REG-20251117-BR002-SKU016128SI,20251117,BR002,SKU016128SI,1
REG-20251117-BR002-SKU016128PI,20251117,BR002,SKU016128PI,6
REG-20251117-BR002-SKU016256BL,20251117,BR002,SKU016256BL,8
REG-20251117-BR002-SKU016256SI,20251117,BR002,SKU016256SI,7
REG-20251117-BR002-SKU016256PI,20251117,BR002,SKU016256PI,5
REG-20251117-BR002-SKU017128BL,20251117,BR002,SKU017128BL,10
REG-20251117-BR002-SKU017128SI,20251117,BR002,SKU017128SI,9
REG-20251117-BR002-SKU017128PI,20251117,BR002,SKU017128PI,6
REG-20251117-BR002-SKU017256BL,20251117,BR002,SKU017256BL,8
REG-20251117-BR002-SKU017256SI,20251117,BR002,SKU017256SI,5
REG-20251117-BR002-SKU017256PI,20251117,BR002,SKU017256PI,11
REG-20251117-BR003-SKU015128BL,20251117,BR003,SKU015128BL,4
REG-20251117-BR003-SKU015128SI,20251117,BR003,SKU015128SI,3
REG-20251117-BR003-SKU015128PI,20251117,BR003,SKU015128PI,1
REG-20251117-BR003-SKU015256BL,20251117,BR003,SKU015256BL,1
REG-20251117-BR003-SKU015256SI,20251117,BR003,SKU015256SI,2
REG-20251117-BR003-SKU015256PI,20251117,BR003,SKU015256PI,1
REG-20251117-BR003-SKU016128BL,20251117,BR003,SKU016128BL,4
REG-20251117-BR003-SKU016128SI,20251117,BR003,SKU016128SI,8
REG-20251117-BR003-SKU016128PI,20251117,BR003,SKU016128PI,9
REG-20251117-BR003-SKU016256BL,20251117,BR003,SKU016256BL,3
REG-20251117-BR003-SKU016256SI,20251117,BR003,SKU016256SI,1
REG-20251117-BR003-SKU016256PI,20251117,BR003,SKU016256PI,4
REG-20251117-BR003-SKU017128BL,20251117,BR003,SKU017128BL,7
REG-20251117-BR003-SKU017128SI,20251117,BR003,SKU017128SI,4
REG-20251117-BR003-SKU017128PI,20251117,BR003,SKU017128PI,13
REG-20251117-BR003-SKU017256BL,20251117,BR003,SKU017256BL,13
REG-20251117-BR003-SKU017256SI,20251117,BR003,SKU017256SI,11
REG-20251117-BR003-SKU017256PI,20251117,BR003,SKU017256PI,5
REG-20251117-BR004-SKU015128BL,20251117,BR004,SKU015128BL,5
REG-20251117-BR004-SKU015128SI,20251117,BR004,SKU015128SI,2
REG-20251117-BR004-SKU015128PI,20251117,BR004,SKU015128PI,5
REG-20251117-BR004-SKU015256BL,20251117,BR004,SKU015256BL,5
REG-20251117-BR004-SKU015256SI,20251117,BR004,SKU015256SI,2
REG-20251117-BR004-SKU015256PI,20251117,BR004,SKU015256PI,6
REG-20251117-BR004-SKU016128BL,20251117,BR004,SKU016128BL,3
REG-20251117-BR004-SKU016128SI,20251117,BR004,SKU016128SI,6
REG-20251117-BR004-SKU016128PI,20251117,BR004,SKU016128PI,3
REG-20251117-BR004-SKU016256BL,20251117,BR004,SKU016256BL,2
REG-20251117-BR004-SKU016256SI,20251117,BR004,SKU016256SI,6
REG-20251117-BR004-SKU016256PI,20251117,BR004,SKU016256PI,9
REG-20251117-BR004-SKU017128BL,20251117,BR004,SKU017128BL,11
REG-20251117-BR004-SKU017128SI,20251117,BR004,SKU017128SI,5
REG-20251117-BR004-SKU017128PI,20251117,BR004,SKU017128PI,8
REG-20251117-BR004-SKU017256BL,20251117,BR004,SKU017256BL,7
REG-20251117-BR004-SKU017256SI,20251117,BR004,SKU017256SI,11
REG-20251117-BR004-SKU017256PI,20251117,BR004,SKU017256PI,8
REG-20251117-BR005-SKU015128BL,20251117,BR005,SKU015128BL,4
REG-20251117-BR005-SKU015128SI,20251117,BR005,SKU015128SI,2
REG-20251117-BR005-SKU015128PI,20251117,BR005,SKU015128PI,2
REG-20251117-BR005-SKU015256BL,20251117,BR005,SKU015256BL,1
REG-20251117-BR005-SKU015256SI,20251117,BR005,SKU015256SI,1
REG-20251117-BR005-SKU015256PI,20251117,BR005,SKU015256PI,1
REG-20251117-BR005-SKU016128BL,20251117,BR005,SKU016128BL,3
REG-20251117-BR005-SKU016128SI,20251117,BR005,SKU016128SI,6
REG-20251117-BR005-SKU016128PI,20251117,BR005,SKU016128PI,5
REG-20251117-BR005-SKU016256BL,20251117,BR005,SKU016256BL,7
REG-20251117-BR005-SKU016256SI,20251117,BR005,SKU016256SI,4
REG-20251117-BR005-SKU016256PI,20251117,BR005,SKU016256PI,10
REG-20251117-BR005-SKU017128BL,20251117,BR005,SKU017128BL,12
REG-20251117-BR005-SKU017128SI,20251117,BR005,SKU017128SI,9
REG-20251117-BR005-SKU017128PI,20251117,BR005,SKU017128PI,11
REG-20251117-BR005-SKU017256BL,20251117,BR005,SKU017256BL,10
REG-20251117-BR005-SKU017256SI,20251117,BR005,SKU017256SI,11
REG-20251117-BR005-SKU017256PI,20251117,BR005,SKU017256PI,10
REG-20251118-BR001-SKU015128BL,20251118,BR001,SKU015128BL,2
REG-20251118-BR001-SKU015128SI,20251118,BR001,SKU015128SI,4
REG-20251118-BR001-SKU015128PI,20251118,BR001,SKU015128PI,2
REG-20251118-BR001-SKU015256BL,20251118,BR001,SKU015256BL,5
REG-20251118-BR001-SKU015256SI,20251118,BR001,SKU015256SI,1
REG-20251118-BR001-SKU015256PI,20251118,BR001,SKU015256PI,4
REG-20251118-BR001-SKU016128BL,20251118,BR001,SKU016128BL,6
REG-20251118-BR001-SKU016128SI,20251118,BR001,SKU016128SI,6
REG-20251118-BR001-SKU016128PI,20251118,BR001,SKU016128PI,2
REG-20251118-BR001-SKU016256BL,20251118,BR001,SKU016256BL,4
REG-20251118-BR001-SKU016256SI,20251118,BR001,SKU016256SI,5
REG-20251118-BR001-SKU016256PI,20251118,BR001,SKU016256PI,8
REG-20251118-BR001-SKU017128BL,20251118,BR001,SKU017128BL,7
REG-20251118-BR001-SKU017128SI,20251118,BR001,SKU017128SI,10
REG-20251118-BR001-SKU017128PI,20251118,BR001,SKU017128PI,13
REG-20251118-BR001-SKU017256BL,20251118,BR001,SKU017256BL,8
REG-20251118-BR001-SKU017256SI,20251118,BR001,SKU017256SI,8
REG-20251118-BR001-SKU017256PI,20251118,BR001,SKU017256PI,7
REG-20251118-BR002-SKU015128BL,20251118,BR002,SKU015128BL,1
REG-20251118-BR002-SKU015128SI,20251118,BR002,SKU015128SI,2
REG-20251118-BR002-SKU015128PI,20251118,BR002,SKU015128PI,4
REG-20251118-BR002-SKU015256BL,20251118,BR002,SKU015256BL,3
REG-20251118-BR002-SKU015256SI,20251118,BR002,SKU015256SI,5
REG-20251118-BR002-SKU015256PI,20251118,BR002,SKU015256PI,4
REG-20251118-BR002-SKU016128BL,20251118,BR002,SKU016128BL,4
REG-20251118-BR002-SKU016128SI,20251118,BR002,SKU016128SI,2
REG-20251118-BR002-SKU016128PI,20251118,BR002,SKU016128PI,7
REG-20251118-BR002-SKU016256BL,20251118,BR002,SKU016256BL,10
REG-20251118-BR002-SKU016256SI,20251118,BR002,SKU016256SI,3
REG-20251118-BR002-SKU016256PI,20251118,BR002,SKU016256PI,9
REG-20251118-BR002-SKU017128BL,20251118,BR002,SKU017128BL,10
REG-20251118-BR002-SKU017128SI,20251118,BR002,SKU017128SI,7
REG-20251118-BR002-SKU017128PI,20251118,BR002,SKU017128PI,11
REG-20251118-BR002-SKU017256BL,20251118,BR002,SKU017256BL,13
REG-20251118-BR002-SKU017256SI,20251118,BR002,SKU017256SI,12
REG-20251118-BR002-SKU017256PI,20251118,BR002,SKU017256PI,12
REG-20251118-BR003-SKU015128BL,20251118,BR003,SKU015128BL,2
REG-20251118-BR003-SKU015128SI,20251118,BR003,SKU015128SI,1
REG-20251118-BR003-SKU015128PI,20251118,BR003,SKU015128PI,5
REG-20251118-BR003-SKU015256BL,20251118,BR003,SKU015256BL,2
REG-20251118-BR003-SKU015256SI,20251118,BR003,SKU015256SI,1
REG-20251118-BR003-SKU015256PI,20251118,BR003,SKU015256PI,3
REG-20251118-BR003-SKU016128BL,20251118,BR003,SKU016128BL,5
REG-20251118-BR003-SKU016128SI,20251118,BR003,SKU016128SI,3
REG-20251118-BR003-SKU016128PI,20251118,BR003,SKU016128PI,5
REG-20251118-BR003-SKU016256BL,20251118,BR003,SKU016256BL,9
REG-20251118-BR003-SKU016256SI,20251118,BR003,SKU016256SI,8
REG-20251118-BR003-SKU016256PI,20251118,BR003,SKU016256PI,3
REG-20251118-BR003-SKU017128BL,20251118,BR003,SKU017128BL,8
REG-20251118-BR003-SKU017128SI,20251118,BR003,SKU017128SI,8
REG-20251118-BR003-SKU017128PI,20251118,BR003,SKU017128PI,8
REG-20251118-BR003-SKU017256BL,20251118,BR003,SKU017256BL,8
REG-20251118-BR003-SKU017256SI,20251118,BR003,SKU017256SI,6
REG-20251118-BR003-SKU017256PI,20251118,BR003,SKU017256PI,11
REG-20251118-BR004-SKU015128BL,20251118,BR004,SKU015128BL,3
REG-20251118-BR004-SKU015128SI,20251118,BR004,SKU015128SI,1
REG-20251118-BR004-SKU015128PI,20251118,BR004,SKU015128PI,5
REG-20251118-BR004-SKU015256BL,20251118,BR004,SKU015256BL,3
REG-20251118-BR004-SKU015256SI,20251118,BR004,SKU015256SI,3
REG-20251118-BR004-SKU015256PI,20251118,BR004,SKU015256PI,4
REG-20251118-BR004-SKU016128BL,20251118,BR004,SKU016128BL,5
REG-20251118-BR004-SKU016128SI,20251118,BR004,SKU016128SI,10
REG-20251118-BR004-SKU016128PI,20251118,BR004,SKU016128PI,5
REG-20251118-BR004-SKU016256BL,20251118,BR004,SKU016256BL,3
REG-20251118-BR004-SKU016256SI,20251118,BR004,SKU016256SI,3
REG-20251118-BR004-SKU016256PI,20251118,BR004,SKU016256PI,6
REG-20251118-BR004-SKU017128BL,20251118,BR004,SKU017128BL,7
REG-20251118-BR004-SKU017128SI,20251118,BR004,SKU017128SI,13
REG-20251118-BR004-SKU017128PI,20251118,BR004,SKU017128PI,8
REG-20251118-BR004-SKU017256BL,20251118,BR004,SKU017256BL,8
REG-20251118-BR004-SKU017256SI,20251118,BR004,SKU017256SI,4
REG-20251118-BR004-SKU017256PI,20251118,BR004,SKU017256PI,9
REG-20251118-BR005-SKU015128BL,20251118,BR005,SKU015128BL,5
REG-20251118-BR005-SKU015128SI,20251118,BR005,SKU015128SI,2
REG-20251118-BR005-SKU015128PI,20251118,BR005,SKU015128PI,1
REG-20251118-BR005-SKU015256BL,20251118,BR005,SKU015256BL,3
REG-20251118-BR005-SKU015256SI,20251118,BR005,SKU015256SI,4
REG-20251118-BR005-SKU015256PI,20251118,BR005,SKU015256PI,3
REG-20251118-BR005-SKU016128BL,20251118,BR005,SKU016128BL,1
REG-20251118-BR005-SKU016128SI,20251118,BR005,SKU016128SI,4
REG-20251118-BR005-SKU016128PI,20251118,BR005,SKU016128PI,6
REG-20251118-BR005-SKU016256BL,20251118,BR005,SKU016256BL,5
REG-20251118-BR005-SKU016256SI,20251118,BR005,SKU016256SI,8
REG-20251118-BR005-SKU016256PI,20251118,BR005,SKU016256PI,8
REG-20251118-BR005-SKU017128BL,20251118,BR005,SKU017128BL,7
REG-20251118-BR005-SKU017128SI,20251118,BR005,SKU017128SI,13
REG-20251118-BR005-SKU017128PI,20251118,BR005,SKU017128PI,9
REG-20251118-BR005-SKU017256BL,20251118,BR005,SKU017256BL,8
REG-20251118-BR005-SKU017256SI,20251118,BR005,SKU017256SI,8
REG-20251118-BR005-SKU017256PI,20251118,BR005,SKU017256PI,4
REG-20251119-BR001-SKU015128BL,20251119,BR001,SKU015128BL,2
REG-20251119-BR001-SKU015128SI,20251119,BR001,SKU015128SI,5
REG-20251119-BR001-SKU015128PI,20251119,BR001,SKU015128PI,1
REG-20251119-BR001-SKU015256BL,20251119,BR001,SKU015256BL,5
REG-20251119-BR001-SKU015256SI,20251119,BR001,SKU015256SI,2
REG-20251119-BR001-SKU015256PI,20251119,BR001,SKU015256PI,2
REG-20251119-BR001-SKU016128BL,20251119,BR001,SKU016128BL,6
REG-20251119-BR001-SKU016128SI,20251119,BR001,SKU016128SI,2
REG-20251119-BR001-SKU016128PI,20251119,BR001,SKU016128PI,8
REG-20251119-BR001-SKU016256BL,20251119,BR001,SKU016256BL,3
REG-20251119-BR001-SKU016256SI,20251119,BR001,SKU016256SI,4
REG-20251119-BR001-SKU016256PI,20251119,BR001,SKU016256PI,9
REG-20251119-BR001-SKU017128BL,20251119,BR001,SKU017128BL,9
REG-20251119-BR001-SKU017128SI,20251119,BR001,SKU017128SI,10
REG-20251119-BR001-SKU017128PI,20251119,BR001,SKU017128PI,8
REG-20251119-BR001-SKU017256BL,20251119,BR001,SKU017256BL,10
REG-20251119-BR001-SKU017256SI,20251119,BR001,SKU017256SI,11
REG-20251119-BR001-SKU017256PI,20251119,BR001,SKU017256PI,8
REG-20251119-BR002-SKU015128BL,20251119,BR002,SKU015128BL,4
REG-20251119-BR002-SKU015128SI,20251119,BR002,SKU015128SI,4
REG-20251119-BR002-SKU015128PI,20251119,BR002,SKU015128PI,2
REG-20251119-BR002-SKU015256BL,20251119,BR002,SKU015256BL,2
REG-20251119-BR002-SKU015256SI,20251119,BR002,SKU015256SI,3
REG-20251119-BR002-SKU015256PI,20251119,BR002,SKU015256PI,2
REG-20251119-BR002-SKU016128BL,20251119,BR002,SKU016128BL,3
REG-20251119-BR002-SKU016128SI,20251119,BR002,SKU016128SI,6
REG-20251119-BR002-SKU016128PI,20251119,BR002,SKU016128PI,9
REG-20251119-BR002-SKU016256BL,20251119,BR002,SKU016256BL,7
REG-20251119-BR002-SKU016256SI,20251119,BR002,SKU016256SI,5
REG-20251119-BR002-SKU016256PI,20251119,BR002,SKU016256PI,5
REG-20251119-BR002-SKU017128BL,20251119,BR002,SKU017128BL,10
REG-20251119-BR002-SKU017128SI,20251119,BR002,SKU017128SI,10
REG-20251119-BR002-SKU017128PI,20251119,BR002,SKU017128PI,12
REG-20251119-BR002-SKU017256BL,20251119,BR002,SKU017256BL,6
REG-20251119-BR002-SKU017256SI,20251119,BR002,SKU017256SI,8
REG-20251119-BR002-SKU017256PI,20251119,BR002,SKU017256PI,5
REG-20251119-BR003-SKU015128BL,20251119,BR003,SKU015128BL,5
REG-20251119-BR003-SKU015128SI,20251119,BR003,SKU015128SI,5
REG-20251119-BR003-SKU015128PI,20251119,BR003,SKU015128PI,3
REG-20251119-BR003-SKU015256BL,20251119,BR003,SKU015256BL,1
REG-20251119-BR003-SKU015256SI,20251119,BR003,SKU015256SI,1
REG-20251119-BR003-SKU015256PI,20251119,BR003,SKU015256PI,4
REG-20251119-BR003-SKU016128BL,20251119,BR003,SKU016128BL,4
REG-20251119-BR003-SKU016128SI,20251119,BR003,SKU016128SI,7
REG-20251119-BR003-SKU016128PI,20251119,BR003,SKU016128PI,5
REG-20251119-BR003-SKU016256BL,20251119,BR003,SKU016256BL,4
REG-20251119-BR003-SKU016256SI,20251119,BR003,SKU016256SI,8
REG-20251119-BR003-SKU016256PI,20251119,BR003,SKU016256PI,9
REG-20251119-BR003-SKU017128BL,20251119,BR003,SKU017128BL,6
REG-20251119-BR003-SKU017128SI,20251119,BR003,SKU017128SI,9
REG-20251119-BR003-SKU017128PI,20251119,BR003,SKU017128PI,4
REG-20251119-BR003-SKU017256BL,20251119,BR003,SKU017256BL,7
REG-20251119-BR003-SKU017256SI,20251119,BR003,SKU017256SI,6
REG-20251119-BR003-SKU017256PI,20251119,BR003,SKU017256PI,7
REG-20251119-BR004-SKU015128BL,20251119,BR004,SKU015128BL,1
REG-20251119-BR004-SKU015128SI,20251119,BR004,SKU015128SI,3
REG-20251119-BR004-SKU015128PI,20251119,BR004,SKU015128PI,1
REG-20251119-BR004-SKU015256BL,20251119,BR004,SKU015256BL,2
REG-20251119-BR004-SKU015256SI,20251119,BR004,SKU015256SI,3
REG-20251119-BR004-SKU015256PI,20251119,BR004,SKU015256PI,5
REG-20251119-BR004-SKU016128BL,20251119,BR004,SKU016128BL,8
REG-20251119-BR004-SKU016128SI,20251119,BR004,SKU016128SI,9
REG-20251119-BR004-SKU016128PI,20251119,BR004,SKU016128PI,5
REG-20251119-BR004-SKU016256BL,20251119,BR004,SKU016256BL,6
REG-20251119-BR004-SKU016256SI,20251119,BR004,SKU016256SI,8
REG-20251119-BR004-SKU016256PI,20251119,BR004,SKU016256PI,10
REG-20251119-BR004-SKU017128BL,20251119,BR004,SKU017128BL,11
REG-20251119-BR004-SKU017128SI,20251119,BR004,SKU017128SI,10
REG-20251119-BR004-SKU017128PI,20251119,BR004,SKU017128PI,11
REG-20251119-BR004-SKU017256BL,20251119,BR004,SKU017256BL,9
REG-20251119-BR004-SKU017256SI,20251119,BR004,SKU017256SI,12
REG-20251119-BR004-SKU017256PI,20251119,BR004,SKU017256PI,8
REG-20251119-BR005-SKU015128BL,20251119,BR005,SKU015128BL,2
REG-20251119-BR005-SKU015128SI,20251119,BR005,SKU015128SI,4
REG-20251119-BR005-SKU015128PI,20251119,BR005,SKU015128PI,1
REG-20251119-BR005-SKU015256BL,20251119,BR005,SKU015256BL,6
REG-20251119-BR005-SKU015256SI,20251119,BR005,SKU015256SI,1
REG-20251119-BR005-SKU015256PI,20251119,BR005,SKU015256PI,2
REG-20251119-BR005-SKU016128BL,20251119,BR005,SKU016128BL,10
REG-20251119-BR005-SKU016128SI,20251119,BR005,SKU016128SI,5
REG-20251119-BR005-SKU016128PI,20251119,BR005,SKU016128PI,7
REG-20251119-BR005-SKU016256BL,20251119,BR005,SKU016256BL,4
REG-20251119-BR005-SKU016256SI,20251119,BR005,SKU016256SI,8
REG-20251119-BR005-SKU016256PI,20251119,BR005,SKU016256PI,8
REG-20251119-BR005-SKU017128BL,20251119,BR005,SKU017128BL,9
REG-20251119-BR005-SKU017128SI,20251119,BR005,SKU017128SI,5
REG-20251119-BR005-SKU017128PI,20251119,BR005,SKU017128PI,14
REG-20251119-BR005-SKU017256BL,20251119,BR005,SKU017256BL,5
REG-20251119-BR005-SKU017256SI,20251119,BR005,SKU017256SI,11
REG-20251119-BR005-SKU017256PI,20251119,BR005,SKU017256PI,6
REG-20251120-BR001-SKU015128BL,20251120,BR001,SKU015128BL,1
REG-20251120-BR001-SKU015128SI,20251120,BR001,SKU015128SI,1
REG-20251120-BR001-SKU015128PI,20251120,BR001,SKU015128PI,5
REG-20251120-BR001-SKU015256BL,20251120,BR001,SKU015256BL,3
REG-20251120-BR001-SKU015256SI,20251120,BR001,SKU015256SI,3
REG-20251120-BR001-SKU015256PI,20251120,BR001,SKU015256PI,5
REG-20251120-BR001-SKU016128BL,20251120,BR001,SKU016128BL,8
REG-20251120-BR001-SKU016128SI,20251120,BR001,SKU016128SI,4
REG-20251120-BR001-SKU016128PI,20251120,BR001,SKU016128PI,9
REG-20251120-BR001-SKU016256BL,20251120,BR001,SKU016256BL,5
REG-20251120-BR001-SKU016256SI,20251120,BR001,SKU016256SI,9
REG-20251120-BR001-SKU016256PI,20251120,BR001,SKU016256PI,3
REG-20251120-BR001-SKU017128BL,20251120,BR001,SKU017128BL,5
REG-20251120-BR001-SKU017128SI,20251120,BR001,SKU017128SI,4
REG-20251120-BR001-SKU017128PI,20251120,BR001,SKU017128PI,8
REG-20251120-BR001-SKU017256BL,20251120,BR001,SKU017256BL,10
REG-20251120-BR001-SKU017256SI,20251120,BR001,SKU017256SI,7
REG-20251120-BR001-SKU017256PI,20251120,BR001,SKU017256PI,6
REG-20251120-BR002-SKU015128BL,20251120,BR002,SKU015128BL,2
REG-20251120-BR002-SKU015128SI,20251120,BR002,SKU015128SI,1
REG-20251120-BR002-SKU015128PI,20251120,BR002,SKU015128PI,1
REG-20251120-BR002-SKU015256BL,20251120,BR002,SKU015256BL,6
REG-20251120-BR002-SKU015256SI,20251120,BR002,SKU015256SI,5
REG-20251120-BR002-SKU015256PI,20251120,BR002,SKU015256PI,5
REG-20251120-BR002-SKU016128BL,20251120,BR002,SKU016128BL,4
REG-20251120-BR002-SKU016128SI,20251120,BR002,SKU016128SI,2
REG-20251120-BR002-SKU016128PI,20251120,BR002,SKU016128PI,5
REG-20251120-BR002-SKU016256BL,20251120,BR002,SKU016256BL,5
REG-20251120-BR002-SKU016256SI,20251120,BR002,SKU016256SI,6
REG-20251120-BR002-SKU016256PI,20251120,BR002,SKU016256PI,2
REG-20251120-BR002-SKU017128BL,20251120,BR002,SKU017128BL,10
REG-20251120-BR002-SKU017128SI,20251120,BR002,SKU017128SI,7
REG-20251120-BR002-SKU017128PI,20251120,BR002,SKU017128PI,8
REG-20251120-BR002-SKU017256BL,20251120,BR002,SKU017256BL,11
REG-20251120-BR002-SKU017256SI,20251120,BR002,SKU017256SI,8
REG-20251120-BR002-SKU017256PI,20251120,BR002,SKU017256PI,7
REG-20251120-BR003-SKU015128BL,20251120,BR003,SKU015128BL,3
REG-20251120-BR003-SKU015128SI,20251120,BR003,SKU015128SI,1
REG-20251120-BR003-SKU015128PI,20251120,BR003,SKU015128PI,1
REG-20251120-BR003-SKU015256BL,20251120,BR003,SKU015256BL,3
REG-20251120-BR003-SKU015256SI,20251120,BR003,SKU015256SI,1
REG-20251120-BR003-SKU015256PI,20251120,BR003,SKU015256PI,4
REG-20251120-BR003-SKU016128BL,20251120,BR003,SKU016128BL,3
REG-20251120-BR003-SKU016128SI,20251120,BR003,SKU016128SI,9
REG-20251120-BR003-SKU016128PI,20251120,BR003,SKU016128PI,3
REG-20251120-BR003-SKU016256BL,20251120,BR003,SKU016256BL,3
REG-20251120-BR003-SKU016256SI,20251120,BR003,SKU016256SI,10
REG-20251120-BR003-SKU016256PI,20251120,BR003,SKU016256PI,5
REG-20251120-BR003-SKU017128BL,20251120,BR003,SKU017128BL,8
REG-20251120-BR003-SKU017128SI,20251120,BR003,SKU017128SI,5
REG-20251120-BR003-SKU017128PI,20251120,BR003,SKU017128PI,12
REG-20251120-BR003-SKU017256BL,20251120,BR003,SKU017256BL,8
REG-20251120-BR003-SKU017256SI,20251120,BR003,SKU017256SI,9
REG-20251120-BR003-SKU017256PI,20251120,BR003,SKU017256PI,8
REG-20251120-BR004-SKU015128BL,20251120,BR004,SKU015128BL,3
REG-20251120-BR004-SKU015128SI,20251120,BR004,SKU015128SI,3
REG-20251120-BR004-SKU015128PI,20251120,BR004,SKU015128PI,1
REG-20251120-BR004-SKU015256BL,20251120,BR004,SKU015256BL,1
REG-20251120-BR004-SKU015256SI,20251120,BR004,SKU015256SI,2
REG-20251120-BR004-SKU015256PI,20251120,BR004,SKU015256PI,1
REG-20251120-BR004-SKU016128BL,20251120,BR004,SKU016128BL,5
REG-20251120-BR004-SKU016128SI,20251120,BR004,SKU016128SI,6
REG-20251120-BR004-SKU016128PI,20251120,BR004,SKU016128PI,7
REG-20251120-BR004-SKU016256BL,20251120,BR004,SKU016256BL,8
REG-20251120-BR004-SKU016256SI,20251120,BR004,SKU016256SI,7
REG-20251120-BR004-SKU016256PI,20251120,BR004,SKU016256PI,5
REG-20251120-BR004-SKU017128BL,20251120,BR004,SKU017128BL,6
REG-20251120-BR004-SKU017128SI,20251120,BR004,SKU017128SI,8
REG-20251120-BR004-SKU017128PI,20251120,BR004,SKU017128PI,6
REG-20251120-BR004-SKU017256BL,20251120,BR004,SKU017256BL,11
REG-20251120-BR004-SKU017256SI,20251120,BR004,SKU017256SI,9
REG-20251120-BR004-SKU017256PI,20251120,BR004,SKU017256PI,8
REG-20251120-BR005-SKU015128BL,20251120,BR005,SKU015128BL,6
REG-20251120-BR005-SKU015128SI,20251120,BR005,SKU015128SI,3
REG-20251120-BR005-SKU015128PI,20251120,BR005,SKU015128PI,1
REG-20251120-BR005-SKU015256BL,20251120,BR005,SKU015256BL,6
REG-20251120-BR005-SKU015256SI,20251120,BR005,SKU015256SI,2
REG-20251120-BR005-SKU015256PI,20251120,BR005,SKU015256PI,2
REG-20251120-BR005-SKU016128BL,20251120,BR005,SKU016128BL,5
REG-20251120-BR005-SKU016128SI,20251120,BR005,SKU016128SI,6
REG-20251120-BR005-SKU016128PI,20251120,BR005,SKU016128PI,7
REG-20251120-BR005-SKU016256BL,20251120,BR005,SKU016256BL,4
REG-20251120-BR005-SKU016256SI,20251120,BR005,SKU016256SI,4
REG-20251120-BR005-SKU016256PI,20251120,BR005,SKU016256PI,4
REG-20251120-BR005-SKU017128BL,20251120,BR005,SKU017128BL,12
REG-20251120-BR005-SKU017128SI,20251120,BR005,SKU017128SI,14
REG-20251120-BR005-SKU017128PI,20251120,BR005,SKU017128PI,11
REG-20251120-BR005-SKU017256BL,20251120,BR005,SKU017256BL,12
REG-20251120-BR005-SKU017256SI,20251120,BR005,SKU017256SI,7
REG-20251120-BR005-SKU017256PI,20251120,BR005,SKU017256PI,4
REG-20251121-BR001-SKU015128BL,20251121,BR001,SKU015128BL,1
REG-20251121-BR001-SKU015128SI,20251121,BR001,SKU015128SI,2
REG-20251121-BR001-SKU015128PI,20251121,BR001,SKU015128PI,3
REG-20251121-BR001-SKU015256BL,20251121,BR001,SKU015256BL,1
REG-20251121-BR001-SKU015256SI,20251121,BR001,SKU015256SI,4
REG-20251121-BR001-SKU015256PI,20251121,BR001,SKU015256PI,2
REG-20251121-BR001-SKU016128BL,20251121,BR001,SKU016128BL,5
REG-20251121-BR001-SKU016128SI,20251121,BR001,SKU016128SI,9
REG-20251121-BR001-SKU016128PI,20251121,BR001,SKU016128PI,10
REG-20251121-BR001-SKU016256BL,20251121,BR001,SKU016256BL,6
REG-20251121-BR001-SKU016256SI,20251121,BR001,SKU016256SI,7
REG-20251121-BR001-SKU016256PI,20251121,BR001,SKU016256PI,6
REG-20251121-BR001-SKU017128BL,20251121,BR001,SKU017128BL,6
REG-20251121-BR001-SKU017128SI,20251121,BR001,SKU017128SI,11
REG-20251121-BR001-SKU017128PI,20251121,BR001,SKU017128PI,8
REG-20251121-BR001-SKU017256BL,20251121,BR001,SKU017256BL,5
REG-20251121-BR001-SKU017256SI,20251121,BR001,SKU017256SI,11
REG-20251121-BR001-SKU017256PI,20251121,BR001,SKU017256PI,3
REG-20251121-BR002-SKU015128BL,20251121,BR002,SKU015128BL,3
REG-20251121-BR002-SKU015128SI,20251121,BR002,SKU015128SI,1
REG-20251121-BR002-SKU015128PI,20251121,BR002,SKU015128PI,1
REG-20251121-BR002-SKU015256BL,20251121,BR002,SKU015256BL,2
REG-20251121-BR002-SKU015256SI,20251121,BR002,SKU015256SI,3
REG-20251121-BR002-SKU015256PI,20251121,BR002,SKU015256PI,4
REG-20251121-BR002-SKU016128BL,20251121,BR002,SKU016128BL,2
REG-20251121-BR002-SKU016128SI,20251121,BR002,SKU016128SI,6
REG-20251121-BR002-SKU016128PI,20251121,BR002,SKU016128PI,6
REG-20251121-BR002-SKU016256BL,20251121,BR002,SKU016256BL,8
REG-20251121-BR002-SKU016256SI,20251121,BR002,SKU016256SI,8
REG-20251121-BR002-SKU016256PI,20251121,BR002,SKU016256PI,8
REG-20251121-BR002-SKU017128BL,20251121,BR002,SKU017128BL,8
REG-20251121-BR002-SKU017128SI,20251121,BR002,SKU017128SI,9
REG-20251121-BR002-SKU017128PI,20251121,BR002,SKU017128PI,12
REG-20251121-BR002-SKU017256BL,20251121,BR002,SKU017256BL,11
REG-20251121-BR002-SKU017256SI,20251121,BR002,SKU017256SI,9
REG-20251121-BR002-SKU017256PI,20251121,BR002,SKU017256PI,11
REG-20251121-BR003-SKU015128BL,20251121,BR003,SKU015128BL,2
REG-20251121-BR003-SKU015128SI,20251121,BR003,SKU015128SI,2
REG-20251121-BR003-SKU015128PI,20251121,BR003,SKU015128PI,1
REG-20251121-BR003-SKU015256BL,20251121,BR003,SKU015256BL,1
REG-20251121-BR003-SKU015256SI,20251121,BR003,SKU015256SI,1
REG-20251121-BR003-SKU015256PI,20251121,BR003,SKU015256PI,2
REG-20251121-BR003-SKU016128BL,20251121,BR003,SKU016128BL,6
REG-20251121-BR003-SKU016128SI,20251121,BR003,SKU016128SI,4
REG-20251121-BR003-SKU016128PI,20251121,BR003,SKU016128PI,8
REG-20251121-BR003-SKU016256BL,20251121,BR003,SKU016256BL,9
REG-20251121-BR003-SKU016256SI,20251121,BR003,SKU016256SI,7
REG-20251121-BR003-SKU016256PI,20251121,BR003,SKU016256PI,5
REG-20251121-BR003-SKU017128BL,20251121,BR003,SKU017128BL,7
REG-20251121-BR003-SKU017128SI,20251121,BR003,SKU017128SI,7
REG-20251121-BR003-SKU017128PI,20251121,BR003,SKU017128PI,6
REG-20251121-BR003-SKU017256BL,20251121,BR003,SKU017256BL,11
REG-20251121-BR003-SKU017256SI,20251121,BR003,SKU017256SI,9
REG-20251121-BR003-SKU017256PI,20251121,BR003,SKU017256PI,6
REG-20251121-BR004-SKU015128BL,20251121,BR004,SKU015128BL,2
REG-20251121-BR004-SKU015128SI,20251121,BR004,SKU015128SI,1
REG-20251121-BR004-SKU015128PI,20251121,BR004,SKU015128PI,2
REG-20251121-BR004-SKU015256BL,20251121,BR004,SKU015256BL,1
REG-20251121-BR004-SKU015256SI,20251121,BR004,SKU015256SI,1
REG-20251121-BR004-SKU015256PI,20251121,BR004,SKU015256PI,6
REG-20251121-BR004-SKU016128BL,20251121,BR004,SKU016128BL,6
REG-20251121-BR004-SKU016128SI,20251121,BR004,SKU016128SI,7
REG-20251121-BR004-SKU016128PI,20251121,BR004,SKU016128PI,8
REG-20251121-BR004-SKU016256BL,20251121,BR004,SKU016256BL,5
REG-20251121-BR004-SKU016256SI,20251121,BR004,SKU016256SI,3
REG-20251121-BR004-SKU016256PI,20251121,BR004,SKU016256PI,8
REG-20251121-BR004-SKU017128BL,20251121,BR004,SKU017128BL,7
REG-20251121-BR004-SKU017128SI,20251121,BR004,SKU017128SI,4
REG-20251121-BR004-SKU017128PI,20251121,BR004,SKU017128PI,10
REG-20251121-BR004-SKU017256BL,20251121,BR004,SKU017256BL,7
REG-20251121-BR004-SKU017256SI,20251121,BR004,SKU017256SI,11
REG-20251121-BR004-SKU017256PI,20251121,BR004,SKU017256PI,6
REG-20251121-BR005-SKU015128BL,20251121,BR005,SKU015128BL,3
REG-20251121-BR005-SKU015128SI,20251121,BR005,SKU015128SI,5
REG-20251121-BR005-SKU015128PI,20251121,BR005,SKU015128PI,1
REG-20251121-BR005-SKU015256BL,20251121,BR005,SKU015256BL,1
REG-20251121-BR005-SKU015256SI,20251121,BR005,SKU015256SI,4
REG-20251121-BR005-SKU015256PI,20251121,BR005,SKU015256PI,2
REG-20251121-BR005-SKU016128BL,20251121,BR005,SKU016128BL,2
REG-20251121-BR005-SKU016128SI,20251121,BR005,SKU016128SI,9
REG-20251121-BR005-SKU016128PI,20251121,BR005,SKU016128PI,7
REG-20251121-BR005-SKU016256BL,20251121,BR005,SKU016256BL,3
REG-20251121-BR005-SKU016256SI,20251121,BR005,SKU016256SI,7
REG-20251121-BR005-SKU016256PI,20251121,BR005,SKU016256PI,1
REG-20251121-BR005-SKU017128BL,20251121,BR005,SKU017128BL,7
REG-20251121-BR005-SKU017128SI,20251121,BR005,SKU017128SI,7
REG-20251121-BR005-SKU017128PI,20251121,BR005,SKU017128PI,7
REG-20251121-BR005-SKU017256BL,20251121,BR005,SKU017256BL,8
REG-20251121-BR005-SKU017256SI,20251121,BR005,SKU017256SI,5
REG-20251121-BR005-SKU017256PI,20251121,BR005,SKU017256PI,6
REG-20251122-BR001-SKU015128BL,20251122,BR001,SKU015128BL,2
REG-20251122-BR001-SKU015128SI,20251122,BR001,SKU015128SI,2
REG-20251122-BR001-SKU015128PI,20251122,BR001,SKU015128PI,1
REG-20251122-BR001-SKU015256BL,20251122,BR001,SKU015256BL,3
REG-20251122-BR001-SKU015256SI,20251122,BR001,SKU015256SI,1
REG-20251122-BR001-SKU015256PI,20251122,BR001,SKU015256PI,6
REG-20251122-BR001-SKU016128BL,20251122,BR001,SKU016128BL,9
REG-20251122-BR001-SKU016128SI,20251122,BR001,SKU016128SI,7
REG-20251122-BR001-SKU016128PI,20251122,BR001,SKU016128PI,7
REG-20251122-BR001-SKU016256BL,20251122,BR001,SKU016256BL,7
REG-20251122-BR001-SKU016256SI,20251122,BR001,SKU016256SI,9
REG-20251122-BR001-SKU016256PI,20251122,BR001,SKU016256PI,7
REG-20251122-BR001-SKU017128BL,20251122,BR001,SKU017128BL,11
REG-20251122-BR001-SKU017128SI,20251122,BR001,SKU017128SI,11
REG-20251122-BR001-SKU017128PI,20251122,BR001,SKU017128PI,14
REG-20251122-BR001-SKU017256BL,20251122,BR001,SKU017256BL,9
REG-20251122-BR001-SKU017256SI,20251122,BR001,SKU017256SI,7
REG-20251122-BR001-SKU017256PI,20251122,BR001,SKU017256PI,8
REG-20251122-BR002-SKU015128BL,20251122,BR002,SKU015128BL,2
REG-20251122-BR002-SKU015128SI,20251122,BR002,SKU015128SI,1
REG-20251122-BR002-SKU015128PI,20251122,BR002,SKU015128PI,4
REG-20251122-BR002-SKU015256BL,20251122,BR002,SKU015256BL,1
REG-20251122-BR002-SKU015256SI,20251122,BR002,SKU015256SI,5
REG-20251122-BR002-SKU015256PI,20251122,BR002,SKU015256PI,3
REG-20251122-BR002-SKU016128BL,20251122,BR002,SKU016128BL,4
REG-20251122-BR002-SKU016128SI,20251122,BR002,SKU016128SI,5
REG-20251122-BR002-SKU016128PI,20251122,BR002,SKU016128PI,7
REG-20251122-BR002-SKU016256BL,20251122,BR002,SKU016256BL,7
REG-20251122-BR002-SKU016256SI,20251122,BR002,SKU016256SI,7
REG-20251122-BR002-SKU016256PI,20251122,BR002,SKU016256PI,6
REG-20251122-BR002-SKU017128BL,20251122,BR002,SKU017128BL,10
REG-20251122-BR002-SKU017128SI,20251122,BR002,SKU017128SI,10
REG-20251122-BR002-SKU017128PI,20251122,BR002,SKU017128PI,7
REG-20251122-BR002-SKU017256BL,20251122,BR002,SKU017256BL,7
REG-20251122-BR002-SKU017256SI,20251122,BR002,SKU017256SI,10
REG-20251122-BR002-SKU017256PI,20251122,BR002,SKU017256PI,11
REG-20251122-BR003-SKU015128BL,20251122,BR003,SKU015128BL,4
REG-20251122-BR003-SKU015128SI,20251122,BR003,SKU015128SI,2
REG-20251122-BR003-SKU015128PI,20251122,BR003,SKU015128PI,3
REG-20251122-BR003-SKU015256BL,20251122,BR003,SKU015256BL,2
REG-20251122-BR003-SKU015256SI,20251122,BR003,SKU015256SI,4
REG-20251122-BR003-SKU015256PI,20251122,BR003,SKU015256PI,2
REG-20251122-BR003-SKU016128BL,20251122,BR003,SKU016128BL,3
REG-20251122-BR003-SKU016128SI,20251122,BR003,SKU016128SI,7
REG-20251122-BR003-SKU016128PI,20251122,BR003,SKU016128PI,5
REG-20251122-BR003-SKU016256BL,20251122,BR003,SKU016256BL,8
REG-20251122-BR003-SKU016256SI,20251122,BR003,SKU016256SI,5
REG-20251122-BR003-SKU016256PI,20251122,BR003,SKU016256PI,2
REG-20251122-BR003-SKU017128BL,20251122,BR003,SKU017128BL,13
REG-20251122-BR003-SKU017128SI,20251122,BR003,SKU017128SI,7
REG-20251122-BR003-SKU017128PI,20251122,BR003,SKU017128PI,8
REG-20251122-BR003-SKU017256BL,20251122,BR003,SKU017256BL,7
REG-20251122-BR003-SKU017256SI,20251122,BR003,SKU017256SI,11
REG-20251122-BR003-SKU017256PI,20251122,BR003,SKU017256PI,11
REG-20251122-BR004-SKU015128BL,20251122,BR004,SKU015128BL,3
REG-20251122-BR004-SKU015128SI,20251122,BR004,SKU015128SI,5
REG-20251122-BR004-SKU015128PI,20251122,BR004,SKU015128PI,1
REG-20251122-BR004-SKU015256BL,20251122,BR004,SKU015256BL,1
REG-20251122-BR004-SKU015256SI,20251122,BR004,SKU015256SI,1
REG-20251122-BR004-SKU015256PI,20251122,BR004,SKU015256PI,1
REG-20251122-BR004-SKU016128BL,20251122,BR004,SKU016128BL,3
REG-20251122-BR004-SKU016128SI,20251122,BR004,SKU016128SI,4
REG-20251122-BR004-SKU016128PI,20251122,BR004,SKU016128PI,7
REG-20251122-BR004-SKU016256BL,20251122,BR004,SKU016256BL,4
REG-20251122-BR004-SKU016256SI,20251122,BR004,SKU016256SI,3
REG-20251122-BR004-SKU016256PI,20251122,BR004,SKU016256PI,7
REG-20251122-BR004-SKU017128BL,20251122,BR004,SKU017128BL,13
REG-20251122-BR004-SKU017128SI,20251122,BR004,SKU017128SI,9
REG-20251122-BR004-SKU017128PI,20251122,BR004,SKU017128PI,9
REG-20251122-BR004-SKU017256BL,20251122,BR004,SKU017256BL,8
REG-20251122-BR004-SKU017256SI,20251122,BR004,SKU017256SI,6
REG-20251122-BR004-SKU017256PI,20251122,BR004,SKU017256PI,8
REG-20251122-BR005-SKU015128BL,20251122,BR005,SKU015128BL,3
REG-20251122-BR005-SKU015128SI,20251122,BR005,SKU015128SI,3
REG-20251122-BR005-SKU015128PI,20251122,BR005,SKU015128PI,4
REG-20251122-BR005-SKU015256BL,20251122,BR005,SKU015256BL,1
REG-20251122-BR005-SKU015256SI,20251122,BR005,SKU015256SI,3
REG-20251122-BR005-SKU015256PI,20251122,BR005,SKU015256PI,1
REG-20251122-BR005-SKU016128BL,20251122,BR005,SKU016128BL,5
REG-20251122-BR005-SKU016128SI,20251122,BR005,SKU016128SI,7
REG-20251122-BR005-SKU016128PI,20251122,BR005,SKU016128PI,5
REG-20251122-BR005-SKU016256BL,20251122,BR005,SKU016256BL,5
REG-20251122-BR005-SKU016256SI,20251122,BR005,SKU016256SI,8
REG-20251122-BR005-SKU016256PI,20251122,BR005,SKU016256PI,8
REG-20251122-BR005-SKU017128BL,20251122,BR005,SKU017128BL,8
REG-20251122-BR005-SKU017128SI,20251122,BR005,SKU017128SI,6
REG-20251122-BR005-SKU017128PI,20251122,BR005,SKU017128PI,10
REG-20251122-BR005-SKU017256BL,20251122,BR005,SKU017256BL,6
REG-20251122-BR005-SKU017256SI,20251122,BR005,SKU017256SI,5
REG-20251122-BR005-SKU017256PI,20251122,BR005,SKU017256PI,9
REG-20251123-BR001-SKU015128BL,20251123,BR001,SKU015128BL,4
REG-20251123-BR001-SKU015128SI,20251123,BR001,SKU015128SI,1
REG-20251123-BR001-SKU015128PI,20251123,BR001,SKU015128PI,2
REG-20251123-BR001-SKU015256BL,20251123,BR001,SKU015256BL,1
REG-20251123-BR001-SKU015256SI,20251123,BR001,SKU015256SI,5
REG-20251123-BR001-SKU015256PI,20251123,BR001,SKU015256PI,2
REG-20251123-BR001-SKU016128BL,20251123,BR001,SKU016128BL,9
REG-20251123-BR001-SKU016128SI,20251123,BR001,SKU016128SI,5
REG-20251123-BR001-SKU016128PI,20251123,BR001,SKU016128PI,5
REG-20251123-BR001-SKU016256BL,20251123,BR001,SKU016256BL,6
REG-20251123-BR001-SKU016256SI,20251123,BR001,SKU016256SI,7
REG-20251123-BR001-SKU016256PI,20251123,BR001,SKU016256PI,4
REG-20251123-BR001-SKU017128BL,20251123,BR001,SKU017128BL,9
REG-20251123-BR001-SKU017128SI,20251123,BR001,SKU017128SI,4
REG-20251123-BR001-SKU017128PI,20251123,BR001,SKU017128PI,9
REG-20251123-BR001-SKU017256BL,20251123,BR001,SKU017256BL,13
REG-20251123-BR001-SKU017256SI,20251123,BR001,SKU017256SI,8
REG-20251123-BR001-SKU017256PI,20251123,BR001,SKU017256PI,10
REG-20251123-BR002-SKU015128BL,20251123,BR002,SKU015128BL,1
REG-20251123-BR002-SKU015128SI,20251123,BR002,SKU015128SI,1
REG-20251123-BR002-SKU015128PI,20251123,BR002,SKU015128PI,3
REG-20251123-BR002-SKU015256BL,20251123,BR002,SKU015256BL,1
REG-20251123-BR002-SKU015256SI,20251123,BR002,SKU015256SI,3
REG-20251123-BR002-SKU015256PI,20251123,BR002,SKU015256PI,5
REG-20251123-BR002-SKU016128BL,20251123,BR002,SKU016128BL,4
REG-20251123-BR002-SKU016128SI,20251123,BR002,SKU016128SI,8
REG-20251123-BR002-SKU016128PI,20251123,BR002,SKU016128PI,9
REG-20251123-BR002-SKU016256BL,20251123,BR002,SKU016256BL,5
REG-20251123-BR002-SKU016256SI,20251123,BR002,SKU016256SI,8
REG-20251123-BR002-SKU016256PI,20251123,BR002,SKU016256PI,6
REG-20251123-BR002-SKU017128BL,20251123,BR002,SKU017128BL,7
REG-20251123-BR002-SKU017128SI,20251123,BR002,SKU017128SI,11
REG-20251123-BR002-SKU017128PI,20251123,BR002,SKU017128PI,9
REG-20251123-BR002-SKU017256BL,20251123,BR002,SKU017256BL,9
REG-20251123-BR002-SKU017256SI,20251123,BR002,SKU017256SI,7
REG-20251123-BR002-SKU017256PI,20251123,BR002,SKU017256PI,6
REG-20251123-BR003-SKU015128BL,20251123,BR003,SKU015128BL,1
REG-20251123-BR003-SKU015128SI,20251123,BR003,SKU015128SI,1
REG-20251123-BR003-SKU015128PI,20251123,BR003,SKU015128PI,1
REG-20251123-BR003-SKU015256BL,20251123,BR003,SKU015256BL,2
REG-20251123-BR003-SKU015256SI,20251123,BR003,SKU015256SI,1
REG-20251123-BR003-SKU015256PI,20251123,BR003,SKU015256PI,1
REG-20251123-BR003-SKU016128BL,20251123,BR003,SKU016128BL,1
REG-20251123-BR003-SKU016128SI,20251123,BR003,SKU016128SI,6
REG-20251123-BR003-SKU016128PI,20251123,BR003,SKU016128PI,8
REG-20251123-BR003-SKU016256BL,20251123,BR003,SKU016256BL,5
REG-20251123-BR003-SKU016256SI,20251123,BR003,SKU016256SI,6
REG-20251123-BR003-SKU016256PI,20251123,BR003,SKU016256PI,9
REG-20251123-BR003-SKU017128BL,20251123,BR003,SKU017128BL,8
REG-20251123-BR003-SKU017128SI,20251123,BR003,SKU017128SI,4
REG-20251123-BR003-SKU017128PI,20251123,BR003,SKU017128PI,6
REG-20251123-BR003-SKU017256BL,20251123,BR003,SKU017256BL,5
REG-20251123-BR003-SKU017256SI,20251123,BR003,SKU017256SI,4
REG-20251123-BR003-SKU017256PI,20251123,BR003,SKU017256PI,6
REG-20251123-BR004-SKU015128BL,20251123,BR004,SKU015128BL,1
REG-20251123-BR004-SKU015128SI,20251123,BR004,SKU015128SI,1
REG-20251123-BR004-SKU015128PI,20251123,BR004,SKU015128PI,4
REG-20251123-BR004-SKU015256BL,20251123,BR004,SKU015256BL,3
REG-20251123-BR004-SKU015256SI,20251123,BR004,SKU015256SI,3
REG-20251123-BR004-SKU015256PI,20251123,BR004,SKU015256PI,3
REG-20251123-BR004-SKU016128BL,20251123,BR004,SKU016128BL,7
REG-20251123-BR004-SKU016128SI,20251123,BR004,SKU016128SI,4
REG-20251123-BR004-SKU016128PI,20251123,BR004,SKU016128PI,6
REG-20251123-BR004-SKU016256BL,20251123,BR004,SKU016256BL,1
REG-20251123-BR004-SKU016256SI,20251123,BR004,SKU016256SI,3
REG-20251123-BR004-SKU016256PI,20251123,BR004,SKU016256PI,4
REG-20251123-BR004-SKU017128BL,20251123,BR004,SKU017128BL,6
REG-20251123-BR004-SKU017128SI,20251123,BR004,SKU017128SI,5
REG-20251123-BR004-SKU017128PI,20251123,BR004,SKU017128PI,7
REG-20251123-BR004-SKU017256BL,20251123,BR004,SKU017256BL,7
REG-20251123-BR004-SKU017256SI,20251123,BR004,SKU017256SI,13
REG-20251123-BR004-SKU017256PI,20251123,BR004,SKU017256PI,11
REG-20251123-BR005-SKU015128BL,20251123,BR005,SKU015128BL,6
REG-20251123-BR005-SKU015128SI,20251123,BR005,SKU015128SI,2
REG-20251123-BR005-SKU015128PI,20251123,BR005,SKU015128PI,4
REG-20251123-BR005-SKU015256BL,20251123,BR005,SKU015256BL,2
REG-20251123-BR005-SKU015256SI,20251123,BR005,SKU015256SI,1
REG-20251123-BR005-SKU015256PI,20251123,BR005,SKU015256PI,2
REG-20251123-BR005-SKU016128BL,20251123,BR005,SKU016128BL,1
REG-20251123-BR005-SKU016128SI,20251123,BR005,SKU016128SI,4
REG-20251123-BR005-SKU016128PI,20251123,BR005,SKU016128PI,3
REG-20251123-BR005-SKU016256BL,20251123,BR005,SKU016256BL,8
REG-20251123-BR005-SKU016256SI,20251123,BR005,SKU016256SI,4
REG-20251123-BR005-SKU016256PI,20251123,BR005,SKU016256PI,1
REG-20251123-BR005-SKU017128BL,20251123,BR005,SKU017128BL,12
REG-20251123-BR005-SKU017128SI,20251123,BR005,SKU017128SI,12
REG-20251123-BR005-SKU017128PI,20251123,BR005,SKU017128PI,8
REG-20251123-BR005-SKU017256BL,20251123,BR005,SKU017256BL,9
REG-20251123-BR005-SKU017256SI,20251123,BR005,SKU017256SI,12
REG-20251123-BR005-SKU017256PI,20251123,BR005,SKU017256PI,12
REG-20251124-BR001-SKU015128BL,20251124,BR001,SKU015128BL,4
REG-20251124-BR001-SKU015128SI,20251124,BR001,SKU015128SI,4
REG-20251124-BR001-SKU015128PI,20251124,BR001,SKU015128PI,1
REG-20251124-BR001-SKU015256BL,20251124,BR001,SKU015256BL,1
REG-20251124-BR001-SKU015256SI,20251124,BR001,SKU015256SI,4
REG-20251124-BR001-SKU015256PI,20251124,BR001,SKU015256PI,5
REG-20251124-BR001-SKU016128BL,20251124,BR001,SKU016128BL,6
REG-20251124-BR001-SKU016128SI,20251124,BR001,SKU016128SI,7
REG-20251124-BR001-SKU016128PI,20251124,BR001,SKU016128PI,5
REG-20251124-BR001-SKU016256BL,20251124,BR001,SKU016256BL,5
REG-20251124-BR001-SKU016256SI,20251124,BR001,SKU016256SI,4
REG-20251124-BR001-SKU016256PI,20251124,BR001,SKU016256PI,4
REG-20251124-BR001-SKU017128BL,20251124,BR001,SKU017128BL,10
REG-20251124-BR001-SKU017128SI,20251124,BR001,SKU017128SI,11
REG-20251124-BR001-SKU017128PI,20251124,BR001,SKU017128PI,6
REG-20251124-BR001-SKU017256BL,20251124,BR001,SKU017256BL,6
REG-20251124-BR001-SKU017256SI,20251124,BR001,SKU017256SI,6
REG-20251124-BR001-SKU017256PI,20251124,BR001,SKU017256PI,4
REG-20251124-BR002-SKU015128BL,20251124,BR002,SKU015128BL,5
REG-20251124-BR002-SKU015128SI,20251124,BR002,SKU015128SI,2
REG-20251124-BR002-SKU015128PI,20251124,BR002,SKU015128PI,2
REG-20251124-BR002-SKU015256BL,20251124,BR002,SKU015256BL,2
REG-20251124-BR002-SKU015256SI,20251124,BR002,SKU015256SI,3
REG-20251124-BR002-SKU015256PI,20251124,BR002,SKU015256PI,5
REG-20251124-BR002-SKU016128BL,20251124,BR002,SKU016128BL,4
REG-20251124-BR002-SKU016128SI,20251124,BR002,SKU016128SI,5
REG-20251124-BR002-SKU016128PI,20251124,BR002,SKU016128PI,8
REG-20251124-BR002-SKU016256BL,20251124,BR002,SKU016256BL,7
REG-20251124-BR002-SKU016256SI,20251124,BR002,SKU016256SI,5
REG-20251124-BR002-SKU016256PI,20251124,BR002,SKU016256PI,6
REG-20251124-BR002-SKU017128BL,20251124,BR002,SKU017128BL,8
REG-20251124-BR002-SKU017128SI,20251124,BR002,SKU017128SI,6
REG-20251124-BR002-SKU017128PI,20251124,BR002,SKU017128PI,14
REG-20251124-BR002-SKU017256BL,20251124,BR002,SKU017256BL,8
REG-20251124-BR002-SKU017256SI,20251124,BR002,SKU017256SI,10
REG-20251124-BR002-SKU017256PI,20251124,BR002,SKU017256PI,11
REG-20251124-BR003-SKU015128BL,20251124,BR003,SKU015128BL,5
REG-20251124-BR003-SKU015128SI,20251124,BR003,SKU015128SI,1
REG-20251124-BR003-SKU015128PI,20251124,BR003,SKU015128PI,2
REG-20251124-BR003-SKU015256BL,20251124,BR003,SKU015256BL,5
REG-20251124-BR003-SKU015256SI,20251124,BR003,SKU015256SI,6
REG-20251124-BR003-SKU015256PI,20251124,BR003,SKU015256PI,3
REG-20251124-BR003-SKU016128BL,20251124,BR003,SKU016128BL,6
REG-20251124-BR003-SKU016128SI,20251124,BR003,SKU016128SI,5
REG-20251124-BR003-SKU016128PI,20251124,BR003,SKU016128PI,8
REG-20251124-BR003-SKU016256BL,20251124,BR003,SKU016256BL,7
REG-20251124-BR003-SKU016256SI,20251124,BR003,SKU016256SI,7
REG-20251124-BR003-SKU016256PI,20251124,BR003,SKU016256PI,4
REG-20251124-BR003-SKU017128BL,20251124,BR003,SKU017128BL,6
REG-20251124-BR003-SKU017128SI,20251124,BR003,SKU017128SI,11
REG-20251124-BR003-SKU017128PI,20251124,BR003,SKU017128PI,7
REG-20251124-BR003-SKU017256BL,20251124,BR003,SKU017256BL,9
REG-20251124-BR003-SKU017256SI,20251124,BR003,SKU017256SI,11
REG-20251124-BR003-SKU017256PI,20251124,BR003,SKU017256PI,11
REG-20251124-BR004-SKU015128BL,20251124,BR004,SKU015128BL,5
REG-20251124-BR004-SKU015128SI,20251124,BR004,SKU015128SI,2
REG-20251124-BR004-SKU015128PI,20251124,BR004,SKU015128PI,2
REG-20251124-BR004-SKU015256BL,20251124,BR004,SKU015256BL,4
REG-20251124-BR004-SKU015256SI,20251124,BR004,SKU015256SI,1
REG-20251124-BR004-SKU015256PI,20251124,BR004,SKU015256PI,6
REG-20251124-BR004-SKU016128BL,20251124,BR004,SKU016128BL,4
REG-20251124-BR004-SKU016128SI,20251124,BR004,SKU016128SI,7
REG-20251124-BR004-SKU016128PI,20251124,BR004,SKU016128PI,4
REG-20251124-BR004-SKU016256BL,20251124,BR004,SKU016256BL,6
REG-20251124-BR004-SKU016256SI,20251124,BR004,SKU016256SI,3
REG-20251124-BR004-SKU016256PI,20251124,BR004,SKU016256PI,8
REG-20251124-BR004-SKU017128BL,20251124,BR004,SKU017128BL,14
REG-20251124-BR004-SKU017128SI,20251124,BR004,SKU017128SI,7
REG-20251124-BR004-SKU017128PI,20251124,BR004,SKU017128PI,13
REG-20251124-BR004-SKU017256BL,20251124,BR004,SKU017256BL,8
REG-20251124-BR004-SKU017256SI,20251124,BR004,SKU017256SI,7
REG-20251124-BR004-SKU017256PI,20251124,BR004,SKU017256PI,6
REG-20251124-BR005-SKU015128BL,20251124,BR005,SKU015128BL,1
REG-20251124-BR005-SKU015128SI,20251124,BR005,SKU015128SI,1
REG-20251124-BR005-SKU015128PI,20251124,BR005,SKU015128PI,5
REG-20251124-BR005-SKU015256BL,20251124,BR005,SKU015256BL,6
REG-20251124-BR005-SKU015256SI,20251124,BR005,SKU015256SI,2
REG-20251124-BR005-SKU015256PI,20251124,BR005,SKU015256PI,4
REG-20251124-BR005-SKU016128BL,20251124,BR005,SKU016128BL,7
REG-20251124-BR005-SKU016128SI,20251124,BR005,SKU016128SI,6
REG-20251124-BR005-SKU016128PI,20251124,BR005,SKU016128PI,7
REG-20251124-BR005-SKU016256BL,20251124,BR005,SKU016256BL,9
REG-20251124-BR005-SKU016256SI,20251124,BR005,SKU016256SI,3
REG-20251124-BR005-SKU016256PI,20251124,BR005,SKU016256PI,6
REG-20251124-BR005-SKU017128BL,20251124,BR005,SKU017128BL,10
REG-20251124-BR005-SKU017128SI,20251124,BR005,SKU017128SI,8
REG-20251124-BR005-SKU017128PI,20251124,BR005,SKU017128PI,12
REG-20251124-BR005-SKU017256BL,20251124,BR005,SKU017256BL,5
REG-20251124-BR005-SKU017256SI,20251124,BR005,SKU017256SI,8
REG-20251124-BR005-SKU017256PI,20251124,BR005,SKU017256PI,7
REG-20251125-BR001-SKU015128BL,20251125,BR001,SKU015128BL,1
REG-20251125-BR001-SKU015128SI,20251125,BR001,SKU015128SI,2
REG-20251125-BR001-SKU015128PI,20251125,BR001,SKU015128PI,4
REG-20251125-BR001-SKU015256BL,20251125,BR001,SKU015256BL,3
REG-20251125-BR001-SKU015256SI,20251125,BR001,SKU015256SI,6
REG-20251125-BR001-SKU015256PI,20251125,BR001,SKU015256PI,4
REG-20251125-BR001-SKU016128BL,20251125,BR001,SKU016128BL,6
REG-20251125-BR001-SKU016128SI,20251125,BR001,SKU016128SI,3
REG-20251125-BR001-SKU016128PI,20251125,BR001,SKU016128PI,6
REG-20251125-BR001-SKU016256BL,20251125,BR001,SKU016256BL,6
REG-20251125-BR001-SKU016256SI,20251125,BR001,SKU016256SI,6
REG-20251125-BR001-SKU016256PI,20251125,BR001,SKU016256PI,6
REG-20251125-BR001-SKU017128BL,20251125,BR001,SKU017128BL,7
REG-20251125-BR001-SKU017128SI,20251125,BR001,SKU017128SI,3
REG-20251125-BR001-SKU017128PI,20251125,BR001,SKU017128PI,5
REG-20251125-BR001-SKU017256BL,20251125,BR001,SKU017256BL,12
REG-20251125-BR001-SKU017256SI,20251125,BR001,SKU017256SI,7
REG-20251125-BR001-SKU017256PI,20251125,BR001,SKU017256PI,13
REG-20251125-BR002-SKU015128BL,20251125,BR002,SKU015128BL,2
REG-20251125-BR002-SKU015128SI,20251125,BR002,SKU015128SI,4
REG-20251125-BR002-SKU015128PI,20251125,BR002,SKU015128PI,2
REG-20251125-BR002-SKU015256BL,20251125,BR002,SKU015256BL,1
REG-20251125-BR002-SKU015256SI,20251125,BR002,SKU015256SI,5
REG-20251125-BR002-SKU015256PI,20251125,BR002,SKU015256PI,3
REG-20251125-BR002-SKU016128BL,20251125,BR002,SKU016128BL,2
REG-20251125-BR002-SKU016128SI,20251125,BR002,SKU016128SI,4
REG-20251125-BR002-SKU016128PI,20251125,BR002,SKU016128PI,2
REG-20251125-BR002-SKU016256BL,20251125,BR002,SKU016256BL,2
REG-20251125-BR002-SKU016256SI,20251125,BR002,SKU016256SI,6
REG-20251125-BR002-SKU016256PI,20251125,BR002,SKU016256PI,7
REG-20251125-BR002-SKU017128BL,20251125,BR002,SKU017128BL,6
REG-20251125-BR002-SKU017128SI,20251125,BR002,SKU017128SI,10
REG-20251125-BR002-SKU017128PI,20251125,BR002,SKU017128PI,7
REG-20251125-BR002-SKU017256BL,20251125,BR002,SKU017256BL,8
REG-20251125-BR002-SKU017256SI,20251125,BR002,SKU017256SI,13
REG-20251125-BR002-SKU017256PI,20251125,BR002,SKU017256PI,7
REG-20251125-BR003-SKU015128BL,20251125,BR003,SKU015128BL,5
REG-20251125-BR003-SKU015128SI,20251125,BR003,SKU015128SI,4
REG-20251125-BR003-SKU015128PI,20251125,BR003,SKU015128PI,1
REG-20251125-BR003-SKU015256BL,20251125,BR003,SKU015256BL,3
REG-20251125-BR003-SKU015256SI,20251125,BR003,SKU015256SI,1
REG-20251125-BR003-SKU015256PI,20251125,BR003,SKU015256PI,1
REG-20251125-BR003-SKU016128BL,20251125,BR003,SKU016128BL,5
REG-20251125-BR003-SKU016128SI,20251125,BR003,SKU016128SI,1
REG-20251125-BR003-SKU016128PI,20251125,BR003,SKU016128PI,7
REG-20251125-BR003-SKU016256BL,20251125,BR003,SKU016256BL,4
REG-20251125-BR003-SKU016256SI,20251125,BR003,SKU016256SI,2
REG-20251125-BR003-SKU016256PI,20251125,BR003,SKU016256PI,3
REG-20251125-BR003-SKU017128BL,20251125,BR003,SKU017128BL,9
REG-20251125-BR003-SKU017128SI,20251125,BR003,SKU017128SI,10
REG-20251125-BR003-SKU017128PI,20251125,BR003,SKU017128PI,12
REG-20251125-BR003-SKU017256BL,20251125,BR003,SKU017256BL,7
REG-20251125-BR003-SKU017256SI,20251125,BR003,SKU017256SI,10
REG-20251125-BR003-SKU017256PI,20251125,BR003,SKU017256PI,6
REG-20251125-BR004-SKU015128BL,20251125,BR004,SKU015128BL,1
REG-20251125-BR004-SKU015128SI,20251125,BR004,SKU015128SI,4
REG-20251125-BR004-SKU015128PI,20251125,BR004,SKU015128PI,1
REG-20251125-BR004-SKU015256BL,20251125,BR004,SKU015256BL,4
REG-20251125-BR004-SKU015256SI,20251125,BR004,SKU015256SI,2
REG-20251125-BR004-SKU015256PI,20251125,BR004,SKU015256PI,1
REG-20251125-BR004-SKU016128BL,20251125,BR004,SKU016128BL,7
REG-20251125-BR004-SKU016128SI,20251125,BR004,SKU016128SI,6
REG-20251125-BR004-SKU016128PI,20251125,BR004,SKU016128PI,5
REG-20251125-BR004-SKU016256BL,20251125,BR004,SKU016256BL,6
REG-20251125-BR004-SKU016256SI,20251125,BR004,SKU016256SI,5
REG-20251125-BR004-SKU016256PI,20251125,BR004,SKU016256PI,5
REG-20251125-BR004-SKU017128BL,20251125,BR004,SKU017128BL,12
REG-20251125-BR004-SKU017128SI,20251125,BR004,SKU017128SI,10
REG-20251125-BR004-SKU017128PI,20251125,BR004,SKU017128PI,10
REG-20251125-BR004-SKU017256BL,20251125,BR004,SKU017256BL,9
REG-20251125-BR004-SKU017256SI,20251125,BR004,SKU017256SI,8
REG-20251125-BR004-SKU017256PI,20251125,BR004,SKU017256PI,10
REG-20251125-BR005-SKU015128BL,20251125,BR005,SKU015128BL,1
REG-20251125-BR005-SKU015128SI,20251125,BR005,SKU015128SI,2
REG-20251125-BR005-SKU015128PI,20251125,BR005,SKU015128PI,6
REG-20251125-BR005-SKU015256BL,20251125,BR005,SKU015256BL,3
REG-20251125-BR005-SKU015256SI,20251125,BR005,SKU015256SI,1
REG-20251125-BR005-SKU015256PI,20251125,BR005,SKU015256PI,2
REG-20251125-BR005-SKU016128BL,20251125,BR005,SKU016128BL,2
REG-20251125-BR005-SKU016128SI,20251125,BR005,SKU016128SI,6
REG-20251125-BR005-SKU016128PI,20251125,BR005,SKU016128PI,8
REG-20251125-BR005-SKU016256BL,20251125,BR005,SKU016256BL,7
REG-20251125-BR005-SKU016256SI,20251125,BR005,SKU016256SI,7
REG-20251125-BR005-SKU016256PI,20251125,BR005,SKU016256PI,6
REG-20251125-BR005-SKU017128BL,20251125,BR005,SKU017128BL,4
REG-20251125-BR005-SKU017128SI,20251125,BR005,SKU017128SI,8
REG-20251125-BR005-SKU017128PI,20251125,BR005,SKU017128PI,5
REG-20251125-BR005-SKU017256BL,20251125,BR005,SKU017256BL,4
REG-20251125-BR005-SKU017256SI,20251125,BR005,SKU017256SI,7
REG-20251125-BR005-SKU017256PI,20251125,BR005,SKU017256PI,9
REG-20251126-BR001-SKU015128BL,20251126,BR001,SKU015128BL,4
REG-20251126-BR001-SKU015128SI,20251126,BR001,SKU015128SI,5
REG-20251126-BR001-SKU015128PI,20251126,BR001,SKU015128PI,3
REG-20251126-BR001-SKU015256BL,20251126,BR001,SKU015256BL,6
REG-20251126-BR001-SKU015256SI,20251126,BR001,SKU015256SI,2
REG-20251126-BR001-SKU015256PI,20251126,BR001,SKU015256PI,3
REG-20251126-BR001-SKU016128BL,20251126,BR001,SKU016128BL,1
REG-20251126-BR001-SKU016128SI,20251126,BR001,SKU016128SI,5
REG-20251126-BR001-SKU016128PI,20251126,BR001,SKU016128PI,1
REG-20251126-BR001-SKU016256BL,20251126,BR001,SKU016256BL,3
REG-20251126-BR001-SKU016256SI,20251126,BR001,SKU016256SI,6
REG-20251126-BR001-SKU016256PI,20251126,BR001,SKU016256PI,8
REG-20251126-BR001-SKU017128BL,20251126,BR001,SKU017128BL,5
REG-20251126-BR001-SKU017128SI,20251126,BR001,SKU017128SI,5
REG-20251126-BR001-SKU017128PI,20251126,BR001,SKU017128PI,7
REG-20251126-BR001-SKU017256BL,20251126,BR001,SKU017256BL,11
REG-20251126-BR001-SKU017256SI,20251126,BR001,SKU017256SI,6
REG-20251126-BR001-SKU017256PI,20251126,BR001,SKU017256PI,9
REG-20251126-BR002-SKU015128BL,20251126,BR002,SKU015128BL,1
REG-20251126-BR002-SKU015128SI,20251126,BR002,SKU015128SI,1
REG-20251126-BR002-SKU015128PI,20251126,BR002,SKU015128PI,2
REG-20251126-BR002-SKU015256BL,20251126,BR002,SKU015256BL,3
REG-20251126-BR002-SKU015256SI,20251126,BR002,SKU015256SI,1
REG-20251126-BR002-SKU015256PI,20251126,BR002,SKU015256PI,3
REG-20251126-BR002-SKU016128BL,20251126,BR002,SKU016128BL,1
REG-20251126-BR002-SKU016128SI,20251126,BR002,SKU016128SI,2
REG-20251126-BR002-SKU016128PI,20251126,BR002,SKU016128PI,8
REG-20251126-BR002-SKU016256BL,20251126,BR002,SKU016256BL,10
REG-20251126-BR002-SKU016256SI,20251126,BR002,SKU016256SI,5
REG-20251126-BR002-SKU016256PI,20251126,BR002,SKU016256PI,5
REG-20251126-BR002-SKU017128BL,20251126,BR002,SKU017128BL,10
REG-20251126-BR002-SKU017128SI,20251126,BR002,SKU017128SI,6
REG-20251126-BR002-SKU017128PI,20251126,BR002,SKU017128PI,7
REG-20251126-BR002-SKU017256BL,20251126,BR002,SKU017256BL,9
REG-20251126-BR002-SKU017256SI,20251126,BR002,SKU017256SI,6
REG-20251126-BR002-SKU017256PI,20251126,BR002,SKU017256PI,12
REG-20251126-BR003-SKU015128BL,20251126,BR003,SKU015128BL,3
REG-20251126-BR003-SKU015128SI,20251126,BR003,SKU015128SI,3
REG-20251126-BR003-SKU015128PI,20251126,BR003,SKU015128PI,1
REG-20251126-BR003-SKU015256BL,20251126,BR003,SKU015256BL,3
REG-20251126-BR003-SKU015256SI,20251126,BR003,SKU015256SI,3
REG-20251126-BR003-SKU015256PI,20251126,BR003,SKU015256PI,1
REG-20251126-BR003-SKU016128BL,20251126,BR003,SKU016128BL,8
REG-20251126-BR003-SKU016128SI,20251126,BR003,SKU016128SI,3
REG-20251126-BR003-SKU016128PI,20251126,BR003,SKU016128PI,9
REG-20251126-BR003-SKU016256BL,20251126,BR003,SKU016256BL,1
REG-20251126-BR003-SKU016256SI,20251126,BR003,SKU016256SI,8
REG-20251126-BR003-SKU016256PI,20251126,BR003,SKU016256PI,8
REG-20251126-BR003-SKU017128BL,20251126,BR003,SKU017128BL,6
REG-20251126-BR003-SKU017128SI,20251126,BR003,SKU017128SI,9
REG-20251126-BR003-SKU017128PI,20251126,BR003,SKU017128PI,8
REG-20251126-BR003-SKU017256BL,20251126,BR003,SKU017256BL,11
REG-20251126-BR003-SKU017256SI,20251126,BR003,SKU017256SI,14
REG-20251126-BR003-SKU017256PI,20251126,BR003,SKU017256PI,7
REG-20251126-BR004-SKU015128BL,20251126,BR004,SKU015128BL,5
REG-20251126-BR004-SKU015128SI,20251126,BR004,SKU015128SI,2
REG-20251126-BR004-SKU015128PI,20251126,BR004,SKU015128PI,4
REG-20251126-BR004-SKU015256BL,20251126,BR004,SKU015256BL,4
REG-20251126-BR004-SKU015256SI,20251126,BR004,SKU015256SI,4
REG-20251126-BR004-SKU015256PI,20251126,BR004,SKU015256PI,4
REG-20251126-BR004-SKU016128BL,20251126,BR004,SKU016128BL,4
REG-20251126-BR004-SKU016128SI,20251126,BR004,SKU016128SI,9
REG-20251126-BR004-SKU016128PI,20251126,BR004,SKU016128PI,10
REG-20251126-BR004-SKU016256BL,20251126,BR004,SKU016256BL,6
REG-20251126-BR004-SKU016256SI,20251126,BR004,SKU016256SI,4
REG-20251126-BR004-SKU016256PI,20251126,BR004,SKU016256PI,7
REG-20251126-BR004-SKU017128BL,20251126,BR004,SKU017128BL,7
REG-20251126-BR004-SKU017128SI,20251126,BR004,SKU017128SI,11
REG-20251126-BR004-SKU017128PI,20251126,BR004,SKU017128PI,14
REG-20251126-BR004-SKU017256BL,20251126,BR004,SKU017256BL,5
REG-20251126-BR004-SKU017256SI,20251126,BR004,SKU017256SI,12
REG-20251126-BR004-SKU017256PI,20251126,BR004,SKU017256PI,9
REG-20251126-BR005-SKU015128BL,20251126,BR005,SKU015128BL,5
REG-20251126-BR005-SKU015128SI,20251126,BR005,SKU015128SI,4
REG-20251126-BR005-SKU015128PI,20251126,BR005,SKU015128PI,1
REG-20251126-BR005-SKU015256BL,20251126,BR005,SKU015256BL,2
REG-20251126-BR005-SKU015256SI,20251126,BR005,SKU015256SI,2
REG-20251126-BR005-SKU015256PI,20251126,BR005,SKU015256PI,3
REG-20251126-BR005-SKU016128BL,20251126,BR005,SKU016128BL,5
REG-20251126-BR005-SKU016128SI,20251126,BR005,SKU016128SI,3
REG-20251126-BR005-SKU016128PI,20251126,BR005,SKU016128PI,6
REG-20251126-BR005-SKU016256BL,20251126,BR005,SKU016256BL,7
REG-20251126-BR005-SKU016256SI,20251126,BR005,SKU016256SI,8
REG-20251126-BR005-SKU016256PI,20251126,BR005,SKU016256PI,4
REG-20251126-BR005-SKU017128BL,20251126,BR005,SKU017128BL,10
REG-20251126-BR005-SKU017128SI,20251126,BR005,SKU017128SI,13
REG-20251126-BR005-SKU017128PI,20251126,BR005,SKU017128PI,10
REG-20251126-BR005-SKU017256BL,20251126,BR005,SKU017256BL,11
REG-20251126-BR005-SKU017256SI,20251126,BR005,SKU017256SI,5
REG-20251126-BR005-SKU017256PI,20251126,BR005,SKU017256PI,11
REG-20251127-BR001-SKU015128BL,20251127,BR001,SKU015128BL,1
REG-20251127-BR001-SKU015128SI,20251127,BR001,SKU015128SI,2
REG-20251127-BR001-SKU015128PI,20251127,BR001,SKU015128PI,1
REG-20251127-BR001-SKU015256BL,20251127,BR001,SKU015256BL,2
REG-20251127-BR001-SKU015256SI,20251127,BR001,SKU015256SI,4
REG-20251127-BR001-SKU015256PI,20251127,BR001,SKU015256PI,4
REG-20251127-BR001-SKU016128BL,20251127,BR001,SKU016128BL,6
REG-20251127-BR001-SKU016128SI,20251127,BR001,SKU016128SI,2
REG-20251127-BR001-SKU016128PI,20251127,BR001,SKU016128PI,1
REG-20251127-BR001-SKU016256BL,20251127,BR001,SKU016256BL,3
REG-20251127-BR001-SKU016256SI,20251127,BR001,SKU016256SI,3
REG-20251127-BR001-SKU016256PI,20251127,BR001,SKU016256PI,6
REG-20251127-BR001-SKU017128BL,20251127,BR001,SKU017128BL,6
REG-20251127-BR001-SKU017128SI,20251127,BR001,SKU017128SI,10
REG-20251127-BR001-SKU017128PI,20251127,BR001,SKU017128PI,11
REG-20251127-BR001-SKU017256BL,20251127,BR001,SKU017256BL,9
REG-20251127-BR001-SKU017256SI,20251127,BR001,SKU017256SI,9
REG-20251127-BR001-SKU017256PI,20251127,BR001,SKU017256PI,11
REG-20251127-BR002-SKU015128BL,20251127,BR002,SKU015128BL,2
REG-20251127-BR002-SKU015128SI,20251127,BR002,SKU015128SI,6
REG-20251127-BR002-SKU015128PI,20251127,BR002,SKU015128PI,6
REG-20251127-BR002-SKU015256BL,20251127,BR002,SKU015256BL,2
REG-20251127-BR002-SKU015256SI,20251127,BR002,SKU015256SI,2
REG-20251127-BR002-SKU015256PI,20251127,BR002,SKU015256PI,3
REG-20251127-BR002-SKU016128BL,20251127,BR002,SKU016128BL,3
REG-20251127-BR002-SKU016128SI,20251127,BR002,SKU016128SI,9
REG-20251127-BR002-SKU016128PI,20251127,BR002,SKU016128PI,8
REG-20251127-BR002-SKU016256BL,20251127,BR002,SKU016256BL,4
REG-20251127-BR002-SKU016256SI,20251127,BR002,SKU016256SI,10
REG-20251127-BR002-SKU016256PI,20251127,BR002,SKU016256PI,7
REG-20251127-BR002-SKU017128BL,20251127,BR002,SKU017128BL,10
REG-20251127-BR002-SKU017128SI,20251127,BR002,SKU017128SI,9
REG-20251127-BR002-SKU017128PI,20251127,BR002,SKU017128PI,10
REG-20251127-BR002-SKU017256BL,20251127,BR002,SKU017256BL,12
REG-20251127-BR002-SKU017256SI,20251127,BR002,SKU017256SI,4
REG-20251127-BR002-SKU017256PI,20251127,BR002,SKU017256PI,6
REG-20251127-BR003-SKU015128BL,20251127,BR003,SKU015128BL,5
REG-20251127-BR003-SKU015128SI,20251127,BR003,SKU015128SI,2
REG-20251127-BR003-SKU015128PI,20251127,BR003,SKU015128PI,2
REG-20251127-BR003-SKU015256BL,20251127,BR003,SKU015256BL,3
REG-20251127-BR003-SKU015256SI,20251127,BR003,SKU015256SI,3
REG-20251127-BR003-SKU015256PI,20251127,BR003,SKU015256PI,2
REG-20251127-BR003-SKU016128BL,20251127,BR003,SKU016128BL,2
REG-20251127-BR003-SKU016128SI,20251127,BR003,SKU016128SI,5
REG-20251127-BR003-SKU016128PI,20251127,BR003,SKU016128PI,8
REG-20251127-BR003-SKU016256BL,20251127,BR003,SKU016256BL,5
REG-20251127-BR003-SKU016256SI,20251127,BR003,SKU016256SI,5
REG-20251127-BR003-SKU016256PI,20251127,BR003,SKU016256PI,7
REG-20251127-BR003-SKU017128BL,20251127,BR003,SKU017128BL,13
REG-20251127-BR003-SKU017128SI,20251127,BR003,SKU017128SI,5
REG-20251127-BR003-SKU017128PI,20251127,BR003,SKU017128PI,8
REG-20251127-BR003-SKU017256BL,20251127,BR003,SKU017256BL,11
REG-20251127-BR003-SKU017256SI,20251127,BR003,SKU017256SI,12
REG-20251127-BR003-SKU017256PI,20251127,BR003,SKU017256PI,5
REG-20251127-BR004-SKU015128BL,20251127,BR004,SKU015128BL,5
REG-20251127-BR004-SKU015128SI,20251127,BR004,SKU015128SI,4
REG-20251127-BR004-SKU015128PI,20251127,BR004,SKU015128PI,1
REG-20251127-BR004-SKU015256BL,20251127,BR004,SKU015256BL,1
REG-20251127-BR004-SKU015256SI,20251127,BR004,SKU015256SI,5
REG-20251127-BR004-SKU015256PI,20251127,BR004,SKU015256PI,1
REG-20251127-BR004-SKU016128BL,20251127,BR004,SKU016128BL,5
REG-20251127-BR004-SKU016128SI,20251127,BR004,SKU016128SI,4
REG-20251127-BR004-SKU016128PI,20251127,BR004,SKU016128PI,4
REG-20251127-BR004-SKU016256BL,20251127,BR004,SKU016256BL,4
REG-20251127-BR004-SKU016256SI,20251127,BR004,SKU016256SI,10
REG-20251127-BR004-SKU016256PI,20251127,BR004,SKU016256PI,5
REG-20251127-BR004-SKU017128BL,20251127,BR004,SKU017128BL,10
REG-20251127-BR004-SKU017128SI,20251127,BR004,SKU017128SI,5
REG-20251127-BR004-SKU017128PI,20251127,BR004,SKU017128PI,6
REG-20251127-BR004-SKU017256BL,20251127,BR004,SKU017256BL,6
REG-20251127-BR004-SKU017256SI,20251127,BR004,SKU017256SI,12
REG-20251127-BR004-SKU017256PI,20251127,BR004,SKU017256PI,9
REG-20251127-BR005-SKU015128BL,20251127,BR005,SKU015128BL,5
REG-20251127-BR005-SKU015128SI,20251127,BR005,SKU015128SI,2
REG-20251127-BR005-SKU015128PI,20251127,BR005,SKU015128PI,2
REG-20251127-BR005-SKU015256BL,20251127,BR005,SKU015256BL,4
REG-20251127-BR005-SKU015256SI,20251127,BR005,SKU015256SI,2
REG-20251127-BR005-SKU015256PI,20251127,BR005,SKU015256PI,1
REG-20251127-BR005-SKU016128BL,20251127,BR005,SKU016128BL,5
REG-20251127-BR005-SKU016128SI,20251127,BR005,SKU016128SI,7
REG-20251127-BR005-SKU016128PI,20251127,BR005,SKU016128PI,6
REG-20251127-BR005-SKU016256BL,20251127,BR005,SKU016256BL,2
REG-20251127-BR005-SKU016256SI,20251127,BR005,SKU016256SI,2
REG-20251127-BR005-SKU016256PI,20251127,BR005,SKU016256PI,5
REG-20251127-BR005-SKU017128BL,20251127,BR005,SKU017128BL,6
REG-20251127-BR005-SKU017128SI,20251127,BR005,SKU017128SI,14
REG-20251127-BR005-SKU017128PI,20251127,BR005,SKU017128PI,12
REG-20251127-BR005-SKU017256BL,20251127,BR005,SKU017256BL,10
REG-20251127-BR005-SKU017256SI,20251127,BR005,SKU017256SI,5
REG-20251127-BR005-SKU017256PI,20251127,BR005,SKU017256PI,9
REG-20251128-BR001-SKU015128BL,20251128,BR001,SKU015128BL,1
REG-20251128-BR001-SKU015128SI,20251128,BR001,SKU015128SI,1
REG-20251128-BR001-SKU015128PI,20251128,BR001,SKU015128PI,2
REG-20251128-BR001-SKU015256BL,20251128,BR001,SKU015256BL,2
REG-20251128-BR001-SKU015256SI,20251128,BR001,SKU015256SI,1
REG-20251128-BR001-SKU015256PI,20251128,BR001,SKU015256PI,1
REG-20251128-BR001-SKU016128BL,20251128,BR001,SKU016128BL,7
REG-20251128-BR001-SKU016128SI,20251128,BR001,SKU016128SI,9
REG-20251128-BR001-SKU016128PI,20251128,BR001,SKU016128PI,3
REG-20251128-BR001-SKU016256BL,20251128,BR001,SKU016256BL,4
REG-20251128-BR001-SKU016256SI,20251128,BR001,SKU016256SI,5
REG-20251128-BR001-SKU016256PI,20251128,BR001,SKU016256PI,3
REG-20251128-BR001-SKU017128BL,20251128,BR001,SKU017128BL,13
REG-20251128-BR001-SKU017128SI,20251128,BR001,SKU017128SI,11
REG-20251128-BR001-SKU017128PI,20251128,BR001,SKU017128PI,5
REG-20251128-BR001-SKU017256BL,20251128,BR001,SKU017256BL,13
REG-20251128-BR001-SKU017256SI,20251128,BR001,SKU017256SI,5
REG-20251128-BR001-SKU017256PI,20251128,BR001,SKU017256PI,9
REG-20251128-BR002-SKU015128BL,20251128,BR002,SKU015128BL,1
REG-20251128-BR002-SKU015128SI,20251128,BR002,SKU015128SI,6
REG-20251128-BR002-SKU015128PI,20251128,BR002,SKU015128PI,3
REG-20251128-BR002-SKU015256BL,20251128,BR002,SKU015256BL,1
REG-20251128-BR002-SKU015256SI,20251128,BR002,SKU015256SI,4
REG-20251128-BR002-SKU015256PI,20251128,BR002,SKU015256PI,2
REG-20251128-BR002-SKU016128BL,20251128,BR002,SKU016128BL,4
REG-20251128-BR002-SKU016128SI,20251128,BR002,SKU016128SI,4
REG-20251128-BR002-SKU016128PI,20251128,BR002,SKU016128PI,6
REG-20251128-BR002-SKU016256BL,20251128,BR002,SKU016256BL,2
REG-20251128-BR002-SKU016256SI,20251128,BR002,SKU016256SI,8
REG-20251128-BR002-SKU016256PI,20251128,BR002,SKU016256PI,7
REG-20251128-BR002-SKU017128BL,20251128,BR002,SKU017128BL,7
REG-20251128-BR002-SKU017128SI,20251128,BR002,SKU017128SI,14
REG-20251128-BR002-SKU017128PI,20251128,BR002,SKU017128PI,10
REG-20251128-BR002-SKU017256BL,20251128,BR002,SKU017256BL,10
REG-20251128-BR002-SKU017256SI,20251128,BR002,SKU017256SI,10
REG-20251128-BR002-SKU017256PI,20251128,BR002,SKU017256PI,7
REG-20251128-BR003-SKU015128BL,20251128,BR003,SKU015128BL,2
REG-20251128-BR003-SKU015128SI,20251128,BR003,SKU015128SI,3
REG-20251128-BR003-SKU015128PI,20251128,BR003,SKU015128PI,1
REG-20251128-BR003-SKU015256BL,20251128,BR003,SKU015256BL,1
REG-20251128-BR003-SKU015256SI,20251128,BR003,SKU015256SI,4
REG-20251128-BR003-SKU015256PI,20251128,BR003,SKU015256PI,4
REG-20251128-BR003-SKU016128BL,20251128,BR003,SKU016128BL,8
REG-20251128-BR003-SKU016128SI,20251128,BR003,SKU016128SI,7
REG-20251128-BR003-SKU016128PI,20251128,BR003,SKU016128PI,7
REG-20251128-BR003-SKU016256BL,20251128,BR003,SKU016256BL,6
REG-20251128-BR003-SKU016256SI,20251128,BR003,SKU016256SI,8
REG-20251128-BR003-SKU016256PI,20251128,BR003,SKU016256PI,8
REG-20251128-BR003-SKU017128BL,20251128,BR003,SKU017128BL,8
REG-20251128-BR003-SKU017128SI,20251128,BR003,SKU017128SI,8
REG-20251128-BR003-SKU017128PI,20251128,BR003,SKU017128PI,12
REG-20251128-BR003-SKU017256BL,20251128,BR003,SKU017256BL,6
REG-20251128-BR003-SKU017256SI,20251128,BR003,SKU017256SI,9
REG-20251128-BR003-SKU017256PI,20251128,BR003,SKU017256PI,11
REG-20251128-BR004-SKU015128BL,20251128,BR004,SKU015128BL,2
REG-20251128-BR004-SKU015128SI,20251128,BR004,SKU015128SI,2
REG-20251128-BR004-SKU015128PI,20251128,BR004,SKU015128PI,2
REG-20251128-BR004-SKU015256BL,20251128,BR004,SKU015256BL,2
REG-20251128-BR004-SKU015256SI,20251128,BR004,SKU015256SI,5
REG-20251128-BR004-SKU015256PI,20251128,BR004,SKU015256PI,4
REG-20251128-BR004-SKU016128BL,20251128,BR004,SKU016128BL,7
REG-20251128-BR004-SKU016128SI,20251128,BR004,SKU016128SI,5
REG-20251128-BR004-SKU016128PI,20251128,BR004,SKU016128PI,6
REG-20251128-BR004-SKU016256BL,20251128,BR004,SKU016256BL,8
REG-20251128-BR004-SKU016256SI,20251128,BR004,SKU016256SI,4
REG-20251128-BR004-SKU016256PI,20251128,BR004,SKU016256PI,10
REG-20251128-BR004-SKU017128BL,20251128,BR004,SKU017128BL,9
REG-20251128-BR004-SKU017128SI,20251128,BR004,SKU017128SI,14
REG-20251128-BR004-SKU017128PI,20251128,BR004,SKU017128PI,5
REG-20251128-BR004-SKU017256BL,20251128,BR004,SKU017256BL,8
REG-20251128-BR004-SKU017256SI,20251128,BR004,SKU017256SI,10
REG-20251128-BR004-SKU017256PI,20251128,BR004,SKU017256PI,9
REG-20251128-BR005-SKU015128BL,20251128,BR005,SKU015128BL,4
REG-20251128-BR005-SKU015128SI,20251128,BR005,SKU015128SI,3
REG-20251128-BR005-SKU015128PI,20251128,BR005,SKU015128PI,4
REG-20251128-BR005-SKU015256BL,20251128,BR005,SKU015256BL,6
REG-20251128-BR005-SKU015256SI,20251128,BR005,SKU015256SI,2
REG-20251128-BR005-SKU015256PI,20251128,BR005,SKU015256PI,5
REG-20251128-BR005-SKU016128BL,20251128,BR005,SKU016128BL,3
REG-20251128-BR005-SKU016128SI,20251128,BR005,SKU016128SI,4
REG-20251128-BR005-SKU016128PI,20251128,BR005,SKU016128PI,8
REG-20251128-BR005-SKU016256BL,20251128,BR005,SKU016256BL,1
REG-20251128-BR005-SKU016256SI,20251128,BR005,SKU016256SI,4
REG-20251128-BR005-SKU016256PI,20251128,BR005,SKU016256PI,7
REG-20251128-BR005-SKU017128BL,20251128,BR005,SKU017128BL,11
REG-20251128-BR005-SKU017128SI,20251128,BR005,SKU017128SI,10
REG-20251128-BR005-SKU017128PI,20251128,BR005,SKU017128PI,7
REG-20251128-BR005-SKU017256BL,20251128,BR005,SKU017256BL,12
REG-20251128-BR005-SKU017256SI,20251128,BR005,SKU017256SI,7
REG-20251128-BR005-SKU017256PI,20251128,BR005,SKU017256PI,12
REG-20251129-BR001-SKU015128BL,20251129,BR001,SKU015128BL,1
REG-20251129-BR001-SKU015128SI,20251129,BR001,SKU015128SI,1
REG-20251129-BR001-SKU015128PI,20251129,BR001,SKU015128PI,1
REG-20251129-BR001-SKU015256BL,20251129,BR001,SKU015256BL,1
REG-20251129-BR001-SKU015256SI,20251129,BR001,SKU015256SI,1
REG-20251129-BR001-SKU015256PI,20251129,BR001,SKU015256PI,3
REG-20251129-BR001-SKU016128BL,20251129,BR001,SKU016128BL,7
REG-20251129-BR001-SKU016128SI,20251129,BR001,SKU016128SI,2
REG-20251129-BR001-SKU016128PI,20251129,BR001,SKU016128PI,9
REG-20251129-BR001-SKU016256BL,20251129,BR001,SKU016256BL,2
REG-20251129-BR001-SKU016256SI,20251129,BR001,SKU016256SI,10
REG-20251129-BR001-SKU016256PI,20251129,BR001,SKU016256PI,1
REG-20251129-BR001-SKU017128BL,20251129,BR001,SKU017128BL,6
REG-20251129-BR001-SKU017128SI,20251129,BR001,SKU017128SI,9
REG-20251129-BR001-SKU017128PI,20251129,BR001,SKU017128PI,10
REG-20251129-BR001-SKU017256BL,20251129,BR001,SKU017256BL,7
REG-20251129-BR001-SKU017256SI,20251129,BR001,SKU017256SI,11
REG-20251129-BR001-SKU017256PI,20251129,BR001,SKU017256PI,9
REG-20251129-BR002-SKU015128BL,20251129,BR002,SKU015128BL,1
REG-20251129-BR002-SKU015128SI,20251129,BR002,SKU015128SI,2
REG-20251129-BR002-SKU015128PI,20251129,BR002,SKU015128PI,3
REG-20251129-BR002-SKU015256BL,20251129,BR002,SKU015256BL,4
REG-20251129-BR002-SKU015256SI,20251129,BR002,SKU015256SI,1
REG-20251129-BR002-SKU015256PI,20251129,BR002,SKU015256PI,3
REG-20251129-BR002-SKU016128BL,20251129,BR002,SKU016128BL,10
REG-20251129-BR002-SKU016128SI,20251129,BR002,SKU016128SI,6
REG-20251129-BR002-SKU016128PI,20251129,BR002,SKU016128PI,1
REG-20251129-BR002-SKU016256BL,20251129,BR002,SKU016256BL,5
REG-20251129-BR002-SKU016256SI,20251129,BR002,SKU016256SI,3
REG-20251129-BR002-SKU016256PI,20251129,BR002,SKU016256PI,8
REG-20251129-BR002-SKU017128BL,20251129,BR002,SKU017128BL,6
REG-20251129-BR002-SKU017128SI,20251129,BR002,SKU017128SI,8
REG-20251129-BR002-SKU017128PI,20251129,BR002,SKU017128PI,4
REG-20251129-BR002-SKU017256BL,20251129,BR002,SKU017256BL,8
REG-20251129-BR002-SKU017256SI,20251129,BR002,SKU017256SI,13
REG-20251129-BR002-SKU017256PI,20251129,BR002,SKU017256PI,12
REG-20251129-BR003-SKU015128BL,20251129,BR003,SKU015128BL,1
REG-20251129-BR003-SKU015128SI,20251129,BR003,SKU015128SI,1
REG-20251129-BR003-SKU015128PI,20251129,BR003,SKU015128PI,5
REG-20251129-BR003-SKU015256BL,20251129,BR003,SKU015256BL,3
REG-20251129-BR003-SKU015256SI,20251129,BR003,SKU015256SI,6
REG-20251129-BR003-SKU015256PI,20251129,BR003,SKU015256PI,2
REG-20251129-BR003-SKU016128BL,20251129,BR003,SKU016128BL,7
REG-20251129-BR003-SKU016128SI,20251129,BR003,SKU016128SI,5
REG-20251129-BR003-SKU016128PI,20251129,BR003,SKU016128PI,8
REG-20251129-BR003-SKU016256BL,20251129,BR003,SKU016256BL,5
REG-20251129-BR003-SKU016256SI,20251129,BR003,SKU016256SI,4
REG-20251129-BR003-SKU016256PI,20251129,BR003,SKU016256PI,9
REG-20251129-BR003-SKU017128BL,20251129,BR003,SKU017128BL,12
REG-20251129-BR003-SKU017128SI,20251129,BR003,SKU017128SI,8
REG-20251129-BR003-SKU017128PI,20251129,BR003,SKU017128PI,5
REG-20251129-BR003-SKU017256BL,20251129,BR003,SKU017256BL,10
REG-20251129-BR003-SKU017256SI,20251129,BR003,SKU017256SI,10
REG-20251129-BR003-SKU017256PI,20251129,BR003,SKU017256PI,8
REG-20251129-BR004-SKU015128BL,20251129,BR004,SKU015128BL,4
REG-20251129-BR004-SKU015128SI,20251129,BR004,SKU015128SI,2
REG-20251129-BR004-SKU015128PI,20251129,BR004,SKU015128PI,2
REG-20251129-BR004-SKU015256BL,20251129,BR004,SKU015256BL,6
REG-20251129-BR004-SKU015256SI,20251129,BR004,SKU015256SI,2
REG-20251129-BR004-SKU015256PI,20251129,BR004,SKU015256PI,1
REG-20251129-BR004-SKU016128BL,20251129,BR004,SKU016128BL,4
REG-20251129-BR004-SKU016128SI,20251129,BR004,SKU016128SI,8
REG-20251129-BR004-SKU016128PI,20251129,BR004,SKU016128PI,5
REG-20251129-BR004-SKU016256BL,20251129,BR004,SKU016256BL,4
REG-20251129-BR004-SKU016256SI,20251129,BR004,SKU016256SI,7
REG-20251129-BR004-SKU016256PI,20251129,BR004,SKU016256PI,9
REG-20251129-BR004-SKU017128BL,20251129,BR004,SKU017128BL,9
REG-20251129-BR004-SKU017128SI,20251129,BR004,SKU017128SI,11
REG-20251129-BR004-SKU017128PI,20251129,BR004,SKU017128PI,9
REG-20251129-BR004-SKU017256BL,20251129,BR004,SKU017256BL,9
REG-20251129-BR004-SKU017256SI,20251129,BR004,SKU017256SI,10
REG-20251129-BR004-SKU017256PI,20251129,BR004,SKU017256PI,6
REG-20251129-BR005-SKU015128BL,20251129,BR005,SKU015128BL,4
REG-20251129-BR005-SKU015128SI,20251129,BR005,SKU015128SI,1
REG-20251129-BR005-SKU015128PI,20251129,BR005,SKU015128PI,4
REG-20251129-BR005-SKU015256BL,20251129,BR005,SKU015256BL,1
REG-20251129-BR005-SKU015256SI,20251129,BR005,SKU015256SI,1
REG-20251129-BR005-SKU015256PI,20251129,BR005,SKU015256PI,3
REG-20251129-BR005-SKU016128BL,20251129,BR005,SKU016128BL,10
REG-20251129-BR005-SKU016128SI,20251129,BR005,SKU016128SI,3
REG-20251129-BR005-SKU016128PI,20251129,BR005,SKU016128PI,5
REG-20251129-BR005-SKU016256BL,20251129,BR005,SKU016256BL,6
REG-20251129-BR005-SKU016256SI,20251129,BR005,SKU016256SI,4
REG-20251129-BR005-SKU016256PI,20251129,BR005,SKU016256PI,5
REG-20251129-BR005-SKU017128BL,20251129,BR005,SKU017128BL,8
REG-20251129-BR005-SKU017128SI,20251129,BR005,SKU017128SI,9
REG-20251129-BR005-SKU017128PI,20251129,BR005,SKU017128PI,8
REG-20251129-BR005-SKU017256BL,20251129,BR005,SKU017256BL,5
REG-20251129-BR005-SKU017256SI,20251129,BR005,SKU017256SI,8
REG-20251129-BR005-SKU017256PI,20251129,BR005,SKU017256PI,7
REG-20251130-BR001-SKU015128BL,20251130,BR001,SKU015128BL,2
REG-20251130-BR001-SKU015128SI,20251130,BR001,SKU015128SI,5
REG-20251130-BR001-SKU015128PI,20251130,BR001,SKU015128PI,1
REG-20251130-BR001-SKU015256BL,20251130,BR001,SKU015256BL,1
REG-20251130-BR001-SKU015256SI,20251130,BR001,SKU015256SI,1
REG-20251130-BR001-SKU015256PI,20251130,BR001,SKU015256PI,1
REG-20251130-BR001-SKU016128BL,20251130,BR001,SKU016128BL,6
REG-20251130-BR001-SKU016128SI,20251130,BR001,SKU016128SI,4
REG-20251130-BR001-SKU016128PI,20251130,BR001,SKU016128PI,7
REG-20251130-BR001-SKU016256BL,20251130,BR001,SKU016256BL,7
REG-20251130-BR001-SKU016256SI,20251130,BR001,SKU016256SI,6
REG-20251130-BR001-SKU016256PI,20251130,BR001,SKU016256PI,3
REG-20251130-BR001-SKU017128BL,20251130,BR001,SKU017128BL,5
REG-20251130-BR001-SKU017128SI,20251130,BR001,SKU017128SI,7
REG-20251130-BR001-SKU017128PI,20251130,BR001,SKU017128PI,7
REG-20251130-BR001-SKU017256BL,20251130,BR001,SKU017256BL,6
REG-20251130-BR001-SKU017256SI,20251130,BR001,SKU017256SI,6
REG-20251130-BR001-SKU017256PI,20251130,BR001,SKU017256PI,6
REG-20251130-BR002-SKU015128BL,20251130,BR002,SKU015128BL,1
REG-20251130-BR002-SKU015128SI,20251130,BR002,SKU015128SI,4
REG-20251130-BR002-SKU015128PI,20251130,BR002,SKU015128PI,5
REG-20251130-BR002-SKU015256BL,20251130,BR002,SKU015256BL,4
REG-20251130-BR002-SKU015256SI,20251130,BR002,SKU015256SI,3
REG-20251130-BR002-SKU015256PI,20251130,BR002,SKU015256PI,1
REG-20251130-BR002-SKU016128BL,20251130,BR002,SKU016128BL,7
REG-20251130-BR002-SKU016128SI,20251130,BR002,SKU016128SI,6
REG-20251130-BR002-SKU016128PI,20251130,BR002,SKU016128PI,1
REG-20251130-BR002-SKU016256BL,20251130,BR002,SKU016256BL,5
REG-20251130-BR002-SKU016256SI,20251130,BR002,SKU016256SI,3
REG-20251130-BR002-SKU016256PI,20251130,BR002,SKU016256PI,8
REG-20251130-BR002-SKU017128BL,20251130,BR002,SKU017128BL,13
REG-20251130-BR002-SKU017128SI,20251130,BR002,SKU017128SI,13
REG-20251130-BR002-SKU017128PI,20251130,BR002,SKU017128PI,14
REG-20251130-BR002-SKU017256BL,20251130,BR002,SKU017256BL,12
REG-20251130-BR002-SKU017256SI,20251130,BR002,SKU017256SI,11
REG-20251130-BR002-SKU017256PI,20251130,BR002,SKU017256PI,10
REG-20251130-BR003-SKU015128BL,20251130,BR003,SKU015128BL,3
REG-20251130-BR003-SKU015128SI,20251130,BR003,SKU015128SI,1
REG-20251130-BR003-SKU015128PI,20251130,BR003,SKU015128PI,3
REG-20251130-BR003-SKU015256BL,20251130,BR003,SKU015256BL,3
REG-20251130-BR003-SKU015256SI,20251130,BR003,SKU015256SI,3
REG-20251130-BR003-SKU015256PI,20251130,BR003,SKU015256PI,5
REG-20251130-BR003-SKU016128BL,20251130,BR003,SKU016128BL,6
REG-20251130-BR003-SKU016128SI,20251130,BR003,SKU016128SI,3
REG-20251130-BR003-SKU016128PI,20251130,BR003,SKU016128PI,6
REG-20251130-BR003-SKU016256BL,20251130,BR003,SKU016256BL,2
REG-20251130-BR003-SKU016256SI,20251130,BR003,SKU016256SI,5
REG-20251130-BR003-SKU016256PI,20251130,BR003,SKU016256PI,7
REG-20251130-BR003-SKU017128BL,20251130,BR003,SKU017128BL,14
REG-20251130-BR003-SKU017128SI,20251130,BR003,SKU017128SI,7
REG-20251130-BR003-SKU017128PI,20251130,BR003,SKU017128PI,10
REG-20251130-BR003-SKU017256BL,20251130,BR003,SKU017256BL,5
REG-20251130-BR003-SKU017256SI,20251130,BR003,SKU017256SI,9
REG-20251130-BR003-SKU017256PI,20251130,BR003,SKU017256PI,10
REG-20251130-BR004-SKU015128BL,20251130,BR004,SKU015128BL,5
REG-20251130-BR004-SKU015128SI,20251130,BR004,SKU015128SI,4
REG-20251130-BR004-SKU015128PI,20251130,BR004,SKU015128PI,3
REG-20251130-BR004-SKU015256BL,20251130,BR004,SKU015256BL,3
REG-20251130-BR004-SKU015256SI,20251130,BR004,SKU015256SI,1
REG-20251130-BR004-SKU015256PI,20251130,BR004,SKU015256PI,1
REG-20251130-BR004-SKU016128BL,20251130,BR004,SKU016128BL,5
REG-20251130-BR004-SKU016128SI,20251130,BR004,SKU016128SI,3
REG-20251130-BR004-SKU016128PI,20251130,BR004,SKU016128PI,7
REG-20251130-BR004-SKU016256BL,20251130,BR004,SKU016256BL,9
REG-20251130-BR004-SKU016256SI,20251130,BR004,SKU016256SI,5
REG-20251130-BR004-SKU016256PI,20251130,BR004,SKU016256PI,5
REG-20251130-BR004-SKU017128BL,20251130,BR004,SKU017128BL,10
REG-20251130-BR004-SKU017128SI,20251130,BR004,SKU017128SI,10
REG-20251130-BR004-SKU017128PI,20251130,BR004,SKU017128PI,10
REG-20251130-BR004-SKU017256BL,20251130,BR004,SKU017256BL,8
REG-20251130-BR004-SKU017256SI,20251130,BR004,SKU017256SI,5
REG-20251130-BR004-SKU017256PI,20251130,BR004,SKU017256PI,5
REG-20251130-BR005-SKU015128BL,20251130,BR005,SKU015128BL,1
REG-20251130-BR005-SKU015128SI,20251130,BR005,SKU015128SI,3
REG-20251130-BR005-SKU015128PI,20251130,BR005,SKU015128PI,4
REG-20251130-BR005-SKU015256BL,20251130,BR005,SKU015256BL,1
REG-20251130-BR005-SKU015256SI,20251130,BR005,SKU015256SI,5
REG-20251130-BR005-SKU015256PI,20251130,BR005,SKU015256PI,5
REG-20251130-BR005-SKU016128BL,20251130,BR005,SKU016128BL,6
REG-20251130-BR005-SKU016128SI,20251130,BR005,SKU016128SI,7
REG-20251130-BR005-SKU016128PI,20251130,BR005,SKU016128PI,5
REG-20251130-BR005-SKU016256BL,20251130,BR005,SKU016256BL,5
REG-20251130-BR005-SKU016256SI,20251130,BR005,SKU016256SI,5
REG-20251130-BR005-SKU016256PI,20251130,BR005,SKU016256PI,7
REG-20251130-BR005-SKU017128BL,20251130,BR005,SKU017128BL,13
REG-20251130-BR005-SKU017128SI,20251130,BR005,SKU017128SI,7
REG-20251130-BR005-SKU017128PI,20251130,BR005,SKU017128PI,5
REG-20251130-BR005-SKU017256BL,20251130,BR005,SKU017256BL,11
REG-20251130-BR005-SKU017256SI,20251130,BR005,SKU017256SI,12
REG-20251130-BR005-SKU017256PI,20251130,BR005,SKU017256PI,6
REG-20251201-BR001-SKU015128BL,20251201,BR001,SKU015128BL,1
REG-20251201-BR001-SKU015128SI,20251201,BR001,SKU015128SI,5
REG-20251201-BR001-SKU015128PI,20251201,BR001,SKU015128PI,4
REG-20251201-BR001-SKU015256BL,20251201,BR001,SKU015256BL,1
REG-20251201-BR001-SKU015256SI,20251201,BR001,SKU015256SI,1
REG-20251201-BR001-SKU015256PI,20251201,BR001,SKU015256PI,1
REG-20251201-BR001-SKU016128BL,20251201,BR001,SKU016128BL,9
REG-20251201-BR001-SKU016128SI,20251201,BR001,SKU016128SI,6
REG-20251201-BR001-SKU016128PI,20251201,BR001,SKU016128PI,6
REG-20251201-BR001-SKU016256BL,20251201,BR001,SKU016256BL,11
REG-20251201-BR001-SKU016256SI,20251201,BR001,SKU016256SI,5
REG-20251201-BR001-SKU016256PI,20251201,BR001,SKU016256PI,1
REG-20251201-BR001-SKU017128BL,20251201,BR001,SKU017128BL,7
REG-20251201-BR001-SKU017128SI,20251201,BR001,SKU017128SI,12
REG-20251201-BR001-SKU017128PI,20251201,BR001,SKU017128PI,6
REG-20251201-BR001-SKU017256BL,20251201,BR001,SKU017256BL,14
REG-20251201-BR001-SKU017256SI,20251201,BR001,SKU017256SI,13
REG-20251201-BR001-SKU017256PI,20251201,BR001,SKU017256PI,8
REG-20251201-BR002-SKU015128BL,20251201,BR002,SKU015128BL,5
REG-20251201-BR002-SKU015128SI,20251201,BR002,SKU015128SI,4
REG-20251201-BR002-SKU015128PI,20251201,BR002,SKU015128PI,5
REG-20251201-BR002-SKU015256BL,20251201,BR002,SKU015256BL,3
REG-20251201-BR002-SKU015256SI,20251201,BR002,SKU015256SI,4
REG-20251201-BR002-SKU015256PI,20251201,BR002,SKU015256PI,5
REG-20251201-BR002-SKU016128BL,20251201,BR002,SKU016128BL,4
REG-20251201-BR002-SKU016128SI,20251201,BR002,SKU016128SI,4
REG-20251201-BR002-SKU016128PI,20251201,BR002,SKU016128PI,7
REG-20251201-BR002-SKU016256BL,20251201,BR002,SKU016256BL,8
REG-20251201-BR002-SKU016256SI,20251201,BR002,SKU016256SI,7
REG-20251201-BR002-SKU016256PI,20251201,BR002,SKU016256PI,11
REG-20251201-BR002-SKU017128BL,20251201,BR002,SKU017128BL,8
REG-20251201-BR002-SKU017128SI,20251201,BR002,SKU017128SI,11
REG-20251201-BR002-SKU017128PI,20251201,BR002,SKU017128PI,6
REG-20251201-BR002-SKU017256BL,20251201,BR002,SKU017256BL,9
REG-20251201-BR002-SKU017256SI,20251201,BR002,SKU017256SI,11
REG-20251201-BR002-SKU017256PI,20251201,BR002,SKU017256PI,7
REG-20251201-BR003-SKU015128BL,20251201,BR003,SKU015128BL,4
REG-20251201-BR003-SKU015128SI,20251201,BR003,SKU015128SI,6
REG-20251201-BR003-SKU015128PI,20251201,BR003,SKU015128PI,3
REG-20251201-BR003-SKU015256BL,20251201,BR003,SKU015256BL,1
REG-20251201-BR003-SKU015256SI,20251201,BR003,SKU015256SI,4
REG-20251201-BR003-SKU015256PI,20251201,BR003,SKU015256PI,3
REG-20251201-BR003-SKU016128BL,20251201,BR003,SKU016128BL,4
REG-20251201-BR003-SKU016128SI,20251201,BR003,SKU016128SI,8
REG-20251201-BR003-SKU016128PI,20251201,BR003,SKU016128PI,6
REG-20251201-BR003-SKU016256BL,20251201,BR003,SKU016256BL,8
REG-20251201-BR003-SKU016256SI,20251201,BR003,SKU016256SI,3
REG-20251201-BR003-SKU016256PI,20251201,BR003,SKU016256PI,4
REG-20251201-BR003-SKU017128BL,20251201,BR003,SKU017128BL,10
REG-20251201-BR003-SKU017128SI,20251201,BR003,SKU017128SI,16
REG-20251201-BR003-SKU017128PI,20251201,BR003,SKU017128PI,16
REG-20251201-BR003-SKU017256BL,20251201,BR003,SKU017256BL,11
REG-20251201-BR003-SKU017256SI,20251201,BR003,SKU017256SI,13
REG-20251201-BR003-SKU017256PI,20251201,BR003,SKU017256PI,10
REG-20251201-BR004-SKU015128BL,20251201,BR004,SKU015128BL,2
REG-20251201-BR004-SKU015128SI,20251201,BR004,SKU015128SI,4
REG-20251201-BR004-SKU015128PI,20251201,BR004,SKU015128PI,5
REG-20251201-BR004-SKU015256BL,20251201,BR004,SKU015256BL,3
REG-20251201-BR004-SKU015256SI,20251201,BR004,SKU015256SI,1
REG-20251201-BR004-SKU015256PI,20251201,BR004,SKU015256PI,1
REG-20251201-BR004-SKU016128BL,20251201,BR004,SKU016128BL,7
REG-20251201-BR004-SKU016128SI,20251201,BR004,SKU016128SI,8
REG-20251201-BR004-SKU016128PI,20251201,BR004,SKU016128PI,2
REG-20251201-BR004-SKU016256BL,20251201,BR004,SKU016256BL,1
REG-20251201-BR004-SKU016256SI,20251201,BR004,SKU016256SI,6
REG-20251201-BR004-SKU016256PI,20251201,BR004,SKU016256PI,2
REG-20251201-BR004-SKU017128BL,20251201,BR004,SKU017128BL,11
REG-20251201-BR004-SKU017128SI,20251201,BR004,SKU017128SI,15
REG-20251201-BR004-SKU017128PI,20251201,BR004,SKU017128PI,5
REG-20251201-BR004-SKU017256BL,20251201,BR004,SKU017256BL,9
REG-20251201-BR004-SKU017256SI,20251201,BR004,SKU017256SI,11
REG-20251201-BR004-SKU017256PI,20251201,BR004,SKU017256PI,8
REG-20251201-BR005-SKU015128BL,20251201,BR005,SKU015128BL,1
REG-20251201-BR005-SKU015128SI,20251201,BR005,SKU015128SI,1
REG-20251201-BR005-SKU015128PI,20251201,BR005,SKU015128PI,3
REG-20251201-BR005-SKU015256BL,20251201,BR005,SKU015256BL,3
REG-20251201-BR005-SKU015256SI,20251201,BR005,SKU015256SI,5
REG-20251201-BR005-SKU015256PI,20251201,BR005,SKU015256PI,5
REG-20251201-BR005-SKU016128BL,20251201,BR005,SKU016128BL,7
REG-20251201-BR005-SKU016128SI,20251201,BR005,SKU016128SI,9
REG-20251201-BR005-SKU016128PI,20251201,BR005,SKU016128PI,3
REG-20251201-BR005-SKU016256BL,20251201,BR005,SKU016256BL,9
REG-20251201-BR005-SKU016256SI,20251201,BR005,SKU016256SI,5
REG-20251201-BR005-SKU016256PI,20251201,BR005,SKU016256PI,12
REG-20251201-BR005-SKU017128BL,20251201,BR005,SKU017128BL,8
REG-20251201-BR005-SKU017128SI,20251201,BR005,SKU017128SI,10
REG-20251201-BR005-SKU017128PI,20251201,BR005,SKU017128PI,7
REG-20251201-BR005-SKU017256BL,20251201,BR005,SKU017256BL,12
REG-20251201-BR005-SKU017256SI,20251201,BR005,SKU017256SI,16
REG-20251201-BR005-SKU017256PI,20251201,BR005,SKU017256PI,15
REG-20251202-BR001-SKU015128BL,20251202,BR001,SKU015128BL,3
REG-20251202-BR001-SKU015128SI,20251202,BR001,SKU015128SI,6
REG-20251202-BR001-SKU015128PI,20251202,BR001,SKU015128PI,2
REG-20251202-BR001-SKU015256BL,20251202,BR001,SKU015256BL,2
REG-20251202-BR001-SKU015256SI,20251202,BR001,SKU015256SI,3
REG-20251202-BR001-SKU015256PI,20251202,BR001,SKU015256PI,1
REG-20251202-BR001-SKU016128BL,20251202,BR001,SKU016128BL,1
REG-20251202-BR001-SKU016128SI,20251202,BR001,SKU016128SI,5
REG-20251202-BR001-SKU016128PI,20251202,BR001,SKU016128PI,2
REG-20251202-BR001-SKU016256BL,20251202,BR001,SKU016256BL,4
REG-20251202-BR001-SKU016256SI,20251202,BR001,SKU016256SI,4
REG-20251202-BR001-SKU016256PI,20251202,BR001,SKU016256PI,8
REG-20251202-BR001-SKU017128BL,20251202,BR001,SKU017128BL,11
REG-20251202-BR001-SKU017128SI,20251202,BR001,SKU017128SI,15
REG-20251202-BR001-SKU017128PI,20251202,BR001,SKU017128PI,11
REG-20251202-BR001-SKU017256BL,20251202,BR001,SKU017256BL,15
REG-20251202-BR001-SKU017256SI,20251202,BR001,SKU017256SI,9
REG-20251202-BR001-SKU017256PI,20251202,BR001,SKU017256PI,10
REG-20251202-BR002-SKU015128BL,20251202,BR002,SKU015128BL,3
REG-20251202-BR002-SKU015128SI,20251202,BR002,SKU015128SI,2
REG-20251202-BR002-SKU015128PI,20251202,BR002,SKU015128PI,4
REG-20251202-BR002-SKU015256BL,20251202,BR002,SKU015256BL,1
REG-20251202-BR002-SKU015256SI,20251202,BR002,SKU015256SI,1
REG-20251202-BR002-SKU015256PI,20251202,BR002,SKU015256PI,4
REG-20251202-BR002-SKU016128BL,20251202,BR002,SKU016128BL,6
REG-20251202-BR002-SKU016128SI,20251202,BR002,SKU016128SI,8
REG-20251202-BR002-SKU016128PI,20251202,BR002,SKU016128PI,10
REG-20251202-BR002-SKU016256BL,20251202,BR002,SKU016256BL,6
REG-20251202-BR002-SKU016256SI,20251202,BR002,SKU016256SI,7
REG-20251202-BR002-SKU016256PI,20251202,BR002,SKU016256PI,10
REG-20251202-BR002-SKU017128BL,20251202,BR002,SKU017128BL,7
REG-20251202-BR002-SKU017128SI,20251202,BR002,SKU017128SI,9
REG-20251202-BR002-SKU017128PI,20251202,BR002,SKU017128PI,12
REG-20251202-BR002-SKU017256BL,20251202,BR002,SKU017256BL,15
REG-20251202-BR002-SKU017256SI,20251202,BR002,SKU017256SI,7
REG-20251202-BR002-SKU017256PI,20251202,BR002,SKU017256PI,8
REG-20251202-BR003-SKU015128BL,20251202,BR003,SKU015128BL,5
REG-20251202-BR003-SKU015128SI,20251202,BR003,SKU015128SI,1
REG-20251202-BR003-SKU015128PI,20251202,BR003,SKU015128PI,3
REG-20251202-BR003-SKU015256BL,20251202,BR003,SKU015256BL,1
REG-20251202-BR003-SKU015256SI,20251202,BR003,SKU015256SI,5
REG-20251202-BR003-SKU015256PI,20251202,BR003,SKU015256PI,3
REG-20251202-BR003-SKU016128BL,20251202,BR003,SKU016128BL,1
REG-20251202-BR003-SKU016128SI,20251202,BR003,SKU016128SI,9
REG-20251202-BR003-SKU016128PI,20251202,BR003,SKU016128PI,4
REG-20251202-BR003-SKU016256BL,20251202,BR003,SKU016256BL,5
REG-20251202-BR003-SKU016256SI,20251202,BR003,SKU016256SI,12
REG-20251202-BR003-SKU016256PI,20251202,BR003,SKU016256PI,8
REG-20251202-BR003-SKU017128BL,20251202,BR003,SKU017128BL,16
REG-20251202-BR003-SKU017128SI,20251202,BR003,SKU017128SI,11
REG-20251202-BR003-SKU017128PI,20251202,BR003,SKU017128PI,7
REG-20251202-BR003-SKU017256BL,20251202,BR003,SKU017256BL,13
REG-20251202-BR003-SKU017256SI,20251202,BR003,SKU017256SI,13
REG-20251202-BR003-SKU017256PI,20251202,BR003,SKU017256PI,11
REG-20251202-BR004-SKU015128BL,20251202,BR004,SKU015128BL,2
REG-20251202-BR004-SKU015128SI,20251202,BR004,SKU015128SI,2
REG-20251202-BR004-SKU015128PI,20251202,BR004,SKU015128PI,6
REG-20251202-BR004-SKU015256BL,20251202,BR004,SKU015256BL,2
REG-20251202-BR004-SKU015256SI,20251202,BR004,SKU015256SI,3
REG-20251202-BR004-SKU015256PI,20251202,BR004,SKU015256PI,3
REG-20251202-BR004-SKU016128BL,20251202,BR004,SKU016128BL,8
REG-20251202-BR004-SKU016128SI,20251202,BR004,SKU016128SI,7
REG-20251202-BR004-SKU016128PI,20251202,BR004,SKU016128PI,7
REG-20251202-BR004-SKU016256BL,20251202,BR004,SKU016256BL,4
REG-20251202-BR004-SKU016256SI,20251202,BR004,SKU016256SI,8
REG-20251202-BR004-SKU016256PI,20251202,BR004,SKU016256PI,2
REG-20251202-BR004-SKU017128BL,20251202,BR004,SKU017128BL,14
REG-20251202-BR004-SKU017128SI,20251202,BR004,SKU017128SI,12
REG-20251202-BR004-SKU017128PI,20251202,BR004,SKU017128PI,12
REG-20251202-BR004-SKU017256BL,20251202,BR004,SKU017256BL,7
REG-20251202-BR004-SKU017256SI,20251202,BR004,SKU017256SI,12
REG-20251202-BR004-SKU017256PI,20251202,BR004,SKU017256PI,13
REG-20251202-BR005-SKU015128BL,20251202,BR005,SKU015128BL,2
REG-20251202-BR005-SKU015128SI,20251202,BR005,SKU015128SI,4
REG-20251202-BR005-SKU015128PI,20251202,BR005,SKU015128PI,1
REG-20251202-BR005-SKU015256BL,20251202,BR005,SKU015256BL,3
REG-20251202-BR005-SKU015256SI,20251202,BR005,SKU015256SI,2
REG-20251202-BR005-SKU015256PI,20251202,BR005,SKU015256PI,1
REG-20251202-BR005-SKU016128BL,20251202,BR005,SKU016128BL,11
REG-20251202-BR005-SKU016128SI,20251202,BR005,SKU016128SI,3
REG-20251202-BR005-SKU016128PI,20251202,BR005,SKU016128PI,9
REG-20251202-BR005-SKU016256BL,20251202,BR005,SKU016256BL,5
REG-20251202-BR005-SKU016256SI,20251202,BR005,SKU016256SI,2
REG-20251202-BR005-SKU016256PI,20251202,BR005,SKU016256PI,10
REG-20251202-BR005-SKU017128BL,20251202,BR005,SKU017128BL,9
REG-20251202-BR005-SKU017128SI,20251202,BR005,SKU017128SI,12
REG-20251202-BR005-SKU017128PI,20251202,BR005,SKU017128PI,10
REG-20251202-BR005-SKU017256BL,20251202,BR005,SKU017256BL,9
REG-20251202-BR005-SKU017256SI,20251202,BR005,SKU017256SI,11
REG-20251202-BR005-SKU017256PI,20251202,BR005,SKU017256PI,11
REG-20251203-BR001-SKU015128BL,20251203,BR001,SKU015128BL,1
REG-20251203-BR001-SKU015128SI,20251203,BR001,SKU015128SI,1
REG-20251203-BR001-SKU015128PI,20251203,BR001,SKU015128PI,1
REG-20251203-BR001-SKU015256BL,20251203,BR001,SKU015256BL,1
REG-20251203-BR001-SKU015256SI,20251203,BR001,SKU015256SI,1
REG-20251203-BR001-SKU015256PI,20251203,BR001,SKU015256PI,5
REG-20251203-BR001-SKU016128BL,20251203,BR001,SKU016128BL,5
REG-20251203-BR001-SKU016128SI,20251203,BR001,SKU016128SI,10
REG-20251203-BR001-SKU016128PI,20251203,BR001,SKU016128PI,7
REG-20251203-BR001-SKU016256BL,20251203,BR001,SKU016256BL,9
REG-20251203-BR001-SKU016256SI,20251203,BR001,SKU016256SI,4
REG-20251203-BR001-SKU016256PI,20251203,BR001,SKU016256PI,4
REG-20251203-BR001-SKU017128BL,20251203,BR001,SKU017128BL,12
REG-20251203-BR001-SKU017128SI,20251203,BR001,SKU017128SI,13
REG-20251203-BR001-SKU017128PI,20251203,BR001,SKU017128PI,9
REG-20251203-BR001-SKU017256BL,20251203,BR001,SKU017256BL,5
REG-20251203-BR001-SKU017256SI,20251203,BR001,SKU017256SI,8
REG-20251203-BR001-SKU017256PI,20251203,BR001,SKU017256PI,12
REG-20251203-BR002-SKU015128BL,20251203,BR002,SKU015128BL,3
REG-20251203-BR002-SKU015128SI,20251203,BR002,SKU015128SI,1
REG-20251203-BR002-SKU015128PI,20251203,BR002,SKU015128PI,4
REG-20251203-BR002-SKU015256BL,20251203,BR002,SKU015256BL,3
REG-20251203-BR002-SKU015256SI,20251203,BR002,SKU015256SI,4
REG-20251203-BR002-SKU015256PI,20251203,BR002,SKU015256PI,1
REG-20251203-BR002-SKU016128BL,20251203,BR002,SKU016128BL,10
REG-20251203-BR002-SKU016128SI,20251203,BR002,SKU016128SI,7
REG-20251203-BR002-SKU016128PI,20251203,BR002,SKU016128PI,9
REG-20251203-BR002-SKU016256BL,20251203,BR002,SKU016256BL,11
REG-20251203-BR002-SKU016256SI,20251203,BR002,SKU016256SI,10
REG-20251203-BR002-SKU016256PI,20251203,BR002,SKU016256PI,7
REG-20251203-BR002-SKU017128BL,20251203,BR002,SKU017128BL,12
REG-20251203-BR002-SKU017128SI,20251203,BR002,SKU017128SI,4
REG-20251203-BR002-SKU017128PI,20251203,BR002,SKU017128PI,14
REG-20251203-BR002-SKU017256BL,20251203,BR002,SKU017256BL,8
REG-20251203-BR002-SKU017256SI,20251203,BR002,SKU017256SI,11
REG-20251203-BR002-SKU017256PI,20251203,BR002,SKU017256PI,13
REG-20251203-BR003-SKU015128BL,20251203,BR003,SKU015128BL,3
REG-20251203-BR003-SKU015128SI,20251203,BR003,SKU015128SI,4
REG-20251203-BR003-SKU015128PI,20251203,BR003,SKU015128PI,1
REG-20251203-BR003-SKU015256BL,20251203,BR003,SKU015256BL,3
REG-20251203-BR003-SKU015256SI,20251203,BR003,SKU015256SI,3
REG-20251203-BR003-SKU015256PI,20251203,BR003,SKU015256PI,3
REG-20251203-BR003-SKU016128BL,20251203,BR003,SKU016128BL,9
REG-20251203-BR003-SKU016128SI,20251203,BR003,SKU016128SI,9
REG-20251203-BR003-SKU016128PI,20251203,BR003,SKU016128PI,5
REG-20251203-BR003-SKU016256BL,20251203,BR003,SKU016256BL,3
REG-20251203-BR003-SKU016256SI,20251203,BR003,SKU016256SI,5
REG-20251203-BR003-SKU016256PI,20251203,BR003,SKU016256PI,10
REG-20251203-BR003-SKU017128BL,20251203,BR003,SKU017128BL,9
REG-20251203-BR003-SKU017128SI,20251203,BR003,SKU017128SI,5
REG-20251203-BR003-SKU017128PI,20251203,BR003,SKU017128PI,10
REG-20251203-BR003-SKU017256BL,20251203,BR003,SKU017256BL,12
REG-20251203-BR003-SKU017256SI,20251203,BR003,SKU017256SI,9
REG-20251203-BR003-SKU017256PI,20251203,BR003,SKU017256PI,14
REG-20251203-BR004-SKU015128BL,20251203,BR004,SKU015128BL,3
REG-20251203-BR004-SKU015128SI,20251203,BR004,SKU015128SI,1
REG-20251203-BR004-SKU015128PI,20251203,BR004,SKU015128PI,5
REG-20251203-BR004-SKU015256BL,20251203,BR004,SKU015256BL,4
REG-20251203-BR004-SKU015256SI,20251203,BR004,SKU015256SI,1
REG-20251203-BR004-SKU015256PI,20251203,BR004,SKU015256PI,3
REG-20251203-BR004-SKU016128BL,20251203,BR004,SKU016128BL,3
REG-20251203-BR004-SKU016128SI,20251203,BR004,SKU016128SI,7
REG-20251203-BR004-SKU016128PI,20251203,BR004,SKU016128PI,11
REG-20251203-BR004-SKU016256BL,20251203,BR004,SKU016256BL,3
REG-20251203-BR004-SKU016256SI,20251203,BR004,SKU016256SI,1
REG-20251203-BR004-SKU016256PI,20251203,BR004,SKU016256PI,6
REG-20251203-BR004-SKU017128BL,20251203,BR004,SKU017128BL,11
REG-20251203-BR004-SKU017128SI,20251203,BR004,SKU017128SI,11
REG-20251203-BR004-SKU017128PI,20251203,BR004,SKU017128PI,12
REG-20251203-BR004-SKU017256BL,20251203,BR004,SKU017256BL,6
REG-20251203-BR004-SKU017256SI,20251203,BR004,SKU017256SI,6
REG-20251203-BR004-SKU017256PI,20251203,BR004,SKU017256PI,13
REG-20251203-BR005-SKU015128BL,20251203,BR005,SKU015128BL,3
REG-20251203-BR005-SKU015128SI,20251203,BR005,SKU015128SI,5
REG-20251203-BR005-SKU015128PI,20251203,BR005,SKU015128PI,1
REG-20251203-BR005-SKU015256BL,20251203,BR005,SKU015256BL,3
REG-20251203-BR005-SKU015256SI,20251203,BR005,SKU015256SI,4
REG-20251203-BR005-SKU015256PI,20251203,BR005,SKU015256PI,1
REG-20251203-BR005-SKU016128BL,20251203,BR005,SKU016128BL,4
REG-20251203-BR005-SKU016128SI,20251203,BR005,SKU016128SI,3
REG-20251203-BR005-SKU016128PI,20251203,BR005,SKU016128PI,5
REG-20251203-BR005-SKU016256BL,20251203,BR005,SKU016256BL,1
REG-20251203-BR005-SKU016256SI,20251203,BR005,SKU016256SI,5
REG-20251203-BR005-SKU016256PI,20251203,BR005,SKU016256PI,7
REG-20251203-BR005-SKU017128BL,20251203,BR005,SKU017128BL,16
REG-20251203-BR005-SKU017128SI,20251203,BR005,SKU017128SI,7
REG-20251203-BR005-SKU017128PI,20251203,BR005,SKU017128PI,11
REG-20251203-BR005-SKU017256BL,20251203,BR005,SKU017256BL,8
REG-20251203-BR005-SKU017256SI,20251203,BR005,SKU017256SI,12
REG-20251203-BR005-SKU017256PI,20251203,BR005,SKU017256PI,11
REG-20251204-BR001-SKU015128BL,20251204,BR001,SKU015128BL,1
REG-20251204-BR001-SKU015128SI,20251204,BR001,SKU015128SI,4
REG-20251204-BR001-SKU015128PI,20251204,BR001,SKU015128PI,1
REG-20251204-BR001-SKU015256BL,20251204,BR001,SKU015256BL,3
REG-20251204-BR001-SKU015256SI,20251204,BR001,SKU015256SI,3
REG-20251204-BR001-SKU015256PI,20251204,BR001,SKU015256PI,5
REG-20251204-BR001-SKU016128BL,20251204,BR001,SKU016128BL,9
REG-20251204-BR001-SKU016128SI,20251204,BR001,SKU016128SI,9
REG-20251204-BR001-SKU016128PI,20251204,BR001,SKU016128PI,3
REG-20251204-BR001-SKU016256BL,20251204,BR001,SKU016256BL,6
REG-20251204-BR001-SKU016256SI,20251204,BR001,SKU016256SI,10
REG-20251204-BR001-SKU016256PI,20251204,BR001,SKU016256PI,7
REG-20251204-BR001-SKU017128BL,20251204,BR001,SKU017128BL,11
REG-20251204-BR001-SKU017128SI,20251204,BR001,SKU017128SI,10
REG-20251204-BR001-SKU017128PI,20251204,BR001,SKU017128PI,16
REG-20251204-BR001-SKU017256BL,20251204,BR001,SKU017256BL,11
REG-20251204-BR001-SKU017256SI,20251204,BR001,SKU017256SI,12
REG-20251204-BR001-SKU017256PI,20251204,BR001,SKU017256PI,8
REG-20251204-BR002-SKU015128BL,20251204,BR002,SKU015128BL,5
REG-20251204-BR002-SKU015128SI,20251204,BR002,SKU015128SI,3
REG-20251204-BR002-SKU015128PI,20251204,BR002,SKU015128PI,2
REG-20251204-BR002-SKU015256BL,20251204,BR002,SKU015256BL,2
REG-20251204-BR002-SKU015256SI,20251204,BR002,SKU015256SI,4
REG-20251204-BR002-SKU015256PI,20251204,BR002,SKU015256PI,4
REG-20251204-BR002-SKU016128BL,20251204,BR002,SKU016128BL,2
REG-20251204-BR002-SKU016128SI,20251204,BR002,SKU016128SI,3
REG-20251204-BR002-SKU016128PI,20251204,BR002,SKU016128PI,4
REG-20251204-BR002-SKU016256BL,20251204,BR002,SKU016256BL,8
REG-20251204-BR002-SKU016256SI,20251204,BR002,SKU016256SI,8
REG-20251204-BR002-SKU016256PI,20251204,BR002,SKU016256PI,11
REG-20251204-BR002-SKU017128BL,20251204,BR002,SKU017128BL,8
REG-20251204-BR002-SKU017128SI,20251204,BR002,SKU017128SI,9
REG-20251204-BR002-SKU017128PI,20251204,BR002,SKU017128PI,5
REG-20251204-BR002-SKU017256BL,20251204,BR002,SKU017256BL,5
REG-20251204-BR002-SKU017256SI,20251204,BR002,SKU017256SI,12
REG-20251204-BR002-SKU017256PI,20251204,BR002,SKU017256PI,12
REG-20251204-BR003-SKU015128BL,20251204,BR003,SKU015128BL,4
REG-20251204-BR003-SKU015128SI,20251204,BR003,SKU015128SI,1
REG-20251204-BR003-SKU015128PI,20251204,BR003,SKU015128PI,3
REG-20251204-BR003-SKU015256BL,20251204,BR003,SKU015256BL,6
REG-20251204-BR003-SKU015256SI,20251204,BR003,SKU015256SI,4
REG-20251204-BR003-SKU015256PI,20251204,BR003,SKU015256PI,1
REG-20251204-BR003-SKU016128BL,20251204,BR003,SKU016128BL,6
REG-20251204-BR003-SKU016128SI,20251204,BR003,SKU016128SI,5
REG-20251204-BR003-SKU016128PI,20251204,BR003,SKU016128PI,9
REG-20251204-BR003-SKU016256BL,20251204,BR003,SKU016256BL,8
REG-20251204-BR003-SKU016256SI,20251204,BR003,SKU016256SI,7
REG-20251204-BR003-SKU016256PI,20251204,BR003,SKU016256PI,3
REG-20251204-BR003-SKU017128BL,20251204,BR003,SKU017128BL,7
REG-20251204-BR003-SKU017128SI,20251204,BR003,SKU017128SI,14
REG-20251204-BR003-SKU017128PI,20251204,BR003,SKU017128PI,4
REG-20251204-BR003-SKU017256BL,20251204,BR003,SKU017256BL,17
REG-20251204-BR003-SKU017256SI,20251204,BR003,SKU017256SI,10
REG-20251204-BR003-SKU017256PI,20251204,BR003,SKU017256PI,12
REG-20251204-BR004-SKU015128BL,20251204,BR004,SKU015128BL,2
REG-20251204-BR004-SKU015128SI,20251204,BR004,SKU015128SI,3
REG-20251204-BR004-SKU015128PI,20251204,BR004,SKU015128PI,3
REG-20251204-BR004-SKU015256BL,20251204,BR004,SKU015256BL,2
REG-20251204-BR004-SKU015256SI,20251204,BR004,SKU015256SI,3
REG-20251204-BR004-SKU015256PI,20251204,BR004,SKU015256PI,5
REG-20251204-BR004-SKU016128BL,20251204,BR004,SKU016128BL,5
REG-20251204-BR004-SKU016128SI,20251204,BR004,SKU016128SI,6
REG-20251204-BR004-SKU016128PI,20251204,BR004,SKU016128PI,10
REG-20251204-BR004-SKU016256BL,20251204,BR004,SKU016256BL,8
REG-20251204-BR004-SKU016256SI,20251204,BR004,SKU016256SI,5
REG-20251204-BR004-SKU016256PI,20251204,BR004,SKU016256PI,6
REG-20251204-BR004-SKU017128BL,20251204,BR004,SKU017128BL,14
REG-20251204-BR004-SKU017128SI,20251204,BR004,SKU017128SI,5
REG-20251204-BR004-SKU017128PI,20251204,BR004,SKU017128PI,16
REG-20251204-BR004-SKU017256BL,20251204,BR004,SKU017256BL,12
REG-20251204-BR004-SKU017256SI,20251204,BR004,SKU017256SI,7
REG-20251204-BR004-SKU017256PI,20251204,BR004,SKU017256PI,11
REG-20251204-BR005-SKU015128BL,20251204,BR005,SKU015128BL,1
REG-20251204-BR005-SKU015128SI,20251204,BR005,SKU015128SI,5
REG-20251204-BR005-SKU015128PI,20251204,BR005,SKU015128PI,4
REG-20251204-BR005-SKU015256BL,20251204,BR005,SKU015256BL,1
REG-20251204-BR005-SKU015256SI,20251204,BR005,SKU015256SI,1
REG-20251204-BR005-SKU015256PI,20251204,BR005,SKU015256PI,3
REG-20251204-BR005-SKU016128BL,20251204,BR005,SKU016128BL,7
REG-20251204-BR005-SKU016128SI,20251204,BR005,SKU016128SI,11
REG-20251204-BR005-SKU016128PI,20251204,BR005,SKU016128PI,8
REG-20251204-BR005-SKU016256BL,20251204,BR005,SKU016256BL,11
REG-20251204-BR005-SKU016256SI,20251204,BR005,SKU016256SI,7
REG-20251204-BR005-SKU016256PI,20251204,BR005,SKU016256PI,3
REG-20251204-BR005-SKU017128BL,20251204,BR005,SKU017128BL,15
REG-20251204-BR005-SKU017128SI,20251204,BR005,SKU017128SI,16
REG-20251204-BR005-SKU017128PI,20251204,BR005,SKU017128PI,11
REG-20251204-BR005-SKU017256BL,20251204,BR005,SKU017256BL,14
REG-20251204-BR005-SKU017256SI,20251204,BR005,SKU017256SI,7
REG-20251204-BR005-SKU017256PI,20251204,BR005,SKU017256PI,12
REG-20251205-BR001-SKU015128BL,20251205,BR001,SKU015128BL,3
REG-20251205-BR001-SKU015128SI,20251205,BR001,SKU015128SI,3
REG-20251205-BR001-SKU015128PI,20251205,BR001,SKU015128PI,1
REG-20251205-BR001-SKU015256BL,20251205,BR001,SKU015256BL,6
REG-20251205-BR001-SKU015256SI,20251205,BR001,SKU015256SI,1
REG-20251205-BR001-SKU015256PI,20251205,BR001,SKU015256PI,1
REG-20251205-BR001-SKU016128BL,20251205,BR001,SKU016128BL,6
REG-20251205-BR001-SKU016128SI,20251205,BR001,SKU016128SI,6
REG-20251205-BR001-SKU016128PI,20251205,BR001,SKU016128PI,9
REG-20251205-BR001-SKU016256BL,20251205,BR001,SKU016256BL,6
REG-20251205-BR001-SKU016256SI,20251205,BR001,SKU016256SI,9
REG-20251205-BR001-SKU016256PI,20251205,BR001,SKU016256PI,1
REG-20251205-BR001-SKU017128BL,20251205,BR001,SKU017128BL,9
REG-20251205-BR001-SKU017128SI,20251205,BR001,SKU017128SI,8
REG-20251205-BR001-SKU017128PI,20251205,BR001,SKU017128PI,12
REG-20251205-BR001-SKU017256BL,20251205,BR001,SKU017256BL,11
REG-20251205-BR001-SKU017256SI,20251205,BR001,SKU017256SI,16
REG-20251205-BR001-SKU017256PI,20251205,BR001,SKU017256PI,5
REG-20251205-BR002-SKU015128BL,20251205,BR002,SKU015128BL,4
REG-20251205-BR002-SKU015128SI,20251205,BR002,SKU015128SI,1
REG-20251205-BR002-SKU015128PI,20251205,BR002,SKU015128PI,2
REG-20251205-BR002-SKU015256BL,20251205,BR002,SKU015256BL,1
REG-20251205-BR002-SKU015256SI,20251205,BR002,SKU015256SI,1
REG-20251205-BR002-SKU015256PI,20251205,BR002,SKU015256PI,3
REG-20251205-BR002-SKU016128BL,20251205,BR002,SKU016128BL,8
REG-20251205-BR002-SKU016128SI,20251205,BR002,SKU016128SI,6
REG-20251205-BR002-SKU016128PI,20251205,BR002,SKU016128PI,3
REG-20251205-BR002-SKU016256BL,20251205,BR002,SKU016256BL,7
REG-20251205-BR002-SKU016256SI,20251205,BR002,SKU016256SI,1
REG-20251205-BR002-SKU016256PI,20251205,BR002,SKU016256PI,8
REG-20251205-BR002-SKU017128BL,20251205,BR002,SKU017128BL,8
REG-20251205-BR002-SKU017128SI,20251205,BR002,SKU017128SI,15
REG-20251205-BR002-SKU017128PI,20251205,BR002,SKU017128PI,7
REG-20251205-BR002-SKU017256BL,20251205,BR002,SKU017256BL,14
REG-20251205-BR002-SKU017256SI,20251205,BR002,SKU017256SI,14
REG-20251205-BR002-SKU017256PI,20251205,BR002,SKU017256PI,5
REG-20251205-BR003-SKU015128BL,20251205,BR003,SKU015128BL,4
REG-20251205-BR003-SKU015128SI,20251205,BR003,SKU015128SI,1
REG-20251205-BR003-SKU015128PI,20251205,BR003,SKU015128PI,5
REG-20251205-BR003-SKU015256BL,20251205,BR003,SKU015256BL,4
REG-20251205-BR003-SKU015256SI,20251205,BR003,SKU015256SI,1
REG-20251205-BR003-SKU015256PI,20251205,BR003,SKU015256PI,3
REG-20251205-BR003-SKU016128BL,20251205,BR003,SKU016128BL,3
REG-20251205-BR003-SKU016128SI,20251205,BR003,SKU016128SI,4
REG-20251205-BR003-SKU016128PI,20251205,BR003,SKU016128PI,4
REG-20251205-BR003-SKU016256BL,20251205,BR003,SKU016256BL,8
REG-20251205-BR003-SKU016256SI,20251205,BR003,SKU016256SI,9
REG-20251205-BR003-SKU016256PI,20251205,BR003,SKU016256PI,4
REG-20251205-BR003-SKU017128BL,20251205,BR003,SKU017128BL,9
REG-20251205-BR003-SKU017128SI,20251205,BR003,SKU017128SI,12
REG-20251205-BR003-SKU017128PI,20251205,BR003,SKU017128PI,7
REG-20251205-BR003-SKU017256BL,20251205,BR003,SKU017256BL,12
REG-20251205-BR003-SKU017256SI,20251205,BR003,SKU017256SI,7
REG-20251205-BR003-SKU017256PI,20251205,BR003,SKU017256PI,6
REG-20251205-BR004-SKU015128BL,20251205,BR004,SKU015128BL,3
REG-20251205-BR004-SKU015128SI,20251205,BR004,SKU015128SI,4
REG-20251205-BR004-SKU015128PI,20251205,BR004,SKU015128PI,1
REG-20251205-BR004-SKU015256BL,20251205,BR004,SKU015256BL,6
REG-20251205-BR004-SKU015256SI,20251205,BR004,SKU015256SI,1
REG-20251205-BR004-SKU015256PI,20251205,BR004,SKU015256PI,1
REG-20251205-BR004-SKU016128BL,20251205,BR004,SKU016128BL,8
REG-20251205-BR004-SKU016128SI,20251205,BR004,SKU016128SI,11
REG-20251205-BR004-SKU016128PI,20251205,BR004,SKU016128PI,1
REG-20251205-BR004-SKU016256BL,20251205,BR004,SKU016256BL,4
REG-20251205-BR004-SKU016256SI,20251205,BR004,SKU016256SI,2
REG-20251205-BR004-SKU016256PI,20251205,BR004,SKU016256PI,5
REG-20251205-BR004-SKU017128BL,20251205,BR004,SKU017128BL,13
REG-20251205-BR004-SKU017128SI,20251205,BR004,SKU017128SI,9
REG-20251205-BR004-SKU017128PI,20251205,BR004,SKU017128PI,14
REG-20251205-BR004-SKU017256BL,20251205,BR004,SKU017256BL,11
REG-20251205-BR004-SKU017256SI,20251205,BR004,SKU017256SI,11
REG-20251205-BR004-SKU017256PI,20251205,BR004,SKU017256PI,13
REG-20251205-BR005-SKU015128BL,20251205,BR005,SKU015128BL,5
REG-20251205-BR005-SKU015128SI,20251205,BR005,SKU015128SI,3
REG-20251205-BR005-SKU015128PI,20251205,BR005,SKU015128PI,1
REG-20251205-BR005-SKU015256BL,20251205,BR005,SKU015256BL,3
REG-20251205-BR005-SKU015256SI,20251205,BR005,SKU015256SI,4
REG-20251205-BR005-SKU015256PI,20251205,BR005,SKU015256PI,3
REG-20251205-BR005-SKU016128BL,20251205,BR005,SKU016128BL,7
REG-20251205-BR005-SKU016128SI,20251205,BR005,SKU016128SI,9
REG-20251205-BR005-SKU016128PI,20251205,BR005,SKU016128PI,2
REG-20251205-BR005-SKU016256BL,20251205,BR005,SKU016256BL,12
REG-20251205-BR005-SKU016256SI,20251205,BR005,SKU016256SI,5
REG-20251205-BR005-SKU016256PI,20251205,BR005,SKU016256PI,8
REG-20251205-BR005-SKU017128BL,20251205,BR005,SKU017128BL,7
REG-20251205-BR005-SKU017128SI,20251205,BR005,SKU017128SI,11
REG-20251205-BR005-SKU017128PI,20251205,BR005,SKU017128PI,9
REG-20251205-BR005-SKU017256BL,20251205,BR005,SKU017256BL,8
REG-20251205-BR005-SKU017256SI,20251205,BR005,SKU017256SI,6
REG-20251205-BR005-SKU017256PI,20251205,BR005,SKU017256PI,7
REG-20251206-BR001-SKU015128BL,20251206,BR001,SKU015128BL,1
REG-20251206-BR001-SKU015128SI,20251206,BR001,SKU015128SI,3
REG-20251206-BR001-SKU015128PI,20251206,BR001,SKU015128PI,1
REG-20251206-BR001-SKU015256BL,20251206,BR001,SKU015256BL,2
REG-20251206-BR001-SKU015256SI,20251206,BR001,SKU015256SI,4
REG-20251206-BR001-SKU015256PI,20251206,BR001,SKU015256PI,1
REG-20251206-BR001-SKU016128BL,20251206,BR001,SKU016128BL,8
REG-20251206-BR001-SKU016128SI,20251206,BR001,SKU016128SI,8
REG-20251206-BR001-SKU016128PI,20251206,BR001,SKU016128PI,10
REG-20251206-BR001-SKU016256BL,20251206,BR001,SKU016256BL,4
REG-20251206-BR001-SKU016256SI,20251206,BR001,SKU016256SI,12
REG-20251206-BR001-SKU016256PI,20251206,BR001,SKU016256PI,3
REG-20251206-BR001-SKU017128BL,20251206,BR001,SKU017128BL,14
REG-20251206-BR001-SKU017128SI,20251206,BR001,SKU017128SI,11
REG-20251206-BR001-SKU017128PI,20251206,BR001,SKU017128PI,4
REG-20251206-BR001-SKU017256BL,20251206,BR001,SKU017256BL,4
REG-20251206-BR001-SKU017256SI,20251206,BR001,SKU017256SI,4
REG-20251206-BR001-SKU017256PI,20251206,BR001,SKU017256PI,7
REG-20251206-BR002-SKU015128BL,20251206,BR002,SKU015128BL,4
REG-20251206-BR002-SKU015128SI,20251206,BR002,SKU015128SI,1
REG-20251206-BR002-SKU015128PI,20251206,BR002,SKU015128PI,3
REG-20251206-BR002-SKU015256BL,20251206,BR002,SKU015256BL,2
REG-20251206-BR002-SKU015256SI,20251206,BR002,SKU015256SI,1
REG-20251206-BR002-SKU015256PI,20251206,BR002,SKU015256PI,1
REG-20251206-BR002-SKU016128BL,20251206,BR002,SKU016128BL,6
REG-20251206-BR002-SKU016128SI,20251206,BR002,SKU016128SI,5
REG-20251206-BR002-SKU016128PI,20251206,BR002,SKU016128PI,9
REG-20251206-BR002-SKU016256BL,20251206,BR002,SKU016256BL,6
REG-20251206-BR002-SKU016256SI,20251206,BR002,SKU016256SI,3
REG-20251206-BR002-SKU016256PI,20251206,BR002,SKU016256PI,8
REG-20251206-BR002-SKU017128BL,20251206,BR002,SKU017128BL,15
REG-20251206-BR002-SKU017128SI,20251206,BR002,SKU017128SI,17
REG-20251206-BR002-SKU017128PI,20251206,BR002,SKU017128PI,6
REG-20251206-BR002-SKU017256BL,20251206,BR002,SKU017256BL,9
REG-20251206-BR002-SKU017256SI,20251206,BR002,SKU017256SI,6
REG-20251206-BR002-SKU017256PI,20251206,BR002,SKU017256PI,15
REG-20251206-BR003-SKU015128BL,20251206,BR003,SKU015128BL,3
REG-20251206-BR003-SKU015128SI,20251206,BR003,SKU015128SI,6
REG-20251206-BR003-SKU015128PI,20251206,BR003,SKU015128PI,1
REG-20251206-BR003-SKU015256BL,20251206,BR003,SKU015256BL,1
REG-20251206-BR003-SKU015256SI,20251206,BR003,SKU015256SI,2
REG-20251206-BR003-SKU015256PI,20251206,BR003,SKU015256PI,5
REG-20251206-BR003-SKU016128BL,20251206,BR003,SKU016128BL,10
REG-20251206-BR003-SKU016128SI,20251206,BR003,SKU016128SI,3
REG-20251206-BR003-SKU016128PI,20251206,BR003,SKU016128PI,12
REG-20251206-BR003-SKU016256BL,20251206,BR003,SKU016256BL,8
REG-20251206-BR003-SKU016256SI,20251206,BR003,SKU016256SI,6
REG-20251206-BR003-SKU016256PI,20251206,BR003,SKU016256PI,9
REG-20251206-BR003-SKU017128BL,20251206,BR003,SKU017128BL,6
REG-20251206-BR003-SKU017128SI,20251206,BR003,SKU017128SI,13
REG-20251206-BR003-SKU017128PI,20251206,BR003,SKU017128PI,13
REG-20251206-BR003-SKU017256BL,20251206,BR003,SKU017256BL,10
REG-20251206-BR003-SKU017256SI,20251206,BR003,SKU017256SI,11
REG-20251206-BR003-SKU017256PI,20251206,BR003,SKU017256PI,13
REG-20251206-BR004-SKU015128BL,20251206,BR004,SKU015128BL,4
REG-20251206-BR004-SKU015128SI,20251206,BR004,SKU015128SI,3
REG-20251206-BR004-SKU015128PI,20251206,BR004,SKU015128PI,2
REG-20251206-BR004-SKU015256BL,20251206,BR004,SKU015256BL,2
REG-20251206-BR004-SKU015256SI,20251206,BR004,SKU015256SI,1
REG-20251206-BR004-SKU015256PI,20251206,BR004,SKU015256PI,7
REG-20251206-BR004-SKU016128BL,20251206,BR004,SKU016128BL,11
REG-20251206-BR004-SKU016128SI,20251206,BR004,SKU016128SI,9
REG-20251206-BR004-SKU016128PI,20251206,BR004,SKU016128PI,4
REG-20251206-BR004-SKU016256BL,20251206,BR004,SKU016256BL,11
REG-20251206-BR004-SKU016256SI,20251206,BR004,SKU016256SI,4
REG-20251206-BR004-SKU016256PI,20251206,BR004,SKU016256PI,1
REG-20251206-BR004-SKU017128BL,20251206,BR004,SKU017128BL,9
REG-20251206-BR004-SKU017128SI,20251206,BR004,SKU017128SI,8
REG-20251206-BR004-SKU017128PI,20251206,BR004,SKU017128PI,13
REG-20251206-BR004-SKU017256BL,20251206,BR004,SKU017256BL,9
REG-20251206-BR004-SKU017256SI,20251206,BR004,SKU017256SI,6
REG-20251206-BR004-SKU017256PI,20251206,BR004,SKU017256PI,10
REG-20251206-BR005-SKU015128BL,20251206,BR005,SKU015128BL,6
REG-20251206-BR005-SKU015128SI,20251206,BR005,SKU015128SI,4
REG-20251206-BR005-SKU015128PI,20251206,BR005,SKU015128PI,3
REG-20251206-BR005-SKU015256BL,20251206,BR005,SKU015256BL,4
REG-20251206-BR005-SKU015256SI,20251206,BR005,SKU015256SI,2
REG-20251206-BR005-SKU015256PI,20251206,BR005,SKU015256PI,2
REG-20251206-BR005-SKU016128BL,20251206,BR005,SKU016128BL,3
REG-20251206-BR005-SKU016128SI,20251206,BR005,SKU016128SI,6
REG-20251206-BR005-SKU016128PI,20251206,BR005,SKU016128PI,9
REG-20251206-BR005-SKU016256BL,20251206,BR005,SKU016256BL,9
REG-20251206-BR005-SKU016256SI,20251206,BR005,SKU016256SI,11
REG-20251206-BR005-SKU016256PI,20251206,BR005,SKU016256PI,10
REG-20251206-BR005-SKU017128BL,20251206,BR005,SKU017128BL,14
REG-20251206-BR005-SKU017128SI,20251206,BR005,SKU017128SI,7
REG-20251206-BR005-SKU017128PI,20251206,BR005,SKU017128PI,11
REG-20251206-BR005-SKU017256BL,20251206,BR005,SKU017256BL,9
REG-20251206-BR005-SKU017256SI,20251206,BR005,SKU017256SI,13
REG-20251206-BR005-SKU017256PI,20251206,BR005,SKU017256PI,7
REG-20251207-BR001-SKU015128BL,20251207,BR001,SKU015128BL,1
REG-20251207-BR001-SKU015128SI,20251207,BR001,SKU015128SI,3
REG-20251207-BR001-SKU015128PI,20251207,BR001,SKU015128PI,5
REG-20251207-BR001-SKU015256BL,20251207,BR001,SKU015256BL,4
REG-20251207-BR001-SKU015256SI,20251207,BR001,SKU015256SI,3
REG-20251207-BR001-SKU015256PI,20251207,BR001,SKU015256PI,1
REG-20251207-BR001-SKU016128BL,20251207,BR001,SKU016128BL,6
REG-20251207-BR001-SKU016128SI,20251207,BR001,SKU016128SI,5
REG-20251207-BR001-SKU016128PI,20251207,BR001,SKU016128PI,8
REG-20251207-BR001-SKU016256BL,20251207,BR001,SKU016256BL,9
REG-20251207-BR001-SKU016256SI,20251207,BR001,SKU016256SI,5
REG-20251207-BR001-SKU016256PI,20251207,BR001,SKU016256PI,8
REG-20251207-BR001-SKU017128BL,20251207,BR001,SKU017128BL,8
REG-20251207-BR001-SKU017128SI,20251207,BR001,SKU017128SI,14
REG-20251207-BR001-SKU017128PI,20251207,BR001,SKU017128PI,14
REG-20251207-BR001-SKU017256BL,20251207,BR001,SKU017256BL,13
REG-20251207-BR001-SKU017256SI,20251207,BR001,SKU017256SI,5
REG-20251207-BR001-SKU017256PI,20251207,BR001,SKU017256PI,7
REG-20251207-BR002-SKU015128BL,20251207,BR002,SKU015128BL,4
REG-20251207-BR002-SKU015128SI,20251207,BR002,SKU015128SI,2
REG-20251207-BR002-SKU015128PI,20251207,BR002,SKU015128PI,2
REG-20251207-BR002-SKU015256BL,20251207,BR002,SKU015256BL,7
REG-20251207-BR002-SKU015256SI,20251207,BR002,SKU015256SI,1
REG-20251207-BR002-SKU015256PI,20251207,BR002,SKU015256PI,1
REG-20251207-BR002-SKU016128BL,20251207,BR002,SKU016128BL,8
REG-20251207-BR002-SKU016128SI,20251207,BR002,SKU016128SI,5
REG-20251207-BR002-SKU016128PI,20251207,BR002,SKU016128PI,4
REG-20251207-BR002-SKU016256BL,20251207,BR002,SKU016256BL,5
REG-20251207-BR002-SKU016256SI,20251207,BR002,SKU016256SI,7
REG-20251207-BR002-SKU016256PI,20251207,BR002,SKU016256PI,8
REG-20251207-BR002-SKU017128BL,20251207,BR002,SKU017128BL,11
REG-20251207-BR002-SKU017128SI,20251207,BR002,SKU017128SI,13
REG-20251207-BR002-SKU017128PI,20251207,BR002,SKU017128PI,7
REG-20251207-BR002-SKU017256BL,20251207,BR002,SKU017256BL,5
REG-20251207-BR002-SKU017256SI,20251207,BR002,SKU017256SI,17
REG-20251207-BR002-SKU017256PI,20251207,BR002,SKU017256PI,13
REG-20251207-BR003-SKU015128BL,20251207,BR003,SKU015128BL,3
REG-20251207-BR003-SKU015128SI,20251207,BR003,SKU015128SI,1
REG-20251207-BR003-SKU015128PI,20251207,BR003,SKU015128PI,1
REG-20251207-BR003-SKU015256BL,20251207,BR003,SKU015256BL,4
REG-20251207-BR003-SKU015256SI,20251207,BR003,SKU015256SI,3
REG-20251207-BR003-SKU015256PI,20251207,BR003,SKU015256PI,2
REG-20251207-BR003-SKU016128BL,20251207,BR003,SKU016128BL,4
REG-20251207-BR003-SKU016128SI,20251207,BR003,SKU016128SI,1
REG-20251207-BR003-SKU016128PI,20251207,BR003,SKU016128PI,5
REG-20251207-BR003-SKU016256BL,20251207,BR003,SKU016256BL,10
REG-20251207-BR003-SKU016256SI,20251207,BR003,SKU016256SI,7
REG-20251207-BR003-SKU016256PI,20251207,BR003,SKU016256PI,4
REG-20251207-BR003-SKU017128BL,20251207,BR003,SKU017128BL,16
REG-20251207-BR003-SKU017128SI,20251207,BR003,SKU017128SI,4
REG-20251207-BR003-SKU017128PI,20251207,BR003,SKU017128PI,8
REG-20251207-BR003-SKU017256BL,20251207,BR003,SKU017256BL,4
REG-20251207-BR003-SKU017256SI,20251207,BR003,SKU017256SI,7
REG-20251207-BR003-SKU017256PI,20251207,BR003,SKU017256PI,12
REG-20251207-BR004-SKU015128BL,20251207,BR004,SKU015128BL,4
REG-20251207-BR004-SKU015128SI,20251207,BR004,SKU015128SI,1
REG-20251207-BR004-SKU015128PI,20251207,BR004,SKU015128PI,5
REG-20251207-BR004-SKU015256BL,20251207,BR004,SKU015256BL,6
REG-20251207-BR004-SKU015256SI,20251207,BR004,SKU015256SI,3
REG-20251207-BR004-SKU015256PI,20251207,BR004,SKU015256PI,2
REG-20251207-BR004-SKU016128BL,20251207,BR004,SKU016128BL,5
REG-20251207-BR004-SKU016128SI,20251207,BR004,SKU016128SI,9
REG-20251207-BR004-SKU016128PI,20251207,BR004,SKU016128PI,7
REG-20251207-BR004-SKU016256BL,20251207,BR004,SKU016256BL,9
REG-20251207-BR004-SKU016256SI,20251207,BR004,SKU016256SI,3
REG-20251207-BR004-SKU016256PI,20251207,BR004,SKU016256PI,3
REG-20251207-BR004-SKU017128BL,20251207,BR004,SKU017128BL,5
REG-20251207-BR004-SKU017128SI,20251207,BR004,SKU017128SI,9
REG-20251207-BR004-SKU017128PI,20251207,BR004,SKU017128PI,10
REG-20251207-BR004-SKU017256BL,20251207,BR004,SKU017256BL,11
REG-20251207-BR004-SKU017256SI,20251207,BR004,SKU017256SI,15
REG-20251207-BR004-SKU017256PI,20251207,BR004,SKU017256PI,8
REG-20251207-BR005-SKU015128BL,20251207,BR005,SKU015128BL,3
REG-20251207-BR005-SKU015128SI,20251207,BR005,SKU015128SI,1
REG-20251207-BR005-SKU015128PI,20251207,BR005,SKU015128PI,1
REG-20251207-BR005-SKU015256BL,20251207,BR005,SKU015256BL,1
REG-20251207-BR005-SKU015256SI,20251207,BR005,SKU015256SI,3
REG-20251207-BR005-SKU015256PI,20251207,BR005,SKU015256PI,3
REG-20251207-BR005-SKU016128BL,20251207,BR005,SKU016128BL,7
REG-20251207-BR005-SKU016128SI,20251207,BR005,SKU016128SI,1
REG-20251207-BR005-SKU016128PI,20251207,BR005,SKU016128PI,4
REG-20251207-BR005-SKU016256BL,20251207,BR005,SKU016256BL,10
REG-20251207-BR005-SKU016256SI,20251207,BR005,SKU016256SI,7
REG-20251207-BR005-SKU016256PI,20251207,BR005,SKU016256PI,10
REG-20251207-BR005-SKU017128BL,20251207,BR005,SKU017128BL,6
REG-20251207-BR005-SKU017128SI,20251207,BR005,SKU017128SI,6
REG-20251207-BR005-SKU017128PI,20251207,BR005,SKU017128PI,11
REG-20251207-BR005-SKU017256BL,20251207,BR005,SKU017256BL,15
REG-20251207-BR005-SKU017256SI,20251207,BR005,SKU017256SI,12
REG-20251207-BR005-SKU017256PI,20251207,BR005,SKU017256PI,5
REG-20251208-BR001-SKU015128BL,20251208,BR001,SKU015128BL,3
REG-20251208-BR001-SKU015128SI,20251208,BR001,SKU015128SI,1
REG-20251208-BR001-SKU015128PI,20251208,BR001,SKU015128PI,1
REG-20251208-BR001-SKU015256BL,20251208,BR001,SKU015256BL,2
REG-20251208-BR001-SKU015256SI,20251208,BR001,SKU015256SI,6
REG-20251208-BR001-SKU015256PI,20251208,BR001,SKU015256PI,1
REG-20251208-BR001-SKU016128BL,20251208,BR001,SKU016128BL,6
REG-20251208-BR001-SKU016128SI,20251208,BR001,SKU016128SI,11
REG-20251208-BR001-SKU016128PI,20251208,BR001,SKU016128PI,3
REG-20251208-BR001-SKU016256BL,20251208,BR001,SKU016256BL,9
REG-20251208-BR001-SKU016256SI,20251208,BR001,SKU016256SI,2
REG-20251208-BR001-SKU016256PI,20251208,BR001,SKU016256PI,5
REG-20251208-BR001-SKU017128BL,20251208,BR001,SKU017128BL,13
REG-20251208-BR001-SKU017128SI,20251208,BR001,SKU017128SI,7
REG-20251208-BR001-SKU017128PI,20251208,BR001,SKU017128PI,10
REG-20251208-BR001-SKU017256BL,20251208,BR001,SKU017256BL,8
REG-20251208-BR001-SKU017256SI,20251208,BR001,SKU017256SI,16
REG-20251208-BR001-SKU017256PI,20251208,BR001,SKU017256PI,11
REG-20251208-BR002-SKU015128BL,20251208,BR002,SKU015128BL,4
REG-20251208-BR002-SKU015128SI,20251208,BR002,SKU015128SI,3
REG-20251208-BR002-SKU015128PI,20251208,BR002,SKU015128PI,1
REG-20251208-BR002-SKU015256BL,20251208,BR002,SKU015256BL,2
REG-20251208-BR002-SKU015256SI,20251208,BR002,SKU015256SI,3
REG-20251208-BR002-SKU015256PI,20251208,BR002,SKU015256PI,4
REG-20251208-BR002-SKU016128BL,20251208,BR002,SKU016128BL,6
REG-20251208-BR002-SKU016128SI,20251208,BR002,SKU016128SI,6
REG-20251208-BR002-SKU016128PI,20251208,BR002,SKU016128PI,12
REG-20251208-BR002-SKU016256BL,20251208,BR002,SKU016256BL,12
REG-20251208-BR002-SKU016256SI,20251208,BR002,SKU016256SI,6
REG-20251208-BR002-SKU016256PI,20251208,BR002,SKU016256PI,2
REG-20251208-BR002-SKU017128BL,20251208,BR002,SKU017128BL,10
REG-20251208-BR002-SKU017128SI,20251208,BR002,SKU017128SI,5
REG-20251208-BR002-SKU017128PI,20251208,BR002,SKU017128PI,7
REG-20251208-BR002-SKU017256BL,20251208,BR002,SKU017256BL,13
REG-20251208-BR002-SKU017256SI,20251208,BR002,SKU017256SI,8
REG-20251208-BR002-SKU017256PI,20251208,BR002,SKU017256PI,15
REG-20251208-BR003-SKU015128BL,20251208,BR003,SKU015128BL,1
REG-20251208-BR003-SKU015128SI,20251208,BR003,SKU015128SI,5
REG-20251208-BR003-SKU015128PI,20251208,BR003,SKU015128PI,1
REG-20251208-BR003-SKU015256BL,20251208,BR003,SKU015256BL,5
REG-20251208-BR003-SKU015256SI,20251208,BR003,SKU015256SI,3
REG-20251208-BR003-SKU015256PI,20251208,BR003,SKU015256PI,7
REG-20251208-BR003-SKU016128BL,20251208,BR003,SKU016128BL,10
REG-20251208-BR003-SKU016128SI,20251208,BR003,SKU016128SI,10
REG-20251208-BR003-SKU016128PI,20251208,BR003,SKU016128PI,11
REG-20251208-BR003-SKU016256BL,20251208,BR003,SKU016256BL,10
REG-20251208-BR003-SKU016256SI,20251208,BR003,SKU016256SI,5
REG-20251208-BR003-SKU016256PI,20251208,BR003,SKU016256PI,5
REG-20251208-BR003-SKU017128BL,20251208,BR003,SKU017128BL,15
REG-20251208-BR003-SKU017128SI,20251208,BR003,SKU017128SI,16
REG-20251208-BR003-SKU017128PI,20251208,BR003,SKU017128PI,9
REG-20251208-BR003-SKU017256BL,20251208,BR003,SKU017256BL,15
REG-20251208-BR003-SKU017256SI,20251208,BR003,SKU017256SI,7
REG-20251208-BR003-SKU017256PI,20251208,BR003,SKU017256PI,8
REG-20251208-BR004-SKU015128BL,20251208,BR004,SKU015128BL,5
REG-20251208-BR004-SKU015128SI,20251208,BR004,SKU015128SI,1
REG-20251208-BR004-SKU015128PI,20251208,BR004,SKU015128PI,1
REG-20251208-BR004-SKU015256BL,20251208,BR004,SKU015256BL,1
REG-20251208-BR004-SKU015256SI,20251208,BR004,SKU015256SI,2
REG-20251208-BR004-SKU015256PI,20251208,BR004,SKU015256PI,6
REG-20251208-BR004-SKU016128BL,20251208,BR004,SKU016128BL,11
REG-20251208-BR004-SKU016128SI,20251208,BR004,SKU016128SI,4
REG-20251208-BR004-SKU016128PI,20251208,BR004,SKU016128PI,7
REG-20251208-BR004-SKU016256BL,20251208,BR004,SKU016256BL,10
REG-20251208-BR004-SKU016256SI,20251208,BR004,SKU016256SI,6
REG-20251208-BR004-SKU016256PI,20251208,BR004,SKU016256PI,8
REG-20251208-BR004-SKU017128BL,20251208,BR004,SKU017128BL,16
REG-20251208-BR004-SKU017128SI,20251208,BR004,SKU017128SI,7
REG-20251208-BR004-SKU017128PI,20251208,BR004,SKU017128PI,8
REG-20251208-BR004-SKU017256BL,20251208,BR004,SKU017256BL,13
REG-20251208-BR004-SKU017256SI,20251208,BR004,SKU017256SI,12
REG-20251208-BR004-SKU017256PI,20251208,BR004,SKU017256PI,10
REG-20251208-BR005-SKU015128BL,20251208,BR005,SKU015128BL,2
REG-20251208-BR005-SKU015128SI,20251208,BR005,SKU015128SI,4
REG-20251208-BR005-SKU015128PI,20251208,BR005,SKU015128PI,1
REG-20251208-BR005-SKU015256BL,20251208,BR005,SKU015256BL,1
REG-20251208-BR005-SKU015256SI,20251208,BR005,SKU015256SI,3
REG-20251208-BR005-SKU015256PI,20251208,BR005,SKU015256PI,4
REG-20251208-BR005-SKU016128BL,20251208,BR005,SKU016128BL,10
REG-20251208-BR005-SKU016128SI,20251208,BR005,SKU016128SI,4
REG-20251208-BR005-SKU016128PI,20251208,BR005,SKU016128PI,8
REG-20251208-BR005-SKU016256BL,20251208,BR005,SKU016256BL,9
REG-20251208-BR005-SKU016256SI,20251208,BR005,SKU016256SI,8
REG-20251208-BR005-SKU016256PI,20251208,BR005,SKU016256PI,9
REG-20251208-BR005-SKU017128BL,20251208,BR005,SKU017128BL,14
REG-20251208-BR005-SKU017128SI,20251208,BR005,SKU017128SI,9
REG-20251208-BR005-SKU017128PI,20251208,BR005,SKU017128PI,16
REG-20251208-BR005-SKU017256BL,20251208,BR005,SKU017256BL,14
REG-20251208-BR005-SKU017256SI,20251208,BR005,SKU017256SI,12
REG-20251208-BR005-SKU017256PI,20251208,BR005,SKU017256PI,8
REG-20251209-BR001-SKU015128BL,20251209,BR001,SKU015128BL,6
REG-20251209-BR001-SKU015128SI,20251209,BR001,SKU015128SI,1
REG-20251209-BR001-SKU015128PI,20251209,BR001,SKU015128PI,4
REG-20251209-BR001-SKU015256BL,20251209,BR001,SKU015256BL,5
REG-20251209-BR001-SKU015256SI,20251209,BR001,SKU015256SI,1
REG-20251209-BR001-SKU015256PI,20251209,BR001,SKU015256PI,2
REG-20251209-BR001-SKU016128BL,20251209,BR001,SKU016128BL,7
REG-20251209-BR001-SKU016128SI,20251209,BR001,SKU016128SI,8
REG-20251209-BR001-SKU016128PI,20251209,BR001,SKU016128PI,7
REG-20251209-BR001-SKU016256BL,20251209,BR001,SKU016256BL,8
REG-20251209-BR001-SKU016256SI,20251209,BR001,SKU016256SI,4
REG-20251209-BR001-SKU016256PI,20251209,BR001,SKU016256PI,2
REG-20251209-BR001-SKU017128BL,20251209,BR001,SKU017128BL,14
REG-20251209-BR001-SKU017128SI,20251209,BR001,SKU017128SI,4
REG-20251209-BR001-SKU017128PI,20251209,BR001,SKU017128PI,16
REG-20251209-BR001-SKU017256BL,20251209,BR001,SKU017256BL,15
REG-20251209-BR001-SKU017256SI,20251209,BR001,SKU017256SI,5
REG-20251209-BR001-SKU017256PI,20251209,BR001,SKU017256PI,8
REG-20251209-BR002-SKU015128BL,20251209,BR002,SKU015128BL,1
REG-20251209-BR002-SKU015128SI,20251209,BR002,SKU015128SI,1
REG-20251209-BR002-SKU015128PI,20251209,BR002,SKU015128PI,1
REG-20251209-BR002-SKU015256BL,20251209,BR002,SKU015256BL,1
REG-20251209-BR002-SKU015256SI,20251209,BR002,SKU015256SI,7
REG-20251209-BR002-SKU015256PI,20251209,BR002,SKU015256PI,3
REG-20251209-BR002-SKU016128BL,20251209,BR002,SKU016128BL,10
REG-20251209-BR002-SKU016128SI,20251209,BR002,SKU016128SI,3
REG-20251209-BR002-SKU016128PI,20251209,BR002,SKU016128PI,12
REG-20251209-BR002-SKU016256BL,20251209,BR002,SKU016256BL,3
REG-20251209-BR002-SKU016256SI,20251209,BR002,SKU016256SI,4
REG-20251209-BR002-SKU016256PI,20251209,BR002,SKU016256PI,6
REG-20251209-BR002-SKU017128BL,20251209,BR002,SKU017128BL,12
REG-20251209-BR002-SKU017128SI,20251209,BR002,SKU017128SI,16
REG-20251209-BR002-SKU017128PI,20251209,BR002,SKU017128PI,7
REG-20251209-BR002-SKU017256BL,20251209,BR002,SKU017256BL,12
REG-20251209-BR002-SKU017256SI,20251209,BR002,SKU017256SI,11
REG-20251209-BR002-SKU017256PI,20251209,BR002,SKU017256PI,7
REG-20251209-BR003-SKU015128BL,20251209,BR003,SKU015128BL,6
REG-20251209-BR003-SKU015128SI,20251209,BR003,SKU015128SI,4
REG-20251209-BR003-SKU015128PI,20251209,BR003,SKU015128PI,1
REG-20251209-BR003-SKU015256BL,20251209,BR003,SKU015256BL,4
REG-20251209-BR003-SKU015256SI,20251209,BR003,SKU015256SI,6
REG-20251209-BR003-SKU015256PI,20251209,BR003,SKU015256PI,4
REG-20251209-BR003-SKU016128BL,20251209,BR003,SKU016128BL,5
REG-20251209-BR003-SKU016128SI,20251209,BR003,SKU016128SI,5
REG-20251209-BR003-SKU016128PI,20251209,BR003,SKU016128PI,4
REG-20251209-BR003-SKU016256BL,20251209,BR003,SKU016256BL,11
REG-20251209-BR003-SKU016256SI,20251209,BR003,SKU016256SI,5
REG-20251209-BR003-SKU016256PI,20251209,BR003,SKU016256PI,7
REG-20251209-BR003-SKU017128BL,20251209,BR003,SKU017128BL,7
REG-20251209-BR003-SKU017128SI,20251209,BR003,SKU017128SI,7
REG-20251209-BR003-SKU017128PI,20251209,BR003,SKU017128PI,9
REG-20251209-BR003-SKU017256BL,20251209,BR003,SKU017256BL,9
REG-20251209-BR003-SKU017256SI,20251209,BR003,SKU017256SI,11
REG-20251209-BR003-SKU017256PI,20251209,BR003,SKU017256PI,8
REG-20251209-BR004-SKU015128BL,20251209,BR004,SKU015128BL,2
REG-20251209-BR004-SKU015128SI,20251209,BR004,SKU015128SI,2
REG-20251209-BR004-SKU015128PI,20251209,BR004,SKU015128PI,2
REG-20251209-BR004-SKU015256BL,20251209,BR004,SKU015256BL,3
REG-20251209-BR004-SKU015256SI,20251209,BR004,SKU015256SI,7
REG-20251209-BR004-SKU015256PI,20251209,BR004,SKU015256PI,2
REG-20251209-BR004-SKU016128BL,20251209,BR004,SKU016128BL,2
REG-20251209-BR004-SKU016128SI,20251209,BR004,SKU016128SI,3
REG-20251209-BR004-SKU016128PI,20251209,BR004,SKU016128PI,5
REG-20251209-BR004-SKU016256BL,20251209,BR004,SKU016256BL,3
REG-20251209-BR004-SKU016256SI,20251209,BR004,SKU016256SI,5
REG-20251209-BR004-SKU016256PI,20251209,BR004,SKU016256PI,6
REG-20251209-BR004-SKU017128BL,20251209,BR004,SKU017128BL,12
REG-20251209-BR004-SKU017128SI,20251209,BR004,SKU017128SI,12
REG-20251209-BR004-SKU017128PI,20251209,BR004,SKU017128PI,16
REG-20251209-BR004-SKU017256BL,20251209,BR004,SKU017256BL,14
REG-20251209-BR004-SKU017256SI,20251209,BR004,SKU017256SI,6
REG-20251209-BR004-SKU017256PI,20251209,BR004,SKU017256PI,11
REG-20251209-BR005-SKU015128BL,20251209,BR005,SKU015128BL,3
REG-20251209-BR005-SKU015128SI,20251209,BR005,SKU015128SI,3
REG-20251209-BR005-SKU015128PI,20251209,BR005,SKU015128PI,5
REG-20251209-BR005-SKU015256BL,20251209,BR005,SKU015256BL,1
REG-20251209-BR005-SKU015256SI,20251209,BR005,SKU015256SI,1
REG-20251209-BR005-SKU015256PI,20251209,BR005,SKU015256PI,3
REG-20251209-BR005-SKU016128BL,20251209,BR005,SKU016128BL,8
REG-20251209-BR005-SKU016128SI,20251209,BR005,SKU016128SI,1
REG-20251209-BR005-SKU016128PI,20251209,BR005,SKU016128PI,7
REG-20251209-BR005-SKU016256BL,20251209,BR005,SKU016256BL,4
REG-20251209-BR005-SKU016256SI,20251209,BR005,SKU016256SI,6
REG-20251209-BR005-SKU016256PI,20251209,BR005,SKU016256PI,5
REG-20251209-BR005-SKU017128BL,20251209,BR005,SKU017128BL,8
REG-20251209-BR005-SKU017128SI,20251209,BR005,SKU017128SI,17
REG-20251209-BR005-SKU017128PI,20251209,BR005,SKU017128PI,6
REG-20251209-BR005-SKU017256BL,20251209,BR005,SKU017256BL,16
REG-20251209-BR005-SKU017256SI,20251209,BR005,SKU017256SI,8
REG-20251209-BR005-SKU017256PI,20251209,BR005,SKU017256PI,5
REG-20251210-BR001-SKU015128BL,20251210,BR001,SKU015128BL,1
REG-20251210-BR001-SKU015128SI,20251210,BR001,SKU015128SI,7
REG-20251210-BR001-SKU015128PI,20251210,BR001,SKU015128PI,1
REG-20251210-BR001-SKU015256BL,20251210,BR001,SKU015256BL,2
REG-20251210-BR001-SKU015256SI,20251210,BR001,SKU015256SI,4
REG-20251210-BR001-SKU015256PI,20251210,BR001,SKU015256PI,4
REG-20251210-BR001-SKU016128BL,20251210,BR001,SKU016128BL,12
REG-20251210-BR001-SKU016128SI,20251210,BR001,SKU016128SI,6
REG-20251210-BR001-SKU016128PI,20251210,BR001,SKU016128PI,6
REG-20251210-BR001-SKU016256BL,20251210,BR001,SKU016256BL,8
REG-20251210-BR001-SKU016256SI,20251210,BR001,SKU016256SI,5
REG-20251210-BR001-SKU016256PI,20251210,BR001,SKU016256PI,7
REG-20251210-BR001-SKU017128BL,20251210,BR001,SKU017128BL,14
REG-20251210-BR001-SKU017128SI,20251210,BR001,SKU017128SI,6
REG-20251210-BR001-SKU017128PI,20251210,BR001,SKU017128PI,12
REG-20251210-BR001-SKU017256BL,20251210,BR001,SKU017256BL,13
REG-20251210-BR001-SKU017256SI,20251210,BR001,SKU017256SI,17
REG-20251210-BR001-SKU017256PI,20251210,BR001,SKU017256PI,15
REG-20251210-BR002-SKU015128BL,20251210,BR002,SKU015128BL,2
REG-20251210-BR002-SKU015128SI,20251210,BR002,SKU015128SI,3
REG-20251210-BR002-SKU015128PI,20251210,BR002,SKU015128PI,6
REG-20251210-BR002-SKU015256BL,20251210,BR002,SKU015256BL,3
REG-20251210-BR002-SKU015256SI,20251210,BR002,SKU015256SI,1
REG-20251210-BR002-SKU015256PI,20251210,BR002,SKU015256PI,1
REG-20251210-BR002-SKU016128BL,20251210,BR002,SKU016128BL,9
REG-20251210-BR002-SKU016128SI,20251210,BR002,SKU016128SI,3
REG-20251210-BR002-SKU016128PI,20251210,BR002,SKU016128PI,9
REG-20251210-BR002-SKU016256BL,20251210,BR002,SKU016256BL,4
REG-20251210-BR002-SKU016256SI,20251210,BR002,SKU016256SI,10
REG-20251210-BR002-SKU016256PI,20251210,BR002,SKU016256PI,5
REG-20251210-BR002-SKU017128BL,20251210,BR002,SKU017128BL,8
REG-20251210-BR002-SKU017128SI,20251210,BR002,SKU017128SI,11
REG-20251210-BR002-SKU017128PI,20251210,BR002,SKU017128PI,15
REG-20251210-BR002-SKU017256BL,20251210,BR002,SKU017256BL,13
REG-20251210-BR002-SKU017256SI,20251210,BR002,SKU017256SI,12
REG-20251210-BR002-SKU017256PI,20251210,BR002,SKU017256PI,7
REG-20251210-BR003-SKU015128BL,20251210,BR003,SKU015128BL,1
REG-20251210-BR003-SKU015128SI,20251210,BR003,SKU015128SI,2
REG-20251210-BR003-SKU015128PI,20251210,BR003,SKU015128PI,6
REG-20251210-BR003-SKU015256BL,20251210,BR003,SKU015256BL,3
REG-20251210-BR003-SKU015256SI,20251210,BR003,SKU015256SI,2
REG-20251210-BR003-SKU015256PI,20251210,BR003,SKU015256PI,7
REG-20251210-BR003-SKU016128BL,20251210,BR003,SKU016128BL,11
REG-20251210-BR003-SKU016128SI,20251210,BR003,SKU016128SI,8
REG-20251210-BR003-SKU016128PI,20251210,BR003,SKU016128PI,2
REG-20251210-BR003-SKU016256BL,20251210,BR003,SKU016256BL,3
REG-20251210-BR003-SKU016256SI,20251210,BR003,SKU016256SI,4
REG-20251210-BR003-SKU016256PI,20251210,BR003,SKU016256PI,8
REG-20251210-BR003-SKU017128BL,20251210,BR003,SKU017128BL,16
REG-20251210-BR003-SKU017128SI,20251210,BR003,SKU017128SI,13
REG-20251210-BR003-SKU017128PI,20251210,BR003,SKU017128PI,10
REG-20251210-BR003-SKU017256BL,20251210,BR003,SKU017256BL,13
REG-20251210-BR003-SKU017256SI,20251210,BR003,SKU017256SI,15
REG-20251210-BR003-SKU017256PI,20251210,BR003,SKU017256PI,5
REG-20251210-BR004-SKU015128BL,20251210,BR004,SKU015128BL,3
REG-20251210-BR004-SKU015128SI,20251210,BR004,SKU015128SI,7
REG-20251210-BR004-SKU015128PI,20251210,BR004,SKU015128PI,3
REG-20251210-BR004-SKU015256BL,20251210,BR004,SKU015256BL,3
REG-20251210-BR004-SKU015256SI,20251210,BR004,SKU015256SI,2
REG-20251210-BR004-SKU015256PI,20251210,BR004,SKU015256PI,4
REG-20251210-BR004-SKU016128BL,20251210,BR004,SKU016128BL,8
REG-20251210-BR004-SKU016128SI,20251210,BR004,SKU016128SI,8
REG-20251210-BR004-SKU016128PI,20251210,BR004,SKU016128PI,7
REG-20251210-BR004-SKU016256BL,20251210,BR004,SKU016256BL,9
REG-20251210-BR004-SKU016256SI,20251210,BR004,SKU016256SI,5
REG-20251210-BR004-SKU016256PI,20251210,BR004,SKU016256PI,7
REG-20251210-BR004-SKU017128BL,20251210,BR004,SKU017128BL,12
REG-20251210-BR004-SKU017128SI,20251210,BR004,SKU017128SI,8
REG-20251210-BR004-SKU017128PI,20251210,BR004,SKU017128PI,17
REG-20251210-BR004-SKU017256BL,20251210,BR004,SKU017256BL,16
REG-20251210-BR004-SKU017256SI,20251210,BR004,SKU017256SI,11
REG-20251210-BR004-SKU017256PI,20251210,BR004,SKU017256PI,16
REG-20251210-BR005-SKU015128BL,20251210,BR005,SKU015128BL,4
REG-20251210-BR005-SKU015128SI,20251210,BR005,SKU015128SI,2
REG-20251210-BR005-SKU015128PI,20251210,BR005,SKU015128PI,3
REG-20251210-BR005-SKU015256BL,20251210,BR005,SKU015256BL,3
REG-20251210-BR005-SKU015256SI,20251210,BR005,SKU015256SI,5
REG-20251210-BR005-SKU015256PI,20251210,BR005,SKU015256PI,2
REG-20251210-BR005-SKU016128BL,20251210,BR005,SKU016128BL,9
REG-20251210-BR005-SKU016128SI,20251210,BR005,SKU016128SI,9
REG-20251210-BR005-SKU016128PI,20251210,BR005,SKU016128PI,4
REG-20251210-BR005-SKU016256BL,20251210,BR005,SKU016256BL,10
REG-20251210-BR005-SKU016256SI,20251210,BR005,SKU016256SI,3
REG-20251210-BR005-SKU016256PI,20251210,BR005,SKU016256PI,8
REG-20251210-BR005-SKU017128BL,20251210,BR005,SKU017128BL,14
REG-20251210-BR005-SKU017128SI,20251210,BR005,SKU017128SI,4
REG-20251210-BR005-SKU017128PI,20251210,BR005,SKU017128PI,6
REG-20251210-BR005-SKU017256BL,20251210,BR005,SKU017256BL,13
REG-20251210-BR005-SKU017256SI,20251210,BR005,SKU017256SI,9
REG-20251210-BR005-SKU017256PI,20251210,BR005,SKU017256PI,13
REG-20251211-BR001-SKU015128BL,20251211,BR001,SKU015128BL,2
REG-20251211-BR001-SKU015128SI,20251211,BR001,SKU015128SI,6
REG-20251211-BR001-SKU015128PI,20251211,BR001,SKU015128PI,4
REG-20251211-BR001-SKU015256BL,20251211,BR001,SKU015256BL,2
REG-20251211-BR001-SKU015256SI,20251211,BR001,SKU015256SI,2
REG-20251211-BR001-SKU015256PI,20251211,BR001,SKU015256PI,1
REG-20251211-BR001-SKU016128BL,20251211,BR001,SKU016128BL,12
REG-20251211-BR001-SKU016128SI,20251211,BR001,SKU016128SI,12
REG-20251211-BR001-SKU016128PI,20251211,BR001,SKU016128PI,7
REG-20251211-BR001-SKU016256BL,20251211,BR001,SKU016256BL,4
REG-20251211-BR001-SKU016256SI,20251211,BR001,SKU016256SI,11
REG-20251211-BR001-SKU016256PI,20251211,BR001,SKU016256PI,3
REG-20251211-BR001-SKU017128BL,20251211,BR001,SKU017128BL,13
REG-20251211-BR001-SKU017128SI,20251211,BR001,SKU017128SI,9
REG-20251211-BR001-SKU017128PI,20251211,BR001,SKU017128PI,12
REG-20251211-BR001-SKU017256BL,20251211,BR001,SKU017256BL,14
REG-20251211-BR001-SKU017256SI,20251211,BR001,SKU017256SI,9
REG-20251211-BR001-SKU017256PI,20251211,BR001,SKU017256PI,13
REG-20251211-BR002-SKU015128BL,20251211,BR002,SKU015128BL,3
REG-20251211-BR002-SKU015128SI,20251211,BR002,SKU015128SI,1
REG-20251211-BR002-SKU015128PI,20251211,BR002,SKU015128PI,5
REG-20251211-BR002-SKU015256BL,20251211,BR002,SKU015256BL,1
REG-20251211-BR002-SKU015256SI,20251211,BR002,SKU015256SI,4
REG-20251211-BR002-SKU015256PI,20251211,BR002,SKU015256PI,3
REG-20251211-BR002-SKU016128BL,20251211,BR002,SKU016128BL,11
REG-20251211-BR002-SKU016128SI,20251211,BR002,SKU016128SI,6
REG-20251211-BR002-SKU016128PI,20251211,BR002,SKU016128PI,4
REG-20251211-BR002-SKU016256BL,20251211,BR002,SKU016256BL,9
REG-20251211-BR002-SKU016256SI,20251211,BR002,SKU016256SI,9
REG-20251211-BR002-SKU016256PI,20251211,BR002,SKU016256PI,4
REG-20251211-BR002-SKU017128BL,20251211,BR002,SKU017128BL,14
REG-20251211-BR002-SKU017128SI,20251211,BR002,SKU017128SI,11
REG-20251211-BR002-SKU017128PI,20251211,BR002,SKU017128PI,8
REG-20251211-BR002-SKU017256BL,20251211,BR002,SKU017256BL,10
REG-20251211-BR002-SKU017256SI,20251211,BR002,SKU017256SI,9
REG-20251211-BR002-SKU017256PI,20251211,BR002,SKU017256PI,5
REG-20251211-BR003-SKU015128BL,20251211,BR003,SKU015128BL,7
REG-20251211-BR003-SKU015128SI,20251211,BR003,SKU015128SI,4
REG-20251211-BR003-SKU015128PI,20251211,BR003,SKU015128PI,1
REG-20251211-BR003-SKU015256BL,20251211,BR003,SKU015256BL,5
REG-20251211-BR003-SKU015256SI,20251211,BR003,SKU015256SI,2
REG-20251211-BR003-SKU015256PI,20251211,BR003,SKU015256PI,1
REG-20251211-BR003-SKU016128BL,20251211,BR003,SKU016128BL,5
REG-20251211-BR003-SKU016128SI,20251211,BR003,SKU016128SI,7
REG-20251211-BR003-SKU016128PI,20251211,BR003,SKU016128PI,3
REG-20251211-BR003-SKU016256BL,20251211,BR003,SKU016256BL,7
REG-20251211-BR003-SKU016256SI,20251211,BR003,SKU016256SI,3
REG-20251211-BR003-SKU016256PI,20251211,BR003,SKU016256PI,5
REG-20251211-BR003-SKU017128BL,20251211,BR003,SKU017128BL,6
REG-20251211-BR003-SKU017128SI,20251211,BR003,SKU017128SI,9
REG-20251211-BR003-SKU017128PI,20251211,BR003,SKU017128PI,11
REG-20251211-BR003-SKU017256BL,20251211,BR003,SKU017256BL,17
REG-20251211-BR003-SKU017256SI,20251211,BR003,SKU017256SI,6
REG-20251211-BR003-SKU017256PI,20251211,BR003,SKU017256PI,15
REG-20251211-BR004-SKU015128BL,20251211,BR004,SKU015128BL,1
REG-20251211-BR004-SKU015128SI,20251211,BR004,SKU015128SI,3
REG-20251211-BR004-SKU015128PI,20251211,BR004,SKU015128PI,2
REG-20251211-BR004-SKU015256BL,20251211,BR004,SKU015256BL,1
REG-20251211-BR004-SKU015256SI,20251211,BR004,SKU015256SI,1
REG-20251211-BR004-SKU015256PI,20251211,BR004,SKU015256PI,2
REG-20251211-BR004-SKU016128BL,20251211,BR004,SKU016128BL,8
REG-20251211-BR004-SKU016128SI,20251211,BR004,SKU016128SI,11
REG-20251211-BR004-SKU016128PI,20251211,BR004,SKU016128PI,5
REG-20251211-BR004-SKU016256BL,20251211,BR004,SKU016256BL,10
REG-20251211-BR004-SKU016256SI,20251211,BR004,SKU016256SI,7
REG-20251211-BR004-SKU016256PI,20251211,BR004,SKU016256PI,8
REG-20251211-BR004-SKU017128BL,20251211,BR004,SKU017128BL,13
REG-20251211-BR004-SKU017128SI,20251211,BR004,SKU017128SI,11
REG-20251211-BR004-SKU017128PI,20251211,BR004,SKU017128PI,8
REG-20251211-BR004-SKU017256BL,20251211,BR004,SKU017256BL,14
REG-20251211-BR004-SKU017256SI,20251211,BR004,SKU017256SI,8
REG-20251211-BR004-SKU017256PI,20251211,BR004,SKU017256PI,15
REG-20251211-BR005-SKU015128BL,20251211,BR005,SKU015128BL,6
REG-20251211-BR005-SKU015128SI,20251211,BR005,SKU015128SI,1
REG-20251211-BR005-SKU015128PI,20251211,BR005,SKU015128PI,6
REG-20251211-BR005-SKU015256BL,20251211,BR005,SKU015256BL,5
REG-20251211-BR005-SKU015256SI,20251211,BR005,SKU015256SI,2
REG-20251211-BR005-SKU015256PI,20251211,BR005,SKU015256PI,3
REG-20251211-BR005-SKU016128BL,20251211,BR005,SKU016128BL,10
REG-20251211-BR005-SKU016128SI,20251211,BR005,SKU016128SI,9
REG-20251211-BR005-SKU016128PI,20251211,BR005,SKU016128PI,10
REG-20251211-BR005-SKU016256BL,20251211,BR005,SKU016256BL,9
REG-20251211-BR005-SKU016256SI,20251211,BR005,SKU016256SI,12
REG-20251211-BR005-SKU016256PI,20251211,BR005,SKU016256PI,7
REG-20251211-BR005-SKU017128BL,20251211,BR005,SKU017128BL,15
REG-20251211-BR005-SKU017128SI,20251211,BR005,SKU017128SI,10
REG-20251211-BR005-SKU017128PI,20251211,BR005,SKU017128PI,9
REG-20251211-BR005-SKU017256BL,20251211,BR005,SKU017256BL,5
REG-20251211-BR005-SKU017256SI,20251211,BR005,SKU017256SI,14
REG-20251211-BR005-SKU017256PI,20251211,BR005,SKU017256PI,5
REG-20251212-BR001-SKU015128BL,20251212,BR001,SKU015128BL,1
REG-20251212-BR001-SKU015128SI,20251212,BR001,SKU015128SI,1
REG-20251212-BR001-SKU015128PI,20251212,BR001,SKU015128PI,3
REG-20251212-BR001-SKU015256BL,20251212,BR001,SKU015256BL,4
REG-20251212-BR001-SKU015256SI,20251212,BR001,SKU015256SI,1
REG-20251212-BR001-SKU015256PI,20251212,BR001,SKU015256PI,1
REG-20251212-BR001-SKU016128BL,20251212,BR001,SKU016128BL,8
REG-20251212-BR001-SKU016128SI,20251212,BR001,SKU016128SI,6
REG-20251212-BR001-SKU016128PI,20251212,BR001,SKU016128PI,2
REG-20251212-BR001-SKU016256BL,20251212,BR001,SKU016256BL,3
REG-20251212-BR001-SKU016256SI,20251212,BR001,SKU016256SI,7
REG-20251212-BR001-SKU016256PI,20251212,BR001,SKU016256PI,5
REG-20251212-BR001-SKU017128BL,20251212,BR001,SKU017128BL,11
REG-20251212-BR001-SKU017128SI,20251212,BR001,SKU017128SI,7
REG-20251212-BR001-SKU017128PI,20251212,BR001,SKU017128PI,11
REG-20251212-BR001-SKU017256BL,20251212,BR001,SKU017256BL,13
REG-20251212-BR001-SKU017256SI,20251212,BR001,SKU017256SI,15
REG-20251212-BR001-SKU017256PI,20251212,BR001,SKU017256PI,14
REG-20251212-BR002-SKU015128BL,20251212,BR002,SKU015128BL,4
REG-20251212-BR002-SKU015128SI,20251212,BR002,SKU015128SI,6
REG-20251212-BR002-SKU015128PI,20251212,BR002,SKU015128PI,5
REG-20251212-BR002-SKU015256BL,20251212,BR002,SKU015256BL,4
REG-20251212-BR002-SKU015256SI,20251212,BR002,SKU015256SI,1
REG-20251212-BR002-SKU015256PI,20251212,BR002,SKU015256PI,5
REG-20251212-BR002-SKU016128BL,20251212,BR002,SKU016128BL,9
REG-20251212-BR002-SKU016128SI,20251212,BR002,SKU016128SI,6
REG-20251212-BR002-SKU016128PI,20251212,BR002,SKU016128PI,3
REG-20251212-BR002-SKU016256BL,20251212,BR002,SKU016256BL,8
REG-20251212-BR002-SKU016256SI,20251212,BR002,SKU016256SI,7
REG-20251212-BR002-SKU016256PI,20251212,BR002,SKU016256PI,2
REG-20251212-BR002-SKU017128BL,20251212,BR002,SKU017128BL,8
REG-20251212-BR002-SKU017128SI,20251212,BR002,SKU017128SI,8
REG-20251212-BR002-SKU017128PI,20251212,BR002,SKU017128PI,7
REG-20251212-BR002-SKU017256BL,20251212,BR002,SKU017256BL,13
REG-20251212-BR002-SKU017256SI,20251212,BR002,SKU017256SI,5
REG-20251212-BR002-SKU017256PI,20251212,BR002,SKU017256PI,12
REG-20251212-BR003-SKU015128BL,20251212,BR003,SKU015128BL,3
REG-20251212-BR003-SKU015128SI,20251212,BR003,SKU015128SI,3
REG-20251212-BR003-SKU015128PI,20251212,BR003,SKU015128PI,4
REG-20251212-BR003-SKU015256BL,20251212,BR003,SKU015256BL,1
REG-20251212-BR003-SKU015256SI,20251212,BR003,SKU015256SI,5
REG-20251212-BR003-SKU015256PI,20251212,BR003,SKU015256PI,3
REG-20251212-BR003-SKU016128BL,20251212,BR003,SKU016128BL,6
REG-20251212-BR003-SKU016128SI,20251212,BR003,SKU016128SI,9
REG-20251212-BR003-SKU016128PI,20251212,BR003,SKU016128PI,8
REG-20251212-BR003-SKU016256BL,20251212,BR003,SKU016256BL,11
REG-20251212-BR003-SKU016256SI,20251212,BR003,SKU016256SI,4
REG-20251212-BR003-SKU016256PI,20251212,BR003,SKU016256PI,7
REG-20251212-BR003-SKU017128BL,20251212,BR003,SKU017128BL,15
REG-20251212-BR003-SKU017128SI,20251212,BR003,SKU017128SI,11
REG-20251212-BR003-SKU017128PI,20251212,BR003,SKU017128PI,12
REG-20251212-BR003-SKU017256BL,20251212,BR003,SKU017256BL,10
REG-20251212-BR003-SKU017256SI,20251212,BR003,SKU017256SI,11
REG-20251212-BR003-SKU017256PI,20251212,BR003,SKU017256PI,6
REG-20251212-BR004-SKU015128BL,20251212,BR004,SKU015128BL,4
REG-20251212-BR004-SKU015128SI,20251212,BR004,SKU015128SI,3
REG-20251212-BR004-SKU015128PI,20251212,BR004,SKU015128PI,6
REG-20251212-BR004-SKU015256BL,20251212,BR004,SKU015256BL,1
REG-20251212-BR004-SKU015256SI,20251212,BR004,SKU015256SI,3
REG-20251212-BR004-SKU015256PI,20251212,BR004,SKU015256PI,3
REG-20251212-BR004-SKU016128BL,20251212,BR004,SKU016128BL,4
REG-20251212-BR004-SKU016128SI,20251212,BR004,SKU016128SI,3
REG-20251212-BR004-SKU016128PI,20251212,BR004,SKU016128PI,6
REG-20251212-BR004-SKU016256BL,20251212,BR004,SKU016256BL,6
REG-20251212-BR004-SKU016256SI,20251212,BR004,SKU016256SI,9
REG-20251212-BR004-SKU016256PI,20251212,BR004,SKU016256PI,11
REG-20251212-BR004-SKU017128BL,20251212,BR004,SKU017128BL,7
REG-20251212-BR004-SKU017128SI,20251212,BR004,SKU017128SI,12
REG-20251212-BR004-SKU017128PI,20251212,BR004,SKU017128PI,8
REG-20251212-BR004-SKU017256BL,20251212,BR004,SKU017256BL,11
REG-20251212-BR004-SKU017256SI,20251212,BR004,SKU017256SI,7
REG-20251212-BR004-SKU017256PI,20251212,BR004,SKU017256PI,14
REG-20251212-BR005-SKU015128BL,20251212,BR005,SKU015128BL,1
REG-20251212-BR005-SKU015128SI,20251212,BR005,SKU015128SI,4
REG-20251212-BR005-SKU015128PI,20251212,BR005,SKU015128PI,1
REG-20251212-BR005-SKU015256BL,20251212,BR005,SKU015256BL,2
REG-20251212-BR005-SKU015256SI,20251212,BR005,SKU015256SI,2
REG-20251212-BR005-SKU015256PI,20251212,BR005,SKU015256PI,2
REG-20251212-BR005-SKU016128BL,20251212,BR005,SKU016128BL,9
REG-20251212-BR005-SKU016128SI,20251212,BR005,SKU016128SI,7
REG-20251212-BR005-SKU016128PI,20251212,BR005,SKU016128PI,4
REG-20251212-BR005-SKU016256BL,20251212,BR005,SKU016256BL,11
REG-20251212-BR005-SKU016256SI,20251212,BR005,SKU016256SI,11
REG-20251212-BR005-SKU016256PI,20251212,BR005,SKU016256PI,4
REG-20251212-BR005-SKU017128BL,20251212,BR005,SKU017128BL,14
REG-20251212-BR005-SKU017128SI,20251212,BR005,SKU017128SI,8
REG-20251212-BR005-SKU017128PI,20251212,BR005,SKU017128PI,13
REG-20251212-BR005-SKU017256BL,20251212,BR005,SKU017256BL,13
REG-20251212-BR005-SKU017256SI,20251212,BR005,SKU017256SI,17
REG-20251212-BR005-SKU017256PI,20251212,BR005,SKU017256PI,6
REG-20251213-BR001-SKU015128BL,20251213,BR001,SKU015128BL,7
REG-20251213-BR001-SKU015128SI,20251213,BR001,SKU015128SI,3
REG-20251213-BR001-SKU015128PI,20251213,BR001,SKU015128PI,4
REG-20251213-BR001-SKU015256BL,20251213,BR001,SKU015256BL,3
REG-20251213-BR001-SKU015256SI,20251213,BR001,SKU015256SI,1
REG-20251213-BR001-SKU015256PI,20251213,BR001,SKU015256PI,1
REG-20251213-BR001-SKU016128BL,20251213,BR001,SKU016128BL,7
REG-20251213-BR001-SKU016128SI,20251213,BR001,SKU016128SI,9
REG-20251213-BR001-SKU016128PI,20251213,BR001,SKU016128PI,5
REG-20251213-BR001-SKU016256BL,20251213,BR001,SKU016256BL,6
REG-20251213-BR001-SKU016256SI,20251213,BR001,SKU016256SI,10
REG-20251213-BR001-SKU016256PI,20251213,BR001,SKU016256PI,7
REG-20251213-BR001-SKU017128BL,20251213,BR001,SKU017128BL,9
REG-20251213-BR001-SKU017128SI,20251213,BR001,SKU017128SI,7
REG-20251213-BR001-SKU017128PI,20251213,BR001,SKU017128PI,6
REG-20251213-BR001-SKU017256BL,20251213,BR001,SKU017256BL,14
REG-20251213-BR001-SKU017256SI,20251213,BR001,SKU017256SI,8
REG-20251213-BR001-SKU017256PI,20251213,BR001,SKU017256PI,9
REG-20251213-BR002-SKU015128BL,20251213,BR002,SKU015128BL,1
REG-20251213-BR002-SKU015128SI,20251213,BR002,SKU015128SI,5
REG-20251213-BR002-SKU015128PI,20251213,BR002,SKU015128PI,7
REG-20251213-BR002-SKU015256BL,20251213,BR002,SKU015256BL,7
REG-20251213-BR002-SKU015256SI,20251213,BR002,SKU015256SI,5
REG-20251213-BR002-SKU015256PI,20251213,BR002,SKU015256PI,2
REG-20251213-BR002-SKU016128BL,20251213,BR002,SKU016128BL,12
REG-20251213-BR002-SKU016128SI,20251213,BR002,SKU016128SI,5
REG-20251213-BR002-SKU016128PI,20251213,BR002,SKU016128PI,7
REG-20251213-BR002-SKU016256BL,20251213,BR002,SKU016256BL,5
REG-20251213-BR002-SKU016256SI,20251213,BR002,SKU016256SI,2
REG-20251213-BR002-SKU016256PI,20251213,BR002,SKU016256PI,3
REG-20251213-BR002-SKU017128BL,20251213,BR002,SKU017128BL,10
REG-20251213-BR002-SKU017128SI,20251213,BR002,SKU017128SI,12
REG-20251213-BR002-SKU017128PI,20251213,BR002,SKU017128PI,11
REG-20251213-BR002-SKU017256BL,20251213,BR002,SKU017256BL,13
REG-20251213-BR002-SKU017256SI,20251213,BR002,SKU017256SI,12
REG-20251213-BR002-SKU017256PI,20251213,BR002,SKU017256PI,12
REG-20251213-BR003-SKU015128BL,20251213,BR003,SKU015128BL,1
REG-20251213-BR003-SKU015128SI,20251213,BR003,SKU015128SI,4
REG-20251213-BR003-SKU015128PI,20251213,BR003,SKU015128PI,4
REG-20251213-BR003-SKU015256BL,20251213,BR003,SKU015256BL,1
REG-20251213-BR003-SKU015256SI,20251213,BR003,SKU015256SI,1
REG-20251213-BR003-SKU015256PI,20251213,BR003,SKU015256PI,3
REG-20251213-BR003-SKU016128BL,20251213,BR003,SKU016128BL,8
REG-20251213-BR003-SKU016128SI,20251213,BR003,SKU016128SI,3
REG-20251213-BR003-SKU016128PI,20251213,BR003,SKU016128PI,8
REG-20251213-BR003-SKU016256BL,20251213,BR003,SKU016256BL,5
REG-20251213-BR003-SKU016256SI,20251213,BR003,SKU016256SI,8
REG-20251213-BR003-SKU016256PI,20251213,BR003,SKU016256PI,2
REG-20251213-BR003-SKU017128BL,20251213,BR003,SKU017128BL,13
REG-20251213-BR003-SKU017128SI,20251213,BR003,SKU017128SI,6
REG-20251213-BR003-SKU017128PI,20251213,BR003,SKU017128PI,12
REG-20251213-BR003-SKU017256BL,20251213,BR003,SKU017256BL,8
REG-20251213-BR003-SKU017256SI,20251213,BR003,SKU017256SI,6
REG-20251213-BR003-SKU017256PI,20251213,BR003,SKU017256PI,7
REG-20251213-BR004-SKU015128BL,20251213,BR004,SKU015128BL,6
REG-20251213-BR004-SKU015128SI,20251213,BR004,SKU015128SI,4
REG-20251213-BR004-SKU015128PI,20251213,BR004,SKU015128PI,1
REG-20251213-BR004-SKU015256BL,20251213,BR004,SKU015256BL,1
REG-20251213-BR004-SKU015256SI,20251213,BR004,SKU015256SI,2
REG-20251213-BR004-SKU015256PI,20251213,BR004,SKU015256PI,3
REG-20251213-BR004-SKU016128BL,20251213,BR004,SKU016128BL,4
REG-20251213-BR004-SKU016128SI,20251213,BR004,SKU016128SI,1
REG-20251213-BR004-SKU016128PI,20251213,BR004,SKU016128PI,7
REG-20251213-BR004-SKU016256BL,20251213,BR004,SKU016256BL,6
REG-20251213-BR004-SKU016256SI,20251213,BR004,SKU016256SI,10
REG-20251213-BR004-SKU016256PI,20251213,BR004,SKU016256PI,12
REG-20251213-BR004-SKU017128BL,20251213,BR004,SKU017128BL,14
REG-20251213-BR004-SKU017128SI,20251213,BR004,SKU017128SI,12
REG-20251213-BR004-SKU017128PI,20251213,BR004,SKU017128PI,8
REG-20251213-BR004-SKU017256BL,20251213,BR004,SKU017256BL,13
REG-20251213-BR004-SKU017256SI,20251213,BR004,SKU017256SI,11
REG-20251213-BR004-SKU017256PI,20251213,BR004,SKU017256PI,14
REG-20251213-BR005-SKU015128BL,20251213,BR005,SKU015128BL,4
REG-20251213-BR005-SKU015128SI,20251213,BR005,SKU015128SI,1
REG-20251213-BR005-SKU015128PI,20251213,BR005,SKU015128PI,5
REG-20251213-BR005-SKU015256BL,20251213,BR005,SKU015256BL,1
REG-20251213-BR005-SKU015256SI,20251213,BR005,SKU015256SI,2
REG-20251213-BR005-SKU015256PI,20251213,BR005,SKU015256PI,1
REG-20251213-BR005-SKU016128BL,20251213,BR005,SKU016128BL,4
REG-20251213-BR005-SKU016128SI,20251213,BR005,SKU016128SI,10
REG-20251213-BR005-SKU016128PI,20251213,BR005,SKU016128PI,12
REG-20251213-BR005-SKU016256BL,20251213,BR005,SKU016256BL,5
REG-20251213-BR005-SKU016256SI,20251213,BR005,SKU016256SI,5
REG-20251213-BR005-SKU016256PI,20251213,BR005,SKU016256PI,10
REG-20251213-BR005-SKU017128BL,20251213,BR005,SKU017128BL,8
REG-20251213-BR005-SKU017128SI,20251213,BR005,SKU017128SI,12
REG-20251213-BR005-SKU017128PI,20251213,BR005,SKU017128PI,7
REG-20251213-BR005-SKU017256BL,20251213,BR005,SKU017256BL,10
REG-20251213-BR005-SKU017256SI,20251213,BR005,SKU017256SI,14
REG-20251213-BR005-SKU017256PI,20251213,BR005,SKU017256PI,5
REG-20251214-BR001-SKU015128BL,20251214,BR001,SKU015128BL,4
REG-20251214-BR001-SKU015128SI,20251214,BR001,SKU015128SI,2
REG-20251214-BR001-SKU015128PI,20251214,BR001,SKU015128PI,3
REG-20251214-BR001-SKU015256BL,20251214,BR001,SKU015256BL,1
REG-20251214-BR001-SKU015256SI,20251214,BR001,SKU015256SI,3
REG-20251214-BR001-SKU015256PI,20251214,BR001,SKU015256PI,2
REG-20251214-BR001-SKU016128BL,20251214,BR001,SKU016128BL,6
REG-20251214-BR001-SKU016128SI,20251214,BR001,SKU016128SI,8
REG-20251214-BR001-SKU016128PI,20251214,BR001,SKU016128PI,8
REG-20251214-BR001-SKU016256BL,20251214,BR001,SKU016256BL,7
REG-20251214-BR001-SKU016256SI,20251214,BR001,SKU016256SI,5
REG-20251214-BR001-SKU016256PI,20251214,BR001,SKU016256PI,3
REG-20251214-BR001-SKU017128BL,20251214,BR001,SKU017128BL,9
REG-20251214-BR001-SKU017128SI,20251214,BR001,SKU017128SI,7
REG-20251214-BR001-SKU017128PI,20251214,BR001,SKU017128PI,10
REG-20251214-BR001-SKU017256BL,20251214,BR001,SKU017256BL,7
REG-20251214-BR001-SKU017256SI,20251214,BR001,SKU017256SI,7
REG-20251214-BR001-SKU017256PI,20251214,BR001,SKU017256PI,10
REG-20251214-BR002-SKU015128BL,20251214,BR002,SKU015128BL,4
REG-20251214-BR002-SKU015128SI,20251214,BR002,SKU015128SI,5
REG-20251214-BR002-SKU015128PI,20251214,BR002,SKU015128PI,1
REG-20251214-BR002-SKU015256BL,20251214,BR002,SKU015256BL,2
REG-20251214-BR002-SKU015256SI,20251214,BR002,SKU015256SI,2
REG-20251214-BR002-SKU015256PI,20251214,BR002,SKU015256PI,7
REG-20251214-BR002-SKU016128BL,20251214,BR002,SKU016128BL,4
REG-20251214-BR002-SKU016128SI,20251214,BR002,SKU016128SI,4
REG-20251214-BR002-SKU016128PI,20251214,BR002,SKU016128PI,5
REG-20251214-BR002-SKU016256BL,20251214,BR002,SKU016256BL,7
REG-20251214-BR002-SKU016256SI,20251214,BR002,SKU016256SI,6
REG-20251214-BR002-SKU016256PI,20251214,BR002,SKU016256PI,5
REG-20251214-BR002-SKU017128BL,20251214,BR002,SKU017128BL,5
REG-20251214-BR002-SKU017128SI,20251214,BR002,SKU017128SI,9
REG-20251214-BR002-SKU017128PI,20251214,BR002,SKU017128PI,8
REG-20251214-BR002-SKU017256BL,20251214,BR002,SKU017256BL,5
REG-20251214-BR002-SKU017256SI,20251214,BR002,SKU017256SI,14
REG-20251214-BR002-SKU017256PI,20251214,BR002,SKU017256PI,17
REG-20251214-BR003-SKU015128BL,20251214,BR003,SKU015128BL,5
REG-20251214-BR003-SKU015128SI,20251214,BR003,SKU015128SI,5
REG-20251214-BR003-SKU015128PI,20251214,BR003,SKU015128PI,1
REG-20251214-BR003-SKU015256BL,20251214,BR003,SKU015256BL,7
REG-20251214-BR003-SKU015256SI,20251214,BR003,SKU015256SI,3
REG-20251214-BR003-SKU015256PI,20251214,BR003,SKU015256PI,4
REG-20251214-BR003-SKU016128BL,20251214,BR003,SKU016128BL,4
REG-20251214-BR003-SKU016128SI,20251214,BR003,SKU016128SI,7
REG-20251214-BR003-SKU016128PI,20251214,BR003,SKU016128PI,2
REG-20251214-BR003-SKU016256BL,20251214,BR003,SKU016256BL,7
REG-20251214-BR003-SKU016256SI,20251214,BR003,SKU016256SI,5
REG-20251214-BR003-SKU016256PI,20251214,BR003,SKU016256PI,1
REG-20251214-BR003-SKU017128BL,20251214,BR003,SKU017128BL,4
REG-20251214-BR003-SKU017128SI,20251214,BR003,SKU017128SI,5
REG-20251214-BR003-SKU017128PI,20251214,BR003,SKU017128PI,8
REG-20251214-BR003-SKU017256BL,20251214,BR003,SKU017256BL,16
REG-20251214-BR003-SKU017256SI,20251214,BR003,SKU017256SI,8
REG-20251214-BR003-SKU017256PI,20251214,BR003,SKU017256PI,16
REG-20251214-BR004-SKU015128BL,20251214,BR004,SKU015128BL,1
REG-20251214-BR004-SKU015128SI,20251214,BR004,SKU015128SI,4
REG-20251214-BR004-SKU015128PI,20251214,BR004,SKU015128PI,7
REG-20251214-BR004-SKU015256BL,20251214,BR004,SKU015256BL,3
REG-20251214-BR004-SKU015256SI,20251214,BR004,SKU015256SI,3
REG-20251214-BR004-SKU015256PI,20251214,BR004,SKU015256PI,1
REG-20251214-BR004-SKU016128BL,20251214,BR004,SKU016128BL,5
REG-20251214-BR004-SKU016128SI,20251214,BR004,SKU016128SI,7
REG-20251214-BR004-SKU016128PI,20251214,BR004,SKU016128PI,1
REG-20251214-BR004-SKU016256BL,20251214,BR004,SKU016256BL,4
REG-20251214-BR004-SKU016256SI,20251214,BR004,SKU016256SI,5
REG-20251214-BR004-SKU016256PI,20251214,BR004,SKU016256PI,7
REG-20251214-BR004-SKU017128BL,20251214,BR004,SKU017128BL,7
REG-20251214-BR004-SKU017128SI,20251214,BR004,SKU017128SI,13
REG-20251214-BR004-SKU017128PI,20251214,BR004,SKU017128PI,8
REG-20251214-BR004-SKU017256BL,20251214,BR004,SKU017256BL,14
REG-20251214-BR004-SKU017256SI,20251214,BR004,SKU017256SI,11
REG-20251214-BR004-SKU017256PI,20251214,BR004,SKU017256PI,6
REG-20251214-BR005-SKU015128BL,20251214,BR005,SKU015128BL,5
REG-20251214-BR005-SKU015128SI,20251214,BR005,SKU015128SI,4
REG-20251214-BR005-SKU015128PI,20251214,BR005,SKU015128PI,2
REG-20251214-BR005-SKU015256BL,20251214,BR005,SKU015256BL,4
REG-20251214-BR005-SKU015256SI,20251214,BR005,SKU015256SI,1
REG-20251214-BR005-SKU015256PI,20251214,BR005,SKU015256PI,1
REG-20251214-BR005-SKU016128BL,20251214,BR005,SKU016128BL,10
REG-20251214-BR005-SKU016128SI,20251214,BR005,SKU016128SI,5
REG-20251214-BR005-SKU016128PI,20251214,BR005,SKU016128PI,11
REG-20251214-BR005-SKU016256BL,20251214,BR005,SKU016256BL,10
REG-20251214-BR005-SKU016256SI,20251214,BR005,SKU016256SI,8
REG-20251214-BR005-SKU016256PI,20251214,BR005,SKU016256PI,11
REG-20251214-BR005-SKU017128BL,20251214,BR005,SKU017128BL,12
REG-20251214-BR005-SKU017128SI,20251214,BR005,SKU017128SI,5
REG-20251214-BR005-SKU017128PI,20251214,BR005,SKU017128PI,9
REG-20251214-BR005-SKU017256BL,20251214,BR005,SKU017256BL,6
REG-20251214-BR005-SKU017256SI,20251214,BR005,SKU017256SI,9
REG-20251214-BR005-SKU017256PI,20251214,BR005,SKU017256PI,13
REG-20251215-BR001-SKU015128BL,20251215,BR001,SKU015128BL,5
REG-20251215-BR001-SKU015128SI,20251215,BR001,SKU015128SI,6
REG-20251215-BR001-SKU015128PI,20251215,BR001,SKU015128PI,4
REG-20251215-BR001-SKU015256BL,20251215,BR001,SKU015256BL,1
REG-20251215-BR001-SKU015256SI,20251215,BR001,SKU015256SI,3
REG-20251215-BR001-SKU015256PI,20251215,BR001,SKU015256PI,1
REG-20251215-BR001-SKU016128BL,20251215,BR001,SKU016128BL,11
REG-20251215-BR001-SKU016128SI,20251215,BR001,SKU016128SI,1
REG-20251215-BR001-SKU016128PI,20251215,BR001,SKU016128PI,3
REG-20251215-BR001-SKU016256BL,20251215,BR001,SKU016256BL,8
REG-20251215-BR001-SKU016256SI,20251215,BR001,SKU016256SI,5
REG-20251215-BR001-SKU016256PI,20251215,BR001,SKU016256PI,6
REG-20251215-BR001-SKU017128BL,20251215,BR001,SKU017128BL,4
REG-20251215-BR001-SKU017128SI,20251215,BR001,SKU017128SI,5
REG-20251215-BR001-SKU017128PI,20251215,BR001,SKU017128PI,17
REG-20251215-BR001-SKU017256BL,20251215,BR001,SKU017256BL,16
REG-20251215-BR001-SKU017256SI,20251215,BR001,SKU017256SI,7
REG-20251215-BR001-SKU017256PI,20251215,BR001,SKU017256PI,4
REG-20251215-BR002-SKU015128BL,20251215,BR002,SKU015128BL,5
REG-20251215-BR002-SKU015128SI,20251215,BR002,SKU015128SI,4
REG-20251215-BR002-SKU015128PI,20251215,BR002,SKU015128PI,3
REG-20251215-BR002-SKU015256BL,20251215,BR002,SKU015256BL,5
REG-20251215-BR002-SKU015256SI,20251215,BR002,SKU015256SI,1
REG-20251215-BR002-SKU015256PI,20251215,BR002,SKU015256PI,1
REG-20251215-BR002-SKU016128BL,20251215,BR002,SKU016128BL,5
REG-20251215-BR002-SKU016128SI,20251215,BR002,SKU016128SI,3
REG-20251215-BR002-SKU016128PI,20251215,BR002,SKU016128PI,11
REG-20251215-BR002-SKU016256BL,20251215,BR002,SKU016256BL,7
REG-20251215-BR002-SKU016256SI,20251215,BR002,SKU016256SI,9
REG-20251215-BR002-SKU016256PI,20251215,BR002,SKU016256PI,12
REG-20251215-BR002-SKU017128BL,20251215,BR002,SKU017128BL,16
REG-20251215-BR002-SKU017128SI,20251215,BR002,SKU017128SI,14
REG-20251215-BR002-SKU017128PI,20251215,BR002,SKU017128PI,6
REG-20251215-BR002-SKU017256BL,20251215,BR002,SKU017256BL,17
REG-20251215-BR002-SKU017256SI,20251215,BR002,SKU017256SI,13
REG-20251215-BR002-SKU017256PI,20251215,BR002,SKU017256PI,15
REG-20251215-BR003-SKU015128BL,20251215,BR003,SKU015128BL,1
REG-20251215-BR003-SKU015128SI,20251215,BR003,SKU015128SI,6
REG-20251215-BR003-SKU015128PI,20251215,BR003,SKU015128PI,1
REG-20251215-BR003-SKU015256BL,20251215,BR003,SKU015256BL,3
REG-20251215-BR003-SKU015256SI,20251215,BR003,SKU015256SI,1
REG-20251215-BR003-SKU015256PI,20251215,BR003,SKU015256PI,6
REG-20251215-BR003-SKU016128BL,20251215,BR003,SKU016128BL,9
REG-20251215-BR003-SKU016128SI,20251215,BR003,SKU016128SI,4
REG-20251215-BR003-SKU016128PI,20251215,BR003,SKU016128PI,5
REG-20251215-BR003-SKU016256BL,20251215,BR003,SKU016256BL,6
REG-20251215-BR003-SKU016256SI,20251215,BR003,SKU016256SI,7
REG-20251215-BR003-SKU016256PI,20251215,BR003,SKU016256PI,12
REG-20251215-BR003-SKU017128BL,20251215,BR003,SKU017128BL,13
REG-20251215-BR003-SKU017128SI,20251215,BR003,SKU017128SI,9
REG-20251215-BR003-SKU017128PI,20251215,BR003,SKU017128PI,13
REG-20251215-BR003-SKU017256BL,20251215,BR003,SKU017256BL,7
REG-20251215-BR003-SKU017256SI,20251215,BR003,SKU017256SI,10
REG-20251215-BR003-SKU017256PI,20251215,BR003,SKU017256PI,7
REG-20251215-BR004-SKU015128BL,20251215,BR004,SKU015128BL,3
REG-20251215-BR004-SKU015128SI,20251215,BR004,SKU015128SI,3
REG-20251215-BR004-SKU015128PI,20251215,BR004,SKU015128PI,7
REG-20251215-BR004-SKU015256BL,20251215,BR004,SKU015256BL,1
REG-20251215-BR004-SKU015256SI,20251215,BR004,SKU015256SI,2
REG-20251215-BR004-SKU015256PI,20251215,BR004,SKU015256PI,1
REG-20251215-BR004-SKU016128BL,20251215,BR004,SKU016128BL,8
REG-20251215-BR004-SKU016128SI,20251215,BR004,SKU016128SI,10
REG-20251215-BR004-SKU016128PI,20251215,BR004,SKU016128PI,5
REG-20251215-BR004-SKU016256BL,20251215,BR004,SKU016256BL,2
REG-20251215-BR004-SKU016256SI,20251215,BR004,SKU016256SI,8
REG-20251215-BR004-SKU016256PI,20251215,BR004,SKU016256PI,11
REG-20251215-BR004-SKU017128BL,20251215,BR004,SKU017128BL,14
REG-20251215-BR004-SKU017128SI,20251215,BR004,SKU017128SI,5
REG-20251215-BR004-SKU017128PI,20251215,BR004,SKU017128PI,13
REG-20251215-BR004-SKU017256BL,20251215,BR004,SKU017256BL,13
REG-20251215-BR004-SKU017256SI,20251215,BR004,SKU017256SI,4
REG-20251215-BR004-SKU017256PI,20251215,BR004,SKU017256PI,14
REG-20251215-BR005-SKU015128BL,20251215,BR005,SKU015128BL,5
REG-20251215-BR005-SKU015128SI,20251215,BR005,SKU015128SI,1
REG-20251215-BR005-SKU015128PI,20251215,BR005,SKU015128PI,2
REG-20251215-BR005-SKU015256BL,20251215,BR005,SKU015256BL,5
REG-20251215-BR005-SKU015256SI,20251215,BR005,SKU015256SI,4
REG-20251215-BR005-SKU015256PI,20251215,BR005,SKU015256PI,7
REG-20251215-BR005-SKU016128BL,20251215,BR005,SKU016128BL,7
REG-20251215-BR005-SKU016128SI,20251215,BR005,SKU016128SI,5
REG-20251215-BR005-SKU016128PI,20251215,BR005,SKU016128PI,3
REG-20251215-BR005-SKU016256BL,20251215,BR005,SKU016256BL,3
REG-20251215-BR005-SKU016256SI,20251215,BR005,SKU016256SI,7
REG-20251215-BR005-SKU016256PI,20251215,BR005,SKU016256PI,8
REG-20251215-BR005-SKU017128BL,20251215,BR005,SKU017128BL,14
REG-20251215-BR005-SKU017128SI,20251215,BR005,SKU017128SI,6
REG-20251215-BR005-SKU017128PI,20251215,BR005,SKU017128PI,11
REG-20251215-BR005-SKU017256BL,20251215,BR005,SKU017256BL,7
REG-20251215-BR005-SKU017256SI,20251215,BR005,SKU017256SI,12
REG-20251215-BR005-SKU017256PI,20251215,BR005,SKU017256PI,6
REG-20251216-BR001-SKU015128BL,20251216,BR001,SKU015128BL,7
REG-20251216-BR001-SKU015128SI,20251216,BR001,SKU015128SI,2
REG-20251216-BR001-SKU015128PI,20251216,BR001,SKU015128PI,7
REG-20251216-BR001-SKU015256BL,20251216,BR001,SKU015256BL,3
REG-20251216-BR001-SKU015256SI,20251216,BR001,SKU015256SI,7
REG-20251216-BR001-SKU015256PI,20251216,BR001,SKU015256PI,3
REG-20251216-BR001-SKU016128BL,20251216,BR001,SKU016128BL,4
REG-20251216-BR001-SKU016128SI,20251216,BR001,SKU016128SI,9
REG-20251216-BR001-SKU016128PI,20251216,BR001,SKU016128PI,3
REG-20251216-BR001-SKU016256BL,20251216,BR001,SKU016256BL,4
REG-20251216-BR001-SKU016256SI,20251216,BR001,SKU016256SI,10
REG-20251216-BR001-SKU016256PI,20251216,BR001,SKU016256PI,3
REG-20251216-BR001-SKU017128BL,20251216,BR001,SKU017128BL,12
REG-20251216-BR001-SKU017128SI,20251216,BR001,SKU017128SI,17
REG-20251216-BR001-SKU017128PI,20251216,BR001,SKU017128PI,9
REG-20251216-BR001-SKU017256BL,20251216,BR001,SKU017256BL,15
REG-20251216-BR001-SKU017256SI,20251216,BR001,SKU017256SI,10
REG-20251216-BR001-SKU017256PI,20251216,BR001,SKU017256PI,14
REG-20251216-BR002-SKU015128BL,20251216,BR002,SKU015128BL,2
REG-20251216-BR002-SKU015128SI,20251216,BR002,SKU015128SI,4
REG-20251216-BR002-SKU015128PI,20251216,BR002,SKU015128PI,1
REG-20251216-BR002-SKU015256BL,20251216,BR002,SKU015256BL,5
REG-20251216-BR002-SKU015256SI,20251216,BR002,SKU015256SI,6
REG-20251216-BR002-SKU015256PI,20251216,BR002,SKU015256PI,2
REG-20251216-BR002-SKU016128BL,20251216,BR002,SKU016128BL,10
REG-20251216-BR002-SKU016128SI,20251216,BR002,SKU016128SI,3
REG-20251216-BR002-SKU016128PI,20251216,BR002,SKU016128PI,9
REG-20251216-BR002-SKU016256BL,20251216,BR002,SKU016256BL,5
REG-20251216-BR002-SKU016256SI,20251216,BR002,SKU016256SI,4
REG-20251216-BR002-SKU016256PI,20251216,BR002,SKU016256PI,2
REG-20251216-BR002-SKU017128BL,20251216,BR002,SKU017128BL,11
REG-20251216-BR002-SKU017128SI,20251216,BR002,SKU017128SI,13
REG-20251216-BR002-SKU017128PI,20251216,BR002,SKU017128PI,9
REG-20251216-BR002-SKU017256BL,20251216,BR002,SKU017256BL,11
REG-20251216-BR002-SKU017256SI,20251216,BR002,SKU017256SI,13
REG-20251216-BR002-SKU017256PI,20251216,BR002,SKU017256PI,7
REG-20251216-BR003-SKU015128BL,20251216,BR003,SKU015128BL,2
REG-20251216-BR003-SKU015128SI,20251216,BR003,SKU015128SI,7
REG-20251216-BR003-SKU015128PI,20251216,BR003,SKU015128PI,4
REG-20251216-BR003-SKU015256BL,20251216,BR003,SKU015256BL,2
REG-20251216-BR003-SKU015256SI,20251216,BR003,SKU015256SI,2
REG-20251216-BR003-SKU015256PI,20251216,BR003,SKU015256PI,6
REG-20251216-BR003-SKU016128BL,20251216,BR003,SKU016128BL,7
REG-20251216-BR003-SKU016128SI,20251216,BR003,SKU016128SI,9
REG-20251216-BR003-SKU016128PI,20251216,BR003,SKU016128PI,7
REG-20251216-BR003-SKU016256BL,20251216,BR003,SKU016256BL,5
REG-20251216-BR003-SKU016256SI,20251216,BR003,SKU016256SI,7
REG-20251216-BR003-SKU016256PI,20251216,BR003,SKU016256PI,3
REG-20251216-BR003-SKU017128BL,20251216,BR003,SKU017128BL,6
REG-20251216-BR003-SKU017128SI,20251216,BR003,SKU017128SI,9
REG-20251216-BR003-SKU017128PI,20251216,BR003,SKU017128PI,10
REG-20251216-BR003-SKU017256BL,20251216,BR003,SKU017256BL,8
REG-20251216-BR003-SKU017256SI,20251216,BR003,SKU017256SI,12
REG-20251216-BR003-SKU017256PI,20251216,BR003,SKU017256PI,9
REG-20251216-BR004-SKU015128BL,20251216,BR004,SKU015128BL,6
REG-20251216-BR004-SKU015128SI,20251216,BR004,SKU015128SI,1
REG-20251216-BR004-SKU015128PI,20251216,BR004,SKU015128PI,1
REG-20251216-BR004-SKU015256BL,20251216,BR004,SKU015256BL,1
REG-20251216-BR004-SKU015256SI,20251216,BR004,SKU015256SI,5
REG-20251216-BR004-SKU015256PI,20251216,BR004,SKU015256PI,2
REG-20251216-BR004-SKU016128BL,20251216,BR004,SKU016128BL,4
REG-20251216-BR004-SKU016128SI,20251216,BR004,SKU016128SI,5
REG-20251216-BR004-SKU016128PI,20251216,BR004,SKU016128PI,6
REG-20251216-BR004-SKU016256BL,20251216,BR004,SKU016256BL,6
REG-20251216-BR004-SKU016256SI,20251216,BR004,SKU016256SI,4
REG-20251216-BR004-SKU016256PI,20251216,BR004,SKU016256PI,7
REG-20251216-BR004-SKU017128BL,20251216,BR004,SKU017128BL,14
REG-20251216-BR004-SKU017128SI,20251216,BR004,SKU017128SI,5
REG-20251216-BR004-SKU017128PI,20251216,BR004,SKU017128PI,11
REG-20251216-BR004-SKU017256BL,20251216,BR004,SKU017256BL,8
REG-20251216-BR004-SKU017256SI,20251216,BR004,SKU017256SI,15
REG-20251216-BR004-SKU017256PI,20251216,BR004,SKU017256PI,8
REG-20251216-BR005-SKU015128BL,20251216,BR005,SKU015128BL,3
REG-20251216-BR005-SKU015128SI,20251216,BR005,SKU015128SI,2
REG-20251216-BR005-SKU015128PI,20251216,BR005,SKU015128PI,3
REG-20251216-BR005-SKU015256BL,20251216,BR005,SKU015256BL,2
REG-20251216-BR005-SKU015256SI,20251216,BR005,SKU015256SI,7
REG-20251216-BR005-SKU015256PI,20251216,BR005,SKU015256PI,1
REG-20251216-BR005-SKU016128BL,20251216,BR005,SKU016128BL,4
REG-20251216-BR005-SKU016128SI,20251216,BR005,SKU016128SI,7
REG-20251216-BR005-SKU016128PI,20251216,BR005,SKU016128PI,9
REG-20251216-BR005-SKU016256BL,20251216,BR005,SKU016256BL,2
REG-20251216-BR005-SKU016256SI,20251216,BR005,SKU016256SI,8
REG-20251216-BR005-SKU016256PI,20251216,BR005,SKU016256PI,6
REG-20251216-BR005-SKU017128BL,20251216,BR005,SKU017128BL,14
REG-20251216-BR005-SKU017128SI,20251216,BR005,SKU017128SI,16
REG-20251216-BR005-SKU017128PI,20251216,BR005,SKU017128PI,12
REG-20251216-BR005-SKU017256BL,20251216,BR005,SKU017256BL,16
REG-20251216-BR005-SKU017256SI,20251216,BR005,SKU017256SI,15
REG-20251216-BR005-SKU017256PI,20251216,BR005,SKU017256PI,16
REG-20251217-BR001-SKU015128BL,20251217,BR001,SKU015128BL,1
REG-20251217-BR001-SKU015128SI,20251217,BR001,SKU015128SI,3
REG-20251217-BR001-SKU015128PI,20251217,BR001,SKU015128PI,3
REG-20251217-BR001-SKU015256BL,20251217,BR001,SKU015256BL,1
REG-20251217-BR001-SKU015256SI,20251217,BR001,SKU015256SI,3
REG-20251217-BR001-SKU015256PI,20251217,BR001,SKU015256PI,4
REG-20251217-BR001-SKU016128BL,20251217,BR001,SKU016128BL,9
REG-20251217-BR001-SKU016128SI,20251217,BR001,SKU016128SI,4
REG-20251217-BR001-SKU016128PI,20251217,BR001,SKU016128PI,5
REG-20251217-BR001-SKU016256BL,20251217,BR001,SKU016256BL,11
REG-20251217-BR001-SKU016256SI,20251217,BR001,SKU016256SI,8
REG-20251217-BR001-SKU016256PI,20251217,BR001,SKU016256PI,4
REG-20251217-BR001-SKU017128BL,20251217,BR001,SKU017128BL,8
REG-20251217-BR001-SKU017128SI,20251217,BR001,SKU017128SI,8
REG-20251217-BR001-SKU017128PI,20251217,BR001,SKU017128PI,5
REG-20251217-BR001-SKU017256BL,20251217,BR001,SKU017256BL,13
REG-20251217-BR001-SKU017256SI,20251217,BR001,SKU017256SI,14
REG-20251217-BR001-SKU017256PI,20251217,BR001,SKU017256PI,11
REG-20251217-BR002-SKU015128BL,20251217,BR002,SKU015128BL,1
REG-20251217-BR002-SKU015128SI,20251217,BR002,SKU015128SI,3
REG-20251217-BR002-SKU015128PI,20251217,BR002,SKU015128PI,5
REG-20251217-BR002-SKU015256BL,20251217,BR002,SKU015256BL,2
REG-20251217-BR002-SKU015256SI,20251217,BR002,SKU015256SI,3
REG-20251217-BR002-SKU015256PI,20251217,BR002,SKU015256PI,1
REG-20251217-BR002-SKU016128BL,20251217,BR002,SKU016128BL,11
REG-20251217-BR002-SKU016128SI,20251217,BR002,SKU016128SI,5
REG-20251217-BR002-SKU016128PI,20251217,BR002,SKU016128PI,8
REG-20251217-BR002-SKU016256BL,20251217,BR002,SKU016256BL,9
REG-20251217-BR002-SKU016256SI,20251217,BR002,SKU016256SI,3
REG-20251217-BR002-SKU016256PI,20251217,BR002,SKU016256PI,7
REG-20251217-BR002-SKU017128BL,20251217,BR002,SKU017128BL,14
REG-20251217-BR002-SKU017128SI,20251217,BR002,SKU017128SI,15
REG-20251217-BR002-SKU017128PI,20251217,BR002,SKU017128PI,16
REG-20251217-BR002-SKU017256BL,20251217,BR002,SKU017256BL,6
REG-20251217-BR002-SKU017256SI,20251217,BR002,SKU017256SI,14
REG-20251217-BR002-SKU017256PI,20251217,BR002,SKU017256PI,7
REG-20251217-BR003-SKU015128BL,20251217,BR003,SKU015128BL,3
REG-20251217-BR003-SKU015128SI,20251217,BR003,SKU015128SI,5
REG-20251217-BR003-SKU015128PI,20251217,BR003,SKU015128PI,6
REG-20251217-BR003-SKU015256BL,20251217,BR003,SKU015256BL,5
REG-20251217-BR003-SKU015256SI,20251217,BR003,SKU015256SI,3
REG-20251217-BR003-SKU015256PI,20251217,BR003,SKU015256PI,5
REG-20251217-BR003-SKU016128BL,20251217,BR003,SKU016128BL,5
REG-20251217-BR003-SKU016128SI,20251217,BR003,SKU016128SI,7
REG-20251217-BR003-SKU016128PI,20251217,BR003,SKU016128PI,7
REG-20251217-BR003-SKU016256BL,20251217,BR003,SKU016256BL,6
REG-20251217-BR003-SKU016256SI,20251217,BR003,SKU016256SI,5
REG-20251217-BR003-SKU016256PI,20251217,BR003,SKU016256PI,7
REG-20251217-BR003-SKU017128BL,20251217,BR003,SKU017128BL,13
REG-20251217-BR003-SKU017128SI,20251217,BR003,SKU017128SI,10
REG-20251217-BR003-SKU017128PI,20251217,BR003,SKU017128PI,13
REG-20251217-BR003-SKU017256BL,20251217,BR003,SKU017256BL,4
REG-20251217-BR003-SKU017256SI,20251217,BR003,SKU017256SI,14
REG-20251217-BR003-SKU017256PI,20251217,BR003,SKU017256PI,12
REG-20251217-BR004-SKU015128BL,20251217,BR004,SKU015128BL,1
REG-20251217-BR004-SKU015128SI,20251217,BR004,SKU015128SI,4
REG-20251217-BR004-SKU015128PI,20251217,BR004,SKU015128PI,1
REG-20251217-BR004-SKU015256BL,20251217,BR004,SKU015256BL,1
REG-20251217-BR004-SKU015256SI,20251217,BR004,SKU015256SI,2
REG-20251217-BR004-SKU015256PI,20251217,BR004,SKU015256PI,6
REG-20251217-BR004-SKU016128BL,20251217,BR004,SKU016128BL,8
REG-20251217-BR004-SKU016128SI,20251217,BR004,SKU016128SI,7
REG-20251217-BR004-SKU016128PI,20251217,BR004,SKU016128PI,5
REG-20251217-BR004-SKU016256BL,20251217,BR004,SKU016256BL,7
REG-20251217-BR004-SKU016256SI,20251217,BR004,SKU016256SI,5
REG-20251217-BR004-SKU016256PI,20251217,BR004,SKU016256PI,1
REG-20251217-BR004-SKU017128BL,20251217,BR004,SKU017128BL,9
REG-20251217-BR004-SKU017128SI,20251217,BR004,SKU017128SI,5
REG-20251217-BR004-SKU017128PI,20251217,BR004,SKU017128PI,15
REG-20251217-BR004-SKU017256BL,20251217,BR004,SKU017256BL,13
REG-20251217-BR004-SKU017256SI,20251217,BR004,SKU017256SI,12
REG-20251217-BR004-SKU017256PI,20251217,BR004,SKU017256PI,8
REG-20251217-BR005-SKU015128BL,20251217,BR005,SKU015128BL,1
REG-20251217-BR005-SKU015128SI,20251217,BR005,SKU015128SI,7
REG-20251217-BR005-SKU015128PI,20251217,BR005,SKU015128PI,6
REG-20251217-BR005-SKU015256BL,20251217,BR005,SKU015256BL,7
REG-20251217-BR005-SKU015256SI,20251217,BR005,SKU015256SI,1
REG-20251217-BR005-SKU015256PI,20251217,BR005,SKU015256PI,1
REG-20251217-BR005-SKU016128BL,20251217,BR005,SKU016128BL,11
REG-20251217-BR005-SKU016128SI,20251217,BR005,SKU016128SI,7
REG-20251217-BR005-SKU016128PI,20251217,BR005,SKU016128PI,3
REG-20251217-BR005-SKU016256BL,20251217,BR005,SKU016256BL,6
REG-20251217-BR005-SKU016256SI,20251217,BR005,SKU016256SI,11
REG-20251217-BR005-SKU016256PI,20251217,BR005,SKU016256PI,5
REG-20251217-BR005-SKU017128BL,20251217,BR005,SKU017128BL,12
REG-20251217-BR005-SKU017128SI,20251217,BR005,SKU017128SI,7
REG-20251217-BR005-SKU017128PI,20251217,BR005,SKU017128PI,7
REG-20251217-BR005-SKU017256BL,20251217,BR005,SKU017256BL,12
REG-20251217-BR005-SKU017256SI,20251217,BR005,SKU017256SI,10
REG-20251217-BR005-SKU017256PI,20251217,BR005,SKU017256PI,15
REG-20251218-BR001-SKU015128BL,20251218,BR001,SKU015128BL,3
REG-20251218-BR001-SKU015128SI,20251218,BR001,SKU015128SI,5
REG-20251218-BR001-SKU015128PI,20251218,BR001,SKU015128PI,7
REG-20251218-BR001-SKU015256BL,20251218,BR001,SKU015256BL,2
REG-20251218-BR001-SKU015256SI,20251218,BR001,SKU015256SI,2
REG-20251218-BR001-SKU015256PI,20251218,BR001,SKU015256PI,3
REG-20251218-BR001-SKU016128BL,20251218,BR001,SKU016128BL,8
REG-20251218-BR001-SKU016128SI,20251218,BR001,SKU016128SI,5
REG-20251218-BR001-SKU016128PI,20251218,BR001,SKU016128PI,5
REG-20251218-BR001-SKU016256BL,20251218,BR001,SKU016256BL,9
REG-20251218-BR001-SKU016256SI,20251218,BR001,SKU016256SI,9
REG-20251218-BR001-SKU016256PI,20251218,BR001,SKU016256PI,6
REG-20251218-BR001-SKU017128BL,20251218,BR001,SKU017128BL,9
REG-20251218-BR001-SKU017128SI,20251218,BR001,SKU017128SI,7
REG-20251218-BR001-SKU017128PI,20251218,BR001,SKU017128PI,11
REG-20251218-BR001-SKU017256BL,20251218,BR001,SKU017256BL,13
REG-20251218-BR001-SKU017256SI,20251218,BR001,SKU017256SI,15
REG-20251218-BR001-SKU017256PI,20251218,BR001,SKU017256PI,8
REG-20251218-BR002-SKU015128BL,20251218,BR002,SKU015128BL,1
REG-20251218-BR002-SKU015128SI,20251218,BR002,SKU015128SI,1
REG-20251218-BR002-SKU015128PI,20251218,BR002,SKU015128PI,3
REG-20251218-BR002-SKU015256BL,20251218,BR002,SKU015256BL,5
REG-20251218-BR002-SKU015256SI,20251218,BR002,SKU015256SI,7
REG-20251218-BR002-SKU015256PI,20251218,BR002,SKU015256PI,2
REG-20251218-BR002-SKU016128BL,20251218,BR002,SKU016128BL,8
REG-20251218-BR002-SKU016128SI,20251218,BR002,SKU016128SI,4
REG-20251218-BR002-SKU016128PI,20251218,BR002,SKU016128PI,10
REG-20251218-BR002-SKU016256BL,20251218,BR002,SKU016256BL,9
REG-20251218-BR002-SKU016256SI,20251218,BR002,SKU016256SI,6
REG-20251218-BR002-SKU016256PI,20251218,BR002,SKU016256PI,2
REG-20251218-BR002-SKU017128BL,20251218,BR002,SKU017128BL,13
REG-20251218-BR002-SKU017128SI,20251218,BR002,SKU017128SI,8
REG-20251218-BR002-SKU017128PI,20251218,BR002,SKU017128PI,11
REG-20251218-BR002-SKU017256BL,20251218,BR002,SKU017256BL,4
REG-20251218-BR002-SKU017256SI,20251218,BR002,SKU017256SI,13
REG-20251218-BR002-SKU017256PI,20251218,BR002,SKU017256PI,6
REG-20251218-BR003-SKU015128BL,20251218,BR003,SKU015128BL,2
REG-20251218-BR003-SKU015128SI,20251218,BR003,SKU015128SI,2
REG-20251218-BR003-SKU015128PI,20251218,BR003,SKU015128PI,2
REG-20251218-BR003-SKU015256BL,20251218,BR003,SKU015256BL,2
REG-20251218-BR003-SKU015256SI,20251218,BR003,SKU015256SI,2
REG-20251218-BR003-SKU015256PI,20251218,BR003,SKU015256PI,2
REG-20251218-BR003-SKU016128BL,20251218,BR003,SKU016128BL,1
REG-20251218-BR003-SKU016128SI,20251218,BR003,SKU016128SI,8
REG-20251218-BR003-SKU016128PI,20251218,BR003,SKU016128PI,7
REG-20251218-BR003-SKU016256BL,20251218,BR003,SKU016256BL,11
REG-20251218-BR003-SKU016256SI,20251218,BR003,SKU016256SI,8
REG-20251218-BR003-SKU016256PI,20251218,BR003,SKU016256PI,9
REG-20251218-BR003-SKU017128BL,20251218,BR003,SKU017128BL,8
REG-20251218-BR003-SKU017128SI,20251218,BR003,SKU017128SI,12
REG-20251218-BR003-SKU017128PI,20251218,BR003,SKU017128PI,11
REG-20251218-BR003-SKU017256BL,20251218,BR003,SKU017256BL,11
REG-20251218-BR003-SKU017256SI,20251218,BR003,SKU017256SI,11
REG-20251218-BR003-SKU017256PI,20251218,BR003,SKU017256PI,12
REG-20251218-BR004-SKU015128BL,20251218,BR004,SKU015128BL,4
REG-20251218-BR004-SKU015128SI,20251218,BR004,SKU015128SI,1
REG-20251218-BR004-SKU015128PI,20251218,BR004,SKU015128PI,7
REG-20251218-BR004-SKU015256BL,20251218,BR004,SKU015256BL,3
REG-20251218-BR004-SKU015256SI,20251218,BR004,SKU015256SI,1
REG-20251218-BR004-SKU015256PI,20251218,BR004,SKU015256PI,2
REG-20251218-BR004-SKU016128BL,20251218,BR004,SKU016128BL,12
REG-20251218-BR004-SKU016128SI,20251218,BR004,SKU016128SI,2
REG-20251218-BR004-SKU016128PI,20251218,BR004,SKU016128PI,10
REG-20251218-BR004-SKU016256BL,20251218,BR004,SKU016256BL,11
REG-20251218-BR004-SKU016256SI,20251218,BR004,SKU016256SI,10
REG-20251218-BR004-SKU016256PI,20251218,BR004,SKU016256PI,10
REG-20251218-BR004-SKU017128BL,20251218,BR004,SKU017128BL,16
REG-20251218-BR004-SKU017128SI,20251218,BR004,SKU017128SI,11
REG-20251218-BR004-SKU017128PI,20251218,BR004,SKU017128PI,6
REG-20251218-BR004-SKU017256BL,20251218,BR004,SKU017256BL,14
REG-20251218-BR004-SKU017256SI,20251218,BR004,SKU017256SI,10
REG-20251218-BR004-SKU017256PI,20251218,BR004,SKU017256PI,7
REG-20251218-BR005-SKU015128BL,20251218,BR005,SKU015128BL,4
REG-20251218-BR005-SKU015128SI,20251218,BR005,SKU015128SI,4
REG-20251218-BR005-SKU015128PI,20251218,BR005,SKU015128PI,1
REG-20251218-BR005-SKU015256BL,20251218,BR005,SKU015256BL,3
REG-20251218-BR005-SKU015256SI,20251218,BR005,SKU015256SI,5
REG-20251218-BR005-SKU015256PI,20251218,BR005,SKU015256PI,2
REG-20251218-BR005-SKU016128BL,20251218,BR005,SKU016128BL,4
REG-20251218-BR005-SKU016128SI,20251218,BR005,SKU016128SI,8
REG-20251218-BR005-SKU016128PI,20251218,BR005,SKU016128PI,10
REG-20251218-BR005-SKU016256BL,20251218,BR005,SKU016256BL,7
REG-20251218-BR005-SKU016256SI,20251218,BR005,SKU016256SI,4
REG-20251218-BR005-SKU016256PI,20251218,BR005,SKU016256PI,7
REG-20251218-BR005-SKU017128BL,20251218,BR005,SKU017128BL,7
REG-20251218-BR005-SKU017128SI,20251218,BR005,SKU017128SI,13
REG-20251218-BR005-SKU017128PI,20251218,BR005,SKU017128PI,13
REG-20251218-BR005-SKU017256BL,20251218,BR005,SKU017256BL,9
REG-20251218-BR005-SKU017256SI,20251218,BR005,SKU017256SI,8
REG-20251218-BR005-SKU017256PI,20251218,BR005,SKU017256PI,9
REG-20251219-BR001-SKU015128BL,20251219,BR001,SKU015128BL,1
REG-20251219-BR001-SKU015128SI,20251219,BR001,SKU015128SI,1
REG-20251219-BR001-SKU015128PI,20251219,BR001,SKU015128PI,1
REG-20251219-BR001-SKU015256BL,20251219,BR001,SKU015256BL,1
REG-20251219-BR001-SKU015256SI,20251219,BR001,SKU015256SI,1
REG-20251219-BR001-SKU015256PI,20251219,BR001,SKU015256PI,3
REG-20251219-BR001-SKU016128BL,20251219,BR001,SKU016128BL,8
REG-20251219-BR001-SKU016128SI,20251219,BR001,SKU016128SI,8
REG-20251219-BR001-SKU016128PI,20251219,BR001,SKU016128PI,1
REG-20251219-BR001-SKU016256BL,20251219,BR001,SKU016256BL,5
REG-20251219-BR001-SKU016256SI,20251219,BR001,SKU016256SI,12
REG-20251219-BR001-SKU016256PI,20251219,BR001,SKU016256PI,12
REG-20251219-BR001-SKU017128BL,20251219,BR001,SKU017128BL,16
REG-20251219-BR001-SKU017128SI,20251219,BR001,SKU017128SI,5
REG-20251219-BR001-SKU017128PI,20251219,BR001,SKU017128PI,7
REG-20251219-BR001-SKU017256BL,20251219,BR001,SKU017256BL,10
REG-20251219-BR001-SKU017256SI,20251219,BR001,SKU017256SI,12
REG-20251219-BR001-SKU017256PI,20251219,BR001,SKU017256PI,9
REG-20251219-BR002-SKU015128BL,20251219,BR002,SKU015128BL,4
REG-20251219-BR002-SKU015128SI,20251219,BR002,SKU015128SI,3
REG-20251219-BR002-SKU015128PI,20251219,BR002,SKU015128PI,1
REG-20251219-BR002-SKU015256BL,20251219,BR002,SKU015256BL,2
REG-20251219-BR002-SKU015256SI,20251219,BR002,SKU015256SI,4
REG-20251219-BR002-SKU015256PI,20251219,BR002,SKU015256PI,1
REG-20251219-BR002-SKU016128BL,20251219,BR002,SKU016128BL,6
REG-20251219-BR002-SKU016128SI,20251219,BR002,SKU016128SI,9
REG-20251219-BR002-SKU016128PI,20251219,BR002,SKU016128PI,4
REG-20251219-BR002-SKU016256BL,20251219,BR002,SKU016256BL,1
REG-20251219-BR002-SKU016256SI,20251219,BR002,SKU016256SI,3
REG-20251219-BR002-SKU016256PI,20251219,BR002,SKU016256PI,8
REG-20251219-BR002-SKU017128BL,20251219,BR002,SKU017128BL,7
REG-20251219-BR002-SKU017128SI,20251219,BR002,SKU017128SI,13
REG-20251219-BR002-SKU017128PI,20251219,BR002,SKU017128PI,15
REG-20251219-BR002-SKU017256BL,20251219,BR002,SKU017256BL,15
REG-20251219-BR002-SKU017256SI,20251219,BR002,SKU017256SI,7
REG-20251219-BR002-SKU017256PI,20251219,BR002,SKU017256PI,4
REG-20251219-BR003-SKU015128BL,20251219,BR003,SKU015128BL,6
REG-20251219-BR003-SKU015128SI,20251219,BR003,SKU015128SI,6
REG-20251219-BR003-SKU015128PI,20251219,BR003,SKU015128PI,1
REG-20251219-BR003-SKU015256BL,20251219,BR003,SKU015256BL,1
REG-20251219-BR003-SKU015256SI,20251219,BR003,SKU015256SI,5
REG-20251219-BR003-SKU015256PI,20251219,BR003,SKU015256PI,1
REG-20251219-BR003-SKU016128BL,20251219,BR003,SKU016128BL,8
REG-20251219-BR003-SKU016128SI,20251219,BR003,SKU016128SI,9
REG-20251219-BR003-SKU016128PI,20251219,BR003,SKU016128PI,4
REG-20251219-BR003-SKU016256BL,20251219,BR003,SKU016256BL,9
REG-20251219-BR003-SKU016256SI,20251219,BR003,SKU016256SI,4
REG-20251219-BR003-SKU016256PI,20251219,BR003,SKU016256PI,9
REG-20251219-BR003-SKU017128BL,20251219,BR003,SKU017128BL,13
REG-20251219-BR003-SKU017128SI,20251219,BR003,SKU017128SI,13
REG-20251219-BR003-SKU017128PI,20251219,BR003,SKU017128PI,6
REG-20251219-BR003-SKU017256BL,20251219,BR003,SKU017256BL,11
REG-20251219-BR003-SKU017256SI,20251219,BR003,SKU017256SI,16
REG-20251219-BR003-SKU017256PI,20251219,BR003,SKU017256PI,10
REG-20251219-BR004-SKU015128BL,20251219,BR004,SKU015128BL,3
REG-20251219-BR004-SKU015128SI,20251219,BR004,SKU015128SI,4
REG-20251219-BR004-SKU015128PI,20251219,BR004,SKU015128PI,7
REG-20251219-BR004-SKU015256BL,20251219,BR004,SKU015256BL,3
REG-20251219-BR004-SKU015256SI,20251219,BR004,SKU015256SI,4
REG-20251219-BR004-SKU015256PI,20251219,BR004,SKU015256PI,7
REG-20251219-BR004-SKU016128BL,20251219,BR004,SKU016128BL,11
REG-20251219-BR004-SKU016128SI,20251219,BR004,SKU016128SI,12
REG-20251219-BR004-SKU016128PI,20251219,BR004,SKU016128PI,4
REG-20251219-BR004-SKU016256BL,20251219,BR004,SKU016256BL,10
REG-20251219-BR004-SKU016256SI,20251219,BR004,SKU016256SI,7
REG-20251219-BR004-SKU016256PI,20251219,BR004,SKU016256PI,4
REG-20251219-BR004-SKU017128BL,20251219,BR004,SKU017128BL,15
REG-20251219-BR004-SKU017128SI,20251219,BR004,SKU017128SI,13
REG-20251219-BR004-SKU017128PI,20251219,BR004,SKU017128PI,14
REG-20251219-BR004-SKU017256BL,20251219,BR004,SKU017256BL,9
REG-20251219-BR004-SKU017256SI,20251219,BR004,SKU017256SI,16
REG-20251219-BR004-SKU017256PI,20251219,BR004,SKU017256PI,8
REG-20251219-BR005-SKU015128BL,20251219,BR005,SKU015128BL,1
REG-20251219-BR005-SKU015128SI,20251219,BR005,SKU015128SI,1
REG-20251219-BR005-SKU015128PI,20251219,BR005,SKU015128PI,3
REG-20251219-BR005-SKU015256BL,20251219,BR005,SKU015256BL,4
REG-20251219-BR005-SKU015256SI,20251219,BR005,SKU015256SI,3
REG-20251219-BR005-SKU015256PI,20251219,BR005,SKU015256PI,1
REG-20251219-BR005-SKU016128BL,20251219,BR005,SKU016128BL,5
REG-20251219-BR005-SKU016128SI,20251219,BR005,SKU016128SI,5
REG-20251219-BR005-SKU016128PI,20251219,BR005,SKU016128PI,5
REG-20251219-BR005-SKU016256BL,20251219,BR005,SKU016256BL,4
REG-20251219-BR005-SKU016256SI,20251219,BR005,SKU016256SI,6
REG-20251219-BR005-SKU016256PI,20251219,BR005,SKU016256PI,9
REG-20251219-BR005-SKU017128BL,20251219,BR005,SKU017128BL,8
REG-20251219-BR005-SKU017128SI,20251219,BR005,SKU017128SI,16
REG-20251219-BR005-SKU017128PI,20251219,BR005,SKU017128PI,9
REG-20251219-BR005-SKU017256BL,20251219,BR005,SKU017256BL,10
REG-20251219-BR005-SKU017256SI,20251219,BR005,SKU017256SI,12
REG-20251219-BR005-SKU017256PI,20251219,BR005,SKU017256PI,7
REG-20251220-BR001-SKU015128BL,20251220,BR001,SKU015128BL,3
REG-20251220-BR001-SKU015128SI,20251220,BR001,SKU015128SI,2
REG-20251220-BR001-SKU015128PI,20251220,BR001,SKU015128PI,3
REG-20251220-BR001-SKU015256BL,20251220,BR001,SKU015256BL,4
REG-20251220-BR001-SKU015256SI,20251220,BR001,SKU015256SI,5
REG-20251220-BR001-SKU015256PI,20251220,BR001,SKU015256PI,1
REG-20251220-BR001-SKU016128BL,20251220,BR001,SKU016128BL,7
REG-20251220-BR001-SKU016128SI,20251220,BR001,SKU016128SI,7
REG-20251220-BR001-SKU016128PI,20251220,BR001,SKU016128PI,11
REG-20251220-BR001-SKU016256BL,20251220,BR001,SKU016256BL,4
REG-20251220-BR001-SKU016256SI,20251220,BR001,SKU016256SI,3
REG-20251220-BR001-SKU016256PI,20251220,BR001,SKU016256PI,10
REG-20251220-BR001-SKU017128BL,20251220,BR001,SKU017128BL,10
REG-20251220-BR001-SKU017128SI,20251220,BR001,SKU017128SI,9
REG-20251220-BR001-SKU017128PI,20251220,BR001,SKU017128PI,13
REG-20251220-BR001-SKU017256BL,20251220,BR001,SKU017256BL,14
REG-20251220-BR001-SKU017256SI,20251220,BR001,SKU017256SI,6
REG-20251220-BR001-SKU017256PI,20251220,BR001,SKU017256PI,16
REG-20251220-BR002-SKU015128BL,20251220,BR002,SKU015128BL,1
REG-20251220-BR002-SKU015128SI,20251220,BR002,SKU015128SI,1
REG-20251220-BR002-SKU015128PI,20251220,BR002,SKU015128PI,4
REG-20251220-BR002-SKU015256BL,20251220,BR002,SKU015256BL,3
REG-20251220-BR002-SKU015256SI,20251220,BR002,SKU015256SI,1
REG-20251220-BR002-SKU015256PI,20251220,BR002,SKU015256PI,2
REG-20251220-BR002-SKU016128BL,20251220,BR002,SKU016128BL,5
REG-20251220-BR002-SKU016128SI,20251220,BR002,SKU016128SI,7
REG-20251220-BR002-SKU016128PI,20251220,BR002,SKU016128PI,4
REG-20251220-BR002-SKU016256BL,20251220,BR002,SKU016256BL,4
REG-20251220-BR002-SKU016256SI,20251220,BR002,SKU016256SI,5
REG-20251220-BR002-SKU016256PI,20251220,BR002,SKU016256PI,6
REG-20251220-BR002-SKU017128BL,20251220,BR002,SKU017128BL,11
REG-20251220-BR002-SKU017128SI,20251220,BR002,SKU017128SI,13
REG-20251220-BR002-SKU017128PI,20251220,BR002,SKU017128PI,4
REG-20251220-BR002-SKU017256BL,20251220,BR002,SKU017256BL,8
REG-20251220-BR002-SKU017256SI,20251220,BR002,SKU017256SI,8
REG-20251220-BR002-SKU017256PI,20251220,BR002,SKU017256PI,12
REG-20251220-BR003-SKU015128BL,20251220,BR003,SKU015128BL,1
REG-20251220-BR003-SKU015128SI,20251220,BR003,SKU015128SI,3
REG-20251220-BR003-SKU015128PI,20251220,BR003,SKU015128PI,2
REG-20251220-BR003-SKU015256BL,20251220,BR003,SKU015256BL,1
REG-20251220-BR003-SKU015256SI,20251220,BR003,SKU015256SI,3
REG-20251220-BR003-SKU015256PI,20251220,BR003,SKU015256PI,1
REG-20251220-BR003-SKU016128BL,20251220,BR003,SKU016128BL,7
REG-20251220-BR003-SKU016128SI,20251220,BR003,SKU016128SI,1
REG-20251220-BR003-SKU016128PI,20251220,BR003,SKU016128PI,9
REG-20251220-BR003-SKU016256BL,20251220,BR003,SKU016256BL,5
REG-20251220-BR003-SKU016256SI,20251220,BR003,SKU016256SI,6
REG-20251220-BR003-SKU016256PI,20251220,BR003,SKU016256PI,1
REG-20251220-BR003-SKU017128BL,20251220,BR003,SKU017128BL,12
REG-20251220-BR003-SKU017128SI,20251220,BR003,SKU017128SI,12
REG-20251220-BR003-SKU017128PI,20251220,BR003,SKU017128PI,6
REG-20251220-BR003-SKU017256BL,20251220,BR003,SKU017256BL,11
REG-20251220-BR003-SKU017256SI,20251220,BR003,SKU017256SI,8
REG-20251220-BR003-SKU017256PI,20251220,BR003,SKU017256PI,8
REG-20251220-BR004-SKU015128BL,20251220,BR004,SKU015128BL,1
REG-20251220-BR004-SKU015128SI,20251220,BR004,SKU015128SI,3
REG-20251220-BR004-SKU015128PI,20251220,BR004,SKU015128PI,7
REG-20251220-BR004-SKU015256BL,20251220,BR004,SKU015256BL,1
REG-20251220-BR004-SKU015256SI,20251220,BR004,SKU015256SI,2
REG-20251220-BR004-SKU015256PI,20251220,BR004,SKU015256PI,1
REG-20251220-BR004-SKU016128BL,20251220,BR004,SKU016128BL,11
REG-20251220-BR004-SKU016128SI,20251220,BR004,SKU016128SI,8
REG-20251220-BR004-SKU016128PI,20251220,BR004,SKU016128PI,10
REG-20251220-BR004-SKU016256BL,20251220,BR004,SKU016256BL,10
REG-20251220-BR004-SKU016256SI,20251220,BR004,SKU016256SI,4
REG-20251220-BR004-SKU016256PI,20251220,BR004,SKU016256PI,11
REG-20251220-BR004-SKU017128BL,20251220,BR004,SKU017128BL,16
REG-20251220-BR004-SKU017128SI,20251220,BR004,SKU017128SI,11
REG-20251220-BR004-SKU017128PI,20251220,BR004,SKU017128PI,12
REG-20251220-BR004-SKU017256BL,20251220,BR004,SKU017256BL,11
REG-20251220-BR004-SKU017256SI,20251220,BR004,SKU017256SI,13
REG-20251220-BR004-SKU017256PI,20251220,BR004,SKU017256PI,12
REG-20251220-BR005-SKU015128BL,20251220,BR005,SKU015128BL,3
REG-20251220-BR005-SKU015128SI,20251220,BR005,SKU015128SI,2
REG-20251220-BR005-SKU015128PI,20251220,BR005,SKU015128PI,1
REG-20251220-BR005-SKU015256BL,20251220,BR005,SKU015256BL,1
REG-20251220-BR005-SKU015256SI,20251220,BR005,SKU015256SI,3
REG-20251220-BR005-SKU015256PI,20251220,BR005,SKU015256PI,1
REG-20251220-BR005-SKU016128BL,20251220,BR005,SKU016128BL,8
REG-20251220-BR005-SKU016128SI,20251220,BR005,SKU016128SI,12
REG-20251220-BR005-SKU016128PI,20251220,BR005,SKU016128PI,6
REG-20251220-BR005-SKU016256BL,20251220,BR005,SKU016256BL,9
REG-20251220-BR005-SKU016256SI,20251220,BR005,SKU016256SI,4
REG-20251220-BR005-SKU016256PI,20251220,BR005,SKU016256PI,5
REG-20251220-BR005-SKU017128BL,20251220,BR005,SKU017128BL,14
REG-20251220-BR005-SKU017128SI,20251220,BR005,SKU017128SI,13
REG-20251220-BR005-SKU017128PI,20251220,BR005,SKU017128PI,10
REG-20251220-BR005-SKU017256BL,20251220,BR005,SKU017256BL,10
REG-20251220-BR005-SKU017256SI,20251220,BR005,SKU017256SI,7
REG-20251220-BR005-SKU017256PI,20251220,BR005,SKU017256PI,13
REG-20251221-BR001-SKU015128BL,20251221,BR001,SKU015128BL,3
REG-20251221-BR001-SKU015128SI,20251221,BR001,SKU015128SI,6
REG-20251221-BR001-SKU015128PI,20251221,BR001,SKU015128PI,4
REG-20251221-BR001-SKU015256BL,20251221,BR001,SKU015256BL,2
REG-20251221-BR001-SKU015256SI,20251221,BR001,SKU015256SI,5
REG-20251221-BR001-SKU015256PI,20251221,BR001,SKU015256PI,4
REG-20251221-BR001-SKU016128BL,20251221,BR001,SKU016128BL,5
REG-20251221-BR001-SKU016128SI,20251221,BR001,SKU016128SI,5
REG-20251221-BR001-SKU016128PI,20251221,BR001,SKU016128PI,7
REG-20251221-BR001-SKU016256BL,20251221,BR001,SKU016256BL,6
REG-20251221-BR001-SKU016256SI,20251221,BR001,SKU016256SI,7
REG-20251221-BR001-SKU016256PI,20251221,BR001,SKU016256PI,6
REG-20251221-BR001-SKU017128BL,20251221,BR001,SKU017128BL,7
REG-20251221-BR001-SKU017128SI,20251221,BR001,SKU017128SI,15
REG-20251221-BR001-SKU017128PI,20251221,BR001,SKU017128PI,7
REG-20251221-BR001-SKU017256BL,20251221,BR001,SKU017256BL,14
REG-20251221-BR001-SKU017256SI,20251221,BR001,SKU017256SI,13
REG-20251221-BR001-SKU017256PI,20251221,BR001,SKU017256PI,7
REG-20251221-BR002-SKU015128BL,20251221,BR002,SKU015128BL,4
REG-20251221-BR002-SKU015128SI,20251221,BR002,SKU015128SI,4
REG-20251221-BR002-SKU015128PI,20251221,BR002,SKU015128PI,1
REG-20251221-BR002-SKU015256BL,20251221,BR002,SKU015256BL,3
REG-20251221-BR002-SKU015256SI,20251221,BR002,SKU015256SI,3
REG-20251221-BR002-SKU015256PI,20251221,BR002,SKU015256PI,1
REG-20251221-BR002-SKU016128BL,20251221,BR002,SKU016128BL,7
REG-20251221-BR002-SKU016128SI,20251221,BR002,SKU016128SI,8
REG-20251221-BR002-SKU016128PI,20251221,BR002,SKU016128PI,12
REG-20251221-BR002-SKU016256BL,20251221,BR002,SKU016256BL,2
REG-20251221-BR002-SKU016256SI,20251221,BR002,SKU016256SI,1
REG-20251221-BR002-SKU016256PI,20251221,BR002,SKU016256PI,4
REG-20251221-BR002-SKU017128BL,20251221,BR002,SKU017128BL,12
REG-20251221-BR002-SKU017128SI,20251221,BR002,SKU017128SI,5
REG-20251221-BR002-SKU017128PI,20251221,BR002,SKU017128PI,13
REG-20251221-BR002-SKU017256BL,20251221,BR002,SKU017256BL,16
REG-20251221-BR002-SKU017256SI,20251221,BR002,SKU017256SI,5
REG-20251221-BR002-SKU017256PI,20251221,BR002,SKU017256PI,7
REG-20251221-BR003-SKU015128BL,20251221,BR003,SKU015128BL,7
REG-20251221-BR003-SKU015128SI,20251221,BR003,SKU015128SI,2
REG-20251221-BR003-SKU015128PI,20251221,BR003,SKU015128PI,3
REG-20251221-BR003-SKU015256BL,20251221,BR003,SKU015256BL,1
REG-20251221-BR003-SKU015256SI,20251221,BR003,SKU015256SI,1
REG-20251221-BR003-SKU015256PI,20251221,BR003,SKU015256PI,1
REG-20251221-BR003-SKU016128BL,20251221,BR003,SKU016128BL,7
REG-20251221-BR003-SKU016128SI,20251221,BR003,SKU016128SI,9
REG-20251221-BR003-SKU016128PI,20251221,BR003,SKU016128PI,1
REG-20251221-BR003-SKU016256BL,20251221,BR003,SKU016256BL,6
REG-20251221-BR003-SKU016256SI,20251221,BR003,SKU016256SI,8
REG-20251221-BR003-SKU016256PI,20251221,BR003,SKU016256PI,3
REG-20251221-BR003-SKU017128BL,20251221,BR003,SKU017128BL,7
REG-20251221-BR003-SKU017128SI,20251221,BR003,SKU017128SI,9
REG-20251221-BR003-SKU017128PI,20251221,BR003,SKU017128PI,15
REG-20251221-BR003-SKU017256BL,20251221,BR003,SKU017256BL,12
REG-20251221-BR003-SKU017256SI,20251221,BR003,SKU017256SI,11
REG-20251221-BR003-SKU017256PI,20251221,BR003,SKU017256PI,15
REG-20251221-BR004-SKU015128BL,20251221,BR004,SKU015128BL,2
REG-20251221-BR004-SKU015128SI,20251221,BR004,SKU015128SI,2
REG-20251221-BR004-SKU015128PI,20251221,BR004,SKU015128PI,1
REG-20251221-BR004-SKU015256BL,20251221,BR004,SKU015256BL,7
REG-20251221-BR004-SKU015256SI,20251221,BR004,SKU015256SI,1
REG-20251221-BR004-SKU015256PI,20251221,BR004,SKU015256PI,1
REG-20251221-BR004-SKU016128BL,20251221,BR004,SKU016128BL,3
REG-20251221-BR004-SKU016128SI,20251221,BR004,SKU016128SI,1
REG-20251221-BR004-SKU016128PI,20251221,BR004,SKU016128PI,7
REG-20251221-BR004-SKU016256BL,20251221,BR004,SKU016256BL,12
REG-20251221-BR004-SKU016256SI,20251221,BR004,SKU016256SI,5
REG-20251221-BR004-SKU016256PI,20251221,BR004,SKU016256PI,8
REG-20251221-BR004-SKU017128BL,20251221,BR004,SKU017128BL,12
REG-20251221-BR004-SKU017128SI,20251221,BR004,SKU017128SI,5
REG-20251221-BR004-SKU017128PI,20251221,BR004,SKU017128PI,11
REG-20251221-BR004-SKU017256BL,20251221,BR004,SKU017256BL,7
REG-20251221-BR004-SKU017256SI,20251221,BR004,SKU017256SI,11
REG-20251221-BR004-SKU017256PI,20251221,BR004,SKU017256PI,8
REG-20251221-BR005-SKU015128BL,20251221,BR005,SKU015128BL,1
REG-20251221-BR005-SKU015128SI,20251221,BR005,SKU015128SI,3
REG-20251221-BR005-SKU015128PI,20251221,BR005,SKU015128PI,5
REG-20251221-BR005-SKU015256BL,20251221,BR005,SKU015256BL,1
REG-20251221-BR005-SKU015256SI,20251221,BR005,SKU015256SI,5
REG-20251221-BR005-SKU015256PI,20251221,BR005,SKU015256PI,4
REG-20251221-BR005-SKU016128BL,20251221,BR005,SKU016128BL,6
REG-20251221-BR005-SKU016128SI,20251221,BR005,SKU016128SI,5
REG-20251221-BR005-SKU016128PI,20251221,BR005,SKU016128PI,12
REG-20251221-BR005-SKU016256BL,20251221,BR005,SKU016256BL,5
REG-20251221-BR005-SKU016256SI,20251221,BR005,SKU016256SI,3
REG-20251221-BR005-SKU016256PI,20251221,BR005,SKU016256PI,5
REG-20251221-BR005-SKU017128BL,20251221,BR005,SKU017128BL,4
REG-20251221-BR005-SKU017128SI,20251221,BR005,SKU017128SI,15
REG-20251221-BR005-SKU017128PI,20251221,BR005,SKU017128PI,4
REG-20251221-BR005-SKU017256BL,20251221,BR005,SKU017256BL,16
REG-20251221-BR005-SKU017256SI,20251221,BR005,SKU017256SI,16
REG-20251221-BR005-SKU017256PI,20251221,BR005,SKU017256PI,4
REG-20251222-BR001-SKU015128BL,20251222,BR001,SKU015128BL,6
REG-20251222-BR001-SKU015128SI,20251222,BR001,SKU015128SI,5
REG-20251222-BR001-SKU015128PI,20251222,BR001,SKU015128PI,1
REG-20251222-BR001-SKU015256BL,20251222,BR001,SKU015256BL,7
REG-20251222-BR001-SKU015256SI,20251222,BR001,SKU015256SI,2
REG-20251222-BR001-SKU015256PI,20251222,BR001,SKU015256PI,1
REG-20251222-BR001-SKU016128BL,20251222,BR001,SKU016128BL,9
REG-20251222-BR001-SKU016128SI,20251222,BR001,SKU016128SI,8
REG-20251222-BR001-SKU016128PI,20251222,BR001,SKU016128PI,10
REG-20251222-BR001-SKU016256BL,20251222,BR001,SKU016256BL,3
REG-20251222-BR001-SKU016256SI,20251222,BR001,SKU016256SI,4
REG-20251222-BR001-SKU016256PI,20251222,BR001,SKU016256PI,8
REG-20251222-BR001-SKU017128BL,20251222,BR001,SKU017128BL,13
REG-20251222-BR001-SKU017128SI,20251222,BR001,SKU017128SI,13
REG-20251222-BR001-SKU017128PI,20251222,BR001,SKU017128PI,5
REG-20251222-BR001-SKU017256BL,20251222,BR001,SKU017256BL,9
REG-20251222-BR001-SKU017256SI,20251222,BR001,SKU017256SI,4
REG-20251222-BR001-SKU017256PI,20251222,BR001,SKU017256PI,14
REG-20251222-BR002-SKU015128BL,20251222,BR002,SKU015128BL,5
REG-20251222-BR002-SKU015128SI,20251222,BR002,SKU015128SI,2
REG-20251222-BR002-SKU015128PI,20251222,BR002,SKU015128PI,4
REG-20251222-BR002-SKU015256BL,20251222,BR002,SKU015256BL,1
REG-20251222-BR002-SKU015256SI,20251222,BR002,SKU015256SI,7
REG-20251222-BR002-SKU015256PI,20251222,BR002,SKU015256PI,2
REG-20251222-BR002-SKU016128BL,20251222,BR002,SKU016128BL,7
REG-20251222-BR002-SKU016128SI,20251222,BR002,SKU016128SI,9
REG-20251222-BR002-SKU016128PI,20251222,BR002,SKU016128PI,12
REG-20251222-BR002-SKU016256BL,20251222,BR002,SKU016256BL,9
REG-20251222-BR002-SKU016256SI,20251222,BR002,SKU016256SI,4
REG-20251222-BR002-SKU016256PI,20251222,BR002,SKU016256PI,6
REG-20251222-BR002-SKU017128BL,20251222,BR002,SKU017128BL,5
REG-20251222-BR002-SKU017128SI,20251222,BR002,SKU017128SI,4
REG-20251222-BR002-SKU017128PI,20251222,BR002,SKU017128PI,7
REG-20251222-BR002-SKU017256BL,20251222,BR002,SKU017256BL,6
REG-20251222-BR002-SKU017256SI,20251222,BR002,SKU017256SI,8
REG-20251222-BR002-SKU017256PI,20251222,BR002,SKU017256PI,16
REG-20251222-BR003-SKU015128BL,20251222,BR003,SKU015128BL,2
REG-20251222-BR003-SKU015128SI,20251222,BR003,SKU015128SI,1
REG-20251222-BR003-SKU015128PI,20251222,BR003,SKU015128PI,1
REG-20251222-BR003-SKU015256BL,20251222,BR003,SKU015256BL,6
REG-20251222-BR003-SKU015256SI,20251222,BR003,SKU015256SI,4
REG-20251222-BR003-SKU015256PI,20251222,BR003,SKU015256PI,4
REG-20251222-BR003-SKU016128BL,20251222,BR003,SKU016128BL,3
REG-20251222-BR003-SKU016128SI,20251222,BR003,SKU016128SI,10
REG-20251222-BR003-SKU016128PI,20251222,BR003,SKU016128PI,7
REG-20251222-BR003-SKU016256BL,20251222,BR003,SKU016256BL,11
REG-20251222-BR003-SKU016256SI,20251222,BR003,SKU016256SI,10
REG-20251222-BR003-SKU016256PI,20251222,BR003,SKU016256PI,8
REG-20251222-BR003-SKU017128BL,20251222,BR003,SKU017128BL,7
REG-20251222-BR003-SKU017128SI,20251222,BR003,SKU017128SI,11
REG-20251222-BR003-SKU017128PI,20251222,BR003,SKU017128PI,14
REG-20251222-BR003-SKU017256BL,20251222,BR003,SKU017256BL,10
REG-20251222-BR003-SKU017256SI,20251222,BR003,SKU017256SI,5
REG-20251222-BR003-SKU017256PI,20251222,BR003,SKU017256PI,11
REG-20251222-BR004-SKU015128BL,20251222,BR004,SKU015128BL,1
REG-20251222-BR004-SKU015128SI,20251222,BR004,SKU015128SI,3
REG-20251222-BR004-SKU015128PI,20251222,BR004,SKU015128PI,3
REG-20251222-BR004-SKU015256BL,20251222,BR004,SKU015256BL,1
REG-20251222-BR004-SKU015256SI,20251222,BR004,SKU015256SI,4
REG-20251222-BR004-SKU015256PI,20251222,BR004,SKU015256PI,3
REG-20251222-BR004-SKU016128BL,20251222,BR004,SKU016128BL,12
REG-20251222-BR004-SKU016128SI,20251222,BR004,SKU016128SI,3
REG-20251222-BR004-SKU016128PI,20251222,BR004,SKU016128PI,5
REG-20251222-BR004-SKU016256BL,20251222,BR004,SKU016256BL,3
REG-20251222-BR004-SKU016256SI,20251222,BR004,SKU016256SI,4
REG-20251222-BR004-SKU016256PI,20251222,BR004,SKU016256PI,12
REG-20251222-BR004-SKU017128BL,20251222,BR004,SKU017128BL,5
REG-20251222-BR004-SKU017128SI,20251222,BR004,SKU017128SI,11
REG-20251222-BR004-SKU017128PI,20251222,BR004,SKU017128PI,7
REG-20251222-BR004-SKU017256BL,20251222,BR004,SKU017256BL,7
REG-20251222-BR004-SKU017256SI,20251222,BR004,SKU017256SI,15
REG-20251222-BR004-SKU017256PI,20251222,BR004,SKU017256PI,9
REG-20251222-BR005-SKU015128BL,20251222,BR005,SKU015128BL,3
REG-20251222-BR005-SKU015128SI,20251222,BR005,SKU015128SI,5
REG-20251222-BR005-SKU015128PI,20251222,BR005,SKU015128PI,2
REG-20251222-BR005-SKU015256BL,20251222,BR005,SKU015256BL,1
REG-20251222-BR005-SKU015256SI,20251222,BR005,SKU015256SI,4
REG-20251222-BR005-SKU015256PI,20251222,BR005,SKU015256PI,3
REG-20251222-BR005-SKU016128BL,20251222,BR005,SKU016128BL,11
REG-20251222-BR005-SKU016128SI,20251222,BR005,SKU016128SI,5
REG-20251222-BR005-SKU016128PI,20251222,BR005,SKU016128PI,8
REG-20251222-BR005-SKU016256BL,20251222,BR005,SKU016256BL,11
REG-20251222-BR005-SKU016256SI,20251222,BR005,SKU016256SI,11
REG-20251222-BR005-SKU016256PI,20251222,BR005,SKU016256PI,3
REG-20251222-BR005-SKU017128BL,20251222,BR005,SKU017128BL,16
REG-20251222-BR005-SKU017128SI,20251222,BR005,SKU017128SI,4
REG-20251222-BR005-SKU017128PI,20251222,BR005,SKU017128PI,12
REG-20251222-BR005-SKU017256BL,20251222,BR005,SKU017256BL,17
REG-20251222-BR005-SKU017256SI,20251222,BR005,SKU017256SI,8
REG-20251222-BR005-SKU017256PI,20251222,BR005,SKU017256PI,16
REG-20251223-BR001-SKU015128BL,20251223,BR001,SKU015128BL,4
REG-20251223-BR001-SKU015128SI,20251223,BR001,SKU015128SI,4
REG-20251223-BR001-SKU015128PI,20251223,BR001,SKU015128PI,3
REG-20251223-BR001-SKU015256BL,20251223,BR001,SKU015256BL,1
REG-20251223-BR001-SKU015256SI,20251223,BR001,SKU015256SI,3
REG-20251223-BR001-SKU015256PI,20251223,BR001,SKU015256PI,1
REG-20251223-BR001-SKU016128BL,20251223,BR001,SKU016128BL,11
REG-20251223-BR001-SKU016128SI,20251223,BR001,SKU016128SI,3
REG-20251223-BR001-SKU016128PI,20251223,BR001,SKU016128PI,2
REG-20251223-BR001-SKU016256BL,20251223,BR001,SKU016256BL,8
REG-20251223-BR001-SKU016256SI,20251223,BR001,SKU016256SI,9
REG-20251223-BR001-SKU016256PI,20251223,BR001,SKU016256PI,8
REG-20251223-BR001-SKU017128BL,20251223,BR001,SKU017128BL,9
REG-20251223-BR001-SKU017128SI,20251223,BR001,SKU017128SI,7
REG-20251223-BR001-SKU017128PI,20251223,BR001,SKU017128PI,9
REG-20251223-BR001-SKU017256BL,20251223,BR001,SKU017256BL,11
REG-20251223-BR001-SKU017256SI,20251223,BR001,SKU017256SI,15
REG-20251223-BR001-SKU017256PI,20251223,BR001,SKU017256PI,9
REG-20251223-BR002-SKU015128BL,20251223,BR002,SKU015128BL,1
REG-20251223-BR002-SKU015128SI,20251223,BR002,SKU015128SI,5
REG-20251223-BR002-SKU015128PI,20251223,BR002,SKU015128PI,1
REG-20251223-BR002-SKU015256BL,20251223,BR002,SKU015256BL,1
REG-20251223-BR002-SKU015256SI,20251223,BR002,SKU015256SI,1
REG-20251223-BR002-SKU015256PI,20251223,BR002,SKU015256PI,1
REG-20251223-BR002-SKU016128BL,20251223,BR002,SKU016128BL,5
REG-20251223-BR002-SKU016128SI,20251223,BR002,SKU016128SI,4
REG-20251223-BR002-SKU016128PI,20251223,BR002,SKU016128PI,6
REG-20251223-BR002-SKU016256BL,20251223,BR002,SKU016256BL,7
REG-20251223-BR002-SKU016256SI,20251223,BR002,SKU016256SI,3
REG-20251223-BR002-SKU016256PI,20251223,BR002,SKU016256PI,5
REG-20251223-BR002-SKU017128BL,20251223,BR002,SKU017128BL,8
REG-20251223-BR002-SKU017128SI,20251223,BR002,SKU017128SI,11
REG-20251223-BR002-SKU017128PI,20251223,BR002,SKU017128PI,8
REG-20251223-BR002-SKU017256BL,20251223,BR002,SKU017256BL,11
REG-20251223-BR002-SKU017256SI,20251223,BR002,SKU017256SI,14
REG-20251223-BR002-SKU017256PI,20251223,BR002,SKU017256PI,13
REG-20251223-BR003-SKU015128BL,20251223,BR003,SKU015128BL,1
REG-20251223-BR003-SKU015128SI,20251223,BR003,SKU015128SI,5
REG-20251223-BR003-SKU015128PI,20251223,BR003,SKU015128PI,3
REG-20251223-BR003-SKU015256BL,20251223,BR003,SKU015256BL,6
REG-20251223-BR003-SKU015256SI,20251223,BR003,SKU015256SI,4
REG-20251223-BR003-SKU015256PI,20251223,BR003,SKU015256PI,3
REG-20251223-BR003-SKU016128BL,20251223,BR003,SKU016128BL,8
REG-20251223-BR003-SKU016128SI,20251223,BR003,SKU016128SI,3
REG-20251223-BR003-SKU016128PI,20251223,BR003,SKU016128PI,8
REG-20251223-BR003-SKU016256BL,20251223,BR003,SKU016256BL,9
REG-20251223-BR003-SKU016256SI,20251223,BR003,SKU016256SI,7
REG-20251223-BR003-SKU016256PI,20251223,BR003,SKU016256PI,5
REG-20251223-BR003-SKU017128BL,20251223,BR003,SKU017128BL,15
REG-20251223-BR003-SKU017128SI,20251223,BR003,SKU017128SI,16
REG-20251223-BR003-SKU017128PI,20251223,BR003,SKU017128PI,5
REG-20251223-BR003-SKU017256BL,20251223,BR003,SKU017256BL,8
REG-20251223-BR003-SKU017256SI,20251223,BR003,SKU017256SI,6
REG-20251223-BR003-SKU017256PI,20251223,BR003,SKU017256PI,12
REG-20251223-BR004-SKU015128BL,20251223,BR004,SKU015128BL,1
REG-20251223-BR004-SKU015128SI,20251223,BR004,SKU015128SI,6
REG-20251223-BR004-SKU015128PI,20251223,BR004,SKU015128PI,1
REG-20251223-BR004-SKU015256BL,20251223,BR004,SKU015256BL,1
REG-20251223-BR004-SKU015256SI,20251223,BR004,SKU015256SI,2
REG-20251223-BR004-SKU015256PI,20251223,BR004,SKU015256PI,3
REG-20251223-BR004-SKU016128BL,20251223,BR004,SKU016128BL,7
REG-20251223-BR004-SKU016128SI,20251223,BR004,SKU016128SI,7
REG-20251223-BR004-SKU016128PI,20251223,BR004,SKU016128PI,9
REG-20251223-BR004-SKU016256BL,20251223,BR004,SKU016256BL,8
REG-20251223-BR004-SKU016256SI,20251223,BR004,SKU016256SI,5
REG-20251223-BR004-SKU016256PI,20251223,BR004,SKU016256PI,6
REG-20251223-BR004-SKU017128BL,20251223,BR004,SKU017128BL,13
REG-20251223-BR004-SKU017128SI,20251223,BR004,SKU017128SI,9
REG-20251223-BR004-SKU017128PI,20251223,BR004,SKU017128PI,14
REG-20251223-BR004-SKU017256BL,20251223,BR004,SKU017256BL,11
REG-20251223-BR004-SKU017256SI,20251223,BR004,SKU017256SI,13
REG-20251223-BR004-SKU017256PI,20251223,BR004,SKU017256PI,11
REG-20251223-BR005-SKU015128BL,20251223,BR005,SKU015128BL,1
REG-20251223-BR005-SKU015128SI,20251223,BR005,SKU015128SI,6
REG-20251223-BR005-SKU015128PI,20251223,BR005,SKU015128PI,4
REG-20251223-BR005-SKU015256BL,20251223,BR005,SKU015256BL,5
REG-20251223-BR005-SKU015256SI,20251223,BR005,SKU015256SI,1
REG-20251223-BR005-SKU015256PI,20251223,BR005,SKU015256PI,5
REG-20251223-BR005-SKU016128BL,20251223,BR005,SKU016128BL,3
REG-20251223-BR005-SKU016128SI,20251223,BR005,SKU016128SI,12
REG-20251223-BR005-SKU016128PI,20251223,BR005,SKU016128PI,6
REG-20251223-BR005-SKU016256BL,20251223,BR005,SKU016256BL,6
REG-20251223-BR005-SKU016256SI,20251223,BR005,SKU016256SI,4
REG-20251223-BR005-SKU016256PI,20251223,BR005,SKU016256PI,6
REG-20251223-BR005-SKU017128BL,20251223,BR005,SKU017128BL,12
REG-20251223-BR005-SKU017128SI,20251223,BR005,SKU017128SI,7
REG-20251223-BR005-SKU017128PI,20251223,BR005,SKU017128PI,9
REG-20251223-BR005-SKU017256BL,20251223,BR005,SKU017256BL,11
REG-20251223-BR005-SKU017256SI,20251223,BR005,SKU017256SI,9
REG-20251223-BR005-SKU017256PI,20251223,BR005,SKU017256PI,13
REG-20251224-BR001-SKU015128BL,20251224,BR001,SKU015128BL,1
REG-20251224-BR001-SKU015128SI,20251224,BR001,SKU015128SI,3
REG-20251224-BR001-SKU015128PI,20251224,BR001,SKU015128PI,7
REG-20251224-BR001-SKU015256BL,20251224,BR001,SKU015256BL,3
REG-20251224-BR001-SKU015256SI,20251224,BR001,SKU015256SI,4
REG-20251224-BR001-SKU015256PI,20251224,BR001,SKU015256PI,2
REG-20251224-BR001-SKU016128BL,20251224,BR001,SKU016128BL,8
REG-20251224-BR001-SKU016128SI,20251224,BR001,SKU016128SI,12
REG-20251224-BR001-SKU016128PI,20251224,BR001,SKU016128PI,10
REG-20251224-BR001-SKU016256BL,20251224,BR001,SKU016256BL,5
REG-20251224-BR001-SKU016256SI,20251224,BR001,SKU016256SI,7
REG-20251224-BR001-SKU016256PI,20251224,BR001,SKU016256PI,5
REG-20251224-BR001-SKU017128BL,20251224,BR001,SKU017128BL,9
REG-20251224-BR001-SKU017128SI,20251224,BR001,SKU017128SI,14
REG-20251224-BR001-SKU017128PI,20251224,BR001,SKU017128PI,11
REG-20251224-BR001-SKU017256BL,20251224,BR001,SKU017256BL,15
REG-20251224-BR001-SKU017256SI,20251224,BR001,SKU017256SI,9
REG-20251224-BR001-SKU017256PI,20251224,BR001,SKU017256PI,10
REG-20251224-BR002-SKU015128BL,20251224,BR002,SKU015128BL,1
REG-20251224-BR002-SKU015128SI,20251224,BR002,SKU015128SI,1
REG-20251224-BR002-SKU015128PI,20251224,BR002,SKU015128PI,1
REG-20251224-BR002-SKU015256BL,20251224,BR002,SKU015256BL,6
REG-20251224-BR002-SKU015256SI,20251224,BR002,SKU015256SI,1
REG-20251224-BR002-SKU015256PI,20251224,BR002,SKU015256PI,3
REG-20251224-BR002-SKU016128BL,20251224,BR002,SKU016128BL,8
REG-20251224-BR002-SKU016128SI,20251224,BR002,SKU016128SI,12
REG-20251224-BR002-SKU016128PI,20251224,BR002,SKU016128PI,10
REG-20251224-BR002-SKU016256BL,20251224,BR002,SKU016256BL,7
REG-20251224-BR002-SKU016256SI,20251224,BR002,SKU016256SI,8
REG-20251224-BR002-SKU016256PI,20251224,BR002,SKU016256PI,9
REG-20251224-BR002-SKU017128BL,20251224,BR002,SKU017128BL,12
REG-20251224-BR002-SKU017128SI,20251224,BR002,SKU017128SI,12
REG-20251224-BR002-SKU017128PI,20251224,BR002,SKU017128PI,14
REG-20251224-BR002-SKU017256BL,20251224,BR002,SKU017256BL,15
REG-20251224-BR002-SKU017256SI,20251224,BR002,SKU017256SI,15
REG-20251224-BR002-SKU017256PI,20251224,BR002,SKU017256PI,12
REG-20251224-BR003-SKU015128BL,20251224,BR003,SKU015128BL,4
REG-20251224-BR003-SKU015128SI,20251224,BR003,SKU015128SI,2
REG-20251224-BR003-SKU015128PI,20251224,BR003,SKU015128PI,1
REG-20251224-BR003-SKU015256BL,20251224,BR003,SKU015256BL,3
REG-20251224-BR003-SKU015256SI,20251224,BR003,SKU015256SI,1
REG-20251224-BR003-SKU015256PI,20251224,BR003,SKU015256PI,3
REG-20251224-BR003-SKU016128BL,20251224,BR003,SKU016128BL,8
REG-20251224-BR003-SKU016128SI,20251224,BR003,SKU016128SI,8
REG-20251224-BR003-SKU016128PI,20251224,BR003,SKU016128PI,3
REG-20251224-BR003-SKU016256BL,20251224,BR003,SKU016256BL,6
REG-20251224-BR003-SKU016256SI,20251224,BR003,SKU016256SI,8
REG-20251224-BR003-SKU016256PI,20251224,BR003,SKU016256PI,6
REG-20251224-BR003-SKU017128BL,20251224,BR003,SKU017128BL,15
REG-20251224-BR003-SKU017128SI,20251224,BR003,SKU017128SI,12
REG-20251224-BR003-SKU017128PI,20251224,BR003,SKU017128PI,7
REG-20251224-BR003-SKU017256BL,20251224,BR003,SKU017256BL,8
REG-20251224-BR003-SKU017256SI,20251224,BR003,SKU017256SI,15
REG-20251224-BR003-SKU017256PI,20251224,BR003,SKU017256PI,8
REG-20251224-BR004-SKU015128BL,20251224,BR004,SKU015128BL,5
REG-20251224-BR004-SKU015128SI,20251224,BR004,SKU015128SI,1
REG-20251224-BR004-SKU015128PI,20251224,BR004,SKU015128PI,3
REG-20251224-BR004-SKU015256BL,20251224,BR004,SKU015256BL,1
REG-20251224-BR004-SKU015256SI,20251224,BR004,SKU015256SI,1
REG-20251224-BR004-SKU015256PI,20251224,BR004,SKU015256PI,1
REG-20251224-BR004-SKU016128BL,20251224,BR004,SKU016128BL,6
REG-20251224-BR004-SKU016128SI,20251224,BR004,SKU016128SI,3
REG-20251224-BR004-SKU016128PI,20251224,BR004,SKU016128PI,6
REG-20251224-BR004-SKU016256BL,20251224,BR004,SKU016256BL,3
REG-20251224-BR004-SKU016256SI,20251224,BR004,SKU016256SI,9
REG-20251224-BR004-SKU016256PI,20251224,BR004,SKU016256PI,6
REG-20251224-BR004-SKU017128BL,20251224,BR004,SKU017128BL,14
REG-20251224-BR004-SKU017128SI,20251224,BR004,SKU017128SI,5
REG-20251224-BR004-SKU017128PI,20251224,BR004,SKU017128PI,8
REG-20251224-BR004-SKU017256BL,20251224,BR004,SKU017256BL,8
REG-20251224-BR004-SKU017256SI,20251224,BR004,SKU017256SI,12
REG-20251224-BR004-SKU017256PI,20251224,BR004,SKU017256PI,7
REG-20251224-BR005-SKU015128BL,20251224,BR005,SKU015128BL,1
REG-20251224-BR005-SKU015128SI,20251224,BR005,SKU015128SI,3
REG-20251224-BR005-SKU015128PI,20251224,BR005,SKU015128PI,3
REG-20251224-BR005-SKU015256BL,20251224,BR005,SKU015256BL,1
REG-20251224-BR005-SKU015256SI,20251224,BR005,SKU015256SI,3
REG-20251224-BR005-SKU015256PI,20251224,BR005,SKU015256PI,3
REG-20251224-BR005-SKU016128BL,20251224,BR005,SKU016128BL,10
REG-20251224-BR005-SKU016128SI,20251224,BR005,SKU016128SI,6
REG-20251224-BR005-SKU016128PI,20251224,BR005,SKU016128PI,11
REG-20251224-BR005-SKU016256BL,20251224,BR005,SKU016256BL,1
REG-20251224-BR005-SKU016256SI,20251224,BR005,SKU016256SI,6
REG-20251224-BR005-SKU016256PI,20251224,BR005,SKU016256PI,9
REG-20251224-BR005-SKU017128BL,20251224,BR005,SKU017128BL,8
REG-20251224-BR005-SKU017128SI,20251224,BR005,SKU017128SI,14
REG-20251224-BR005-SKU017128PI,20251224,BR005,SKU017128PI,8
REG-20251224-BR005-SKU017256BL,20251224,BR005,SKU017256BL,16
REG-20251224-BR005-SKU017256SI,20251224,BR005,SKU017256SI,14
REG-20251224-BR005-SKU017256PI,20251224,BR005,SKU017256PI,15
REG-20251225-BR001-SKU015128BL,20251225,BR001,SKU015128BL,4
REG-20251225-BR001-SKU015128SI,20251225,BR001,SKU015128SI,1
REG-20251225-BR001-SKU015128PI,20251225,BR001,SKU015128PI,3
REG-20251225-BR001-SKU015256BL,20251225,BR001,SKU015256BL,1
REG-20251225-BR001-SKU015256SI,20251225,BR001,SKU015256SI,1
REG-20251225-BR001-SKU015256PI,20251225,BR001,SKU015256PI,2
REG-20251225-BR001-SKU016128BL,20251225,BR001,SKU016128BL,9
REG-20251225-BR001-SKU016128SI,20251225,BR001,SKU016128SI,1
REG-20251225-BR001-SKU016128PI,20251225,BR001,SKU016128PI,6
REG-20251225-BR001-SKU016256BL,20251225,BR001,SKU016256BL,12
REG-20251225-BR001-SKU016256SI,20251225,BR001,SKU016256SI,8
REG-20251225-BR001-SKU016256PI,20251225,BR001,SKU016256PI,1
REG-20251225-BR001-SKU017128BL,20251225,BR001,SKU017128BL,10
REG-20251225-BR001-SKU017128SI,20251225,BR001,SKU017128SI,8
REG-20251225-BR001-SKU017128PI,20251225,BR001,SKU017128PI,7
REG-20251225-BR001-SKU017256BL,20251225,BR001,SKU017256BL,9
REG-20251225-BR001-SKU017256SI,20251225,BR001,SKU017256SI,14
REG-20251225-BR001-SKU017256PI,20251225,BR001,SKU017256PI,8
REG-20251225-BR002-SKU015128BL,20251225,BR002,SKU015128BL,3
REG-20251225-BR002-SKU015128SI,20251225,BR002,SKU015128SI,2
REG-20251225-BR002-SKU015128PI,20251225,BR002,SKU015128PI,1
REG-20251225-BR002-SKU015256BL,20251225,BR002,SKU015256BL,7
REG-20251225-BR002-SKU015256SI,20251225,BR002,SKU015256SI,2
REG-20251225-BR002-SKU015256PI,20251225,BR002,SKU015256PI,1
REG-20251225-BR002-SKU016128BL,20251225,BR002,SKU016128BL,3
REG-20251225-BR002-SKU016128SI,20251225,BR002,SKU016128SI,6
REG-20251225-BR002-SKU016128PI,20251225,BR002,SKU016128PI,9
REG-20251225-BR002-SKU016256BL,20251225,BR002,SKU016256BL,5
REG-20251225-BR002-SKU016256SI,20251225,BR002,SKU016256SI,10
REG-20251225-BR002-SKU016256PI,20251225,BR002,SKU016256PI,3
REG-20251225-BR002-SKU017128BL,20251225,BR002,SKU017128BL,11
REG-20251225-BR002-SKU017128SI,20251225,BR002,SKU017128SI,14
REG-20251225-BR002-SKU017128PI,20251225,BR002,SKU017128PI,12
REG-20251225-BR002-SKU017256BL,20251225,BR002,SKU017256BL,15
REG-20251225-BR002-SKU017256SI,20251225,BR002,SKU017256SI,12
REG-20251225-BR002-SKU017256PI,20251225,BR002,SKU017256PI,9
REG-20251225-BR003-SKU015128BL,20251225,BR003,SKU015128BL,1
REG-20251225-BR003-SKU015128SI,20251225,BR003,SKU015128SI,4
REG-20251225-BR003-SKU015128PI,20251225,BR003,SKU015128PI,4
REG-20251225-BR003-SKU015256BL,20251225,BR003,SKU015256BL,1
REG-20251225-BR003-SKU015256SI,20251225,BR003,SKU015256SI,3
REG-20251225-BR003-SKU015256PI,20251225,BR003,SKU015256PI,4
REG-20251225-BR003-SKU016128BL,20251225,BR003,SKU016128BL,5
REG-20251225-BR003-SKU016128SI,20251225,BR003,SKU016128SI,4
REG-20251225-BR003-SKU016128PI,20251225,BR003,SKU016128PI,8
REG-20251225-BR003-SKU016256BL,20251225,BR003,SKU016256BL,5
REG-20251225-BR003-SKU016256SI,20251225,BR003,SKU016256SI,4
REG-20251225-BR003-SKU016256PI,20251225,BR003,SKU016256PI,8
REG-20251225-BR003-SKU017128BL,20251225,BR003,SKU017128BL,5
REG-20251225-BR003-SKU017128SI,20251225,BR003,SKU017128SI,13
REG-20251225-BR003-SKU017128PI,20251225,BR003,SKU017128PI,10
REG-20251225-BR003-SKU017256BL,20251225,BR003,SKU017256BL,13
REG-20251225-BR003-SKU017256SI,20251225,BR003,SKU017256SI,8
REG-20251225-BR003-SKU017256PI,20251225,BR003,SKU017256PI,12
REG-20251225-BR004-SKU015128BL,20251225,BR004,SKU015128BL,1
REG-20251225-BR004-SKU015128SI,20251225,BR004,SKU015128SI,3
REG-20251225-BR004-SKU015128PI,20251225,BR004,SKU015128PI,3
REG-20251225-BR004-SKU015256BL,20251225,BR004,SKU015256BL,1
REG-20251225-BR004-SKU015256SI,20251225,BR004,SKU015256SI,4
REG-20251225-BR004-SKU015256PI,20251225,BR004,SKU015256PI,1
REG-20251225-BR004-SKU016128BL,20251225,BR004,SKU016128BL,8
REG-20251225-BR004-SKU016128SI,20251225,BR004,SKU016128SI,10
REG-20251225-BR004-SKU016128PI,20251225,BR004,SKU016128PI,9
REG-20251225-BR004-SKU016256BL,20251225,BR004,SKU016256BL,8
REG-20251225-BR004-SKU016256SI,20251225,BR004,SKU016256SI,5
REG-20251225-BR004-SKU016256PI,20251225,BR004,SKU016256PI,7
REG-20251225-BR004-SKU017128BL,20251225,BR004,SKU017128BL,8
REG-20251225-BR004-SKU017128SI,20251225,BR004,SKU017128SI,9
REG-20251225-BR004-SKU017128PI,20251225,BR004,SKU017128PI,8
REG-20251225-BR004-SKU017256BL,20251225,BR004,SKU017256BL,11
REG-20251225-BR004-SKU017256SI,20251225,BR004,SKU017256SI,4
REG-20251225-BR004-SKU017256PI,20251225,BR004,SKU017256PI,11
REG-20251225-BR005-SKU015128BL,20251225,BR005,SKU015128BL,2
REG-20251225-BR005-SKU015128SI,20251225,BR005,SKU015128SI,1
REG-20251225-BR005-SKU015128PI,20251225,BR005,SKU015128PI,2
REG-20251225-BR005-SKU015256BL,20251225,BR005,SKU015256BL,3
REG-20251225-BR005-SKU015256SI,20251225,BR005,SKU015256SI,4
REG-20251225-BR005-SKU015256PI,20251225,BR005,SKU015256PI,2
REG-20251225-BR005-SKU016128BL,20251225,BR005,SKU016128BL,4
REG-20251225-BR005-SKU016128SI,20251225,BR005,SKU016128SI,6
REG-20251225-BR005-SKU016128PI,20251225,BR005,SKU016128PI,11
REG-20251225-BR005-SKU016256BL,20251225,BR005,SKU016256BL,3
REG-20251225-BR005-SKU016256SI,20251225,BR005,SKU016256SI,8
REG-20251225-BR005-SKU016256PI,20251225,BR005,SKU016256PI,7
REG-20251225-BR005-SKU017128BL,20251225,BR005,SKU017128BL,12
REG-20251225-BR005-SKU017128SI,20251225,BR005,SKU017128SI,15
REG-20251225-BR005-SKU017128PI,20251225,BR005,SKU017128PI,6
REG-20251225-BR005-SKU017256BL,20251225,BR005,SKU017256BL,7
REG-20251225-BR005-SKU017256SI,20251225,BR005,SKU017256SI,12
REG-20251225-BR005-SKU017256PI,20251225,BR005,SKU017256PI,9
REG-20251226-BR001-SKU015128BL,20251226,BR001,SKU015128BL,2
REG-20251226-BR001-SKU015128SI,20251226,BR001,SKU015128SI,1
REG-20251226-BR001-SKU015128PI,20251226,BR001,SKU015128PI,3
REG-20251226-BR001-SKU015256BL,20251226,BR001,SKU015256BL,3
REG-20251226-BR001-SKU015256SI,20251226,BR001,SKU015256SI,3
REG-20251226-BR001-SKU015256PI,20251226,BR001,SKU015256PI,4
REG-20251226-BR001-SKU016128BL,20251226,BR001,SKU016128BL,7
REG-20251226-BR001-SKU016128SI,20251226,BR001,SKU016128SI,11
REG-20251226-BR001-SKU016128PI,20251226,BR001,SKU016128PI,10
REG-20251226-BR001-SKU016256BL,20251226,BR001,SKU016256BL,5
REG-20251226-BR001-SKU016256SI,20251226,BR001,SKU016256SI,6
REG-20251226-BR001-SKU016256PI,20251226,BR001,SKU016256PI,5
REG-20251226-BR001-SKU017128BL,20251226,BR001,SKU017128BL,13
REG-20251226-BR001-SKU017128SI,20251226,BR001,SKU017128SI,13
REG-20251226-BR001-SKU017128PI,20251226,BR001,SKU017128PI,6
REG-20251226-BR001-SKU017256BL,20251226,BR001,SKU017256BL,7
REG-20251226-BR001-SKU017256SI,20251226,BR001,SKU017256SI,8
REG-20251226-BR001-SKU017256PI,20251226,BR001,SKU017256PI,9
REG-20251226-BR002-SKU015128BL,20251226,BR002,SKU015128BL,3
REG-20251226-BR002-SKU015128SI,20251226,BR002,SKU015128SI,3
REG-20251226-BR002-SKU015128PI,20251226,BR002,SKU015128PI,5
REG-20251226-BR002-SKU015256BL,20251226,BR002,SKU015256BL,3
REG-20251226-BR002-SKU015256SI,20251226,BR002,SKU015256SI,3
REG-20251226-BR002-SKU015256PI,20251226,BR002,SKU015256PI,7
REG-20251226-BR002-SKU016128BL,20251226,BR002,SKU016128BL,7
REG-20251226-BR002-SKU016128SI,20251226,BR002,SKU016128SI,7
REG-20251226-BR002-SKU016128PI,20251226,BR002,SKU016128PI,10
REG-20251226-BR002-SKU016256BL,20251226,BR002,SKU016256BL,5
REG-20251226-BR002-SKU016256SI,20251226,BR002,SKU016256SI,4
REG-20251226-BR002-SKU016256PI,20251226,BR002,SKU016256PI,2
REG-20251226-BR002-SKU017128BL,20251226,BR002,SKU017128BL,6
REG-20251226-BR002-SKU017128SI,20251226,BR002,SKU017128SI,10
REG-20251226-BR002-SKU017128PI,20251226,BR002,SKU017128PI,7
REG-20251226-BR002-SKU017256BL,20251226,BR002,SKU017256BL,9
REG-20251226-BR002-SKU017256SI,20251226,BR002,SKU017256SI,13
REG-20251226-BR002-SKU017256PI,20251226,BR002,SKU017256PI,7
REG-20251226-BR003-SKU015128BL,20251226,BR003,SKU015128BL,2
REG-20251226-BR003-SKU015128SI,20251226,BR003,SKU015128SI,1
REG-20251226-BR003-SKU015128PI,20251226,BR003,SKU015128PI,3
REG-20251226-BR003-SKU015256BL,20251226,BR003,SKU015256BL,6
REG-20251226-BR003-SKU015256SI,20251226,BR003,SKU015256SI,6
REG-20251226-BR003-SKU015256PI,20251226,BR003,SKU015256PI,3
REG-20251226-BR003-SKU016128BL,20251226,BR003,SKU016128BL,10
REG-20251226-BR003-SKU016128SI,20251226,BR003,SKU016128SI,3
REG-20251226-BR003-SKU016128PI,20251226,BR003,SKU016128PI,6
REG-20251226-BR003-SKU016256BL,20251226,BR003,SKU016256BL,8
REG-20251226-BR003-SKU016256SI,20251226,BR003,SKU016256SI,3
REG-20251226-BR003-SKU016256PI,20251226,BR003,SKU016256PI,8
REG-20251226-BR003-SKU017128BL,20251226,BR003,SKU017128BL,10
REG-20251226-BR003-SKU017128SI,20251226,BR003,SKU017128SI,12
REG-20251226-BR003-SKU017128PI,20251226,BR003,SKU017128PI,15
REG-20251226-BR003-SKU017256BL,20251226,BR003,SKU017256BL,17
REG-20251226-BR003-SKU017256SI,20251226,BR003,SKU017256SI,14
REG-20251226-BR003-SKU017256PI,20251226,BR003,SKU017256PI,9
REG-20251226-BR004-SKU015128BL,20251226,BR004,SKU015128BL,2
REG-20251226-BR004-SKU015128SI,20251226,BR004,SKU015128SI,3
REG-20251226-BR004-SKU015128PI,20251226,BR004,SKU015128PI,2
REG-20251226-BR004-SKU015256BL,20251226,BR004,SKU015256BL,3
REG-20251226-BR004-SKU015256SI,20251226,BR004,SKU015256SI,1
REG-20251226-BR004-SKU015256PI,20251226,BR004,SKU015256PI,2
REG-20251226-BR004-SKU016128BL,20251226,BR004,SKU016128BL,3
REG-20251226-BR004-SKU016128SI,20251226,BR004,SKU016128SI,3
REG-20251226-BR004-SKU016128PI,20251226,BR004,SKU016128PI,3
REG-20251226-BR004-SKU016256BL,20251226,BR004,SKU016256BL,7
REG-20251226-BR004-SKU016256SI,20251226,BR004,SKU016256SI,4
REG-20251226-BR004-SKU016256PI,20251226,BR004,SKU016256PI,7
REG-20251226-BR004-SKU017128BL,20251226,BR004,SKU017128BL,14
REG-20251226-BR004-SKU017128SI,20251226,BR004,SKU017128SI,13
REG-20251226-BR004-SKU017128PI,20251226,BR004,SKU017128PI,15
REG-20251226-BR004-SKU017256BL,20251226,BR004,SKU017256BL,13
REG-20251226-BR004-SKU017256SI,20251226,BR004,SKU017256SI,4
REG-20251226-BR004-SKU017256PI,20251226,BR004,SKU017256PI,10
REG-20251226-BR005-SKU015128BL,20251226,BR005,SKU015128BL,6
REG-20251226-BR005-SKU015128SI,20251226,BR005,SKU015128SI,3
REG-20251226-BR005-SKU015128PI,20251226,BR005,SKU015128PI,6
REG-20251226-BR005-SKU015256BL,20251226,BR005,SKU015256BL,5
REG-20251226-BR005-SKU015256SI,20251226,BR005,SKU015256SI,7
REG-20251226-BR005-SKU015256PI,20251226,BR005,SKU015256PI,5
REG-20251226-BR005-SKU016128BL,20251226,BR005,SKU016128BL,4
REG-20251226-BR005-SKU016128SI,20251226,BR005,SKU016128SI,6
REG-20251226-BR005-SKU016128PI,20251226,BR005,SKU016128PI,7
REG-20251226-BR005-SKU016256BL,20251226,BR005,SKU016256BL,8
REG-20251226-BR005-SKU016256SI,20251226,BR005,SKU016256SI,6
REG-20251226-BR005-SKU016256PI,20251226,BR005,SKU016256PI,1
REG-20251226-BR005-SKU017128BL,20251226,BR005,SKU017128BL,13
REG-20251226-BR005-SKU017128SI,20251226,BR005,SKU017128SI,13
REG-20251226-BR005-SKU017128PI,20251226,BR005,SKU017128PI,11
REG-20251226-BR005-SKU017256BL,20251226,BR005,SKU017256BL,8
REG-20251226-BR005-SKU017256SI,20251226,BR005,SKU017256SI,14
REG-20251226-BR005-SKU017256PI,20251226,BR005,SKU017256PI,16
REG-20251227-BR001-SKU015128BL,20251227,BR001,SKU015128BL,3
REG-20251227-BR001-SKU015128SI,20251227,BR001,SKU015128SI,3
REG-20251227-BR001-SKU015128PI,20251227,BR001,SKU015128PI,3
REG-20251227-BR001-SKU015256BL,20251227,BR001,SKU015256BL,2
REG-20251227-BR001-SKU015256SI,20251227,BR001,SKU015256SI,4
REG-20251227-BR001-SKU015256PI,20251227,BR001,SKU015256PI,2
REG-20251227-BR001-SKU016128BL,20251227,BR001,SKU016128BL,3
REG-20251227-BR001-SKU016128SI,20251227,BR001,SKU016128SI,10
REG-20251227-BR001-SKU016128PI,20251227,BR001,SKU016128PI,8
REG-20251227-BR001-SKU016256BL,20251227,BR001,SKU016256BL,5
REG-20251227-BR001-SKU016256SI,20251227,BR001,SKU016256SI,4
REG-20251227-BR001-SKU016256PI,20251227,BR001,SKU016256PI,7
REG-20251227-BR001-SKU017128BL,20251227,BR001,SKU017128BL,10
REG-20251227-BR001-SKU017128SI,20251227,BR001,SKU017128SI,13
REG-20251227-BR001-SKU017128PI,20251227,BR001,SKU017128PI,14
REG-20251227-BR001-SKU017256BL,20251227,BR001,SKU017256BL,8
REG-20251227-BR001-SKU017256SI,20251227,BR001,SKU017256SI,15
REG-20251227-BR001-SKU017256PI,20251227,BR001,SKU017256PI,13
REG-20251227-BR002-SKU015128BL,20251227,BR002,SKU015128BL,5
REG-20251227-BR002-SKU015128SI,20251227,BR002,SKU015128SI,5
REG-20251227-BR002-SKU015128PI,20251227,BR002,SKU015128PI,4
REG-20251227-BR002-SKU015256BL,20251227,BR002,SKU015256BL,4
REG-20251227-BR002-SKU015256SI,20251227,BR002,SKU015256SI,3
REG-20251227-BR002-SKU015256PI,20251227,BR002,SKU015256PI,3
REG-20251227-BR002-SKU016128BL,20251227,BR002,SKU016128BL,9
REG-20251227-BR002-SKU016128SI,20251227,BR002,SKU016128SI,6
REG-20251227-BR002-SKU016128PI,20251227,BR002,SKU016128PI,3
REG-20251227-BR002-SKU016256BL,20251227,BR002,SKU016256BL,7
REG-20251227-BR002-SKU016256SI,20251227,BR002,SKU016256SI,9
REG-20251227-BR002-SKU016256PI,20251227,BR002,SKU016256PI,11
REG-20251227-BR002-SKU017128BL,20251227,BR002,SKU017128BL,12
REG-20251227-BR002-SKU017128SI,20251227,BR002,SKU017128SI,10
REG-20251227-BR002-SKU017128PI,20251227,BR002,SKU017128PI,13
REG-20251227-BR002-SKU017256BL,20251227,BR002,SKU017256BL,15
REG-20251227-BR002-SKU017256SI,20251227,BR002,SKU017256SI,12
REG-20251227-BR002-SKU017256PI,20251227,BR002,SKU017256PI,12
REG-20251227-BR003-SKU015128BL,20251227,BR003,SKU015128BL,1
REG-20251227-BR003-SKU015128SI,20251227,BR003,SKU015128SI,1
REG-20251227-BR003-SKU015128PI,20251227,BR003,SKU015128PI,1
REG-20251227-BR003-SKU015256BL,20251227,BR003,SKU015256BL,5
REG-20251227-BR003-SKU015256SI,20251227,BR003,SKU015256SI,4
REG-20251227-BR003-SKU015256PI,20251227,BR003,SKU015256PI,4
REG-20251227-BR003-SKU016128BL,20251227,BR003,SKU016128BL,11
REG-20251227-BR003-SKU016128SI,20251227,BR003,SKU016128SI,12
REG-20251227-BR003-SKU016128PI,20251227,BR003,SKU016128PI,9
REG-20251227-BR003-SKU016256BL,20251227,BR003,SKU016256BL,2
REG-20251227-BR003-SKU016256SI,20251227,BR003,SKU016256SI,3
REG-20251227-BR003-SKU016256PI,20251227,BR003,SKU016256PI,5
REG-20251227-BR003-SKU017128BL,20251227,BR003,SKU017128BL,14
REG-20251227-BR003-SKU017128SI,20251227,BR003,SKU017128SI,5
REG-20251227-BR003-SKU017128PI,20251227,BR003,SKU017128PI,8
REG-20251227-BR003-SKU017256BL,20251227,BR003,SKU017256BL,7
REG-20251227-BR003-SKU017256SI,20251227,BR003,SKU017256SI,13
REG-20251227-BR003-SKU017256PI,20251227,BR003,SKU017256PI,12
REG-20251227-BR004-SKU015128BL,20251227,BR004,SKU015128BL,4
REG-20251227-BR004-SKU015128SI,20251227,BR004,SKU015128SI,3
REG-20251227-BR004-SKU015128PI,20251227,BR004,SKU015128PI,7
REG-20251227-BR004-SKU015256BL,20251227,BR004,SKU015256BL,1
REG-20251227-BR004-SKU015256SI,20251227,BR004,SKU015256SI,1
REG-20251227-BR004-SKU015256PI,20251227,BR004,SKU015256PI,1
REG-20251227-BR004-SKU016128BL,20251227,BR004,SKU016128BL,6
REG-20251227-BR004-SKU016128SI,20251227,BR004,SKU016128SI,10
REG-20251227-BR004-SKU016128PI,20251227,BR004,SKU016128PI,7
REG-20251227-BR004-SKU016256BL,20251227,BR004,SKU016256BL,2
REG-20251227-BR004-SKU016256SI,20251227,BR004,SKU016256SI,12
REG-20251227-BR004-SKU016256PI,20251227,BR004,SKU016256PI,7
REG-20251227-BR004-SKU017128BL,20251227,BR004,SKU017128BL,4
REG-20251227-BR004-SKU017128SI,20251227,BR004,SKU017128SI,9
REG-20251227-BR004-SKU017128PI,20251227,BR004,SKU017128PI,6
REG-20251227-BR004-SKU017256BL,20251227,BR004,SKU017256BL,6
REG-20251227-BR004-SKU017256SI,20251227,BR004,SKU017256SI,15
REG-20251227-BR004-SKU017256PI,20251227,BR004,SKU017256PI,14
REG-20251227-BR005-SKU015128BL,20251227,BR005,SKU015128BL,4
REG-20251227-BR005-SKU015128SI,20251227,BR005,SKU015128SI,5
REG-20251227-BR005-SKU015128PI,20251227,BR005,SKU015128PI,4
REG-20251227-BR005-SKU015256BL,20251227,BR005,SKU015256BL,3
REG-20251227-BR005-SKU015256SI,20251227,BR005,SKU015256SI,3
REG-20251227-BR005-SKU015256PI,20251227,BR005,SKU015256PI,1
REG-20251227-BR005-SKU016128BL,20251227,BR005,SKU016128BL,6
REG-20251227-BR005-SKU016128SI,20251227,BR005,SKU016128SI,9
REG-20251227-BR005-SKU016128PI,20251227,BR005,SKU016128PI,5
REG-20251227-BR005-SKU016256BL,20251227,BR005,SKU016256BL,10
REG-20251227-BR005-SKU016256SI,20251227,BR005,SKU016256SI,8
REG-20251227-BR005-SKU016256PI,20251227,BR005,SKU016256PI,3
REG-20251227-BR005-SKU017128BL,20251227,BR005,SKU017128BL,6
REG-20251227-BR005-SKU017128SI,20251227,BR005,SKU017128SI,11
REG-20251227-BR005-SKU017128PI,20251227,BR005,SKU017128PI,10
REG-20251227-BR005-SKU017256BL,20251227,BR005,SKU017256BL,8
REG-20251227-BR005-SKU017256SI,20251227,BR005,SKU017256SI,13
REG-20251227-BR005-SKU017256PI,20251227,BR005,SKU017256PI,7
REG-20251228-BR001-SKU015128BL,20251228,BR001,SKU015128BL,1
REG-20251228-BR001-SKU015128SI,20251228,BR001,SKU015128SI,4
REG-20251228-BR001-SKU015128PI,20251228,BR001,SKU015128PI,2
REG-20251228-BR001-SKU015256BL,20251228,BR001,SKU015256BL,4
REG-20251228-BR001-SKU015256SI,20251228,BR001,SKU015256SI,1
REG-20251228-BR001-SKU015256PI,20251228,BR001,SKU015256PI,1
REG-20251228-BR001-SKU016128BL,20251228,BR001,SKU016128BL,6
REG-20251228-BR001-SKU016128SI,20251228,BR001,SKU016128SI,12
REG-20251228-BR001-SKU016128PI,20251228,BR001,SKU016128PI,9
REG-20251228-BR001-SKU016256BL,20251228,BR001,SKU016256BL,11
REG-20251228-BR001-SKU016256SI,20251228,BR001,SKU016256SI,7
REG-20251228-BR001-SKU016256PI,20251228,BR001,SKU016256PI,5
REG-20251228-BR001-SKU017128BL,20251228,BR001,SKU017128BL,12
REG-20251228-BR001-SKU017128SI,20251228,BR001,SKU017128SI,12
REG-20251228-BR001-SKU017128PI,20251228,BR001,SKU017128PI,5
REG-20251228-BR001-SKU017256BL,20251228,BR001,SKU017256BL,8
REG-20251228-BR001-SKU017256SI,20251228,BR001,SKU017256SI,15
REG-20251228-BR001-SKU017256PI,20251228,BR001,SKU017256PI,8
REG-20251228-BR002-SKU015128BL,20251228,BR002,SKU015128BL,2
REG-20251228-BR002-SKU015128SI,20251228,BR002,SKU015128SI,1
REG-20251228-BR002-SKU015128PI,20251228,BR002,SKU015128PI,2
REG-20251228-BR002-SKU015256BL,20251228,BR002,SKU015256BL,1
REG-20251228-BR002-SKU015256SI,20251228,BR002,SKU015256SI,4
REG-20251228-BR002-SKU015256PI,20251228,BR002,SKU015256PI,1
REG-20251228-BR002-SKU016128BL,20251228,BR002,SKU016128BL,4
REG-20251228-BR002-SKU016128SI,20251228,BR002,SKU016128SI,11
REG-20251228-BR002-SKU016128PI,20251228,BR002,SKU016128PI,7
REG-20251228-BR002-SKU016256BL,20251228,BR002,SKU016256BL,7
REG-20251228-BR002-SKU016256SI,20251228,BR002,SKU016256SI,6
REG-20251228-BR002-SKU016256PI,20251228,BR002,SKU016256PI,5
REG-20251228-BR002-SKU017128BL,20251228,BR002,SKU017128BL,9
REG-20251228-BR002-SKU017128SI,20251228,BR002,SKU017128SI,11
REG-20251228-BR002-SKU017128PI,20251228,BR002,SKU017128PI,11
REG-20251228-BR002-SKU017256BL,20251228,BR002,SKU017256BL,8
REG-20251228-BR002-SKU017256SI,20251228,BR002,SKU017256SI,7
REG-20251228-BR002-SKU017256PI,20251228,BR002,SKU017256PI,9
REG-20251228-BR003-SKU015128BL,20251228,BR003,SKU015128BL,7
REG-20251228-BR003-SKU015128SI,20251228,BR003,SKU015128SI,1
REG-20251228-BR003-SKU015128PI,20251228,BR003,SKU015128PI,1
REG-20251228-BR003-SKU015256BL,20251228,BR003,SKU015256BL,1
REG-20251228-BR003-SKU015256SI,20251228,BR003,SKU015256SI,1
REG-20251228-BR003-SKU015256PI,20251228,BR003,SKU015256PI,4
REG-20251228-BR003-SKU016128BL,20251228,BR003,SKU016128BL,8
REG-20251228-BR003-SKU016128SI,20251228,BR003,SKU016128SI,1
REG-20251228-BR003-SKU016128PI,20251228,BR003,SKU016128PI,11
REG-20251228-BR003-SKU016256BL,20251228,BR003,SKU016256BL,7
REG-20251228-BR003-SKU016256SI,20251228,BR003,SKU016256SI,4
REG-20251228-BR003-SKU016256PI,20251228,BR003,SKU016256PI,6
REG-20251228-BR003-SKU017128BL,20251228,BR003,SKU017128BL,17
REG-20251228-BR003-SKU017128SI,20251228,BR003,SKU017128SI,13
REG-20251228-BR003-SKU017128PI,20251228,BR003,SKU017128PI,8
REG-20251228-BR003-SKU017256BL,20251228,BR003,SKU017256BL,9
REG-20251228-BR003-SKU017256SI,20251228,BR003,SKU017256SI,12
REG-20251228-BR003-SKU017256PI,20251228,BR003,SKU017256PI,4
REG-20251228-BR004-SKU015128BL,20251228,BR004,SKU015128BL,1
REG-20251228-BR004-SKU015128SI,20251228,BR004,SKU015128SI,4
REG-20251228-BR004-SKU015128PI,20251228,BR004,SKU015128PI,1
REG-20251228-BR004-SKU015256BL,20251228,BR004,SKU015256BL,1
REG-20251228-BR004-SKU015256SI,20251228,BR004,SKU015256SI,2
REG-20251228-BR004-SKU015256PI,20251228,BR004,SKU015256PI,1
REG-20251228-BR004-SKU016128BL,20251228,BR004,SKU016128BL,9
REG-20251228-BR004-SKU016128SI,20251228,BR004,SKU016128SI,5
REG-20251228-BR004-SKU016128PI,20251228,BR004,SKU016128PI,7
REG-20251228-BR004-SKU016256BL,20251228,BR004,SKU016256BL,4
REG-20251228-BR004-SKU016256SI,20251228,BR004,SKU016256SI,9
REG-20251228-BR004-SKU016256PI,20251228,BR004,SKU016256PI,4
REG-20251228-BR004-SKU017128BL,20251228,BR004,SKU017128BL,9
REG-20251228-BR004-SKU017128SI,20251228,BR004,SKU017128SI,11
REG-20251228-BR004-SKU017128PI,20251228,BR004,SKU017128PI,16
REG-20251228-BR004-SKU017256BL,20251228,BR004,SKU017256BL,13
REG-20251228-BR004-SKU017256SI,20251228,BR004,SKU017256SI,13
REG-20251228-BR004-SKU017256PI,20251228,BR004,SKU017256PI,16
REG-20251228-BR005-SKU015128BL,20251228,BR005,SKU015128BL,3
REG-20251228-BR005-SKU015128SI,20251228,BR005,SKU015128SI,3
REG-20251228-BR005-SKU015128PI,20251228,BR005,SKU015128PI,2
REG-20251228-BR005-SKU015256BL,20251228,BR005,SKU015256BL,2
REG-20251228-BR005-SKU015256SI,20251228,BR005,SKU015256SI,5
REG-20251228-BR005-SKU015256PI,20251228,BR005,SKU015256PI,4
REG-20251228-BR005-SKU016128BL,20251228,BR005,SKU016128BL,6
REG-20251228-BR005-SKU016128SI,20251228,BR005,SKU016128SI,11
REG-20251228-BR005-SKU016128PI,20251228,BR005,SKU016128PI,9
REG-20251228-BR005-SKU016256BL,20251228,BR005,SKU016256BL,8
REG-20251228-BR005-SKU016256SI,20251228,BR005,SKU016256SI,2
REG-20251228-BR005-SKU016256PI,20251228,BR005,SKU016256PI,5
REG-20251228-BR005-SKU017128BL,20251228,BR005,SKU017128BL,8
REG-20251228-BR005-SKU017128SI,20251228,BR005,SKU017128SI,14
REG-20251228-BR005-SKU017128PI,20251228,BR005,SKU017128PI,16
REG-20251228-BR005-SKU017256BL,20251228,BR005,SKU017256BL,11
REG-20251228-BR005-SKU017256SI,20251228,BR005,SKU017256SI,8
REG-20251228-BR005-SKU017256PI,20251228,BR005,SKU017256PI,14
REG-20251229-BR001-SKU015128BL,20251229,BR001,SKU015128BL,3
REG-20251229-BR001-SKU015128SI,20251229,BR001,SKU015128SI,1
REG-20251229-BR001-SKU015128PI,20251229,BR001,SKU015128PI,1
REG-20251229-BR001-SKU015256BL,20251229,BR001,SKU015256BL,1
REG-20251229-BR001-SKU015256SI,20251229,BR001,SKU015256SI,1
REG-20251229-BR001-SKU015256PI,20251229,BR001,SKU015256PI,7
REG-20251229-BR001-SKU016128BL,20251229,BR001,SKU016128BL,2
REG-20251229-BR001-SKU016128SI,20251229,BR001,SKU016128SI,10
REG-20251229-BR001-SKU016128PI,20251229,BR001,SKU016128PI,12
REG-20251229-BR001-SKU016256BL,20251229,BR001,SKU016256BL,9
REG-20251229-BR001-SKU016256SI,20251229,BR001,SKU016256SI,1
REG-20251229-BR001-SKU016256PI,20251229,BR001,SKU016256PI,5
REG-20251229-BR001-SKU017128BL,20251229,BR001,SKU017128BL,15
REG-20251229-BR001-SKU017128SI,20251229,BR001,SKU017128SI,5
REG-20251229-BR001-SKU017128PI,20251229,BR001,SKU017128PI,9
REG-20251229-BR001-SKU017256BL,20251229,BR001,SKU017256BL,9
REG-20251229-BR001-SKU017256SI,20251229,BR001,SKU017256SI,11
REG-20251229-BR001-SKU017256PI,20251229,BR001,SKU017256PI,11
REG-20251229-BR002-SKU015128BL,20251229,BR002,SKU015128BL,1
REG-20251229-BR002-SKU015128SI,20251229,BR002,SKU015128SI,3
REG-20251229-BR002-SKU015128PI,20251229,BR002,SKU015128PI,1
REG-20251229-BR002-SKU015256BL,20251229,BR002,SKU015256BL,3
REG-20251229-BR002-SKU015256SI,20251229,BR002,SKU015256SI,5
REG-20251229-BR002-SKU015256PI,20251229,BR002,SKU015256PI,1
REG-20251229-BR002-SKU016128BL,20251229,BR002,SKU016128BL,10
REG-20251229-BR002-SKU016128SI,20251229,BR002,SKU016128SI,4
REG-20251229-BR002-SKU016128PI,20251229,BR002,SKU016128PI,3
REG-20251229-BR002-SKU016256BL,20251229,BR002,SKU016256BL,5
REG-20251229-BR002-SKU016256SI,20251229,BR002,SKU016256SI,3
REG-20251229-BR002-SKU016256PI,20251229,BR002,SKU016256PI,6
REG-20251229-BR002-SKU017128BL,20251229,BR002,SKU017128BL,14
REG-20251229-BR002-SKU017128SI,20251229,BR002,SKU017128SI,13
REG-20251229-BR002-SKU017128PI,20251229,BR002,SKU017128PI,13
REG-20251229-BR002-SKU017256BL,20251229,BR002,SKU017256BL,8
REG-20251229-BR002-SKU017256SI,20251229,BR002,SKU017256SI,9
REG-20251229-BR002-SKU017256PI,20251229,BR002,SKU017256PI,11
REG-20251229-BR003-SKU015128BL,20251229,BR003,SKU015128BL,4
REG-20251229-BR003-SKU015128SI,20251229,BR003,SKU015128SI,1
REG-20251229-BR003-SKU015128PI,20251229,BR003,SKU015128PI,7
REG-20251229-BR003-SKU015256BL,20251229,BR003,SKU015256BL,1
REG-20251229-BR003-SKU015256SI,20251229,BR003,SKU015256SI,4
REG-20251229-BR003-SKU015256PI,20251229,BR003,SKU015256PI,1
REG-20251229-BR003-SKU016128BL,20251229,BR003,SKU016128BL,3
REG-20251229-BR003-SKU016128SI,20251229,BR003,SKU016128SI,10
REG-20251229-BR003-SKU016128PI,20251229,BR003,SKU016128PI,9
REG-20251229-BR003-SKU016256BL,20251229,BR003,SKU016256BL,5
REG-20251229-BR003-SKU016256SI,20251229,BR003,SKU016256SI,5
REG-20251229-BR003-SKU016256PI,20251229,BR003,SKU016256PI,11
REG-20251229-BR003-SKU017128BL,20251229,BR003,SKU017128BL,15
REG-20251229-BR003-SKU017128SI,20251229,BR003,SKU017128SI,10
REG-20251229-BR003-SKU017128PI,20251229,BR003,SKU017128PI,13
REG-20251229-BR003-SKU017256BL,20251229,BR003,SKU017256BL,11
REG-20251229-BR003-SKU017256SI,20251229,BR003,SKU017256SI,14
REG-20251229-BR003-SKU017256PI,20251229,BR003,SKU017256PI,10
REG-20251229-BR004-SKU015128BL,20251229,BR004,SKU015128BL,3
REG-20251229-BR004-SKU015128SI,20251229,BR004,SKU015128SI,6
REG-20251229-BR004-SKU015128PI,20251229,BR004,SKU015128PI,2
REG-20251229-BR004-SKU015256BL,20251229,BR004,SKU015256BL,2
REG-20251229-BR004-SKU015256SI,20251229,BR004,SKU015256SI,1
REG-20251229-BR004-SKU015256PI,20251229,BR004,SKU015256PI,3
REG-20251229-BR004-SKU016128BL,20251229,BR004,SKU016128BL,7
REG-20251229-BR004-SKU016128SI,20251229,BR004,SKU016128SI,7
REG-20251229-BR004-SKU016128PI,20251229,BR004,SKU016128PI,7
REG-20251229-BR004-SKU016256BL,20251229,BR004,SKU016256BL,3
REG-20251229-BR004-SKU016256SI,20251229,BR004,SKU016256SI,10
REG-20251229-BR004-SKU016256PI,20251229,BR004,SKU016256PI,8
REG-20251229-BR004-SKU017128BL,20251229,BR004,SKU017128BL,11
REG-20251229-BR004-SKU017128SI,20251229,BR004,SKU017128SI,9
REG-20251229-BR004-SKU017128PI,20251229,BR004,SKU017128PI,7
REG-20251229-BR004-SKU017256BL,20251229,BR004,SKU017256BL,13
REG-20251229-BR004-SKU017256SI,20251229,BR004,SKU017256SI,5
REG-20251229-BR004-SKU017256PI,20251229,BR004,SKU017256PI,13
REG-20251229-BR005-SKU015128BL,20251229,BR005,SKU015128BL,4
REG-20251229-BR005-SKU015128SI,20251229,BR005,SKU015128SI,4
REG-20251229-BR005-SKU015128PI,20251229,BR005,SKU015128PI,4
REG-20251229-BR005-SKU015256BL,20251229,BR005,SKU015256BL,4
REG-20251229-BR005-SKU015256SI,20251229,BR005,SKU015256SI,2
REG-20251229-BR005-SKU015256PI,20251229,BR005,SKU015256PI,2
REG-20251229-BR005-SKU016128BL,20251229,BR005,SKU016128BL,5
REG-20251229-BR005-SKU016128SI,20251229,BR005,SKU016128SI,6
REG-20251229-BR005-SKU016128PI,20251229,BR005,SKU016128PI,11
REG-20251229-BR005-SKU016256BL,20251229,BR005,SKU016256BL,5
REG-20251229-BR005-SKU016256SI,20251229,BR005,SKU016256SI,4
REG-20251229-BR005-SKU016256PI,20251229,BR005,SKU016256PI,4
REG-20251229-BR005-SKU017128BL,20251229,BR005,SKU017128BL,6
REG-20251229-BR005-SKU017128SI,20251229,BR005,SKU017128SI,4
REG-20251229-BR005-SKU017128PI,20251229,BR005,SKU017128PI,13
REG-20251229-BR005-SKU017256BL,20251229,BR005,SKU017256BL,9
REG-20251229-BR005-SKU017256SI,20251229,BR005,SKU017256SI,5
REG-20251229-BR005-SKU017256PI,20251229,BR005,SKU017256PI,8
REG-20251230-BR001-SKU015128BL,20251230,BR001,SKU015128BL,1
REG-20251230-BR001-SKU015128SI,20251230,BR001,SKU015128SI,1
REG-20251230-BR001-SKU015128PI,20251230,BR001,SKU015128PI,5
REG-20251230-BR001-SKU015256BL,20251230,BR001,SKU015256BL,1
REG-20251230-BR001-SKU015256SI,20251230,BR001,SKU015256SI,3
REG-20251230-BR001-SKU015256PI,20251230,BR001,SKU015256PI,7
REG-20251230-BR001-SKU016128BL,20251230,BR001,SKU016128BL,8
REG-20251230-BR001-SKU016128SI,20251230,BR001,SKU016128SI,4
REG-20251230-BR001-SKU016128PI,20251230,BR001,SKU016128PI,5
REG-20251230-BR001-SKU016256BL,20251230,BR001,SKU016256BL,5
REG-20251230-BR001-SKU016256SI,20251230,BR001,SKU016256SI,6
REG-20251230-BR001-SKU016256PI,20251230,BR001,SKU016256PI,11
REG-20251230-BR001-SKU017128BL,20251230,BR001,SKU017128BL,7
REG-20251230-BR001-SKU017128SI,20251230,BR001,SKU017128SI,11
REG-20251230-BR001-SKU017128PI,20251230,BR001,SKU017128PI,7
REG-20251230-BR001-SKU017256BL,20251230,BR001,SKU017256BL,7
REG-20251230-BR001-SKU017256SI,20251230,BR001,SKU017256SI,11
REG-20251230-BR001-SKU017256PI,20251230,BR001,SKU017256PI,16
REG-20251230-BR002-SKU015128BL,20251230,BR002,SKU015128BL,4
REG-20251230-BR002-SKU015128SI,20251230,BR002,SKU015128SI,5
REG-20251230-BR002-SKU015128PI,20251230,BR002,SKU015128PI,4
REG-20251230-BR002-SKU015256BL,20251230,BR002,SKU015256BL,5
REG-20251230-BR002-SKU015256SI,20251230,BR002,SKU015256SI,5
REG-20251230-BR002-SKU015256PI,20251230,BR002,SKU015256PI,3
REG-20251230-BR002-SKU016128BL,20251230,BR002,SKU016128BL,6
REG-20251230-BR002-SKU016128SI,20251230,BR002,SKU016128SI,5
REG-20251230-BR002-SKU016128PI,20251230,BR002,SKU016128PI,9
REG-20251230-BR002-SKU016256BL,20251230,BR002,SKU016256BL,5
REG-20251230-BR002-SKU016256SI,20251230,BR002,SKU016256SI,6
REG-20251230-BR002-SKU016256PI,20251230,BR002,SKU016256PI,4
REG-20251230-BR002-SKU017128BL,20251230,BR002,SKU017128BL,6
REG-20251230-BR002-SKU017128SI,20251230,BR002,SKU017128SI,7
REG-20251230-BR002-SKU017128PI,20251230,BR002,SKU017128PI,9
REG-20251230-BR002-SKU017256BL,20251230,BR002,SKU017256BL,6
REG-20251230-BR002-SKU017256SI,20251230,BR002,SKU017256SI,11
REG-20251230-BR002-SKU017256PI,20251230,BR002,SKU017256PI,13
REG-20251230-BR003-SKU015128BL,20251230,BR003,SKU015128BL,1
REG-20251230-BR003-SKU015128SI,20251230,BR003,SKU015128SI,4
REG-20251230-BR003-SKU015128PI,20251230,BR003,SKU015128PI,1
REG-20251230-BR003-SKU015256BL,20251230,BR003,SKU015256BL,7
REG-20251230-BR003-SKU015256SI,20251230,BR003,SKU015256SI,4
REG-20251230-BR003-SKU015256PI,20251230,BR003,SKU015256PI,7
REG-20251230-BR003-SKU016128BL,20251230,BR003,SKU016128BL,11
REG-20251230-BR003-SKU016128SI,20251230,BR003,SKU016128SI,9
REG-20251230-BR003-SKU016128PI,20251230,BR003,SKU016128PI,11
REG-20251230-BR003-SKU016256BL,20251230,BR003,SKU016256BL,2
REG-20251230-BR003-SKU016256SI,20251230,BR003,SKU016256SI,8
REG-20251230-BR003-SKU016256PI,20251230,BR003,SKU016256PI,5
REG-20251230-BR003-SKU017128BL,20251230,BR003,SKU017128BL,4
REG-20251230-BR003-SKU017128SI,20251230,BR003,SKU017128SI,11
REG-20251230-BR003-SKU017128PI,20251230,BR003,SKU017128PI,15
REG-20251230-BR003-SKU017256BL,20251230,BR003,SKU017256BL,5
REG-20251230-BR003-SKU017256SI,20251230,BR003,SKU017256SI,4
REG-20251230-BR003-SKU017256PI,20251230,BR003,SKU017256PI,6
REG-20251230-BR004-SKU015128BL,20251230,BR004,SKU015128BL,1
REG-20251230-BR004-SKU015128SI,20251230,BR004,SKU015128SI,2
REG-20251230-BR004-SKU015128PI,20251230,BR004,SKU015128PI,4
REG-20251230-BR004-SKU015256BL,20251230,BR004,SKU015256BL,1
REG-20251230-BR004-SKU015256SI,20251230,BR004,SKU015256SI,1
REG-20251230-BR004-SKU015256PI,20251230,BR004,SKU015256PI,2
REG-20251230-BR004-SKU016128BL,20251230,BR004,SKU016128BL,5
REG-20251230-BR004-SKU016128SI,20251230,BR004,SKU016128SI,8
REG-20251230-BR004-SKU016128PI,20251230,BR004,SKU016128PI,7
REG-20251230-BR004-SKU016256BL,20251230,BR004,SKU016256BL,8
REG-20251230-BR004-SKU016256SI,20251230,BR004,SKU016256SI,9
REG-20251230-BR004-SKU016256PI,20251230,BR004,SKU016256PI,9
REG-20251230-BR004-SKU017128BL,20251230,BR004,SKU017128BL,11
REG-20251230-BR004-SKU017128SI,20251230,BR004,SKU017128SI,4
REG-20251230-BR004-SKU017128PI,20251230,BR004,SKU017128PI,16
REG-20251230-BR004-SKU017256BL,20251230,BR004,SKU017256BL,13
REG-20251230-BR004-SKU017256SI,20251230,BR004,SKU017256SI,16
REG-20251230-BR004-SKU017256PI,20251230,BR004,SKU017256PI,9
REG-20251230-BR005-SKU015128BL,20251230,BR005,SKU015128BL,4
REG-20251230-BR005-SKU015128SI,20251230,BR005,SKU015128SI,4
REG-20251230-BR005-SKU015128PI,20251230,BR005,SKU015128PI,4
REG-20251230-BR005-SKU015256BL,20251230,BR005,SKU015256BL,3
REG-20251230-BR005-SKU015256SI,20251230,BR005,SKU015256SI,3
REG-20251230-BR005-SKU015256PI,20251230,BR005,SKU015256PI,1
REG-20251230-BR005-SKU016128BL,20251230,BR005,SKU016128BL,12
REG-20251230-BR005-SKU016128SI,20251230,BR005,SKU016128SI,6
REG-20251230-BR005-SKU016128PI,20251230,BR005,SKU016128PI,8
REG-20251230-BR005-SKU016256BL,20251230,BR005,SKU016256BL,2
REG-20251230-BR005-SKU016256SI,20251230,BR005,SKU016256SI,9
REG-20251230-BR005-SKU016256PI,20251230,BR005,SKU016256PI,4
REG-20251230-BR005-SKU017128BL,20251230,BR005,SKU017128BL,4
REG-20251230-BR005-SKU017128SI,20251230,BR005,SKU017128SI,9
REG-20251230-BR005-SKU017128PI,20251230,BR005,SKU017128PI,8
REG-20251230-BR005-SKU017256BL,20251230,BR005,SKU017256BL,12
REG-20251230-BR005-SKU017256SI,20251230,BR005,SKU017256SI,7
REG-20251230-BR005-SKU017256PI,20251230,BR005,SKU017256PI,10
REG-20251231-BR001-SKU015128BL,20251231,BR001,SKU015128BL,3
REG-20251231-BR001-SKU015128SI,20251231,BR001,SKU015128SI,3
REG-20251231-BR001-SKU015128PI,20251231,BR001,SKU015128PI,5
REG-20251231-BR001-SKU015256BL,20251231,BR001,SKU015256BL,2
REG-20251231-BR001-SKU015256SI,20251231,BR001,SKU015256SI,6
REG-20251231-BR001-SKU015256PI,20251231,BR001,SKU015256PI,3
REG-20251231-BR001-SKU016128BL,20251231,BR001,SKU016128BL,8
REG-20251231-BR001-SKU016128SI,20251231,BR001,SKU016128SI,7
REG-20251231-BR001-SKU016128PI,20251231,BR001,SKU016128PI,8
REG-20251231-BR001-SKU016256BL,20251231,BR001,SKU016256BL,5
REG-20251231-BR001-SKU016256SI,20251231,BR001,SKU016256SI,7
REG-20251231-BR001-SKU016256PI,20251231,BR001,SKU016256PI,10
REG-20251231-BR001-SKU017128BL,20251231,BR001,SKU017128BL,8
REG-20251231-BR001-SKU017128SI,20251231,BR001,SKU017128SI,10
REG-20251231-BR001-SKU017128PI,20251231,BR001,SKU017128PI,16
REG-20251231-BR001-SKU017256BL,20251231,BR001,SKU017256BL,8
REG-20251231-BR001-SKU017256SI,20251231,BR001,SKU017256SI,7
REG-20251231-BR001-SKU017256PI,20251231,BR001,SKU017256PI,16
REG-20251231-BR002-SKU015128BL,20251231,BR002,SKU015128BL,4
REG-20251231-BR002-SKU015128SI,20251231,BR002,SKU015128SI,3
REG-20251231-BR002-SKU015128PI,20251231,BR002,SKU015128PI,4
REG-20251231-BR002-SKU015256BL,20251231,BR002,SKU015256BL,1
REG-20251231-BR002-SKU015256SI,20251231,BR002,SKU015256SI,6
REG-20251231-BR002-SKU015256PI,20251231,BR002,SKU015256PI,4
REG-20251231-BR002-SKU016128BL,20251231,BR002,SKU016128BL,10
REG-20251231-BR002-SKU016128SI,20251231,BR002,SKU016128SI,7
REG-20251231-BR002-SKU016128PI,20251231,BR002,SKU016128PI,8
REG-20251231-BR002-SKU016256BL,20251231,BR002,SKU016256BL,2
REG-20251231-BR002-SKU016256SI,20251231,BR002,SKU016256SI,7
REG-20251231-BR002-SKU016256PI,20251231,BR002,SKU016256PI,5
REG-20251231-BR002-SKU017128BL,20251231,BR002,SKU017128BL,9
REG-20251231-BR002-SKU017128SI,20251231,BR002,SKU017128SI,12
REG-20251231-BR002-SKU017128PI,20251231,BR002,SKU017128PI,12
REG-20251231-BR002-SKU017256BL,20251231,BR002,SKU017256BL,7
REG-20251231-BR002-SKU017256SI,20251231,BR002,SKU017256SI,10
REG-20251231-BR002-SKU017256PI,20251231,BR002,SKU017256PI,7
REG-20251231-BR003-SKU015128BL,20251231,BR003,SKU015128BL,4
REG-20251231-BR003-SKU015128SI,20251231,BR003,SKU015128SI,4
REG-20251231-BR003-SKU015128PI,20251231,BR003,SKU015128PI,6
REG-20251231-BR003-SKU015256BL,20251231,BR003,SKU015256BL,1
REG-20251231-BR003-SKU015256SI,20251231,BR003,SKU015256SI,7
REG-20251231-BR003-SKU015256PI,20251231,BR003,SKU015256PI,6
REG-20251231-BR003-SKU016128BL,20251231,BR003,SKU016128BL,5
REG-20251231-BR003-SKU016128SI,20251231,BR003,SKU016128SI,5
REG-20251231-BR003-SKU016128PI,20251231,BR003,SKU016128PI,10
REG-20251231-BR003-SKU016256BL,20251231,BR003,SKU016256BL,7
REG-20251231-BR003-SKU016256SI,20251231,BR003,SKU016256SI,8
REG-20251231-BR003-SKU016256PI,20251231,BR003,SKU016256PI,8
REG-20251231-BR003-SKU017128BL,20251231,BR003,SKU017128BL,12
REG-20251231-BR003-SKU017128SI,20251231,BR003,SKU017128SI,9
REG-20251231-BR003-SKU017128PI,20251231,BR003,SKU017128PI,12
REG-20251231-BR003-SKU017256BL,20251231,BR003,SKU017256BL,9
REG-20251231-BR003-SKU017256SI,20251231,BR003,SKU017256SI,15
REG-20251231-BR003-SKU017256PI,20251231,BR003,SKU017256PI,10
REG-20251231-BR004-SKU015128BL,20251231,BR004,SKU015128BL,7
REG-20251231-BR004-SKU015128SI,20251231,BR004,SKU015128SI,2
REG-20251231-BR004-SKU015128PI,20251231,BR004,SKU015128PI,7
REG-20251231-BR004-SKU015256BL,20251231,BR004,SKU015256BL,2
REG-20251231-BR004-SKU015256SI,20251231,BR004,SKU015256SI,5
REG-20251231-BR004-SKU015256PI,20251231,BR004,SKU015256PI,1
REG-20251231-BR004-SKU016128BL,20251231,BR004,SKU016128BL,6
REG-20251231-BR004-SKU016128SI,20251231,BR004,SKU016128SI,5
REG-20251231-BR004-SKU016128PI,20251231,BR004,SKU016128PI,7
REG-20251231-BR004-SKU016256BL,20251231,BR004,SKU016256BL,5
REG-20251231-BR004-SKU016256SI,20251231,BR004,SKU016256SI,5
REG-20251231-BR004-SKU016256PI,20251231,BR004,SKU016256PI,1
REG-20251231-BR004-SKU017128BL,20251231,BR004,SKU017128BL,10
REG-20251231-BR004-SKU017128SI,20251231,BR004,SKU017128SI,10
REG-20251231-BR004-SKU017128PI,20251231,BR004,SKU017128PI,7
REG-20251231-BR004-SKU017256BL,20251231,BR004,SKU017256BL,14
REG-20251231-BR004-SKU017256SI,20251231,BR004,SKU017256SI,4
REG-20251231-BR004-SKU017256PI,20251231,BR004,SKU017256PI,9
REG-20251231-BR005-SKU015128BL,20251231,BR005,SKU015128BL,3
REG-20251231-BR005-SKU015128SI,20251231,BR005,SKU015128SI,1
REG-20251231-BR005-SKU015128PI,20251231,BR005,SKU015128PI,3
REG-20251231-BR005-SKU015256BL,20251231,BR005,SKU015256BL,1
REG-20251231-BR005-SKU015256SI,20251231,BR005,SKU015256SI,4
REG-20251231-BR005-SKU015256PI,20251231,BR005,SKU015256PI,5
REG-20251231-BR005-SKU016128BL,20251231,BR005,SKU016128BL,8
REG-20251231-BR005-SKU016128SI,20251231,BR005,SKU016128SI,11
REG-20251231-BR005-SKU016128PI,20251231,BR005,SKU016128PI,11
REG-20251231-BR005-SKU016256BL,20251231,BR005,SKU016256BL,4
REG-20251231-BR005-SKU016256SI,20251231,BR005,SKU016256SI,9
REG-20251231-BR005-SKU016256PI,20251231,BR005,SKU016256PI,6
REG-20251231-BR005-SKU017128BL,20251231,BR005,SKU017128BL,5
REG-20251231-BR005-SKU017128SI,20251231,BR005,SKU017128SI,15
REG-20251231-BR005-SKU017128PI,20251231,BR005,SKU017128PI,4
REG-20251231-BR005-SKU017256BL,20251231,BR005,SKU017256BL,5
REG-20251231-BR005-SKU017256SI,20251231,BR005,SKU017256SI,6
REG-20251231-BR005-SKU017256PI,20251231,BR005,SKU017256PI,15
